scenario_id,boiler_efficiency,grid_factor_basis,grid_co2e_kg_per_mwh,electricity_price_multiplier,natural_gas_price_multiplier,load_factor,heat_pump_lifetime_years,real_discount_rate,baseline_operational_co2e_kg_per_mwh,pathway_operational_co2e_kg_per_mwh,avoided_operational_co2e_kg_per_mwh,lcoh_usd2025_per_mwh_th,baseline_fuel_only_lcoh_usd2025_per_mwh_th,incremental_npc_usd2025,annual_operating_savings_usd2025
C_be0.70_average_ep0.75_gp0.75_lf0.25_life15_dr0.01,0.7,average,409.73270937522005,0.75,0.75,0.25,15,0.01,281.41956019561877,132.17184173394196,149.2477184616768,85.00452925992978,40.47355715471877,2147760.445459093,10455.2997319407
C_be0.70_average_ep0.75_gp0.75_lf0.25_life15_dr0.03,0.7,average,409.73270937522005,0.75,0.75,0.25,15,0.03,281.41956019561877,132.17184173394196,149.2477184616768,90.70451035131477,40.47355715471877,1915547.0246423408,10455.2997319407
C_be0.70_average_ep0.75_gp0.75_lf0.25_life15_dr0.05,0.7,average,409.73270937522005,0.75,0.75,0.25,15,0.05,281.41956019561877,132.17184173394196,149.2477184616768,97.0009084011254,40.47355715471877,1744758.4473015103,10455.2997319407
C_be0.70_average_ep0.75_gp0.75_lf0.25_life15_dr0.07,0.7,average,409.73270937522005,0.75,0.75,0.25,15,0.07,281.41956019561877,132.17184173394196,149.2477184616768,103.90239363542885,40.47355715471877,1618789.3558029016,10455.2997319407
C_be0.70_average_ep0.75_gp0.75_lf0.25_life25_dr0.01,0.7,average,409.73270937522005,0.75,0.75,0.25,25,0.01,281.41956019561877,132.17184173394196,149.2477184616768,62.18833773189895,40.47355715471877,1047319.3061068018,10455.2997319407
C_be0.70_average_ep0.75_gp0.75_lf0.25_life25_dr0.03,0.7,average,409.73270937522005,0.75,0.75,0.25,25,0.03,281.41956019561877,132.17184173394196,149.2477184616768,69.20108450379917,40.47355715471877,1095518.3216111371,10455.2997319407
C_be0.70_average_ep0.75_gp0.75_lf0.25_life25_dr0.05,0.7,average,409.73270937522005,0.75,0.75,0.25,25,0.05,281.41956019561877,132.17184173394196,149.2477184616768,77.0909081864514,40.47355715471877,1130221.5851566452,10455.2997319407
C_be0.70_average_ep0.75_gp0.75_lf0.25_life25_dr0.07,0.7,average,409.73270937522005,0.75,0.75,0.25,25,0.07,281.41956019561877,132.17184173394196,149.2477184616768,85.75863899846435,40.47355715471877,1155736.294920255,10455.2997319407
C_be0.70_average_ep0.75_gp0.75_lf0.25_life40_dr0.01,0.7,average,409.73270937522005,0.75,0.75,0.25,40,0.01,281.41956019561877,132.17184173394196,149.2477184616768,62.18833773189895,40.47355715471877,1047319.3061068018,10455.2997319407
C_be0.70_average_ep0.75_gp0.75_lf0.25_life40_dr0.03,0.7,average,409.73270937522005,0.75,0.75,0.25,40,0.03,281.41956019561877,132.17184173394196,149.2477184616768,69.20108450379917,40.47355715471877,1095518.3216111371,10455.2997319407
C_be0.70_average_ep0.75_gp0.75_lf0.25_life40_dr0.05,0.7,average,409.73270937522005,0.75,0.75,0.25,40,0.05,281.41956019561877,132.17184173394196,149.2477184616768,77.0909081864514,40.47355715471877,1130221.5851566452,10455.2997319407
C_be0.70_average_ep0.75_gp0.75_lf0.25_life40_dr0.07,0.7,average,409.73270937522005,0.75,0.75,0.25,40,0.07,281.41956019561877,132.17184173394196,149.2477184616768,85.75863899846435,40.47355715471877,1155736.294920255,10455.2997319407
C_be0.70_average_ep0.75_gp0.75_lf0.50_life15_dr0.01,0.7,average,409.73270937522005,0.75,0.75,0.5,15,0.01,281.41956019561877,132.17184173394196,149.2477184616768,59.80301623885801,40.47355715471877,1864547.109142318,23315.097853822983
C_be0.70_average_ep0.75_gp0.75_lf0.50_life15_dr0.03,0.7,average,409.73270937522005,0.75,0.75,0.5,15,0.03,281.41956019561877,132.17184173394196,149.2477184616768,62.6530067845505,40.47355715471877,1691617.460665985,23315.097853822983
C_be0.70_average_ep0.75_gp0.75_lf0.50_life15_dr0.05,0.7,average,409.73270937522005,0.75,0.75,0.5,15,0.05,281.41956019561877,132.17184173394196,149.2477184616768,65.80120580945582,40.47355715471877,1563513.165441175,23315.097853822983
C_be0.70_average_ep0.75_gp0.75_lf0.50_life15_dr0.07,0.7,average,409.73270937522005,0.75,0.75,0.5,15,0.07,281.41956019561877,132.17184173394196,149.2477184616768,69.25194842660754,40.47355715471877,1468926.6287339956,23315.097853822983
C_be0.70_average_ep0.75_gp0.75_lf0.50_life25_dr0.01,0.7,average,409.73270937522005,0.75,0.75,0.5,25,0.01,281.41956019561877,132.17184173394196,149.2477184616768,48.39492047484258,40.47355715471877,764105.9697900261,23315.097853822983
C_be0.70_average_ep0.75_gp0.75_lf0.50_life25_dr0.03,0.7,average,409.73270937522005,0.75,0.75,0.5,25,0.03,281.41956019561877,132.17184173394196,149.2477184616768,51.9012938607927,40.47355715471877,871588.7576347813,23315.097853822983
C_be0.70_average_ep0.75_gp0.75_lf0.50_life25_dr0.05,0.7,average,409.73270937522005,0.75,0.75,0.5,25,0.05,281.41956019561877,132.17184173394196,149.2477184616768,55.84620570211881,40.47355715471877,948976.3032963099,23315.097853822983
C_be0.70_average_ep0.75_gp0.75_lf0.50_life25_dr0.07,0.7,average,409.73270937522005,0.75,0.75,0.5,25,0.07,281.41956019561877,132.17184173394196,149.2477184616768,60.18007110812529,40.47355715471877,1005873.567851349,23315.097853822983
C_be0.70_average_ep0.75_gp0.75_lf0.50_life40_dr0.01,0.7,average,409.73270937522005,0.75,0.75,0.5,40,0.01,281.41956019561877,132.17184173394196,149.2477184616768,48.39492047484258,40.47355715471877,764105.9697900261,23315.097853822983
C_be0.70_average_ep0.75_gp0.75_lf0.50_life40_dr0.03,0.7,average,409.73270937522005,0.75,0.75,0.5,40,0.03,281.41956019561877,132.17184173394196,149.2477184616768,51.9012938607927,40.47355715471877,871588.7576347813,23315.097853822983
C_be0.70_average_ep0.75_gp0.75_lf0.50_life40_dr0.05,0.7,average,409.73270937522005,0.75,0.75,0.5,40,0.05,281.41956019561877,132.17184173394196,149.2477184616768,55.84620570211881,40.47355715471877,948976.3032963099,23315.097853822983
C_be0.70_average_ep0.75_gp0.75_lf0.50_life40_dr0.07,0.7,average,409.73270937522005,0.75,0.75,0.5,40,0.07,281.41956019561877,132.17184173394196,149.2477184616768,60.18007110812529,40.47355715471877,1005873.567851349,23315.097853822983
C_be0.70_average_ep0.75_gp0.75_lf0.75_life15_dr0.01,0.7,average,409.73270937522005,0.75,0.75,0.75,15,0.01,281.41956019561877,132.17184173394196,149.2477184616768,51.40251189850074,40.47355715471877,1581333.7728255428,36174.895975705236
C_be0.70_average_ep0.75_gp0.75_lf0.75_life15_dr0.03,0.7,average,409.73270937522005,0.75,0.75,0.75,15,0.03,281.41956019561877,132.17184173394196,149.2477184616768,53.30250559562907,40.47355715471877,1467687.8966896283,36174.895975705236
C_be0.70_average_ep0.75_gp0.75_lf0.75_life15_dr0.05,0.7,average,409.73270937522005,0.75,0.75,0.75,15,0.05,281.41956019561877,132.17184173394196,149.2477184616768,55.401304945565954,40.47355715471877,1382267.8835808397,36174.895975705236
C_be0.70_average_ep0.75_gp0.75_lf0.75_life15_dr0.07,0.7,average,409.73270937522005,0.75,0.75,0.75,15,0.07,281.41956019561877,132.17184173394196,149.2477184616768,57.7018000236671,40.47355715471877,1319063.9016650901,36174.895975705236
C_be0.70_average_ep0.75_gp0.75_lf0.75_life25_dr0.01,0.7,average,409.73270937522005,0.75,0.75,0.75,25,0.01,281.41956019561877,132.17184173394196,149.2477184616768,43.79711472249046,40.47355715471877,480892.63347325195,36174.895975705236
C_be0.70_average_ep0.75_gp0.75_lf0.75_life25_dr0.03,0.7,average,409.73270937522005,0.75,0.75,0.75,25,0.03,281.41956019561877,132.17184173394196,149.2477184616768,46.13469697979054,40.47355715471877,647659.1936584255,36174.895975705236
C_be0.70_average_ep0.75_gp0.75_lf0.75_life25_dr0.05,0.7,average,409.73270937522005,0.75,0.75,0.75,25,0.05,281.41956019561877,132.17184173394196,149.2477184616768,48.764638207341285,40.47355715471877,767731.0214359746,36174.895975705236
C_be0.70_average_ep0.75_gp0.75_lf0.75_life25_dr0.07,0.7,average,409.73270937522005,0.75,0.75,0.75,25,0.07,281.41956019561877,132.17184173394196,149.2477184616768,51.6538818113456,40.47355715471877,856010.8407824435,36174.895975705236
C_be0.70_average_ep0.75_gp0.75_lf0.75_life40_dr0.01,0.7,average,409.73270937522005,0.75,0.75,0.75,40,0.01,281.41956019561877,132.17184173394196,149.2477184616768,43.79711472249046,40.47355715471877,480892.63347325195,36174.895975705236
C_be0.70_average_ep0.75_gp0.75_lf0.75_life40_dr0.03,0.7,average,409.73270937522005,0.75,0.75,0.75,40,0.03,281.41956019561877,132.17184173394196,149.2477184616768,46.13469697979054,40.47355715471877,647659.1936584255,36174.895975705236
C_be0.70_average_ep0.75_gp0.75_lf0.75_life40_dr0.05,0.7,average,409.73270937522005,0.75,0.75,0.75,40,0.05,281.41956019561877,132.17184173394196,149.2477184616768,48.764638207341285,40.47355715471877,767731.0214359746,36174.895975705236
C_be0.70_average_ep0.75_gp0.75_lf0.75_life40_dr0.07,0.7,average,409.73270937522005,0.75,0.75,0.75,40,0.07,281.41956019561877,132.17184173394196,149.2477184616768,51.6538818113456,40.47355715471877,856010.8407824435,36174.895975705236
C_be0.70_average_ep0.75_gp0.75_lf0.95_life15_dr0.01,0.7,average,409.73270937522005,0.75,0.75,0.95,15,0.01,281.41956019561877,132.17184173394196,149.2477184616768,47.865457439402945,40.47355715471877,1354763.1037721206,46462.73447321111
C_be0.70_average_ep0.75_gp0.75_lf0.95_life15_dr0.03,0.7,average,409.73270937522005,0.75,0.75,0.95,15,0.03,281.41956019561877,132.17184173394196,149.2477184616768,49.36545246345163,40.47355715471877,1288544.2455085441,46462.73447321111
C_be0.70_average_ep0.75_gp0.75_lf0.95_life15_dr0.05,0.7,average,409.73270937522005,0.75,0.75,0.95,15,0.05,281.41956019561877,132.17184173394196,149.2477184616768,51.02239931866496,40.47355715471877,1237271.6580925714,46462.73447321111
C_be0.70_average_ep0.75_gp0.75_lf0.95_life15_dr0.07,0.7,average,409.73270937522005,0.75,0.75,0.95,15,0.07,281.41956019561877,132.17184173394196,149.2477184616768,52.83857964348165,40.47355715471877,1199173.7200099644,46462.73447321111
C_be0.70_average_ep0.75_gp0.75_lf0.95_life25_dr0.01,0.7,average,409.73270937522005,0.75,0.75,0.95,25,0.01,281.41956019561877,132.17184173394196,149.2477184616768,41.861196510973784,40.47355715471877,254321.9644198306,46462.73447321111
C_be0.70_average_ep0.75_gp0.75_lf0.95_life25_dr0.03,0.7,average,409.73270937522005,0.75,0.75,0.95,25,0.03,281.41956019561877,132.17184173394196,149.2477184616768,43.70665618778963,40.47355715471877,468515.54247734044,46462.73447321111
C_be0.70_average_ep0.75_gp0.75_lf0.95_life25_dr0.05,0.7,average,409.73270937522005,0.75,0.75,0.95,25,0.05,281.41956019561877,132.17184173394196,149.2477184616768,45.78292557796127,40.47355715471877,622734.7959477063,46462.73447321111
C_be0.70_average_ep0.75_gp0.75_lf0.95_life25_dr0.07,0.7,average,409.73270937522005,0.75,0.75,0.95,25,0.07,281.41956019561877,132.17184173394196,149.2477184616768,48.063907370596255,40.47355715471877,736120.6591273178,46462.73447321111
C_be0.70_average_ep0.75_gp0.75_lf0.95_life40_dr0.01,0.7,average,409.73270937522005,0.75,0.75,0.95,40,0.01,281.41956019561877,132.17184173394196,149.2477184616768,41.861196510973784,40.47355715471877,254321.9644198306,46462.73447321111
C_be0.70_average_ep0.75_gp0.75_lf0.95_life40_dr0.03,0.7,average,409.73270937522005,0.75,0.75,0.95,40,0.03,281.41956019561877,132.17184173394196,149.2477184616768,43.70665618778963,40.47355715471877,468515.54247734044,46462.73447321111
C_be0.70_average_ep0.75_gp0.75_lf0.95_life40_dr0.05,0.7,average,409.73270937522005,0.75,0.75,0.95,40,0.05,281.41956019561877,132.17184173394196,149.2477184616768,45.78292557796127,40.47355715471877,622734.7959477063,46462.73447321111
C_be0.70_average_ep0.75_gp0.75_lf0.95_life40_dr0.07,0.7,average,409.73270937522005,0.75,0.75,0.95,40,0.07,281.41956019561877,132.17184173394196,149.2477184616768,48.063907370596255,40.47355715471877,736120.6591273178,46462.73447321111
C_be0.70_average_ep0.75_gp1.00_lf0.25_life15_dr0.01,0.7,average,409.73270937522005,0.75,1.0,0.25,15,0.01,281.41956019561877,132.17184173394196,149.2477184616768,85.00452925992978,53.96474287295836,1497070.9662463348,40000.996454885404
C_be0.70_average_ep0.75_gp1.00_lf0.25_life15_dr0.03,0.7,average,409.73270937522005,0.75,1.0,0.25,15,0.03,281.41956019561877,132.17184173394196,149.2477184616768,90.70451035131477,53.96474287295836,1401063.4439639954,40000.996454885404
C_be0.70_average_ep0.75_gp1.00_lf0.25_life15_dr0.05,0.7,average,409.73270937522005,0.75,1.0,0.25,15,0.05,281.41956019561877,132.17184173394196,149.2477184616768,97.0009084011254,53.96474287295836,1328343.035523157,40000.996454885404
C_be0.70_average_ep0.75_gp1.00_lf0.25_life15_dr0.07,0.7,average,409.73270937522005,0.75,1.0,0.25,15,0.07,281.41956019561877,132.17184173394196,149.2477184616768,103.90239363542885,53.96474287295836,1274476.1214826072,40000.996454885404
C_be0.70_average_ep0.75_gp1.00_lf0.25_life25_dr0.01,0.7,average,409.73270937522005,0.75,1.0,0.25,25,0.01,281.41956019561877,132.17184173394196,149.2477184616768,62.18833773189895,53.96474287295836,396629.82689404394,40000.996454885404
C_be0.70_average_ep0.75_gp1.00_lf0.25_life25_dr0.03,0.7,average,409.73270937522005,0.75,1.0,0.25,25,0.03,281.41956019561877,132.17184173394196,149.2477184616768,69.20108450379917,53.96474287295836,581034.7409327917,40000.996454885404
C_be0.70_average_ep0.75_gp1.00_lf0.25_life25_dr0.05,0.7,average,409.73270937522005,0.75,1.0,0.25,25,0.05,281.41956019561877,132.17184173394196,149.2477184616768,77.0909081864514,53.96474287295836,713806.173378292,40000.996454885404
C_be0.70_average_ep0.75_gp1.00_lf0.25_life25_dr0.07,0.7,average,409.73270937522005,0.75,1.0,0.25,25,0.07,281.41956019561877,132.17184173394196,149.2477184616768,85.75863899846435,53.96474287295836,811423.0605999606,40000.996454885404
C_be0.70_average_ep0.75_gp1.00_lf0.25_life40_dr0.01,0.7,average,409.73270937522005,0.75,1.0,0.25,40,0.01,281.41956019561877,132.17184173394196,149.2477184616768,62.18833773189895,53.96474287295836,396629.82689404394,40000.996454885404
C_be0.70_average_ep0.75_gp1.00_lf0.25_life40_dr0.03,0.7,average,409.73270937522005,0.75,1.0,0.25,40,0.03,281.41956019561877,132.17184173394196,149.2477184616768,69.20108450379917,53.96474287295836,581034.7409327917,40000.996454885404
C_be0.70_average_ep0.75_gp1.00_lf0.25_life40_dr0.05,0.7,average,409.73270937522005,0.75,1.0,0.25,40,0.05,281.41956019561877,132.17184173394196,149.2477184616768,77.0909081864514,53.96474287295836,713806.173378292,40000.996454885404
C_be0.70_average_ep0.75_gp1.00_lf0.25_life40_dr0.07,0.7,average,409.73270937522005,0.75,1.0,0.25,40,0.07,281.41956019561877,132.17184173394196,149.2477184616768,85.75863899846435,53.96474287295836,811423.0605999606,40000.996454885404
C_be0.70_average_ep0.75_gp1.00_lf0.50_life15_dr0.01,0.7,average,409.73270937522005,0.75,1.0,0.5,15,0.01,281.41956019561877,132.17184173394196,149.2477184616768,59.80301623885801,53.96474287295836,563168.1507168021,82406.49129971239
C_be0.70_average_ep0.75_gp1.00_lf0.50_life15_dr0.03,0.7,average,409.73270937522005,0.75,1.0,0.5,15,0.03,281.41956019561877,132.17184173394196,149.2477184616768,62.6530067845505,53.96474287295836,662650.2993092942,82406.49129971239
C_be0.70_average_ep0.75_gp1.00_lf0.50_life15_dr0.05,0.7,average,409.73270937522005,0.75,1.0,0.5,15,0.05,281.41956019561877,132.17184173394196,149.2477184616768,65.80120580945582,53.96474287295836,730682.3418844687,82406.49129971239
C_be0.70_average_ep0.75_gp1.00_lf0.50_life15_dr0.07,0.7,average,409.73270937522005,0.75,1.0,0.5,15,0.07,281.41956019561877,132.17184173394196,149.2477184616768,69.25194842660754,53.96474287295836,780300.1600934067,82406.49129971239
C_be0.70_average_ep0.75_gp1.00_lf0.50_life25_dr0.01,0.7,average,409.73270937522005,0.75,1.0,0.5,25,0.01,281.41956019561877,132.17184173394196,149.2477184616768,48.39492047484258,53.96474287295836,-537272.9886354897,82406.49129971239
C_be0.70_average_ep0.75_gp1.00_lf0.50_life25_dr0.03,0.7,average,409.73270937522005,0.75,1.0,0.5,25,0.03,281.41956019561877,132.17184173394196,149.2477184616768,51.9012938607927,53.96474287295836,-157378.4037219095,82406.49129971239
C_be0.70_average_ep0.75_gp1.00_lf0.50_life25_dr0.05,0.7,average,409.73270937522005,0.75,1.0,0.5,25,0.05,281.41956019561877,132.17184173394196,149.2477184616768,55.84620570211881,53.96474287295836,116145.47973960359,82406.49129971239
C_be0.70_average_ep0.75_gp1.00_lf0.50_life25_dr0.07,0.7,average,409.73270937522005,0.75,1.0,0.5,25,0.07,281.41956019561877,132.17184173394196,149.2477184616768,60.18007110812529,53.96474287295836,317247.0992107601,82406.49129971239
C_be0.70_average_ep0.75_gp1.00_lf0.50_life40_dr0.01,0.7,average,409.73270937522005,0.75,1.0,0.5,40,0.01,281.41956019561877,132.17184173394196,149.2477184616768,48.39492047484258,53.96474287295836,-537272.9886354897,82406.49129971239
C_be0.70_average_ep0.75_gp1.00_lf0.50_life40_dr0.03,0.7,average,409.73270937522005,0.75,1.0,0.5,40,0.03,281.41956019561877,132.17184173394196,149.2477184616768,51.9012938607927,53.96474287295836,-157378.4037219095,82406.49129971239
C_be0.70_average_ep0.75_gp1.00_lf0.50_life40_dr0.05,0.7,average,409.73270937522005,0.75,1.0,0.5,40,0.05,281.41956019561877,132.17184173394196,149.2477184616768,55.84620570211881,53.96474287295836,116145.47973960359,82406.49129971239
C_be0.70_average_ep0.75_gp1.00_lf0.50_life40_dr0.07,0.7,average,409.73270937522005,0.75,1.0,0.5,40,0.07,281.41956019561877,132.17184173394196,149.2477184616768,60.18007110812529,53.96474287295836,317247.0992107601,82406.49129971239
C_be0.70_average_ep0.75_gp1.00_lf0.75_life15_dr0.01,0.7,average,409.73270937522005,0.75,1.0,0.75,15,0.01,281.41956019561877,132.17184173394196,149.2477184616768,51.40251189850074,53.96474287295836,-370734.6648127325,124811.98614453938
C_be0.70_average_ep0.75_gp1.00_lf0.75_life15_dr0.03,0.7,average,409.73270937522005,0.75,1.0,0.75,15,0.03,281.41956019561877,132.17184173394196,149.2477184616768,53.30250559562907,53.96474287295836,-75762.84534540772,124811.98614453938
C_be0.70_average_ep0.75_gp1.00_lf0.75_life15_dr0.05,0.7,average,409.73270937522005,0.75,1.0,0.75,15,0.05,281.41956019561877,132.17184173394196,149.2477184616768,55.401304945565954,53.96474287295836,133021.64824578073,124811.98614453938
C_be0.70_average_ep0.75_gp1.00_lf0.75_life15_dr0.07,0.7,average,409.73270937522005,0.75,1.0,0.75,15,0.07,281.41956019561877,132.17184173394196,149.2477184616768,57.7018000236671,53.96474287295836,286124.1987042059,124811.98614453938
C_be0.70_average_ep0.75_gp1.00_lf0.75_life25_dr0.01,0.7,average,409.73270937522005,0.75,1.0,0.75,25,0.01,281.41956019561877,132.17184173394196,149.2477184616768,43.79711472249046,53.96474287295836,-1471175.8041650234,124811.98614453938
C_be0.70_average_ep0.75_gp1.00_lf0.75_life25_dr0.03,0.7,average,409.73270937522005,0.75,1.0,0.75,25,0.03,281.41956019561877,132.17184173394196,149.2477184616768,46.13469697979054,53.96474287295836,-895791.5483766105,124811.98614453938
C_be0.70_average_ep0.75_gp1.00_lf0.75_life25_dr0.05,0.7,average,409.73270937522005,0.75,1.0,0.75,25,0.05,281.41956019561877,132.17184173394196,149.2477184616768,48.764638207341285,53.96474287295836,-481515.21389908437,124811.98614453938
C_be0.70_average_ep0.75_gp1.00_lf0.75_life25_dr0.07,0.7,average,409.73270937522005,0.75,1.0,0.75,25,0.07,281.41956019561877,132.17184173394196,149.2477184616768,51.6538818113456,53.96474287295836,-176928.86217844067,124811.98614453938
C_be0.70_average_ep0.75_gp1.00_lf0.75_life40_dr0.01,0.7,average,409.73270937522005,0.75,1.0,0.75,40,0.01,281.41956019561877,132.17184173394196,149.2477184616768,43.79711472249046,53.96474287295836,-1471175.8041650234,124811.98614453938
C_be0.70_average_ep0.75_gp1.00_lf0.75_life40_dr0.03,0.7,average,409.73270937522005,0.75,1.0,0.75,40,0.03,281.41956019561877,132.17184173394196,149.2477184616768,46.13469697979054,53.96474287295836,-895791.5483766105,124811.98614453938
C_be0.70_average_ep0.75_gp1.00_lf0.75_life40_dr0.05,0.7,average,409.73270937522005,0.75,1.0,0.75,40,0.05,281.41956019561877,132.17184173394196,149.2477184616768,48.764638207341285,53.96474287295836,-481515.21389908437,124811.98614453938
C_be0.70_average_ep0.75_gp1.00_lf0.75_life40_dr0.07,0.7,average,409.73270937522005,0.75,1.0,0.75,40,0.07,281.41956019561877,132.17184173394196,149.2477184616768,51.6538818113456,53.96474287295836,-176928.86217844067,124811.98614453938
C_be0.70_average_ep0.75_gp1.00_lf0.95_life15_dr0.01,0.7,average,409.73270937522005,0.75,1.0,0.95,15,0.01,281.41956019561877,132.17184173394196,149.2477184616768,47.865457439402945,53.96474287295836,-1117856.9172363617,158736.382020401
C_be0.70_average_ep0.75_gp1.00_lf0.95_life15_dr0.03,0.7,average,409.73270937522005,0.75,1.0,0.95,15,0.03,281.41956019561877,132.17184173394196,149.2477184616768,49.36545246345163,53.96474287295836,-666493.3610691689,158736.382020401
C_be0.70_average_ep0.75_gp1.00_lf0.95_life15_dr0.05,0.7,average,409.73270937522005,0.75,1.0,0.95,15,0.05,281.41956019561877,132.17184173394196,149.2477184616768,51.02239931866496,53.96474287295836,-345106.90666517057,158736.382020401
C_be0.70_average_ep0.75_gp1.00_lf0.95_life15_dr0.07,0.7,average,409.73270937522005,0.75,1.0,0.95,15,0.07,281.41956019561877,132.17184173394196,149.2477184616768,52.83857964348165,53.96474287295836,-109216.57040715497,158736.382020401
C_be0.70_average_ep0.75_gp1.00_lf0.95_life25_dr0.01,0.7,average,409.73270937522005,0.75,1.0,0.95,25,0.01,281.41956019561877,132.17184173394196,149.2477184616768,41.861196510973784,53.96474287295836,-2218298.0565886516,158736.382020401
C_be0.70_average_ep0.75_gp1.00_lf0.95_life25_dr0.03,0.7,average,409.73270937522005,0.75,1.0,0.95,25,0.03,281.41956019561877,132.17184173394196,149.2477184616768,43.70665618778963,53.96474287295836,-1486522.0641003726,158736.382020401
C_be0.70_average_ep0.75_gp1.00_lf0.95_life25_dr0.05,0.7,average,409.73270937522005,0.75,1.0,0.95,25,0.05,281.41956019561877,132.17184173394196,149.2477184616768,45.78292557796127,53.96474287295836,-959643.7688100357,158736.382020401
C_be0.70_average_ep0.75_gp1.00_lf0.95_life25_dr0.07,0.7,average,409.73270937522005,0.75,1.0,0.95,25,0.07,281.41956019561877,132.17184173394196,149.2477184616768,48.063907370596255,53.96474287295836,-572269.6312898016,158736.382020401
C_be0.70_average_ep0.75_gp1.00_lf0.95_life40_dr0.01,0.7,average,409.73270937522005,0.75,1.0,0.95,40,0.01,281.41956019561877,132.17184173394196,149.2477184616768,41.861196510973784,53.96474287295836,-2218298.0565886516,158736.382020401
C_be0.70_average_ep0.75_gp1.00_lf0.95_life40_dr0.03,0.7,average,409.73270937522005,0.75,1.0,0.95,40,0.03,281.41956019561877,132.17184173394196,149.2477184616768,43.70665618778963,53.96474287295836,-1486522.0641003726,158736.382020401
C_be0.70_average_ep0.75_gp1.00_lf0.95_life40_dr0.05,0.7,average,409.73270937522005,0.75,1.0,0.95,40,0.05,281.41956019561877,132.17184173394196,149.2477184616768,45.78292557796127,53.96474287295836,-959643.7688100357,158736.382020401
C_be0.70_average_ep0.75_gp1.00_lf0.95_life40_dr0.07,0.7,average,409.73270937522005,0.75,1.0,0.95,40,0.07,281.41956019561877,132.17184173394196,149.2477184616768,48.063907370596255,53.96474287295836,-572269.6312898016,158736.382020401
C_be0.70_average_ep0.75_gp1.25_lf0.25_life15_dr0.01,0.7,average,409.73270937522005,0.75,1.25,0.25,15,0.01,281.41956019561877,132.17184173394196,149.2477184616768,85.00452925992978,67.45592859119795,846381.4870335772,69546.69317783008
C_be0.70_average_ep0.75_gp1.25_lf0.25_life15_dr0.03,0.7,average,409.73270937522005,0.75,1.25,0.25,15,0.03,281.41956019561877,132.17184173394196,149.2477184616768,90.70451035131477,67.45592859119795,886579.8632856505,69546.69317783008
C_be0.70_average_ep0.75_gp1.25_lf0.25_life15_dr0.05,0.7,average,409.73270937522005,0.75,1.25,0.25,15,0.05,281.41956019561877,132.17184173394196,149.2477184616768,97.0009084011254,67.45592859119795,911927.6237448044,69546.69317783008
C_be0.70_average_ep0.75_gp1.25_lf0.25_life15_dr0.07,0.7,average,409.73270937522005,0.75,1.25,0.25,15,0.07,281.41956019561877,132.17184173394196,149.2477184616768,103.90239363542885,67.45592859119795,930162.8871623131,69546.69317783008
C_be0.70_average_ep0.75_gp1.25_lf0.25_life25_dr0.01,0.7,average,409.73270937522005,0.75,1.25,0.25,25,0.01,281.41956019561877,132.17184173394196,149.2477184616768,62.18833773189895,67.45592859119795,-254059.65231871372,69546.69317783008
C_be0.70_average_ep0.75_gp1.25_lf0.25_life25_dr0.03,0.7,average,409.73270937522005,0.75,1.25,0.25,25,0.03,281.41956019561877,132.17184173394196,149.2477184616768,69.20108450379917,67.45592859119795,66551.16025444679,69546.69317783008
C_be0.70_average_ep0.75_gp1.25_lf0.25_life25_dr0.05,0.7,average,409.73270937522005,0.75,1.25,0.25,25,0.05,281.41956019561877,132.17184173394196,149.2477184616768,77.0909081864514,67.45592859119795,297390.7615999393,69546.69317783008
C_be0.70_average_ep0.75_gp1.25_lf0.25_life25_dr0.07,0.7,average,409.73270937522005,0.75,1.25,0.25,25,0.07,281.41956019561877,132.17184173394196,149.2477184616768,85.75863899846435,67.45592859119795,467109.8262796665,69546.69317783008
C_be0.70_average_ep0.75_gp1.25_lf0.25_life40_dr0.01,0.7,average,409.73270937522005,0.75,1.25,0.25,40,0.01,281.41956019561877,132.17184173394196,149.2477184616768,62.18833773189895,67.45592859119795,-254059.65231871372,69546.69317783008
C_be0.70_average_ep0.75_gp1.25_lf0.25_life40_dr0.03,0.7,average,409.73270937522005,0.75,1.25,0.25,40,0.03,281.41956019561877,132.17184173394196,149.2477184616768,69.20108450379917,67.45592859119795,66551.16025444679,69546.69317783008
C_be0.70_average_ep0.75_gp1.25_lf0.25_life40_dr0.05,0.7,average,409.73270937522005,0.75,1.25,0.25,40,0.05,281.41956019561877,132.17184173394196,149.2477184616768,77.0909081864514,67.45592859119795,297390.7615999393,69546.69317783008
C_be0.70_average_ep0.75_gp1.25_lf0.25_life40_dr0.07,0.7,average,409.73270937522005,0.75,1.25,0.25,40,0.07,281.41956019561877,132.17184173394196,149.2477184616768,85.75863899846435,67.45592859119795,467109.8262796665,69546.69317783008
C_be0.70_average_ep0.75_gp1.25_lf0.50_life15_dr0.01,0.7,average,409.73270937522005,0.75,1.25,0.5,15,0.01,281.41956019561877,132.17184173394196,149.2477184616768,59.80301623885801,67.45592859119795,-738210.8077087132,141497.88474560174
C_be0.70_average_ep0.75_gp1.25_lf0.50_life15_dr0.03,0.7,average,409.73270937522005,0.75,1.25,0.5,15,0.03,281.41956019561877,132.17184173394196,149.2477184616768,62.6530067845505,67.45592859119795,-366316.86204739567,141497.88474560174
C_be0.70_average_ep0.75_gp1.25_lf0.50_life15_dr0.05,0.7,average,409.73270937522005,0.75,1.25,0.5,15,0.05,281.41956019561877,132.17184173394196,149.2477184616768,65.80120580945582,67.45592859119795,-102148.4816722367,141497.88474560174
C_be0.70_average_ep0.75_gp1.25_lf0.50_life15_dr0.07,0.7,average,409.73270937522005,0.75,1.25,0.5,15,0.07,281.41956019561877,132.17184173394196,149.2477184616768,69.25194842660754,67.45592859119795,91673.69145281846,141497.88474560174
C_be0.70_average_ep0.75_gp1.25_lf0.50_life25_dr0.01,0.7,average,409.73270937522005,0.75,1.25,0.5,25,0.01,281.41956019561877,132.17184173394196,149.2477184616768,48.39492047484258,67.45592859119795,-1838651.947061005,141497.88474560174
C_be0.70_average_ep0.75_gp1.25_lf0.50_life25_dr0.03,0.7,average,409.73270937522005,0.75,1.25,0.5,25,0.03,281.41956019561877,132.17184173394196,149.2477184616768,51.9012938607927,67.45592859119795,-1186345.5650785994,141497.88474560174
C_be0.70_average_ep0.75_gp1.25_lf0.50_life25_dr0.05,0.7,average,409.73270937522005,0.75,1.25,0.5,25,0.05,281.41956019561877,132.17184173394196,149.2477184616768,55.84620570211881,67.45592859119795,-716685.3438171018,141497.88474560174
C_be0.70_average_ep0.75_gp1.25_lf0.50_life25_dr0.07,0.7,average,409.73270937522005,0.75,1.25,0.5,25,0.07,281.41956019561877,132.17184173394196,149.2477184616768,60.18007110812529,67.45592859119795,-371379.36942982813,141497.88474560174
C_be0.70_average_ep0.75_gp1.25_lf0.50_life40_dr0.01,0.7,average,409.73270937522005,0.75,1.25,0.5,40,0.01,281.41956019561877,132.17184173394196,149.2477184616768,48.39492047484258,67.45592859119795,-1838651.947061005,141497.88474560174
C_be0.70_average_ep0.75_gp1.25_lf0.50_life40_dr0.03,0.7,average,409.73270937522005,0.75,1.25,0.5,40,0.03,281.41956019561877,132.17184173394196,149.2477184616768,51.9012938607927,67.45592859119795,-1186345.5650785994,141497.88474560174
C_be0.70_average_ep0.75_gp1.25_lf0.50_life40_dr0.05,0.7,average,409.73270937522005,0.75,1.25,0.5,40,0.05,281.41956019561877,132.17184173394196,149.2477184616768,55.84620570211881,67.45592859119795,-716685.3438171018,141497.88474560174
C_be0.70_average_ep0.75_gp1.25_lf0.50_life40_dr0.07,0.7,average,409.73270937522005,0.75,1.25,0.5,40,0.07,281.41956019561877,132.17184173394196,149.2477184616768,60.18007110812529,67.45592859119795,-371379.36942982813,141497.88474560174
C_be0.70_average_ep0.75_gp1.25_lf0.75_life15_dr0.01,0.7,average,409.73270937522005,0.75,1.25,0.75,15,0.01,281.41956019561877,132.17184173394196,149.2477184616768,51.40251189850074,67.45592859119795,-2322803.102451005,213449.07631337346
C_be0.70_average_ep0.75_gp1.25_lf0.75_life15_dr0.03,0.7,average,409.73270937522005,0.75,1.25,0.75,15,0.03,281.41956019561877,132.17184173394196,149.2477184616768,53.30250559562907,67.45592859119795,-1619213.5873804437,213449.07631337346
C_be0.70_average_ep0.75_gp1.25_lf0.75_life15_dr0.05,0.7,average,409.73270937522005,0.75,1.25,0.75,15,0.05,281.41956019561877,132.17184173394196,149.2477184616768,55.401304945565954,67.45592859119795,-1116224.5870892787,213449.07631337346
C_be0.70_average_ep0.75_gp1.25_lf0.75_life15_dr0.07,0.7,average,409.73270937522005,0.75,1.25,0.75,15,0.07,281.41956019561877,132.17184173394196,149.2477184616768,57.7018000236671,67.45592859119795,-746815.5042566769,213449.07631337346
C_be0.70_average_ep0.75_gp1.25_lf0.75_life25_dr0.01,0.7,average,409.73270937522005,0.75,1.25,0.75,25,0.01,281.41956019561877,132.17184173394196,149.2477184616768,43.79711472249046,67.45592859119795,-3423244.241803296,213449.07631337346
C_be0.70_average_ep0.75_gp1.25_lf0.75_life25_dr0.03,0.7,average,409.73270937522005,0.75,1.25,0.75,25,0.03,281.41956019561877,132.17184173394196,149.2477184616768,46.13469697979054,67.45592859119795,-2439242.2904116465,213449.07631337346
C_be0.70_average_ep0.75_gp1.25_lf0.75_life25_dr0.05,0.7,average,409.73270937522005,0.75,1.25,0.75,25,0.05,281.41956019561877,132.17184173394196,149.2477184616768,48.764638207341285,67.45592859119795,-1730761.4492341438,213449.07631337346
C_be0.70_average_ep0.75_gp1.25_lf0.75_life25_dr0.07,0.7,average,409.73270937522005,0.75,1.25,0.75,25,0.07,281.41956019561877,132.17184173394196,149.2477184616768,51.6538818113456,67.45592859119795,-1209868.5651393235,213449.07631337346
C_be0.70_average_ep0.75_gp1.25_lf0.75_life40_dr0.01,0.7,average,409.73270937522005,0.75,1.25,0.75,40,0.01,281.41956019561877,132.17184173394196,149.2477184616768,43.79711472249046,67.45592859119795,-3423244.241803296,213449.07631337346
C_be0.70_average_ep0.75_gp1.25_lf0.75_life40_dr0.03,0.7,average,409.73270937522005,0.75,1.25,0.75,40,0.03,281.41956019561877,132.17184173394196,149.2477184616768,46.13469697979054,67.45592859119795,-2439242.2904116465,213449.07631337346
C_be0.70_average_ep0.75_gp1.25_lf0.75_life40_dr0.05,0.7,average,409.73270937522005,0.75,1.25,0.75,40,0.05,281.41956019561877,132.17184173394196,149.2477184616768,48.764638207341285,67.45592859119795,-1730761.4492341438,213449.07631337346
C_be0.70_average_ep0.75_gp1.25_lf0.75_life40_dr0.07,0.7,average,409.73270937522005,0.75,1.25,0.75,40,0.07,281.41956019561877,132.17184173394196,149.2477184616768,51.6538818113456,67.45592859119795,-1209868.5651393235,213449.07631337346
C_be0.70_average_ep0.75_gp1.25_lf0.95_life15_dr0.01,0.7,average,409.73270937522005,0.75,1.25,0.95,15,0.01,281.41956019561877,132.17184173394196,149.2477184616768,47.865457439402945,67.45592859119795,-3590476.938244842,271010.02956759086
C_be0.70_average_ep0.75_gp1.25_lf0.95_life15_dr0.03,0.7,average,409.73270937522005,0.75,1.25,0.95,15,0.03,281.41956019561877,132.17184173394196,149.2477184616768,49.36545246345163,67.45592859119795,-2621530.967646881,271010.02956759086
C_be0.70_average_ep0.75_gp1.25_lf0.95_life15_dr0.05,0.7,average,409.73270937522005,0.75,1.25,0.95,15,0.05,281.41956019561877,132.17184173394196,149.2477184616768,51.02239931866496,67.45592859119795,-1927485.4714229116,271010.02956759086
C_be0.70_average_ep0.75_gp1.25_lf0.95_life15_dr0.07,0.7,average,409.73270937522005,0.75,1.25,0.95,15,0.07,281.41956019561877,132.17184173394196,149.2477184616768,52.83857964348165,67.45592859119795,-1417606.860824274,271010.02956759086
C_be0.70_average_ep0.75_gp1.25_lf0.95_life25_dr0.01,0.7,average,409.73270937522005,0.75,1.25,0.95,25,0.01,281.41956019561877,132.17184173394196,149.2477184616768,41.861196510973784,67.45592859119795,-4690918.077597132,271010.02956759086
C_be0.70_average_ep0.75_gp1.25_lf0.95_life25_dr0.03,0.7,average,409.73270937522005,0.75,1.25,0.95,25,0.03,281.41956019561877,132.17184173394196,149.2477184616768,43.70665618778963,67.45592859119795,-3441559.6706780847,271010.02956759086
C_be0.70_average_ep0.75_gp1.25_lf0.95_life25_dr0.05,0.7,average,409.73270937522005,0.75,1.25,0.95,25,0.05,281.41956019561877,132.17184173394196,149.2477184616768,45.78292557796127,67.45592859119795,-2542022.3335677767,271010.02956759086
C_be0.70_average_ep0.75_gp1.25_lf0.95_life25_dr0.07,0.7,average,409.73270937522005,0.75,1.25,0.95,25,0.07,281.41956019561877,132.17184173394196,149.2477184616768,48.063907370596255,67.45592859119795,-1880659.9217069205,271010.02956759086
C_be0.70_average_ep0.75_gp1.25_lf0.95_life40_dr0.01,0.7,average,409.73270937522005,0.75,1.25,0.95,40,0.01,281.41956019561877,132.17184173394196,149.2477184616768,41.861196510973784,67.45592859119795,-4690918.077597132,271010.02956759086
C_be0.70_average_ep0.75_gp1.25_lf0.95_life40_dr0.03,0.7,average,409.73270937522005,0.75,1.25,0.95,40,0.03,281.41956019561877,132.17184173394196,149.2477184616768,43.70665618778963,67.45592859119795,-3441559.6706780847,271010.02956759086
C_be0.70_average_ep0.75_gp1.25_lf0.95_life40_dr0.05,0.7,average,409.73270937522005,0.75,1.25,0.95,40,0.05,281.41956019561877,132.17184173394196,149.2477184616768,45.78292557796127,67.45592859119795,-2542022.3335677767,271010.02956759086
C_be0.70_average_ep0.75_gp1.25_lf0.95_life40_dr0.07,0.7,average,409.73270937522005,0.75,1.25,0.95,40,0.07,281.41956019561877,132.17184173394196,149.2477184616768,48.063907370596255,67.45592859119795,-1880659.9217069205,271010.02956759086
C_be0.70_average_ep1.00_gp0.75_lf0.25_life15_dr0.01,0.7,average,409.73270937522005,1.0,0.75,0.25,15,0.01,281.41956019561877,132.17184173394196,149.2477184616768,95.38138299919186,40.47355715471877,2648243.479084432,-12270.009957043236
C_be0.70_average_ep1.00_gp0.75_lf0.25_life15_dr0.03,0.7,average,409.73270937522005,1.0,0.75,0.25,15,0.03,281.41956019561877,132.17184173394196,149.2477184616768,101.08136409057683,40.47355715471877,2311266.1985866493,-12270.009957043236
C_be0.70_average_ep1.00_gp0.75_lf0.25_life15_dr0.05,0.7,average,409.73270937522005,1.0,0.75,0.25,15,0.05,281.41956019561877,132.17184173394196,149.2477184616768,107.37776214038749,40.47355715471877,2065047.70230425,-12270.009957043236
C_be0.70_average_ep1.00_gp0.75_lf0.25_life15_dr0.07,0.7,average,409.73270937522005,1.0,0.75,0.25,15,0.07,281.41956019561877,132.17184173394196,149.2477184616768,114.27924737469091,40.47355715471877,1883620.6425150507,-12270.009957043236
C_be0.70_average_ep1.00_gp0.75_lf0.25_life25_dr0.01,0.7,average,409.73270937522005,1.0,0.75,0.25,25,0.01,281.41956019561877,132.17184173394196,149.2477184616768,72.56519147116101,40.47355715471877,1547802.339732141,-12270.009957043236
C_be0.70_average_ep1.00_gp0.75_lf0.25_life25_dr0.03,0.7,average,409.73270937522005,1.0,0.75,0.25,25,0.03,281.41956019561877,132.17184173394196,149.2477184616768,79.57793824306123,40.47355715471877,1491237.4955554456,-12270.009957043236
C_be0.70_average_ep1.00_gp0.75_lf0.25_life25_dr0.05,0.7,average,409.73270937522005,1.0,0.75,0.25,25,0.05,281.41956019561877,132.17184173394196,149.2477184616768,87.46776192571348,40.47355715471877,1450510.840159385,-12270.009957043236
C_be0.70_average_ep1.00_gp0.75_lf0.25_life25_dr0.07,0.7,average,409.73270937522005,1.0,0.75,0.25,25,0.07,281.41956019561877,132.17184173394196,149.2477184616768,96.13549273772642,40.47355715471877,1420567.5816324046,-12270.009957043236
C_be0.70_average_ep1.00_gp0.75_lf0.25_life40_dr0.01,0.7,average,409.73270937522005,1.0,0.75,0.25,40,0.01,281.41956019561877,132.17184173394196,149.2477184616768,72.56519147116101,40.47355715471877,1547802.339732141,-12270.009957043236
C_be0.70_average_ep1.00_gp0.75_lf0.25_life40_dr0.03,0.7,average,409.73270937522005,1.0,0.75,0.25,40,0.03,281.41956019561877,132.17184173394196,149.2477184616768,79.57793824306123,40.47355715471877,1491237.4955554456,-12270.009957043236
C_be0.70_average_ep1.00_gp0.75_lf0.25_life40_dr0.05,0.7,average,409.73270937522005,1.0,0.75,0.25,40,0.05,281.41956019561877,132.17184173394196,149.2477184616768,87.46776192571348,40.47355715471877,1450510.840159385,-12270.009957043236
C_be0.70_average_ep1.00_gp0.75_lf0.25_life40_dr0.07,0.7,average,409.73270937522005,1.0,0.75,0.25,40,0.07,281.41956019561877,132.17184173394196,149.2477184616768,96.13549273772642,40.47355715471877,1420567.5816324046,-12270.009957043236
C_be0.70_average_ep1.00_gp0.75_lf0.50_life15_dr0.01,0.7,average,409.73270937522005,1.0,0.75,0.5,15,0.01,281.41956019561877,132.17184173394196,149.2477184616768,70.17986997812007,40.47355715471877,2865513.1763929953,-22135.52152414489
C_be0.70_average_ep1.00_gp0.75_lf0.50_life15_dr0.03,0.7,average,409.73270937522005,1.0,0.75,0.5,15,0.03,281.41956019561877,132.17184173394196,149.2477184616768,73.02986052381257,40.47355715471877,2483055.808554603,-22135.52152414489
C_be0.70_average_ep1.00_gp0.75_lf0.50_life15_dr0.05,0.7,average,409.73270937522005,1.0,0.75,0.5,15,0.05,281.41956019561877,132.17184173394196,149.2477184616768,76.1780595487179,40.47355715471877,2204091.6754466547,-22135.52152414489
C_be0.70_average_ep1.00_gp0.75_lf0.50_life15_dr0.07,0.7,average,409.73270937522005,1.0,0.75,0.5,15,0.07,281.41956019561877,132.17184173394196,149.2477184616768,79.6288021658696,40.47355715471877,1998589.202158294,-22135.52152414489
C_be0.70_average_ep1.00_gp0.75_lf0.50_life25_dr0.01,0.7,average,409.73270937522005,1.0,0.75,0.5,25,0.01,281.41956019561877,132.17184173394196,149.2477184616768,58.77177421410465,40.47355715471877,1765072.0370407044,-22135.52152414489
C_be0.70_average_ep1.00_gp0.75_lf0.50_life25_dr0.03,0.7,average,409.73270937522005,1.0,0.75,0.5,25,0.03,281.41956019561877,132.17184173394196,149.2477184616768,62.27814760005476,40.47355715471877,1663027.1055233981,-22135.52152414489
C_be0.70_average_ep1.00_gp0.75_lf0.50_life25_dr0.05,0.7,average,409.73270937522005,1.0,0.75,0.5,25,0.05,281.41956019561877,132.17184173394196,149.2477184616768,66.22305944138088,40.47355715471877,1589554.813301789,-22135.52152414489
C_be0.70_average_ep1.00_gp0.75_lf0.50_life25_dr0.07,0.7,average,409.73270937522005,1.0,0.75,0.5,25,0.07,281.41956019561877,132.17184173394196,149.2477184616768,70.55692484738735,40.47355715471877,1535536.1412756478,-22135.52152414489
C_be0.70_average_ep1.00_gp0.75_lf0.50_life40_dr0.01,0.7,average,409.73270937522005,1.0,0.75,0.5,40,0.01,281.41956019561877,132.17184173394196,149.2477184616768,58.77177421410465,40.47355715471877,1765072.0370407044,-22135.52152414489
C_be0.70_average_ep1.00_gp0.75_lf0.50_life40_dr0.03,0.7,average,409.73270937522005,1.0,0.75,0.5,40,0.03,281.41956019561877,132.17184173394196,149.2477184616768,62.27814760005476,40.47355715471877,1663027.1055233981,-22135.52152414489
C_be0.70_average_ep1.00_gp0.75_lf0.50_life40_dr0.05,0.7,average,409.73270937522005,1.0,0.75,0.5,40,0.05,281.41956019561877,132.17184173394196,149.2477184616768,66.22305944138088,40.47355715471877,1589554.813301789,-22135.52152414489
C_be0.70_average_ep1.00_gp0.75_lf0.50_life40_dr0.07,0.7,average,409.73270937522005,1.0,0.75,0.5,40,0.07,281.41956019561877,132.17184173394196,149.2477184616768,70.55692484738735,40.47355715471877,1535536.1412756478,-22135.52152414489
C_be0.70_average_ep1.00_gp0.75_lf0.75_life15_dr0.01,0.7,average,409.73270937522005,1.0,0.75,0.75,15,0.01,281.41956019561877,132.17184173394196,149.2477184616768,61.779365637762815,40.47355715471877,3082782.8737015603,-32001.033091246558
C_be0.70_average_ep1.00_gp0.75_lf0.75_life15_dr0.03,0.7,average,409.73270937522005,1.0,0.75,0.75,15,0.03,281.41956019561877,132.17184173394196,149.2477184616768,63.679359334891146,40.47355715471877,2654845.4185225554,-32001.033091246558
C_be0.70_average_ep1.00_gp0.75_lf0.75_life15_dr0.05,0.7,average,409.73270937522005,1.0,0.75,0.75,15,0.05,281.41956019561877,132.17184173394196,149.2477184616768,65.77815868482803,40.47355715471877,2343135.6485890583,-32001.033091246558
C_be0.70_average_ep1.00_gp0.75_lf0.75_life15_dr0.07,0.7,average,409.73270937522005,1.0,0.75,0.75,15,0.07,281.41956019561877,132.17184173394196,149.2477184616768,68.07865376292916,40.47355715471877,2113557.7618015385,-32001.033091246558
C_be0.70_average_ep1.00_gp0.75_lf0.75_life25_dr0.01,0.7,average,409.73270937522005,1.0,0.75,0.75,25,0.01,281.41956019561877,132.17184173394196,149.2477184616768,54.17396846175253,40.47355715471877,1982341.7343492685,-32001.033091246558
C_be0.70_average_ep1.00_gp0.75_lf0.75_life25_dr0.03,0.7,average,409.73270937522005,1.0,0.75,0.75,25,0.03,281.41956019561877,132.17184173394196,149.2477184616768,56.511550719052615,40.47355715471877,1834816.7154913517,-32001.033091246558
C_be0.70_average_ep1.00_gp0.75_lf0.75_life25_dr0.05,0.7,average,409.73270937522005,1.0,0.75,0.75,25,0.05,281.41956019561877,132.17184173394196,149.2477184616768,59.14149194660335,40.47355715471877,1728598.7864441932,-32001.033091246558
C_be0.70_average_ep1.00_gp0.75_lf0.75_life25_dr0.07,0.7,average,409.73270937522005,1.0,0.75,0.75,25,0.07,281.41956019561877,132.17184173394196,149.2477184616768,62.030735550607666,40.47355715471877,1650504.700918892,-32001.033091246558
C_be0.70_average_ep1.00_gp0.75_lf0.75_life40_dr0.01,0.7,average,409.73270937522005,1.0,0.75,0.75,40,0.01,281.41956019561877,132.17184173394196,149.2477184616768,54.17396846175253,40.47355715471877,1982341.7343492685,-32001.033091246558
C_be0.70_average_ep1.00_gp0.75_lf0.75_life40_dr0.03,0.7,average,409.73270937522005,1.0,0.75,0.75,40,0.03,281.41956019561877,132.17184173394196,149.2477184616768,56.511550719052615,40.47355715471877,1834816.7154913517,-32001.033091246558
C_be0.70_average_ep1.00_gp0.75_lf0.75_life40_dr0.05,0.7,average,409.73270937522005,1.0,0.75,0.75,40,0.05,281.41956019561877,132.17184173394196,149.2477184616768,59.14149194660335,40.47355715471877,1728598.7864441932,-32001.033091246558
C_be0.70_average_ep1.00_gp0.75_lf0.75_life40_dr0.07,0.7,average,409.73270937522005,1.0,0.75,0.75,40,0.07,281.41956019561877,132.17184173394196,149.2477184616768,62.030735550607666,40.47355715471877,1650504.700918892,-32001.033091246558
C_be0.70_average_ep1.00_gp0.75_lf0.95_life15_dr0.01,0.7,average,409.73270937522005,1.0,0.75,0.95,15,0.01,281.41956019561877,132.17184173394196,149.2477184616768,58.24231117866503,40.47355715471877,3256598.6315484103,-39893.44234492787
C_be0.70_average_ep1.00_gp0.75_lf0.95_life15_dr0.03,0.7,average,409.73270937522005,1.0,0.75,0.95,15,0.03,281.41956019561877,132.17184173394196,149.2477184616768,59.742306202713706,40.47355715471877,2792277.106496918,-39893.44234492787
C_be0.70_average_ep1.00_gp0.75_lf0.95_life15_dr0.05,0.7,average,409.73270937522005,1.0,0.75,0.95,15,0.05,281.41956019561877,132.17184173394196,149.2477184616768,61.39925305792703,40.47355715471877,2454370.8271029815,-39893.44234492787
C_be0.70_average_ep1.00_gp0.75_lf0.95_life15_dr0.07,0.7,average,409.73270937522005,1.0,0.75,0.95,15,0.07,281.41956019561877,132.17184173394196,149.2477184616768,63.215433382743726,40.47355715471877,2205532.609516133,-39893.44234492787
C_be0.70_average_ep1.00_gp0.75_lf0.95_life25_dr0.01,0.7,average,409.73270937522005,1.0,0.75,0.95,25,0.01,281.41956019561877,132.17184173394196,149.2477184616768,52.23805025023585,40.47355715471877,2156157.4921961185,-39893.44234492787
C_be0.70_average_ep1.00_gp0.75_lf0.95_life25_dr0.03,0.7,average,409.73270937522005,1.0,0.75,0.95,25,0.03,281.41956019561877,132.17184173394196,149.2477184616768,54.08350992705171,40.47355715471877,1972248.4034657143,-39893.44234492787
C_be0.70_average_ep1.00_gp0.75_lf0.95_life25_dr0.05,0.7,average,409.73270937522005,1.0,0.75,0.95,25,0.05,281.41956019561877,132.17184173394196,149.2477184616768,56.15977931722334,40.47355715471877,1839833.9649581164,-39893.44234492787
C_be0.70_average_ep1.00_gp0.75_lf0.95_life25_dr0.07,0.7,average,409.73270937522005,1.0,0.75,0.95,25,0.07,281.41956019561877,132.17184173394196,149.2477184616768,58.44076110985833,40.47355715471877,1742479.5486334865,-39893.44234492787
C_be0.70_average_ep1.00_gp0.75_lf0.95_life40_dr0.01,0.7,average,409.73270937522005,1.0,0.75,0.95,40,0.01,281.41956019561877,132.17184173394196,149.2477184616768,52.23805025023585,40.47355715471877,2156157.4921961185,-39893.44234492787
C_be0.70_average_ep1.00_gp0.75_lf0.95_life40_dr0.03,0.7,average,409.73270937522005,1.0,0.75,0.95,40,0.03,281.41956019561877,132.17184173394196,149.2477184616768,54.08350992705171,40.47355715471877,1972248.4034657143,-39893.44234492787
C_be0.70_average_ep1.00_gp0.75_lf0.95_life40_dr0.05,0.7,average,409.73270937522005,1.0,0.75,0.95,40,0.05,281.41956019561877,132.17184173394196,149.2477184616768,56.15977931722334,40.47355715471877,1839833.9649581164,-39893.44234492787
C_be0.70_average_ep1.00_gp0.75_lf0.95_life40_dr0.07,0.7,average,409.73270937522005,1.0,0.75,0.95,40,0.07,281.41956019561877,132.17184173394196,149.2477184616768,58.44076110985833,40.47355715471877,1742479.5486334865,-39893.44234492787
C_be0.70_average_ep1.00_gp1.00_lf0.25_life15_dr0.01,0.7,average,409.73270937522005,1.0,1.0,0.25,15,0.01,281.41956019561877,132.17184173394196,149.2477184616768,95.38138299919186,53.96474287295836,1997553.999871674,17275.686765901468
C_be0.70_average_ep1.00_gp1.00_lf0.25_life15_dr0.03,0.7,average,409.73270937522005,1.0,1.0,0.25,15,0.03,281.41956019561877,132.17184173394196,149.2477184616768,101.08136409057683,53.96474287295836,1796782.6179083039,17275.686765901468
C_be0.70_average_ep1.00_gp1.00_lf0.25_life15_dr0.05,0.7,average,409.73270937522005,1.0,1.0,0.25,15,0.05,281.41956019561877,132.17184173394196,149.2477184616768,107.37776214038749,53.96474287295836,1648632.290525897,17275.686765901468
C_be0.70_average_ep1.00_gp1.00_lf0.25_life15_dr0.07,0.7,average,409.73270937522005,1.0,1.0,0.25,15,0.07,281.41956019561877,132.17184173394196,149.2477184616768,114.27924737469091,53.96474287295836,1539307.4081947564,17275.686765901468
C_be0.70_average_ep1.00_gp1.00_lf0.25_life25_dr0.01,0.7,average,409.73270937522005,1.0,1.0,0.25,25,0.01,281.41956019561877,132.17184173394196,149.2477184616768,72.56519147116101,53.96474287295836,897112.8605193831,17275.686765901468
C_be0.70_average_ep1.00_gp1.00_lf0.25_life25_dr0.03,0.7,average,409.73270937522005,1.0,1.0,0.25,25,0.03,281.41956019561877,132.17184173394196,149.2477184616768,79.57793824306123,53.96474287295836,976753.9148771001,17275.686765901468
C_be0.70_average_ep1.00_gp1.00_lf0.25_life25_dr0.05,0.7,average,409.73270937522005,1.0,1.0,0.25,25,0.05,281.41956019561877,132.17184173394196,149.2477184616768,87.46776192571348,53.96474287295836,1034095.4283810318,17275.686765901468
C_be0.70_average_ep1.00_gp1.00_lf0.25_life25_dr0.07,0.7,average,409.73270937522005,1.0,1.0,0.25,25,0.07,281.41956019561877,132.17184173394196,149.2477184616768,96.13549273772642,53.96474287295836,1076254.3473121102,17275.686765901468
C_be0.70_average_ep1.00_gp1.00_lf0.25_life40_dr0.01,0.7,average,409.73270937522005,1.0,1.0,0.25,40,0.01,281.41956019561877,132.17184173394196,149.2477184616768,72.56519147116101,53.96474287295836,897112.8605193831,17275.686765901468
C_be0.70_average_ep1.00_gp1.00_lf0.25_life40_dr0.03,0.7,average,409.73270937522005,1.0,1.0,0.25,40,0.03,281.41956019561877,132.17184173394196,149.2477184616768,79.57793824306123,53.96474287295836,976753.9148771001,17275.686765901468
C_be0.70_average_ep1.00_gp1.00_lf0.25_life40_dr0.05,0.7,average,409.73270937522005,1.0,1.0,0.25,40,0.05,281.41956019561877,132.17184173394196,149.2477184616768,87.46776192571348,53.96474287295836,1034095.4283810318,17275.686765901468
C_be0.70_average_ep1.00_gp1.00_lf0.25_life40_dr0.07,0.7,average,409.73270937522005,1.0,1.0,0.25,40,0.07,281.41956019561877,132.17184173394196,149.2477184616768,96.13549273772642,53.96474287295836,1076254.3473121102,17275.686765901468
C_be0.70_average_ep1.00_gp1.00_lf0.50_life15_dr0.01,0.7,average,409.73270937522005,1.0,1.0,0.5,15,0.01,281.41956019561877,132.17184173394196,149.2477184616768,70.17986997812007,53.96474287295836,1564134.2179674795,36955.87192174452
C_be0.70_average_ep1.00_gp1.00_lf0.50_life15_dr0.03,0.7,average,409.73270937522005,1.0,1.0,0.5,15,0.03,281.41956019561877,132.17184173394196,149.2477184616768,73.02986052381257,53.96474287295836,1454088.647197912,36955.87192174452
C_be0.70_average_ep1.00_gp1.00_lf0.50_life15_dr0.05,0.7,average,409.73270937522005,1.0,1.0,0.5,15,0.05,281.41956019561877,132.17184173394196,149.2477184616768,76.1780595487179,53.96474287295836,1371260.8518899484,36955.87192174452
C_be0.70_average_ep1.00_gp1.00_lf0.50_life15_dr0.07,0.7,average,409.73270937522005,1.0,1.0,0.5,15,0.07,281.41956019561877,132.17184173394196,149.2477184616768,79.6288021658696,53.96474287295836,1309962.733517705,36955.87192174452
C_be0.70_average_ep1.00_gp1.00_lf0.50_life25_dr0.01,0.7,average,409.73270937522005,1.0,1.0,0.5,25,0.01,281.41956019561877,132.17184173394196,149.2477184616768,58.77177421410465,53.96474287295836,463693.0786151886,36955.87192174452
C_be0.70_average_ep1.00_gp1.00_lf0.50_life25_dr0.03,0.7,average,409.73270937522005,1.0,1.0,0.5,25,0.03,281.41956019561877,132.17184173394196,149.2477184616768,62.27814760005476,53.96474287295836,634059.9441667073,36955.87192174452
C_be0.70_average_ep1.00_gp1.00_lf0.50_life25_dr0.05,0.7,average,409.73270937522005,1.0,1.0,0.5,25,0.05,281.41956019561877,132.17184173394196,149.2477184616768,66.22305944138088,53.96474287295836,756723.9897450828,36955.87192174452
C_be0.70_average_ep1.00_gp1.00_lf0.50_life25_dr0.07,0.7,average,409.73270937522005,1.0,1.0,0.5,25,0.07,281.41956019561877,132.17184173394196,149.2477184616768,70.55692484738735,53.96474287295836,846909.6726350589,36955.87192174452
C_be0.70_average_ep1.00_gp1.00_lf0.50_life40_dr0.01,0.7,average,409.73270937522005,1.0,1.0,0.5,40,0.01,281.41956019561877,132.17184173394196,149.2477184616768,58.77177421410465,53.96474287295836,463693.0786151886,36955.87192174452
C_be0.70_average_ep1.00_gp1.00_lf0.50_life40_dr0.03,0.7,average,409.73270937522005,1.0,1.0,0.5,40,0.03,281.41956019561877,132.17184173394196,149.2477184616768,62.27814760005476,53.96474287295836,634059.9441667073,36955.87192174452
C_be0.70_average_ep1.00_gp1.00_lf0.50_life40_dr0.05,0.7,average,409.73270937522005,1.0,1.0,0.5,40,0.05,281.41956019561877,132.17184173394196,149.2477184616768,66.22305944138088,53.96474287295836,756723.9897450828,36955.87192174452
C_be0.70_average_ep1.00_gp1.00_lf0.50_life40_dr0.07,0.7,average,409.73270937522005,1.0,1.0,0.5,40,0.07,281.41956019561877,132.17184173394196,149.2477184616768,70.55692484738735,53.96474287295836,846909.6726350589,36955.87192174452
C_be0.70_average_ep1.00_gp1.00_lf0.75_life15_dr0.01,0.7,average,409.73270937522005,1.0,1.0,0.75,15,0.01,281.41956019561877,132.17184173394196,149.2477184616768,61.779365637762815,53.96474287295836,1130714.436063285,56636.05707758758
C_be0.70_average_ep1.00_gp1.00_lf0.75_life15_dr0.03,0.7,average,409.73270937522005,1.0,1.0,0.75,15,0.03,281.41956019561877,132.17184173394196,149.2477184616768,63.679359334891146,53.96474287295836,1111394.6764875194,56636.05707758758
C_be0.70_average_ep1.00_gp1.00_lf0.75_life15_dr0.05,0.7,average,409.73270937522005,1.0,1.0,0.75,15,0.05,281.41956019561877,132.17184173394196,149.2477184616768,65.77815868482803,53.96474287295836,1093889.4132539993,56636.05707758758
C_be0.70_average_ep1.00_gp1.00_lf0.75_life15_dr0.07,0.7,average,409.73270937522005,1.0,1.0,0.75,15,0.07,281.41956019561877,132.17184173394196,149.2477184616768,68.07865376292916,53.96474287295836,1080618.0588406543,56636.05707758758
C_be0.70_average_ep1.00_gp1.00_lf0.75_life25_dr0.01,0.7,average,409.73270937522005,1.0,1.0,0.75,25,0.01,281.41956019561877,132.17184173394196,149.2477184616768,54.17396846175253,53.96474287295836,30273.296710993163,56636.05707758758
C_be0.70_average_ep1.00_gp1.00_lf0.75_life25_dr0.03,0.7,average,409.73270937522005,1.0,1.0,0.75,25,0.03,281.41956019561877,132.17184173394196,149.2477184616768,56.511550719052615,53.96474287295836,291365.9734563157,56636.05707758758
C_be0.70_average_ep1.00_gp1.00_lf0.75_life25_dr0.05,0.7,average,409.73270937522005,1.0,1.0,0.75,25,0.05,281.41956019561877,132.17184173394196,149.2477184616768,59.14149194660335,53.96474287295836,479352.5511091342,56636.05707758758
C_be0.70_average_ep1.00_gp1.00_lf0.75_life25_dr0.07,0.7,average,409.73270937522005,1.0,1.0,0.75,25,0.07,281.41956019561877,132.17184173394196,149.2477184616768,62.030735550607666,53.96474287295836,617564.9979580077,56636.05707758758
C_be0.70_average_ep1.00_gp1.00_lf0.75_life40_dr0.01,0.7,average,409.73270937522005,1.0,1.0,0.75,40,0.01,281.41956019561877,132.17184173394196,149.2477184616768,54.17396846175253,53.96474287295836,30273.296710993163,56636.05707758758
C_be0.70_average_ep1.00_gp1.00_lf0.75_life40_dr0.03,0.7,average,409.73270937522005,1.0,1.0,0.75,40,0.03,281.41956019561877,132.17184173394196,149.2477184616768,56.511550719052615,53.96474287295836,291365.9734563157,56636.05707758758
C_be0.70_average_ep1.00_gp1.00_lf0.75_life40_dr0.05,0.7,average,409.73270937522005,1.0,1.0,0.75,40,0.05,281.41956019561877,132.17184173394196,149.2477184616768,59.14149194660335,53.96474287295836,479352.5511091342,56636.05707758758
C_be0.70_average_ep1.00_gp1.00_lf0.75_life40_dr0.07,0.7,average,409.73270937522005,1.0,1.0,0.75,40,0.07,281.41956019561877,132.17184173394196,149.2477184616768,62.030735550607666,53.96474287295836,617564.9979580077,56636.05707758758
C_be0.70_average_ep1.00_gp1.00_lf0.95_life15_dr0.01,0.7,average,409.73270937522005,1.0,1.0,0.95,15,0.01,281.41956019561877,132.17184173394196,149.2477184616768,58.24231117866503,53.96474287295836,783978.6105399281,72380.20520226203
C_be0.70_average_ep1.00_gp1.00_lf0.95_life15_dr0.03,0.7,average,409.73270937522005,1.0,1.0,0.95,15,0.03,281.41956019561877,132.17184173394196,149.2477184616768,59.742306202713706,53.96474287295836,837239.499919205,72380.20520226203
C_be0.70_average_ep1.00_gp1.00_lf0.95_life15_dr0.05,0.7,average,409.73270937522005,1.0,1.0,0.95,15,0.05,281.41956019561877,132.17184173394196,149.2477184616768,61.39925305792703,53.96474287295836,871992.2623452395,72380.20520226203
C_be0.70_average_ep1.00_gp1.00_lf0.95_life15_dr0.07,0.7,average,409.73270937522005,1.0,1.0,0.95,15,0.07,281.41956019561877,132.17184173394196,149.2477184616768,63.215433382743726,53.96474287295836,897142.3190990137,72380.20520226203
C_be0.70_average_ep1.00_gp1.00_lf0.95_life25_dr0.01,0.7,average,409.73270937522005,1.0,1.0,0.95,25,0.01,281.41956019561877,132.17184173394196,149.2477184616768,52.23805025023585,53.96474287295836,-316462.52881236374,72380.20520226203
C_be0.70_average_ep1.00_gp1.00_lf0.95_life25_dr0.03,0.7,average,409.73270937522005,1.0,1.0,0.95,25,0.03,281.41956019561877,132.17184173394196,149.2477184616768,54.08350992705171,53.96474287295836,17210.796888001263,72380.20520226203
C_be0.70_average_ep1.00_gp1.00_lf0.95_life25_dr0.05,0.7,average,409.73270937522005,1.0,1.0,0.95,25,0.05,281.41956019561877,132.17184173394196,149.2477184616768,56.15977931722334,53.96474287295836,257455.40020037442,72380.20520226203
C_be0.70_average_ep1.00_gp1.00_lf0.95_life25_dr0.07,0.7,average,409.73270937522005,1.0,1.0,0.95,25,0.07,281.41956019561877,132.17184173394196,149.2477184616768,58.44076110985833,53.96474287295836,434089.2582163671,72380.20520226203
C_be0.70_average_ep1.00_gp1.00_lf0.95_life40_dr0.01,0.7,average,409.73270937522005,1.0,1.0,0.95,40,0.01,281.41956019561877,132.17184173394196,149.2477184616768,52.23805025023585,53.96474287295836,-316462.52881236374,72380.20520226203
C_be0.70_average_ep1.00_gp1.00_lf0.95_life40_dr0.03,0.7,average,409.73270937522005,1.0,1.0,0.95,40,0.03,281.41956019561877,132.17184173394196,149.2477184616768,54.08350992705171,53.96474287295836,17210.796888001263,72380.20520226203
C_be0.70_average_ep1.00_gp1.00_lf0.95_life40_dr0.05,0.7,average,409.73270937522005,1.0,1.0,0.95,40,0.05,281.41956019561877,132.17184173394196,149.2477184616768,56.15977931722334,53.96474287295836,257455.40020037442,72380.20520226203
C_be0.70_average_ep1.00_gp1.00_lf0.95_life40_dr0.07,0.7,average,409.73270937522005,1.0,1.0,0.95,40,0.07,281.41956019561877,132.17184173394196,149.2477184616768,58.44076110985833,53.96474287295836,434089.2582163671,72380.20520226203
C_be0.70_average_ep1.00_gp1.25_lf0.25_life15_dr0.01,0.7,average,409.73270937522005,1.0,1.25,0.25,15,0.01,281.41956019561877,132.17184173394196,149.2477184616768,95.38138299919186,67.45592859119795,1346864.5206589163,46821.38348884614
C_be0.70_average_ep1.00_gp1.25_lf0.25_life15_dr0.03,0.7,average,409.73270937522005,1.0,1.25,0.25,15,0.03,281.41956019561877,132.17184173394196,149.2477184616768,101.08136409057683,67.45592859119795,1282299.037229959,46821.38348884614
C_be0.70_average_ep1.00_gp1.25_lf0.25_life15_dr0.05,0.7,average,409.73270937522005,1.0,1.25,0.25,15,0.05,281.41956019561877,132.17184173394196,149.2477184616768,107.37776214038749,67.45592859119795,1232216.8787475443,46821.38348884614
C_be0.70_average_ep1.00_gp1.25_lf0.25_life15_dr0.07,0.7,average,409.73270937522005,1.0,1.25,0.25,15,0.07,281.41956019561877,132.17184173394196,149.2477184616768,114.27924737469091,67.45592859119795,1194994.1738744623,46821.38348884614
C_be0.70_average_ep1.00_gp1.25_lf0.25_life25_dr0.01,0.7,average,409.73270937522005,1.0,1.25,0.25,25,0.01,281.41956019561877,132.17184173394196,149.2477184616768,72.56519147116101,67.45592859119795,246423.38130662544,46821.38348884614
C_be0.70_average_ep1.00_gp1.25_lf0.25_life25_dr0.03,0.7,average,409.73270937522005,1.0,1.25,0.25,25,0.03,281.41956019561877,132.17184173394196,149.2477184616768,79.57793824306123,67.45592859119795,462270.3341987552,46821.38348884614
C_be0.70_average_ep1.00_gp1.25_lf0.25_life25_dr0.05,0.7,average,409.73270937522005,1.0,1.25,0.25,25,0.05,281.41956019561877,132.17184173394196,149.2477184616768,87.46776192571348,67.45592859119795,617680.0166026792,46821.38348884614
C_be0.70_average_ep1.00_gp1.25_lf0.25_life25_dr0.07,0.7,average,409.73270937522005,1.0,1.25,0.25,25,0.07,281.41956019561877,132.17184173394196,149.2477184616768,96.13549273772642,67.45592859119795,731941.1129918161,46821.38348884614
C_be0.70_average_ep1.00_gp1.25_lf0.25_life40_dr0.01,0.7,average,409.73270937522005,1.0,1.25,0.25,40,0.01,281.41956019561877,132.17184173394196,149.2477184616768,72.56519147116101,67.45592859119795,246423.38130662544,46821.38348884614
C_be0.70_average_ep1.00_gp1.25_lf0.25_life40_dr0.03,0.7,average,409.73270937522005,1.0,1.25,0.25,40,0.03,281.41956019561877,132.17184173394196,149.2477184616768,79.57793824306123,67.45592859119795,462270.3341987552,46821.38348884614
C_be0.70_average_ep1.00_gp1.25_lf0.25_life40_dr0.05,0.7,average,409.73270937522005,1.0,1.25,0.25,40,0.05,281.41956019561877,132.17184173394196,149.2477184616768,87.46776192571348,67.45592859119795,617680.0166026792,46821.38348884614
C_be0.70_average_ep1.00_gp1.25_lf0.25_life40_dr0.07,0.7,average,409.73270937522005,1.0,1.25,0.25,40,0.07,281.41956019561877,132.17184173394196,149.2477184616768,96.13549273772642,67.45592859119795,731941.1129918161,46821.38348884614
C_be0.70_average_ep1.00_gp1.25_lf0.50_life15_dr0.01,0.7,average,409.73270937522005,1.0,1.25,0.5,15,0.01,281.41956019561877,132.17184173394196,149.2477184616768,70.17986997812007,67.45592859119795,262755.25954196416,96047.26536763387
C_be0.70_average_ep1.00_gp1.25_lf0.50_life15_dr0.03,0.7,average,409.73270937522005,1.0,1.25,0.5,15,0.03,281.41956019561877,132.17184173394196,149.2477184616768,73.02986052381257,67.45592859119795,425121.4858412221,96047.26536763387
C_be0.70_average_ep1.00_gp1.25_lf0.50_life15_dr0.05,0.7,average,409.73270937522005,1.0,1.25,0.5,15,0.05,281.41956019561877,132.17184173394196,149.2477184616768,76.1780595487179,67.45592859119795,538430.028333243,96047.26536763387
C_be0.70_average_ep1.00_gp1.25_lf0.50_life15_dr0.07,0.7,average,409.73270937522005,1.0,1.25,0.5,15,0.07,281.41956019561877,132.17184173394196,149.2477184616768,79.6288021658696,67.45592859119795,621336.2648771168,96047.26536763387
C_be0.70_average_ep1.00_gp1.25_lf0.50_life25_dr0.01,0.7,average,409.73270937522005,1.0,1.25,0.5,25,0.01,281.41956019561877,132.17184173394196,149.2477184616768,58.77177421410465,67.45592859119795,-837685.8798103267,96047.26536763387
C_be0.70_average_ep1.00_gp1.25_lf0.50_life25_dr0.03,0.7,average,409.73270937522005,1.0,1.25,0.5,25,0.03,281.41956019561877,132.17184173394196,149.2477184616768,62.27814760005476,67.45592859119795,-394907.21718998253,96047.26536763387
C_be0.70_average_ep1.00_gp1.25_lf0.50_life25_dr0.05,0.7,average,409.73270937522005,1.0,1.25,0.5,25,0.05,281.41956019561877,132.17184173394196,149.2477184616768,66.22305944138088,67.45592859119795,-76106.83381162258,96047.26536763387
C_be0.70_average_ep1.00_gp1.25_lf0.50_life25_dr0.07,0.7,average,409.73270937522005,1.0,1.25,0.5,25,0.07,281.41956019561877,132.17184173394196,149.2477184616768,70.55692484738735,67.45592859119795,158283.20399447065,96047.26536763387
C_be0.70_average_ep1.00_gp1.25_lf0.50_life40_dr0.01,0.7,average,409.73270937522005,1.0,1.25,0.5,40,0.01,281.41956019561877,132.17184173394196,149.2477184616768,58.77177421410465,67.45592859119795,-837685.8798103267,96047.26536763387
C_be0.70_average_ep1.00_gp1.25_lf0.50_life40_dr0.03,0.7,average,409.73270937522005,1.0,1.25,0.5,40,0.03,281.41956019561877,132.17184173394196,149.2477184616768,62.27814760005476,67.45592859119795,-394907.21718998253,96047.26536763387
C_be0.70_average_ep1.00_gp1.25_lf0.50_life40_dr0.05,0.7,average,409.73270937522005,1.0,1.25,0.5,40,0.05,281.41956019561877,132.17184173394196,149.2477184616768,66.22305944138088,67.45592859119795,-76106.83381162258,96047.26536763387
C_be0.70_average_ep1.00_gp1.25_lf0.50_life40_dr0.07,0.7,average,409.73270937522005,1.0,1.25,0.5,40,0.07,281.41956019561877,132.17184173394196,149.2477184616768,70.55692484738735,67.45592859119795,158283.20399447065,96047.26536763387
C_be0.70_average_ep1.00_gp1.25_lf0.75_life15_dr0.01,0.7,average,409.73270937522005,1.0,1.25,0.75,15,0.01,281.41956019561877,132.17184173394196,149.2477184616768,61.779365637762815,67.45592859119795,-821354.0015749875,145273.14724642166
C_be0.70_average_ep1.00_gp1.25_lf0.75_life15_dr0.03,0.7,average,409.73270937522005,1.0,1.25,0.75,15,0.03,281.41956019561877,132.17184173394196,149.2477184616768,63.679359334891146,67.45592859119795,-432056.06554751657,145273.14724642166
C_be0.70_average_ep1.00_gp1.25_lf0.75_life15_dr0.05,0.7,average,409.73270937522005,1.0,1.25,0.75,15,0.05,281.41956019561877,132.17184173394196,149.2477184616768,65.77815868482803,67.45592859119795,-155356.82208106015,145273.14724642166
C_be0.70_average_ep1.00_gp1.25_lf0.75_life15_dr0.07,0.7,average,409.73270937522005,1.0,1.25,0.75,15,0.07,281.41956019561877,132.17184173394196,149.2477184616768,68.07865376292916,67.45592859119795,47678.35587977152,145273.14724642166
C_be0.70_average_ep1.00_gp1.25_lf0.75_life25_dr0.01,0.7,average,409.73270937522005,1.0,1.25,0.75,25,0.01,281.41956019561877,132.17184173394196,149.2477184616768,54.17396846175253,67.45592859119795,-1921795.1409272794,145273.14724642166
C_be0.70_average_ep1.00_gp1.25_lf0.75_life25_dr0.03,0.7,average,409.73270937522005,1.0,1.25,0.75,25,0.03,281.41956019561877,132.17184173394196,149.2477184616768,56.511550719052615,67.45592859119795,-1252084.7685787203,145273.14724642166
C_be0.70_average_ep1.00_gp1.25_lf0.75_life25_dr0.05,0.7,average,409.73270937522005,1.0,1.25,0.75,25,0.05,281.41956019561877,132.17184173394196,149.2477184616768,59.14149194660335,67.45592859119795,-769893.6842259252,145273.14724642166
C_be0.70_average_ep1.00_gp1.25_lf0.75_life25_dr0.07,0.7,average,409.73270937522005,1.0,1.25,0.75,25,0.07,281.41956019561877,132.17184173394196,149.2477184616768,62.030735550607666,67.45592859119795,-415374.70500287507,145273.14724642166
C_be0.70_average_ep1.00_gp1.25_lf0.75_life40_dr0.01,0.7,average,409.73270937522005,1.0,1.25,0.75,40,0.01,281.41956019561877,132.17184173394196,149.2477184616768,54.17396846175253,67.45592859119795,-1921795.1409272794,145273.14724642166
C_be0.70_average_ep1.00_gp1.25_lf0.75_life40_dr0.03,0.7,average,409.73270937522005,1.0,1.25,0.75,40,0.03,281.41956019561877,132.17184173394196,149.2477184616768,56.511550719052615,67.45592859119795,-1252084.7685787203,145273.14724642166
C_be0.70_average_ep1.00_gp1.25_lf0.75_life40_dr0.05,0.7,average,409.73270937522005,1.0,1.25,0.75,40,0.05,281.41956019561877,132.17184173394196,149.2477184616768,59.14149194660335,67.45592859119795,-769893.6842259252,145273.14724642166
C_be0.70_average_ep1.00_gp1.25_lf0.75_life40_dr0.07,0.7,average,409.73270937522005,1.0,1.25,0.75,40,0.07,281.41956019561877,132.17184173394196,149.2477184616768,62.030735550607666,67.45592859119795,-415374.70500287507,145273.14724642166
C_be0.70_average_ep1.00_gp1.25_lf0.95_life15_dr0.01,0.7,average,409.73270937522005,1.0,1.25,0.95,15,0.01,281.41956019561877,132.17184173394196,149.2477184616768,58.24231117866503,67.45592859119795,-1688641.4104685523,184653.85274945188
C_be0.70_average_ep1.00_gp1.25_lf0.95_life15_dr0.03,0.7,average,409.73270937522005,1.0,1.25,0.95,15,0.03,281.41956019561877,132.17184173394196,149.2477184616768,59.742306202713706,67.45592859119795,-1117798.1066585071,184653.85274945188
C_be0.70_average_ep1.00_gp1.25_lf0.95_life15_dr0.05,0.7,average,409.73270937522005,1.0,1.25,0.95,15,0.05,281.41956019561877,132.17184173394196,149.2477184616768,61.39925305792703,67.45592859119795,-710386.3024125015,184653.85274945188
C_be0.70_average_ep1.00_gp1.25_lf0.95_life15_dr0.07,0.7,average,409.73270937522005,1.0,1.25,0.95,15,0.07,281.41956019561877,132.17184173394196,149.2477184616768,63.215433382743726,67.45592859119795,-411247.97131810524,184653.85274945188
C_be0.70_average_ep1.00_gp1.25_lf0.95_life25_dr0.01,0.7,average,409.73270937522005,1.0,1.25,0.95,25,0.01,281.41956019561877,132.17184173394196,149.2477184616768,52.23805025023585,67.45592859119795,-2789082.549820844,184653.85274945188
C_be0.70_average_ep1.00_gp1.25_lf0.95_life25_dr0.03,0.7,average,409.73270937522005,1.0,1.25,0.95,25,0.03,281.41956019561877,132.17184173394196,149.2477184616768,54.08350992705171,67.45592859119795,-1937826.8096897108,184653.85274945188
C_be0.70_average_ep1.00_gp1.25_lf0.95_life25_dr0.05,0.7,average,409.73270937522005,1.0,1.25,0.95,25,0.05,281.41956019561877,132.17184173394196,149.2477184616768,56.15977931722334,67.45592859119795,-1324923.1645573666,184653.85274945188
C_be0.70_average_ep1.00_gp1.25_lf0.95_life25_dr0.07,0.7,average,409.73270937522005,1.0,1.25,0.95,25,0.07,281.41956019561877,132.17184173394196,149.2477184616768,58.44076110985833,67.45592859119795,-874301.0322007518,184653.85274945188
C_be0.70_average_ep1.00_gp1.25_lf0.95_life40_dr0.01,0.7,average,409.73270937522005,1.0,1.25,0.95,40,0.01,281.41956019561877,132.17184173394196,149.2477184616768,52.23805025023585,67.45592859119795,-2789082.549820844,184653.85274945188
C_be0.70_average_ep1.00_gp1.25_lf0.95_life40_dr0.03,0.7,average,409.73270937522005,1.0,1.25,0.95,40,0.03,281.41956019561877,132.17184173394196,149.2477184616768,54.08350992705171,67.45592859119795,-1937826.8096897108,184653.85274945188
C_be0.70_average_ep1.00_gp1.25_lf0.95_life40_dr0.05,0.7,average,409.73270937522005,1.0,1.25,0.95,40,0.05,281.41956019561877,132.17184173394196,149.2477184616768,56.15977931722334,67.45592859119795,-1324923.1645573666,184653.85274945188
C_be0.70_average_ep1.00_gp1.25_lf0.95_life40_dr0.07,0.7,average,409.73270937522005,1.0,1.25,0.95,40,0.07,281.41956019561877,132.17184173394196,149.2477184616768,58.44076110985833,67.45592859119795,-874301.0322007518,184653.85274945188
C_be0.70_average_ep1.25_gp0.75_lf0.25_life15_dr0.01,0.7,average,409.73270937522005,1.25,0.75,0.25,15,0.01,281.41956019561877,132.17184173394196,149.2477184616768,105.75823673845393,40.47355715471877,3148726.5127097713,-34995.31964602719
C_be0.70_average_ep1.25_gp0.75_lf0.25_life15_dr0.03,0.7,average,409.73270937522005,1.25,0.75,0.25,15,0.03,281.41956019561877,132.17184173394196,149.2477184616768,111.45821782983892,40.47355715471877,2706985.3725309586,-34995.31964602719
C_be0.70_average_ep1.25_gp0.75_lf0.25_life15_dr0.05,0.7,average,409.73270937522005,1.25,0.75,0.25,15,0.05,281.41956019561877,132.17184173394196,149.2477184616768,117.75461587964955,40.47355715471877,2385336.9573069895,-34995.31964602719
C_be0.70_average_ep1.25_gp0.75_lf0.25_life15_dr0.07,0.7,average,409.73270937522005,1.25,0.75,0.25,15,0.07,281.41956019561877,132.17184173394196,149.2477184616768,124.656101113953,40.47355715471877,2148451.929227201,-34995.31964602719
C_be0.70_average_ep1.25_gp0.75_lf0.25_life25_dr0.01,0.7,average,409.73270937522005,1.25,0.75,0.25,25,0.01,281.41956019561877,132.17184173394196,149.2477184616768,82.9420452104231,40.47355715471877,2048285.3733574806,-34995.31964602719
C_be0.70_average_ep1.25_gp0.75_lf0.25_life25_dr0.03,0.7,average,409.73270937522005,1.25,0.75,0.25,25,0.03,281.41956019561877,132.17184173394196,149.2477184616768,89.95479198232331,40.47355715471877,1886956.669499755,-34995.31964602719
C_be0.70_average_ep1.25_gp0.75_lf0.25_life25_dr0.05,0.7,average,409.73270937522005,1.25,0.75,0.25,25,0.05,281.41956019561877,132.17184173394196,149.2477184616768,97.84461566497555,40.47355715471877,1770800.0951621244,-34995.31964602719
C_be0.70_average_ep1.25_gp0.75_lf0.25_life25_dr0.07,0.7,average,409.73270937522005,1.25,0.75,0.25,25,0.07,281.41956019561877,132.17184173394196,149.2477184616768,106.5123464769885,40.47355715471877,1685398.8683445542,-34995.31964602719
C_be0.70_average_ep1.25_gp0.75_lf0.25_life40_dr0.01,0.7,average,409.73270937522005,1.25,0.75,0.25,40,0.01,281.41956019561877,132.17184173394196,149.2477184616768,82.9420452104231,40.47355715471877,2048285.3733574806,-34995.31964602719
C_be0.70_average_ep1.25_gp0.75_lf0.25_life40_dr0.03,0.7,average,409.73270937522005,1.25,0.75,0.25,40,0.03,281.41956019561877,132.17184173394196,149.2477184616768,89.95479198232331,40.47355715471877,1886956.669499755,-34995.31964602719
C_be0.70_average_ep1.25_gp0.75_lf0.25_life40_dr0.05,0.7,average,409.73270937522005,1.25,0.75,0.25,40,0.05,281.41956019561877,132.17184173394196,149.2477184616768,97.84461566497555,40.47355715471877,1770800.0951621244,-34995.31964602719
C_be0.70_average_ep1.25_gp0.75_lf0.25_life40_dr0.07,0.7,average,409.73270937522005,1.25,0.75,0.25,40,0.07,281.41956019561877,132.17184173394196,149.2477184616768,106.5123464769885,40.47355715471877,1685398.8683445542,-34995.31964602719
C_be0.70_average_ep1.25_gp0.75_lf0.50_life15_dr0.01,0.7,average,409.73270937522005,1.25,0.75,0.5,15,0.01,281.41956019561877,132.17184173394196,149.2477184616768,80.55672371738216,40.47355715471877,3866479.2436436745,-67586.14090211279
C_be0.70_average_ep1.25_gp0.75_lf0.50_life15_dr0.03,0.7,average,409.73270937522005,1.25,0.75,0.5,15,0.03,281.41956019561877,132.17184173394196,149.2477184616768,83.40671426307465,40.47355715471877,3274494.1564432206,-67586.14090211279
C_be0.70_average_ep1.25_gp0.75_lf0.50_life15_dr0.05,0.7,average,409.73270937522005,1.25,0.75,0.5,15,0.05,281.41956019561877,132.17184173394196,149.2477184616768,86.55491328797996,40.47355715471877,2844670.1854521334,-67586.14090211279
C_be0.70_average_ep1.25_gp0.75_lf0.50_life15_dr0.07,0.7,average,409.73270937522005,1.25,0.75,0.5,15,0.07,281.41956019561877,132.17184173394196,149.2477184616768,90.00565590513169,40.47355715471877,2528251.775582594,-67586.14090211279
C_be0.70_average_ep1.25_gp0.75_lf0.50_life25_dr0.01,0.7,average,409.73270937522005,1.25,0.75,0.5,25,0.01,281.41956019561877,132.17184173394196,149.2477184616768,69.14862795336674,40.47355715471877,2766038.1042913836,-67586.14090211279
C_be0.70_average_ep1.25_gp0.75_lf0.50_life25_dr0.03,0.7,average,409.73270937522005,1.25,0.75,0.5,25,0.03,281.41956019561877,132.17184173394196,149.2477184616768,72.65500133931684,40.47355715471877,2454465.453412017,-67586.14090211279
C_be0.70_average_ep1.25_gp0.75_lf0.50_life25_dr0.05,0.7,average,409.73270937522005,1.25,0.75,0.5,25,0.05,281.41956019561877,132.17184173394196,149.2477184616768,76.59991318064296,40.47355715471877,2230133.3233072683,-67586.14090211279
C_be0.70_average_ep1.25_gp0.75_lf0.50_life25_dr0.07,0.7,average,409.73270937522005,1.25,0.75,0.5,25,0.07,281.41956019561877,132.17184173394196,149.2477184616768,80.93377858664944,40.47355715471877,2065198.7146999475,-67586.14090211279
C_be0.70_average_ep1.25_gp0.75_lf0.50_life40_dr0.01,0.7,average,409.73270937522005,1.25,0.75,0.5,40,0.01,281.41956019561877,132.17184173394196,149.2477184616768,69.14862795336674,40.47355715471877,2766038.1042913836,-67586.14090211279
C_be0.70_average_ep1.25_gp0.75_lf0.50_life40_dr0.03,0.7,average,409.73270937522005,1.25,0.75,0.5,40,0.03,281.41956019561877,132.17184173394196,149.2477184616768,72.65500133931684,40.47355715471877,2454465.453412017,-67586.14090211279
C_be0.70_average_ep1.25_gp0.75_lf0.50_life40_dr0.05,0.7,average,409.73270937522005,1.25,0.75,0.5,40,0.05,281.41956019561877,132.17184173394196,149.2477184616768,76.59991318064296,40.47355715471877,2230133.3233072683,-67586.14090211279
C_be0.70_average_ep1.25_gp0.75_lf0.50_life40_dr0.07,0.7,average,409.73270937522005,1.25,0.75,0.5,40,0.07,281.41956019561877,132.17184173394196,149.2477184616768,80.93377858664944,40.47355715471877,2065198.7146999475,-67586.14090211279
C_be0.70_average_ep1.25_gp0.75_lf0.75_life15_dr0.01,0.7,average,409.73270937522005,1.25,0.75,0.75,15,0.01,281.41956019561877,132.17184173394196,149.2477184616768,72.15621937702487,40.47355715471877,4584231.974577575,-100176.96215819835
C_be0.70_average_ep1.25_gp0.75_lf0.75_life15_dr0.03,0.7,average,409.73270937522005,1.25,0.75,0.75,15,0.03,281.41956019561877,132.17184173394196,149.2477184616768,74.0562130741532,40.47355715471877,3842002.9403554806,-100176.96215819835
C_be0.70_average_ep1.25_gp0.75_lf0.75_life15_dr0.05,0.7,average,409.73270937522005,1.25,0.75,0.75,15,0.05,281.41956019561877,132.17184173394196,149.2477184616768,76.15501242409009,40.47355715471877,3304003.413597276,-100176.96215819835
C_be0.70_average_ep1.25_gp0.75_lf0.75_life15_dr0.07,0.7,average,409.73270937522005,1.25,0.75,0.75,15,0.07,281.41956019561877,132.17184173394196,149.2477184616768,78.45550750219124,40.47355715471877,2908051.621937987,-100176.96215819835
C_be0.70_average_ep1.25_gp0.75_lf0.75_life25_dr0.01,0.7,average,409.73270937522005,1.25,0.75,0.75,25,0.01,281.41956019561877,132.17184173394196,149.2477184616768,64.5508222010146,40.47355715471877,3483790.835225285,-100176.96215819835
C_be0.70_average_ep1.25_gp0.75_lf0.75_life25_dr0.03,0.7,average,409.73270937522005,1.25,0.75,0.75,25,0.03,281.41956019561877,132.17184173394196,149.2477184616768,66.88840445831468,40.47355715471877,3021974.237324278,-100176.96215819835
C_be0.70_average_ep1.25_gp0.75_lf0.75_life25_dr0.05,0.7,average,409.73270937522005,1.25,0.75,0.75,25,0.05,281.41956019561877,132.17184173394196,149.2477184616768,69.51834568586541,40.47355715471877,2689466.551452411,-100176.96215819835
C_be0.70_average_ep1.25_gp0.75_lf0.75_life25_dr0.07,0.7,average,409.73270937522005,1.25,0.75,0.75,25,0.07,281.41956019561877,132.17184173394196,149.2477184616768,72.40758928986973,40.47355715471877,2444998.5610553403,-100176.96215819835
C_be0.70_average_ep1.25_gp0.75_lf0.75_life40_dr0.01,0.7,average,409.73270937522005,1.25,0.75,0.75,40,0.01,281.41956019561877,132.17184173394196,149.2477184616768,64.5508222010146,40.47355715471877,3483790.835225285,-100176.96215819835
C_be0.70_average_ep1.25_gp0.75_lf0.75_life40_dr0.03,0.7,average,409.73270937522005,1.25,0.75,0.75,40,0.03,281.41956019561877,132.17184173394196,149.2477184616768,66.88840445831468,40.47355715471877,3021974.237324278,-100176.96215819835
C_be0.70_average_ep1.25_gp0.75_lf0.75_life40_dr0.05,0.7,average,409.73270937522005,1.25,0.75,0.75,40,0.05,281.41956019561877,132.17184173394196,149.2477184616768,69.51834568586541,40.47355715471877,2689466.551452411,-100176.96215819835
C_be0.70_average_ep1.25_gp0.75_lf0.75_life40_dr0.07,0.7,average,409.73270937522005,1.25,0.75,0.75,40,0.07,281.41956019561877,132.17184173394196,149.2477184616768,72.40758928986973,40.47355715471877,2444998.5610553403,-100176.96215819835
C_be0.70_average_ep1.25_gp0.75_lf0.95_life15_dr0.01,0.7,average,409.73270937522005,1.25,0.75,0.95,15,0.01,281.41956019561877,132.17184173394196,149.2477184616768,68.61916491792711,40.47355715471877,5158434.1593247,-126249.61916306685
C_be0.70_average_ep1.25_gp0.75_lf0.95_life15_dr0.03,0.7,average,409.73270937522005,1.25,0.75,0.95,15,0.03,281.41956019561877,132.17184173394196,149.2477184616768,70.11915994197578,40.47355715471877,4296009.967485291,-126249.61916306685
C_be0.70_average_ep1.25_gp0.75_lf0.95_life15_dr0.05,0.7,average,409.73270937522005,1.25,0.75,0.95,15,0.05,281.41956019561877,132.17184173394196,149.2477184616768,71.7761067971891,40.47355715471877,3671469.9961133916,-126249.61916306685
C_be0.70_average_ep1.25_gp0.75_lf0.95_life15_dr0.07,0.7,average,409.73270937522005,1.25,0.75,0.95,15,0.07,281.41956019561877,132.17184173394196,149.2477184616768,73.59228712200579,40.47355715471877,3211891.499022301,-126249.61916306685
C_be0.70_average_ep1.25_gp0.75_lf0.95_life25_dr0.01,0.7,average,409.73270937522005,1.25,0.75,0.95,25,0.01,281.41956019561877,132.17184173394196,149.2477184616768,62.61490398949793,40.47355715471877,4057993.019972408,-126249.61916306685
C_be0.70_average_ep1.25_gp0.75_lf0.95_life25_dr0.03,0.7,average,409.73270937522005,1.25,0.75,0.95,25,0.03,281.41956019561877,132.17184173394196,149.2477184616768,64.46036366631378,40.47355715471877,3475981.264454088,-126249.61916306685
C_be0.70_average_ep1.25_gp0.75_lf0.95_life25_dr0.05,0.7,average,409.73270937522005,1.25,0.75,0.95,25,0.05,281.41956019561877,132.17184173394196,149.2477184616768,66.53663305648541,40.47355715471877,3056933.1339685265,-126249.61916306685
C_be0.70_average_ep1.25_gp0.75_lf0.95_life25_dr0.07,0.7,average,409.73270937522005,1.25,0.75,0.95,25,0.07,281.41956019561877,132.17184173394196,149.2477184616768,68.8176148491204,40.47355715471877,2748838.438139654,-126249.61916306685
C_be0.70_average_ep1.25_gp0.75_lf0.95_life40_dr0.01,0.7,average,409.73270937522005,1.25,0.75,0.95,40,0.01,281.41956019561877,132.17184173394196,149.2477184616768,62.61490398949793,40.47355715471877,4057993.019972408,-126249.61916306685
C_be0.70_average_ep1.25_gp0.75_lf0.95_life40_dr0.03,0.7,average,409.73270937522005,1.25,0.75,0.95,40,0.03,281.41956019561877,132.17184173394196,149.2477184616768,64.46036366631378,40.47355715471877,3475981.264454088,-126249.61916306685
C_be0.70_average_ep1.25_gp0.75_lf0.95_life40_dr0.05,0.7,average,409.73270937522005,1.25,0.75,0.95,40,0.05,281.41956019561877,132.17184173394196,149.2477184616768,66.53663305648541,40.47355715471877,3056933.1339685265,-126249.61916306685
C_be0.70_average_ep1.25_gp0.75_lf0.95_life40_dr0.07,0.7,average,409.73270937522005,1.25,0.75,0.95,40,0.07,281.41956019561877,132.17184173394196,149.2477184616768,68.8176148491204,40.47355715471877,2748838.438139654,-126249.61916306685
C_be0.70_average_ep1.25_gp1.00_lf0.25_life15_dr0.01,0.7,average,409.73270937522005,1.25,1.0,0.25,15,0.01,281.41956019561877,132.17184173394196,149.2477184616768,105.75823673845393,53.96474287295836,2498037.033497013,-5449.622923082483
C_be0.70_average_ep1.25_gp1.00_lf0.25_life15_dr0.03,0.7,average,409.73270937522005,1.25,1.0,0.25,15,0.03,281.41956019561877,132.17184173394196,149.2477184616768,111.45821782983892,53.96474287295836,2192501.791852613,-5449.622923082483
C_be0.70_average_ep1.25_gp1.00_lf0.25_life15_dr0.05,0.7,average,409.73270937522005,1.25,1.0,0.25,15,0.05,281.41956019561877,132.17184173394196,149.2477184616768,117.75461587964955,53.96474287295836,1968921.5455286363,-5449.622923082483
C_be0.70_average_ep1.25_gp1.00_lf0.25_life15_dr0.07,0.7,average,409.73270937522005,1.25,1.0,0.25,15,0.07,281.41956019561877,132.17184173394196,149.2477184616768,124.656101113953,53.96474287295836,1804138.6949069065,-5449.622923082483
C_be0.70_average_ep1.25_gp1.00_lf0.25_life25_dr0.01,0.7,average,409.73270937522005,1.25,1.0,0.25,25,0.01,281.41956019561877,132.17184173394196,149.2477184616768,82.9420452104231,53.96474287295836,1397595.8941447227,-5449.622923082483
C_be0.70_average_ep1.25_gp1.00_lf0.25_life25_dr0.03,0.7,average,409.73270937522005,1.25,1.0,0.25,25,0.03,281.41956019561877,132.17184173394196,149.2477184616768,89.95479198232331,53.96474287295836,1372473.0888214095,-5449.622923082483
C_be0.70_average_ep1.25_gp1.00_lf0.25_life25_dr0.05,0.7,average,409.73270937522005,1.25,1.0,0.25,25,0.05,281.41956019561877,132.17184173394196,149.2477184616768,97.84461566497555,53.96474287295836,1354384.6833837712,-5449.622923082483
C_be0.70_average_ep1.25_gp1.00_lf0.25_life25_dr0.07,0.7,average,409.73270937522005,1.25,1.0,0.25,25,0.07,281.41956019561877,132.17184173394196,149.2477184616768,106.5123464769885,53.96474287295836,1341085.6340242599,-5449.622923082483
C_be0.70_average_ep1.25_gp1.00_lf0.25_life40_dr0.01,0.7,average,409.73270937522005,1.25,1.0,0.25,40,0.01,281.41956019561877,132.17184173394196,149.2477184616768,82.9420452104231,53.96474287295836,1397595.8941447227,-5449.622923082483
C_be0.70_average_ep1.25_gp1.00_lf0.25_life40_dr0.03,0.7,average,409.73270937522005,1.25,1.0,0.25,40,0.03,281.41956019561877,132.17184173394196,149.2477184616768,89.95479198232331,53.96474287295836,1372473.0888214095,-5449.622923082483
C_be0.70_average_ep1.25_gp1.00_lf0.25_life40_dr0.05,0.7,average,409.73270937522005,1.25,1.0,0.25,40,0.05,281.41956019561877,132.17184173394196,149.2477184616768,97.84461566497555,53.96474287295836,1354384.6833837712,-5449.622923082483
C_be0.70_average_ep1.25_gp1.00_lf0.25_life40_dr0.07,0.7,average,409.73270937522005,1.25,1.0,0.25,40,0.07,281.41956019561877,132.17184173394196,149.2477184616768,106.5123464769885,53.96474287295836,1341085.6340242599,-5449.622923082483
C_be0.70_average_ep1.25_gp1.00_lf0.50_life15_dr0.01,0.7,average,409.73270937522005,1.25,1.0,0.5,15,0.01,281.41956019561877,132.17184173394196,149.2477184616768,80.55672371738216,53.96474287295836,2565100.2852181587,-8494.747456223384
C_be0.70_average_ep1.25_gp1.00_lf0.50_life15_dr0.03,0.7,average,409.73270937522005,1.25,1.0,0.5,15,0.03,281.41956019561877,132.17184173394196,149.2477184616768,83.40671426307465,53.96474287295836,2245526.9950865298,-8494.747456223384
C_be0.70_average_ep1.25_gp1.00_lf0.50_life15_dr0.05,0.7,average,409.73270937522005,1.25,1.0,0.5,15,0.05,281.41956019561877,132.17184173394196,149.2477184616768,86.55491328797996,53.96474287295836,2011839.361895427,-8494.747456223384
C_be0.70_average_ep1.25_gp1.00_lf0.50_life15_dr0.07,0.7,average,409.73270937522005,1.25,1.0,0.5,15,0.07,281.41956019561877,132.17184173394196,149.2477184616768,90.00565590513169,53.96474287295836,1839625.3069420052,-8494.747456223384
C_be0.70_average_ep1.25_gp1.00_lf0.50_life25_dr0.01,0.7,average,409.73270937522005,1.25,1.0,0.5,25,0.01,281.41956019561877,132.17184173394196,149.2477184616768,69.14862795336674,53.96474287295836,1464659.1458658678,-8494.747456223384
C_be0.70_average_ep1.25_gp1.00_lf0.50_life25_dr0.03,0.7,average,409.73270937522005,1.25,1.0,0.5,25,0.03,281.41956019561877,132.17184173394196,149.2477184616768,72.65500133931684,53.96474287295836,1425498.292055326,-8494.747456223384
C_be0.70_average_ep1.25_gp1.00_lf0.50_life25_dr0.05,0.7,average,409.73270937522005,1.25,1.0,0.5,25,0.05,281.41956019561877,132.17184173394196,149.2477184616768,76.59991318064296,53.96474287295836,1397302.499750562,-8494.747456223384
C_be0.70_average_ep1.25_gp1.00_lf0.50_life25_dr0.07,0.7,average,409.73270937522005,1.25,1.0,0.5,25,0.07,281.41956019561877,132.17184173394196,149.2477184616768,80.93377858664944,53.96474287295836,1376572.2460593586,-8494.747456223384
C_be0.70_average_ep1.25_gp1.00_lf0.50_life40_dr0.01,0.7,average,409.73270937522005,1.25,1.0,0.5,40,0.01,281.41956019561877,132.17184173394196,149.2477184616768,69.14862795336674,53.96474287295836,1464659.1458658678,-8494.747456223384
C_be0.70_average_ep1.25_gp1.00_lf0.50_life40_dr0.03,0.7,average,409.73270937522005,1.25,1.0,0.5,40,0.03,281.41956019561877,132.17184173394196,149.2477184616768,72.65500133931684,53.96474287295836,1425498.292055326,-8494.747456223384
C_be0.70_average_ep1.25_gp1.00_lf0.50_life40_dr0.05,0.7,average,409.73270937522005,1.25,1.0,0.5,40,0.05,281.41956019561877,132.17184173394196,149.2477184616768,76.59991318064296,53.96474287295836,1397302.499750562,-8494.747456223384
C_be0.70_average_ep1.25_gp1.00_lf0.50_life40_dr0.07,0.7,average,409.73270937522005,1.25,1.0,0.5,40,0.07,281.41956019561877,132.17184173394196,149.2477184616768,80.93377858664944,53.96474287295836,1376572.2460593586,-8494.747456223384
C_be0.70_average_ep1.25_gp1.00_lf0.75_life15_dr0.01,0.7,average,409.73270937522005,1.25,1.0,0.75,15,0.01,281.41956019561877,132.17184173394196,149.2477184616768,72.15621937702487,53.96474287295836,2632163.5369392997,-11539.871989364212
C_be0.70_average_ep1.25_gp1.00_lf0.75_life15_dr0.03,0.7,average,409.73270937522005,1.25,1.0,0.75,15,0.03,281.41956019561877,132.17184173394196,149.2477184616768,74.0562130741532,53.96474287295836,2298552.1983204447,-11539.871989364212
C_be0.70_average_ep1.25_gp1.00_lf0.75_life15_dr0.05,0.7,average,409.73270937522005,1.25,1.0,0.75,15,0.05,281.41956019561877,132.17184173394196,149.2477184616768,76.15501242409009,53.96474287295836,2054757.178262217,-11539.871989364212
C_be0.70_average_ep1.25_gp1.00_lf0.75_life15_dr0.07,0.7,average,409.73270937522005,1.25,1.0,0.75,15,0.07,281.41956019561877,132.17184173394196,149.2477184616768,78.45550750219124,53.96474287295836,1875111.9189771027,-11539.871989364212
C_be0.70_average_ep1.25_gp1.00_lf0.75_life25_dr0.01,0.7,average,409.73270937522005,1.25,1.0,0.75,25,0.01,281.41956019561877,132.17184173394196,149.2477184616768,64.5508222010146,53.96474287295836,1531722.3975870097,-11539.871989364212
C_be0.70_average_ep1.25_gp1.00_lf0.75_life25_dr0.03,0.7,average,409.73270937522005,1.25,1.0,0.75,25,0.03,281.41956019561877,132.17184173394196,149.2477184616768,66.88840445831468,53.96474287295836,1478523.495289242,-11539.871989364212
C_be0.70_average_ep1.25_gp1.00_lf0.75_life25_dr0.05,0.7,average,409.73270937522005,1.25,1.0,0.75,25,0.05,281.41956019561877,132.17184173394196,149.2477184616768,69.51834568586541,53.96474287295836,1440220.3161173519,-11539.871989364212
C_be0.70_average_ep1.25_gp1.00_lf0.75_life25_dr0.07,0.7,average,409.73270937522005,1.25,1.0,0.75,25,0.07,281.41956019561877,132.17184173394196,149.2477184616768,72.40758928986973,53.96474287295836,1412058.8580944561,-11539.871989364212
C_be0.70_average_ep1.25_gp1.00_lf0.75_life40_dr0.01,0.7,average,409.73270937522005,1.25,1.0,0.75,40,0.01,281.41956019561877,132.17184173394196,149.2477184616768,64.5508222010146,53.96474287295836,1531722.3975870097,-11539.871989364212
C_be0.70_average_ep1.25_gp1.00_lf0.75_life40_dr0.03,0.7,average,409.73270937522005,1.25,1.0,0.75,40,0.03,281.41956019561877,132.17184173394196,149.2477184616768,66.88840445831468,53.96474287295836,1478523.495289242,-11539.871989364212
C_be0.70_average_ep1.25_gp1.00_lf0.75_life40_dr0.05,0.7,average,409.73270937522005,1.25,1.0,0.75,40,0.05,281.41956019561877,132.17184173394196,149.2477184616768,69.51834568586541,53.96474287295836,1440220.3161173519,-11539.871989364212
C_be0.70_average_ep1.25_gp1.00_lf0.75_life40_dr0.07,0.7,average,409.73270937522005,1.25,1.0,0.75,40,0.07,281.41956019561877,132.17184173394196,149.2477184616768,72.40758928986973,53.96474287295836,1412058.8580944561,-11539.871989364212
C_be0.70_average_ep1.25_gp1.00_lf0.95_life15_dr0.01,0.7,average,409.73270937522005,1.25,1.0,0.95,15,0.01,281.41956019561877,132.17184173394196,149.2477184616768,68.61916491792711,53.96474287295836,2685814.138316218,-13975.971615876944
C_be0.70_average_ep1.25_gp1.00_lf0.95_life15_dr0.03,0.7,average,409.73270937522005,1.25,1.0,0.95,15,0.03,281.41956019561877,132.17184173394196,149.2477184616768,70.11915994197578,53.96474287295836,2340972.360907578,-13975.971615876944
C_be0.70_average_ep1.25_gp1.00_lf0.95_life15_dr0.05,0.7,average,409.73270937522005,1.25,1.0,0.95,15,0.05,281.41956019561877,132.17184173394196,149.2477184616768,71.7761067971891,53.96474287295836,2089091.4313556496,-13975.971615876944
C_be0.70_average_ep1.25_gp1.00_lf0.95_life15_dr0.07,0.7,average,409.73270937522005,1.25,1.0,0.95,15,0.07,281.41956019561877,132.17184173394196,149.2477184616768,73.59228712200579,53.96474287295836,1903501.2086051814,-13975.971615876944
C_be0.70_average_ep1.25_gp1.00_lf0.95_life25_dr0.01,0.7,average,409.73270937522005,1.25,1.0,0.95,25,0.01,281.41956019561877,132.17184173394196,149.2477184616768,62.61490398949793,53.96474287295836,1585372.998963926,-13975.971615876944
C_be0.70_average_ep1.25_gp1.00_lf0.95_life25_dr0.03,0.7,average,409.73270937522005,1.25,1.0,0.95,25,0.03,281.41956019561877,132.17184173394196,149.2477184616768,64.46036366631378,53.96474287295836,1520943.6578763751,-13975.971615876944
C_be0.70_average_ep1.25_gp1.00_lf0.95_life25_dr0.05,0.7,average,409.73270937522005,1.25,1.0,0.95,25,0.05,281.41956019561877,132.17184173394196,149.2477184616768,66.53663305648541,53.96474287295836,1474554.5692107845,-13975.971615876944
C_be0.70_average_ep1.25_gp1.00_lf0.95_life25_dr0.07,0.7,average,409.73270937522005,1.25,1.0,0.95,25,0.07,281.41956019561877,132.17184173394196,149.2477184616768,68.8176148491204,53.96474287295836,1440448.1477225348,-13975.971615876944
C_be0.70_average_ep1.25_gp1.00_lf0.95_life40_dr0.01,0.7,average,409.73270937522005,1.25,1.0,0.95,40,0.01,281.41956019561877,132.17184173394196,149.2477184616768,62.61490398949793,53.96474287295836,1585372.998963926,-13975.971615876944
C_be0.70_average_ep1.25_gp1.00_lf0.95_life40_dr0.03,0.7,average,409.73270937522005,1.25,1.0,0.95,40,0.03,281.41956019561877,132.17184173394196,149.2477184616768,64.46036366631378,53.96474287295836,1520943.6578763751,-13975.971615876944
C_be0.70_average_ep1.25_gp1.00_lf0.95_life40_dr0.05,0.7,average,409.73270937522005,1.25,1.0,0.95,40,0.05,281.41956019561877,132.17184173394196,149.2477184616768,66.53663305648541,53.96474287295836,1474554.5692107845,-13975.971615876944
C_be0.70_average_ep1.25_gp1.00_lf0.95_life40_dr0.07,0.7,average,409.73270937522005,1.25,1.0,0.95,40,0.07,281.41956019561877,132.17184173394196,149.2477184616768,68.8176148491204,53.96474287295836,1440448.1477225348,-13975.971615876944
C_be0.70_average_ep1.25_gp1.25_lf0.25_life15_dr0.01,0.7,average,409.73270937522005,1.25,1.25,0.25,15,0.01,281.41956019561877,132.17184173394196,149.2477184616768,105.75823673845393,67.45592859119795,1847347.5542842555,24096.07379986219
C_be0.70_average_ep1.25_gp1.25_lf0.25_life15_dr0.03,0.7,average,409.73270937522005,1.25,1.25,0.25,15,0.03,281.41956019561877,132.17184173394196,149.2477184616768,111.45821782983892,67.45592859119795,1678018.2111742683,24096.07379986219
C_be0.70_average_ep1.25_gp1.25_lf0.25_life15_dr0.05,0.7,average,409.73270937522005,1.25,1.25,0.25,15,0.05,281.41956019561877,132.17184173394196,149.2477184616768,117.75461587964955,67.45592859119795,1552506.1337502836,24096.07379986219
C_be0.70_average_ep1.25_gp1.25_lf0.25_life15_dr0.07,0.7,average,409.73270937522005,1.25,1.25,0.25,15,0.07,281.41956019561877,132.17184173394196,149.2477184616768,124.656101113953,67.45592859119795,1459825.4605866123,24096.07379986219
C_be0.70_average_ep1.25_gp1.25_lf0.25_life25_dr0.01,0.7,average,409.73270937522005,1.25,1.25,0.25,25,0.01,281.41956019561877,132.17184173394196,149.2477184616768,82.9420452104231,67.45592859119795,746906.4149319651,24096.07379986219
C_be0.70_average_ep1.25_gp1.25_lf0.25_life25_dr0.03,0.7,average,409.73270937522005,1.25,1.25,0.25,25,0.03,281.41956019561877,132.17184173394196,149.2477184616768,89.95479198232331,67.45592859119795,857989.5081430646,24096.07379986219
C_be0.70_average_ep1.25_gp1.25_lf0.25_life25_dr0.05,0.7,average,409.73270937522005,1.25,1.25,0.25,25,0.05,281.41956019561877,132.17184173394196,149.2477184616768,97.84461566497555,67.45592859119795,937969.2716054185,24096.07379986219
C_be0.70_average_ep1.25_gp1.25_lf0.25_life25_dr0.07,0.7,average,409.73270937522005,1.25,1.25,0.25,25,0.07,281.41956019561877,132.17184173394196,149.2477184616768,106.5123464769885,67.45592859119795,996772.3997039658,24096.07379986219
C_be0.70_average_ep1.25_gp1.25_lf0.25_life40_dr0.01,0.7,average,409.73270937522005,1.25,1.25,0.25,40,0.01,281.41956019561877,132.17184173394196,149.2477184616768,82.9420452104231,67.45592859119795,746906.4149319651,24096.07379986219
C_be0.70_average_ep1.25_gp1.25_lf0.25_life40_dr0.03,0.7,average,409.73270937522005,1.25,1.25,0.25,40,0.03,281.41956019561877,132.17184173394196,149.2477184616768,89.95479198232331,67.45592859119795,857989.5081430646,24096.07379986219
C_be0.70_average_ep1.25_gp1.25_lf0.25_life40_dr0.05,0.7,average,409.73270937522005,1.25,1.25,0.25,40,0.05,281.41956019561877,132.17184173394196,149.2477184616768,97.84461566497555,67.45592859119795,937969.2716054185,24096.07379986219
C_be0.70_average_ep1.25_gp1.25_lf0.25_life40_dr0.07,0.7,average,409.73270937522005,1.25,1.25,0.25,40,0.07,281.41956019561877,132.17184173394196,149.2477184616768,106.5123464769885,67.45592859119795,996772.3997039658,24096.07379986219
C_be0.70_average_ep1.25_gp1.25_lf0.50_life15_dr0.01,0.7,average,409.73270937522005,1.25,1.25,0.5,15,0.01,281.41956019561877,132.17184173394196,149.2477184616768,80.55672371738216,67.45592859119795,1263721.3267926434,50596.645989665965
C_be0.70_average_ep1.25_gp1.25_lf0.50_life15_dr0.03,0.7,average,409.73270937522005,1.25,1.25,0.5,15,0.03,281.41956019561877,132.17184173394196,149.2477184616768,83.40671426307465,67.45592859119795,1216559.83372984,50596.645989665965
C_be0.70_average_ep1.25_gp1.25_lf0.50_life15_dr0.05,0.7,average,409.73270937522005,1.25,1.25,0.5,15,0.05,281.41956019561877,132.17184173394196,149.2477184616768,86.55491328797996,67.45592859119795,1179008.5383387217,50596.645989665965
C_be0.70_average_ep1.25_gp1.25_lf0.50_life15_dr0.07,0.7,average,409.73270937522005,1.25,1.25,0.5,15,0.07,281.41956019561877,132.17184173394196,149.2477184616768,90.00565590513169,67.45592859119795,1150998.838301417,50596.645989665965
C_be0.70_average_ep1.25_gp1.25_lf0.50_life25_dr0.01,0.7,average,409.73270937522005,1.25,1.25,0.5,25,0.01,281.41956019561877,132.17184173394196,149.2477184616768,69.14862795336674,67.45592859119795,163280.1874403525,50596.645989665965
C_be0.70_average_ep1.25_gp1.25_lf0.50_life25_dr0.03,0.7,average,409.73270937522005,1.25,1.25,0.5,25,0.03,281.41956019561877,132.17184173394196,149.2477184616768,72.65500133931684,67.45592859119795,396531.1306986362,50596.645989665965
C_be0.70_average_ep1.25_gp1.25_lf0.50_life25_dr0.05,0.7,average,409.73270937522005,1.25,1.25,0.5,25,0.05,281.41956019561877,132.17184173394196,149.2477184616768,76.59991318064296,67.45592859119795,564471.6761938566,50596.645989665965
C_be0.70_average_ep1.25_gp1.25_lf0.50_life25_dr0.07,0.7,average,409.73270937522005,1.25,1.25,0.5,25,0.07,281.41956019561877,132.17184173394196,149.2477184616768,80.93377858664944,67.45592859119795,687945.7774187704,50596.645989665965
C_be0.70_average_ep1.25_gp1.25_lf0.50_life40_dr0.01,0.7,average,409.73270937522005,1.25,1.25,0.5,40,0.01,281.41956019561877,132.17184173394196,149.2477184616768,69.14862795336674,67.45592859119795,163280.1874403525,50596.645989665965
C_be0.70_average_ep1.25_gp1.25_lf0.50_life40_dr0.03,0.7,average,409.73270937522005,1.25,1.25,0.5,40,0.03,281.41956019561877,132.17184173394196,149.2477184616768,72.65500133931684,67.45592859119795,396531.1306986362,50596.645989665965
C_be0.70_average_ep1.25_gp1.25_lf0.50_life40_dr0.05,0.7,average,409.73270937522005,1.25,1.25,0.5,40,0.05,281.41956019561877,132.17184173394196,149.2477184616768,76.59991318064296,67.45592859119795,564471.6761938566,50596.645989665965
C_be0.70_average_ep1.25_gp1.25_lf0.50_life40_dr0.07,0.7,average,409.73270937522005,1.25,1.25,0.5,40,0.07,281.41956019561877,132.17184173394196,149.2477184616768,80.93377858664944,67.45592859119795,687945.7774187704,50596.645989665965
C_be0.70_average_ep1.25_gp1.25_lf0.75_life15_dr0.01,0.7,average,409.73270937522005,1.25,1.25,0.75,15,0.01,281.41956019561877,132.17184173394196,149.2477184616768,72.15621937702487,67.45592859119795,680095.0993010271,77097.21817946987
C_be0.70_average_ep1.25_gp1.25_lf0.75_life15_dr0.03,0.7,average,409.73270937522005,1.25,1.25,0.75,15,0.03,281.41956019561877,132.17184173394196,149.2477184616768,74.0562130741532,67.45592859119795,755101.4562854087,77097.21817946987
C_be0.70_average_ep1.25_gp1.25_lf0.75_life15_dr0.05,0.7,average,409.73270937522005,1.25,1.25,0.75,15,0.05,281.41956019561877,132.17184173394196,149.2477184616768,76.15501242409009,67.45592859119795,805510.9429271575,77097.21817946987
C_be0.70_average_ep1.25_gp1.25_lf0.75_life15_dr0.07,0.7,average,409.73270937522005,1.25,1.25,0.75,15,0.07,281.41956019561877,132.17184173394196,149.2477184616768,78.45550750219124,67.45592859119795,842172.2160162199,77097.21817946987
C_be0.70_average_ep1.25_gp1.25_lf0.75_life25_dr0.01,0.7,average,409.73270937522005,1.25,1.25,0.75,25,0.01,281.41956019561877,132.17184173394196,149.2477184616768,64.5508222010146,67.45592859119795,-420346.0400512628,77097.21817946987
C_be0.70_average_ep1.25_gp1.25_lf0.75_life25_dr0.03,0.7,average,409.73270937522005,1.25,1.25,0.75,25,0.03,281.41956019561877,132.17184173394196,149.2477184616768,66.88840445831468,67.45592859119795,-64927.24674579408,77097.21817946987
C_be0.70_average_ep1.25_gp1.25_lf0.75_life25_dr0.05,0.7,average,409.73270937522005,1.25,1.25,0.75,25,0.05,281.41956019561877,132.17184173394196,149.2477184616768,69.51834568586541,67.45592859119795,190974.0807822924,77097.21817946987
C_be0.70_average_ep1.25_gp1.25_lf0.75_life25_dr0.07,0.7,average,409.73270937522005,1.25,1.25,0.75,25,0.07,281.41956019561877,132.17184173394196,149.2477184616768,72.40758928986973,67.45592859119795,379119.15513357334,77097.21817946987
C_be0.70_average_ep1.25_gp1.25_lf0.75_life40_dr0.01,0.7,average,409.73270937522005,1.25,1.25,0.75,40,0.01,281.41956019561877,132.17184173394196,149.2477184616768,64.5508222010146,67.45592859119795,-420346.0400512628,77097.21817946987
C_be0.70_average_ep1.25_gp1.25_lf0.75_life40_dr0.03,0.7,average,409.73270937522005,1.25,1.25,0.75,40,0.03,281.41956019561877,132.17184173394196,149.2477184616768,66.88840445831468,67.45592859119795,-64927.24674579408,77097.21817946987
C_be0.70_average_ep1.25_gp1.25_lf0.75_life40_dr0.05,0.7,average,409.73270937522005,1.25,1.25,0.75,40,0.05,281.41956019561877,132.17184173394196,149.2477184616768,69.51834568586541,67.45592859119795,190974.0807822924,77097.21817946987
C_be0.70_average_ep1.25_gp1.25_lf0.75_life40_dr0.07,0.7,average,409.73270937522005,1.25,1.25,0.75,40,0.07,281.41956019561877,132.17184173394196,149.2477184616768,72.40758928986973,67.45592859119795,379119.15513357334,77097.21817946987
C_be0.70_average_ep1.25_gp1.25_lf0.95_life15_dr0.01,0.7,average,409.73270937522005,1.25,1.25,0.95,15,0.01,281.41956019561877,132.17184173394196,149.2477184616768,68.61916491792711,67.45592859119795,213194.11730773747,98297.6759313129
C_be0.70_average_ep1.25_gp1.25_lf0.95_life15_dr0.03,0.7,average,409.73270937522005,1.25,1.25,0.95,15,0.03,281.41956019561877,132.17184173394196,149.2477184616768,70.11915994197578,67.45592859119795,385934.7543298658,98297.6759313129
C_be0.70_average_ep1.25_gp1.25_lf0.95_life15_dr0.05,0.7,average,409.73270937522005,1.25,1.25,0.95,15,0.05,281.41956019561877,132.17184173394196,149.2477184616768,71.7761067971891,67.45592859119795,506712.86659790855,98297.6759313129
C_be0.70_average_ep1.25_gp1.25_lf0.95_life15_dr0.07,0.7,average,409.73270937522005,1.25,1.25,0.95,15,0.07,281.41956019561877,132.17184173394196,149.2477184616768,73.59228712200579,67.45592859119795,595110.9181880625,98297.6759313129
C_be0.70_average_ep1.25_gp1.25_lf0.95_life25_dr0.01,0.7,average,409.73270937522005,1.25,1.25,0.95,25,0.01,281.41956019561877,132.17184173394196,149.2477184616768,62.61490398949793,67.45592859119795,-887247.0220445544,98297.6759313129
C_be0.70_average_ep1.25_gp1.25_lf0.95_life25_dr0.03,0.7,average,409.73270937522005,1.25,1.25,0.95,25,0.03,281.41956019561877,132.17184173394196,149.2477184616768,64.46036366631378,67.45592859119795,-434093.948701337,98297.6759313129
C_be0.70_average_ep1.25_gp1.25_lf0.95_life25_dr0.05,0.7,average,409.73270937522005,1.25,1.25,0.95,25,0.05,281.41956019561877,132.17184173394196,149.2477184616768,66.53663305648541,67.45592859119795,-107823.99554695655,98297.6759313129
C_be0.70_average_ep1.25_gp1.25_lf0.95_life25_dr0.07,0.7,average,409.73270937522005,1.25,1.25,0.95,25,0.07,281.41956019561877,132.17184173394196,149.2477184616768,68.8176148491204,67.45592859119795,132057.8573054159,98297.6759313129
C_be0.70_average_ep1.25_gp1.25_lf0.95_life40_dr0.01,0.7,average,409.73270937522005,1.25,1.25,0.95,40,0.01,281.41956019561877,132.17184173394196,149.2477184616768,62.61490398949793,67.45592859119795,-887247.0220445544,98297.6759313129
C_be0.70_average_ep1.25_gp1.25_lf0.95_life40_dr0.03,0.7,average,409.73270937522005,1.25,1.25,0.95,40,0.03,281.41956019561877,132.17184173394196,149.2477184616768,64.46036366631378,67.45592859119795,-434093.948701337,98297.6759313129
C_be0.70_average_ep1.25_gp1.25_lf0.95_life40_dr0.05,0.7,average,409.73270937522005,1.25,1.25,0.95,40,0.05,281.41956019561877,132.17184173394196,149.2477184616768,66.53663305648541,67.45592859119795,-107823.99554695655,98297.6759313129
C_be0.70_average_ep1.25_gp1.25_lf0.95_life40_dr0.07,0.7,average,409.73270937522005,1.25,1.25,0.95,40,0.07,281.41956019561877,132.17184173394196,149.2477184616768,68.8176148491204,67.45592859119795,132057.8573054159,98297.6759313129
C_be0.70_average_plus_grid_loss_ep0.75_gp0.75_lf0.25_life15_dr0.01,0.7,average_plus_grid_loss,427.6959388050314,0.75,0.75,0.25,15,0.01,281.41956019561877,137.96643187259076,143.453128323028,85.00452925992978,40.47355715471877,2147760.445459093,10455.2997319407
C_be0.70_average_plus_grid_loss_ep0.75_gp0.75_lf0.25_life15_dr0.03,0.7,average_plus_grid_loss,427.6959388050314,0.75,0.75,0.25,15,0.03,281.41956019561877,137.96643187259076,143.453128323028,90.70451035131477,40.47355715471877,1915547.0246423408,10455.2997319407
C_be0.70_average_plus_grid_loss_ep0.75_gp0.75_lf0.25_life15_dr0.05,0.7,average_plus_grid_loss,427.6959388050314,0.75,0.75,0.25,15,0.05,281.41956019561877,137.96643187259076,143.453128323028,97.0009084011254,40.47355715471877,1744758.4473015103,10455.2997319407
C_be0.70_average_plus_grid_loss_ep0.75_gp0.75_lf0.25_life15_dr0.07,0.7,average_plus_grid_loss,427.6959388050314,0.75,0.75,0.25,15,0.07,281.41956019561877,137.96643187259076,143.453128323028,103.90239363542885,40.47355715471877,1618789.3558029016,10455.2997319407
C_be0.70_average_plus_grid_loss_ep0.75_gp0.75_lf0.25_life25_dr0.01,0.7,average_plus_grid_loss,427.6959388050314,0.75,0.75,0.25,25,0.01,281.41956019561877,137.96643187259076,143.453128323028,62.18833773189895,40.47355715471877,1047319.3061068018,10455.2997319407
C_be0.70_average_plus_grid_loss_ep0.75_gp0.75_lf0.25_life25_dr0.03,0.7,average_plus_grid_loss,427.6959388050314,0.75,0.75,0.25,25,0.03,281.41956019561877,137.96643187259076,143.453128323028,69.20108450379917,40.47355715471877,1095518.3216111371,10455.2997319407
C_be0.70_average_plus_grid_loss_ep0.75_gp0.75_lf0.25_life25_dr0.05,0.7,average_plus_grid_loss,427.6959388050314,0.75,0.75,0.25,25,0.05,281.41956019561877,137.96643187259076,143.453128323028,77.0909081864514,40.47355715471877,1130221.5851566452,10455.2997319407
C_be0.70_average_plus_grid_loss_ep0.75_gp0.75_lf0.25_life25_dr0.07,0.7,average_plus_grid_loss,427.6959388050314,0.75,0.75,0.25,25,0.07,281.41956019561877,137.96643187259076,143.453128323028,85.75863899846435,40.47355715471877,1155736.294920255,10455.2997319407
C_be0.70_average_plus_grid_loss_ep0.75_gp0.75_lf0.25_life40_dr0.01,0.7,average_plus_grid_loss,427.6959388050314,0.75,0.75,0.25,40,0.01,281.41956019561877,137.96643187259076,143.453128323028,62.18833773189895,40.47355715471877,1047319.3061068018,10455.2997319407
C_be0.70_average_plus_grid_loss_ep0.75_gp0.75_lf0.25_life40_dr0.03,0.7,average_plus_grid_loss,427.6959388050314,0.75,0.75,0.25,40,0.03,281.41956019561877,137.96643187259076,143.453128323028,69.20108450379917,40.47355715471877,1095518.3216111371,10455.2997319407
C_be0.70_average_plus_grid_loss_ep0.75_gp0.75_lf0.25_life40_dr0.05,0.7,average_plus_grid_loss,427.6959388050314,0.75,0.75,0.25,40,0.05,281.41956019561877,137.96643187259076,143.453128323028,77.0909081864514,40.47355715471877,1130221.5851566452,10455.2997319407
C_be0.70_average_plus_grid_loss_ep0.75_gp0.75_lf0.25_life40_dr0.07,0.7,average_plus_grid_loss,427.6959388050314,0.75,0.75,0.25,40,0.07,281.41956019561877,137.96643187259076,143.453128323028,85.75863899846435,40.47355715471877,1155736.294920255,10455.2997319407
C_be0.70_average_plus_grid_loss_ep0.75_gp0.75_lf0.50_life15_dr0.01,0.7,average_plus_grid_loss,427.6959388050314,0.75,0.75,0.5,15,0.01,281.41956019561877,137.96643187259076,143.453128323028,59.80301623885801,40.47355715471877,1864547.109142318,23315.097853822983
C_be0.70_average_plus_grid_loss_ep0.75_gp0.75_lf0.50_life15_dr0.03,0.7,average_plus_grid_loss,427.6959388050314,0.75,0.75,0.5,15,0.03,281.41956019561877,137.96643187259076,143.453128323028,62.6530067845505,40.47355715471877,1691617.460665985,23315.097853822983
C_be0.70_average_plus_grid_loss_ep0.75_gp0.75_lf0.50_life15_dr0.05,0.7,average_plus_grid_loss,427.6959388050314,0.75,0.75,0.5,15,0.05,281.41956019561877,137.96643187259076,143.453128323028,65.80120580945582,40.47355715471877,1563513.165441175,23315.097853822983
C_be0.70_average_plus_grid_loss_ep0.75_gp0.75_lf0.50_life15_dr0.07,0.7,average_plus_grid_loss,427.6959388050314,0.75,0.75,0.5,15,0.07,281.41956019561877,137.96643187259076,143.453128323028,69.25194842660754,40.47355715471877,1468926.6287339956,23315.097853822983
C_be0.70_average_plus_grid_loss_ep0.75_gp0.75_lf0.50_life25_dr0.01,0.7,average_plus_grid_loss,427.6959388050314,0.75,0.75,0.5,25,0.01,281.41956019561877,137.96643187259076,143.453128323028,48.39492047484258,40.47355715471877,764105.9697900261,23315.097853822983
C_be0.70_average_plus_grid_loss_ep0.75_gp0.75_lf0.50_life25_dr0.03,0.7,average_plus_grid_loss,427.6959388050314,0.75,0.75,0.5,25,0.03,281.41956019561877,137.96643187259076,143.453128323028,51.9012938607927,40.47355715471877,871588.7576347813,23315.097853822983
C_be0.70_average_plus_grid_loss_ep0.75_gp0.75_lf0.50_life25_dr0.05,0.7,average_plus_grid_loss,427.6959388050314,0.75,0.75,0.5,25,0.05,281.41956019561877,137.96643187259076,143.453128323028,55.84620570211881,40.47355715471877,948976.3032963099,23315.097853822983
C_be0.70_average_plus_grid_loss_ep0.75_gp0.75_lf0.50_life25_dr0.07,0.7,average_plus_grid_loss,427.6959388050314,0.75,0.75,0.5,25,0.07,281.41956019561877,137.96643187259076,143.453128323028,60.18007110812529,40.47355715471877,1005873.567851349,23315.097853822983
C_be0.70_average_plus_grid_loss_ep0.75_gp0.75_lf0.50_life40_dr0.01,0.7,average_plus_grid_loss,427.6959388050314,0.75,0.75,0.5,40,0.01,281.41956019561877,137.96643187259076,143.453128323028,48.39492047484258,40.47355715471877,764105.9697900261,23315.097853822983
C_be0.70_average_plus_grid_loss_ep0.75_gp0.75_lf0.50_life40_dr0.03,0.7,average_plus_grid_loss,427.6959388050314,0.75,0.75,0.5,40,0.03,281.41956019561877,137.96643187259076,143.453128323028,51.9012938607927,40.47355715471877,871588.7576347813,23315.097853822983
C_be0.70_average_plus_grid_loss_ep0.75_gp0.75_lf0.50_life40_dr0.05,0.7,average_plus_grid_loss,427.6959388050314,0.75,0.75,0.5,40,0.05,281.41956019561877,137.96643187259076,143.453128323028,55.84620570211881,40.47355715471877,948976.3032963099,23315.097853822983
C_be0.70_average_plus_grid_loss_ep0.75_gp0.75_lf0.50_life40_dr0.07,0.7,average_plus_grid_loss,427.6959388050314,0.75,0.75,0.5,40,0.07,281.41956019561877,137.96643187259076,143.453128323028,60.18007110812529,40.47355715471877,1005873.567851349,23315.097853822983
C_be0.70_average_plus_grid_loss_ep0.75_gp0.75_lf0.75_life15_dr0.01,0.7,average_plus_grid_loss,427.6959388050314,0.75,0.75,0.75,15,0.01,281.41956019561877,137.96643187259076,143.453128323028,51.40251189850074,40.47355715471877,1581333.7728255428,36174.895975705236
C_be0.70_average_plus_grid_loss_ep0.75_gp0.75_lf0.75_life15_dr0.03,0.7,average_plus_grid_loss,427.6959388050314,0.75,0.75,0.75,15,0.03,281.41956019561877,137.96643187259076,143.453128323028,53.30250559562907,40.47355715471877,1467687.8966896283,36174.895975705236
C_be0.70_average_plus_grid_loss_ep0.75_gp0.75_lf0.75_life15_dr0.05,0.7,average_plus_grid_loss,427.6959388050314,0.75,0.75,0.75,15,0.05,281.41956019561877,137.96643187259076,143.453128323028,55.401304945565954,40.47355715471877,1382267.8835808397,36174.895975705236
C_be0.70_average_plus_grid_loss_ep0.75_gp0.75_lf0.75_life15_dr0.07,0.7,average_plus_grid_loss,427.6959388050314,0.75,0.75,0.75,15,0.07,281.41956019561877,137.96643187259076,143.453128323028,57.7018000236671,40.47355715471877,1319063.9016650901,36174.895975705236
C_be0.70_average_plus_grid_loss_ep0.75_gp0.75_lf0.75_life25_dr0.01,0.7,average_plus_grid_loss,427.6959388050314,0.75,0.75,0.75,25,0.01,281.41956019561877,137.96643187259076,143.453128323028,43.79711472249046,40.47355715471877,480892.63347325195,36174.895975705236
C_be0.70_average_plus_grid_loss_ep0.75_gp0.75_lf0.75_life25_dr0.03,0.7,average_plus_grid_loss,427.6959388050314,0.75,0.75,0.75,25,0.03,281.41956019561877,137.96643187259076,143.453128323028,46.13469697979054,40.47355715471877,647659.1936584255,36174.895975705236
C_be0.70_average_plus_grid_loss_ep0.75_gp0.75_lf0.75_life25_dr0.05,0.7,average_plus_grid_loss,427.6959388050314,0.75,0.75,0.75,25,0.05,281.41956019561877,137.96643187259076,143.453128323028,48.764638207341285,40.47355715471877,767731.0214359746,36174.895975705236
C_be0.70_average_plus_grid_loss_ep0.75_gp0.75_lf0.75_life25_dr0.07,0.7,average_plus_grid_loss,427.6959388050314,0.75,0.75,0.75,25,0.07,281.41956019561877,137.96643187259076,143.453128323028,51.6538818113456,40.47355715471877,856010.8407824435,36174.895975705236
C_be0.70_average_plus_grid_loss_ep0.75_gp0.75_lf0.75_life40_dr0.01,0.7,average_plus_grid_loss,427.6959388050314,0.75,0.75,0.75,40,0.01,281.41956019561877,137.96643187259076,143.453128323028,43.79711472249046,40.47355715471877,480892.63347325195,36174.895975705236
C_be0.70_average_plus_grid_loss_ep0.75_gp0.75_lf0.75_life40_dr0.03,0.7,average_plus_grid_loss,427.6959388050314,0.75,0.75,0.75,40,0.03,281.41956019561877,137.96643187259076,143.453128323028,46.13469697979054,40.47355715471877,647659.1936584255,36174.895975705236
C_be0.70_average_plus_grid_loss_ep0.75_gp0.75_lf0.75_life40_dr0.05,0.7,average_plus_grid_loss,427.6959388050314,0.75,0.75,0.75,40,0.05,281.41956019561877,137.96643187259076,143.453128323028,48.764638207341285,40.47355715471877,767731.0214359746,36174.895975705236
C_be0.70_average_plus_grid_loss_ep0.75_gp0.75_lf0.75_life40_dr0.07,0.7,average_plus_grid_loss,427.6959388050314,0.75,0.75,0.75,40,0.07,281.41956019561877,137.96643187259076,143.453128323028,51.6538818113456,40.47355715471877,856010.8407824435,36174.895975705236
C_be0.70_average_plus_grid_loss_ep0.75_gp0.75_lf0.95_life15_dr0.01,0.7,average_plus_grid_loss,427.6959388050314,0.75,0.75,0.95,15,0.01,281.41956019561877,137.96643187259076,143.453128323028,47.865457439402945,40.47355715471877,1354763.1037721206,46462.73447321111
C_be0.70_average_plus_grid_loss_ep0.75_gp0.75_lf0.95_life15_dr0.03,0.7,average_plus_grid_loss,427.6959388050314,0.75,0.75,0.95,15,0.03,281.41956019561877,137.96643187259076,143.453128323028,49.36545246345163,40.47355715471877,1288544.2455085441,46462.73447321111
C_be0.70_average_plus_grid_loss_ep0.75_gp0.75_lf0.95_life15_dr0.05,0.7,average_plus_grid_loss,427.6959388050314,0.75,0.75,0.95,15,0.05,281.41956019561877,137.96643187259076,143.453128323028,51.02239931866496,40.47355715471877,1237271.6580925714,46462.73447321111
C_be0.70_average_plus_grid_loss_ep0.75_gp0.75_lf0.95_life15_dr0.07,0.7,average_plus_grid_loss,427.6959388050314,0.75,0.75,0.95,15,0.07,281.41956019561877,137.96643187259076,143.453128323028,52.83857964348165,40.47355715471877,1199173.7200099644,46462.73447321111
C_be0.70_average_plus_grid_loss_ep0.75_gp0.75_lf0.95_life25_dr0.01,0.7,average_plus_grid_loss,427.6959388050314,0.75,0.75,0.95,25,0.01,281.41956019561877,137.96643187259076,143.453128323028,41.861196510973784,40.47355715471877,254321.9644198306,46462.73447321111
C_be0.70_average_plus_grid_loss_ep0.75_gp0.75_lf0.95_life25_dr0.03,0.7,average_plus_grid_loss,427.6959388050314,0.75,0.75,0.95,25,0.03,281.41956019561877,137.96643187259076,143.453128323028,43.70665618778963,40.47355715471877,468515.54247734044,46462.73447321111
C_be0.70_average_plus_grid_loss_ep0.75_gp0.75_lf0.95_life25_dr0.05,0.7,average_plus_grid_loss,427.6959388050314,0.75,0.75,0.95,25,0.05,281.41956019561877,137.96643187259076,143.453128323028,45.78292557796127,40.47355715471877,622734.7959477063,46462.73447321111
C_be0.70_average_plus_grid_loss_ep0.75_gp0.75_lf0.95_life25_dr0.07,0.7,average_plus_grid_loss,427.6959388050314,0.75,0.75,0.95,25,0.07,281.41956019561877,137.96643187259076,143.453128323028,48.063907370596255,40.47355715471877,736120.6591273178,46462.73447321111
C_be0.70_average_plus_grid_loss_ep0.75_gp0.75_lf0.95_life40_dr0.01,0.7,average_plus_grid_loss,427.6959388050314,0.75,0.75,0.95,40,0.01,281.41956019561877,137.96643187259076,143.453128323028,41.861196510973784,40.47355715471877,254321.9644198306,46462.73447321111
C_be0.70_average_plus_grid_loss_ep0.75_gp0.75_lf0.95_life40_dr0.03,0.7,average_plus_grid_loss,427.6959388050314,0.75,0.75,0.95,40,0.03,281.41956019561877,137.96643187259076,143.453128323028,43.70665618778963,40.47355715471877,468515.54247734044,46462.73447321111
C_be0.70_average_plus_grid_loss_ep0.75_gp0.75_lf0.95_life40_dr0.05,0.7,average_plus_grid_loss,427.6959388050314,0.75,0.75,0.95,40,0.05,281.41956019561877,137.96643187259076,143.453128323028,45.78292557796127,40.47355715471877,622734.7959477063,46462.73447321111
C_be0.70_average_plus_grid_loss_ep0.75_gp0.75_lf0.95_life40_dr0.07,0.7,average_plus_grid_loss,427.6959388050314,0.75,0.75,0.95,40,0.07,281.41956019561877,137.96643187259076,143.453128323028,48.063907370596255,40.47355715471877,736120.6591273178,46462.73447321111
C_be0.70_average_plus_grid_loss_ep0.75_gp1.00_lf0.25_life15_dr0.01,0.7,average_plus_grid_loss,427.6959388050314,0.75,1.0,0.25,15,0.01,281.41956019561877,137.96643187259076,143.453128323028,85.00452925992978,53.96474287295836,1497070.9662463348,40000.996454885404
C_be0.70_average_plus_grid_loss_ep0.75_gp1.00_lf0.25_life15_dr0.03,0.7,average_plus_grid_loss,427.6959388050314,0.75,1.0,0.25,15,0.03,281.41956019561877,137.96643187259076,143.453128323028,90.70451035131477,53.96474287295836,1401063.4439639954,40000.996454885404
C_be0.70_average_plus_grid_loss_ep0.75_gp1.00_lf0.25_life15_dr0.05,0.7,average_plus_grid_loss,427.6959388050314,0.75,1.0,0.25,15,0.05,281.41956019561877,137.96643187259076,143.453128323028,97.0009084011254,53.96474287295836,1328343.035523157,40000.996454885404
C_be0.70_average_plus_grid_loss_ep0.75_gp1.00_lf0.25_life15_dr0.07,0.7,average_plus_grid_loss,427.6959388050314,0.75,1.0,0.25,15,0.07,281.41956019561877,137.96643187259076,143.453128323028,103.90239363542885,53.96474287295836,1274476.1214826072,40000.996454885404
C_be0.70_average_plus_grid_loss_ep0.75_gp1.00_lf0.25_life25_dr0.01,0.7,average_plus_grid_loss,427.6959388050314,0.75,1.0,0.25,25,0.01,281.41956019561877,137.96643187259076,143.453128323028,62.18833773189895,53.96474287295836,396629.82689404394,40000.996454885404
C_be0.70_average_plus_grid_loss_ep0.75_gp1.00_lf0.25_life25_dr0.03,0.7,average_plus_grid_loss,427.6959388050314,0.75,1.0,0.25,25,0.03,281.41956019561877,137.96643187259076,143.453128323028,69.20108450379917,53.96474287295836,581034.7409327917,40000.996454885404
C_be0.70_average_plus_grid_loss_ep0.75_gp1.00_lf0.25_life25_dr0.05,0.7,average_plus_grid_loss,427.6959388050314,0.75,1.0,0.25,25,0.05,281.41956019561877,137.96643187259076,143.453128323028,77.0909081864514,53.96474287295836,713806.173378292,40000.996454885404
C_be0.70_average_plus_grid_loss_ep0.75_gp1.00_lf0.25_life25_dr0.07,0.7,average_plus_grid_loss,427.6959388050314,0.75,1.0,0.25,25,0.07,281.41956019561877,137.96643187259076,143.453128323028,85.75863899846435,53.96474287295836,811423.0605999606,40000.996454885404
C_be0.70_average_plus_grid_loss_ep0.75_gp1.00_lf0.25_life40_dr0.01,0.7,average_plus_grid_loss,427.6959388050314,0.75,1.0,0.25,40,0.01,281.41956019561877,137.96643187259076,143.453128323028,62.18833773189895,53.96474287295836,396629.82689404394,40000.996454885404
C_be0.70_average_plus_grid_loss_ep0.75_gp1.00_lf0.25_life40_dr0.03,0.7,average_plus_grid_loss,427.6959388050314,0.75,1.0,0.25,40,0.03,281.41956019561877,137.96643187259076,143.453128323028,69.20108450379917,53.96474287295836,581034.7409327917,40000.996454885404
C_be0.70_average_plus_grid_loss_ep0.75_gp1.00_lf0.25_life40_dr0.05,0.7,average_plus_grid_loss,427.6959388050314,0.75,1.0,0.25,40,0.05,281.41956019561877,137.96643187259076,143.453128323028,77.0909081864514,53.96474287295836,713806.173378292,40000.996454885404
C_be0.70_average_plus_grid_loss_ep0.75_gp1.00_lf0.25_life40_dr0.07,0.7,average_plus_grid_loss,427.6959388050314,0.75,1.0,0.25,40,0.07,281.41956019561877,137.96643187259076,143.453128323028,85.75863899846435,53.96474287295836,811423.0605999606,40000.996454885404
C_be0.70_average_plus_grid_loss_ep0.75_gp1.00_lf0.50_life15_dr0.01,0.7,average_plus_grid_loss,427.6959388050314,0.75,1.0,0.5,15,0.01,281.41956019561877,137.96643187259076,143.453128323028,59.80301623885801,53.96474287295836,563168.1507168021,82406.49129971239
C_be0.70_average_plus_grid_loss_ep0.75_gp1.00_lf0.50_life15_dr0.03,0.7,average_plus_grid_loss,427.6959388050314,0.75,1.0,0.5,15,0.03,281.41956019561877,137.96643187259076,143.453128323028,62.6530067845505,53.96474287295836,662650.2993092942,82406.49129971239
C_be0.70_average_plus_grid_loss_ep0.75_gp1.00_lf0.50_life15_dr0.05,0.7,average_plus_grid_loss,427.6959388050314,0.75,1.0,0.5,15,0.05,281.41956019561877,137.96643187259076,143.453128323028,65.80120580945582,53.96474287295836,730682.3418844687,82406.49129971239
C_be0.70_average_plus_grid_loss_ep0.75_gp1.00_lf0.50_life15_dr0.07,0.7,average_plus_grid_loss,427.6959388050314,0.75,1.0,0.5,15,0.07,281.41956019561877,137.96643187259076,143.453128323028,69.25194842660754,53.96474287295836,780300.1600934067,82406.49129971239
C_be0.70_average_plus_grid_loss_ep0.75_gp1.00_lf0.50_life25_dr0.01,0.7,average_plus_grid_loss,427.6959388050314,0.75,1.0,0.5,25,0.01,281.41956019561877,137.96643187259076,143.453128323028,48.39492047484258,53.96474287295836,-537272.9886354897,82406.49129971239
C_be0.70_average_plus_grid_loss_ep0.75_gp1.00_lf0.50_life25_dr0.03,0.7,average_plus_grid_loss,427.6959388050314,0.75,1.0,0.5,25,0.03,281.41956019561877,137.96643187259076,143.453128323028,51.9012938607927,53.96474287295836,-157378.4037219095,82406.49129971239
C_be0.70_average_plus_grid_loss_ep0.75_gp1.00_lf0.50_life25_dr0.05,0.7,average_plus_grid_loss,427.6959388050314,0.75,1.0,0.5,25,0.05,281.41956019561877,137.96643187259076,143.453128323028,55.84620570211881,53.96474287295836,116145.47973960359,82406.49129971239
C_be0.70_average_plus_grid_loss_ep0.75_gp1.00_lf0.50_life25_dr0.07,0.7,average_plus_grid_loss,427.6959388050314,0.75,1.0,0.5,25,0.07,281.41956019561877,137.96643187259076,143.453128323028,60.18007110812529,53.96474287295836,317247.0992107601,82406.49129971239
C_be0.70_average_plus_grid_loss_ep0.75_gp1.00_lf0.50_life40_dr0.01,0.7,average_plus_grid_loss,427.6959388050314,0.75,1.0,0.5,40,0.01,281.41956019561877,137.96643187259076,143.453128323028,48.39492047484258,53.96474287295836,-537272.9886354897,82406.49129971239
C_be0.70_average_plus_grid_loss_ep0.75_gp1.00_lf0.50_life40_dr0.03,0.7,average_plus_grid_loss,427.6959388050314,0.75,1.0,0.5,40,0.03,281.41956019561877,137.96643187259076,143.453128323028,51.9012938607927,53.96474287295836,-157378.4037219095,82406.49129971239
C_be0.70_average_plus_grid_loss_ep0.75_gp1.00_lf0.50_life40_dr0.05,0.7,average_plus_grid_loss,427.6959388050314,0.75,1.0,0.5,40,0.05,281.41956019561877,137.96643187259076,143.453128323028,55.84620570211881,53.96474287295836,116145.47973960359,82406.49129971239
C_be0.70_average_plus_grid_loss_ep0.75_gp1.00_lf0.50_life40_dr0.07,0.7,average_plus_grid_loss,427.6959388050314,0.75,1.0,0.5,40,0.07,281.41956019561877,137.96643187259076,143.453128323028,60.18007110812529,53.96474287295836,317247.0992107601,82406.49129971239
C_be0.70_average_plus_grid_loss_ep0.75_gp1.00_lf0.75_life15_dr0.01,0.7,average_plus_grid_loss,427.6959388050314,0.75,1.0,0.75,15,0.01,281.41956019561877,137.96643187259076,143.453128323028,51.40251189850074,53.96474287295836,-370734.6648127325,124811.98614453938
C_be0.70_average_plus_grid_loss_ep0.75_gp1.00_lf0.75_life15_dr0.03,0.7,average_plus_grid_loss,427.6959388050314,0.75,1.0,0.75,15,0.03,281.41956019561877,137.96643187259076,143.453128323028,53.30250559562907,53.96474287295836,-75762.84534540772,124811.98614453938
C_be0.70_average_plus_grid_loss_ep0.75_gp1.00_lf0.75_life15_dr0.05,0.7,average_plus_grid_loss,427.6959388050314,0.75,1.0,0.75,15,0.05,281.41956019561877,137.96643187259076,143.453128323028,55.401304945565954,53.96474287295836,133021.64824578073,124811.98614453938
C_be0.70_average_plus_grid_loss_ep0.75_gp1.00_lf0.75_life15_dr0.07,0.7,average_plus_grid_loss,427.6959388050314,0.75,1.0,0.75,15,0.07,281.41956019561877,137.96643187259076,143.453128323028,57.7018000236671,53.96474287295836,286124.1987042059,124811.98614453938
C_be0.70_average_plus_grid_loss_ep0.75_gp1.00_lf0.75_life25_dr0.01,0.7,average_plus_grid_loss,427.6959388050314,0.75,1.0,0.75,25,0.01,281.41956019561877,137.96643187259076,143.453128323028,43.79711472249046,53.96474287295836,-1471175.8041650234,124811.98614453938
C_be0.70_average_plus_grid_loss_ep0.75_gp1.00_lf0.75_life25_dr0.03,0.7,average_plus_grid_loss,427.6959388050314,0.75,1.0,0.75,25,0.03,281.41956019561877,137.96643187259076,143.453128323028,46.13469697979054,53.96474287295836,-895791.5483766105,124811.98614453938
C_be0.70_average_plus_grid_loss_ep0.75_gp1.00_lf0.75_life25_dr0.05,0.7,average_plus_grid_loss,427.6959388050314,0.75,1.0,0.75,25,0.05,281.41956019561877,137.96643187259076,143.453128323028,48.764638207341285,53.96474287295836,-481515.21389908437,124811.98614453938
C_be0.70_average_plus_grid_loss_ep0.75_gp1.00_lf0.75_life25_dr0.07,0.7,average_plus_grid_loss,427.6959388050314,0.75,1.0,0.75,25,0.07,281.41956019561877,137.96643187259076,143.453128323028,51.6538818113456,53.96474287295836,-176928.86217844067,124811.98614453938
C_be0.70_average_plus_grid_loss_ep0.75_gp1.00_lf0.75_life40_dr0.01,0.7,average_plus_grid_loss,427.6959388050314,0.75,1.0,0.75,40,0.01,281.41956019561877,137.96643187259076,143.453128323028,43.79711472249046,53.96474287295836,-1471175.8041650234,124811.98614453938
C_be0.70_average_plus_grid_loss_ep0.75_gp1.00_lf0.75_life40_dr0.03,0.7,average_plus_grid_loss,427.6959388050314,0.75,1.0,0.75,40,0.03,281.41956019561877,137.96643187259076,143.453128323028,46.13469697979054,53.96474287295836,-895791.5483766105,124811.98614453938
C_be0.70_average_plus_grid_loss_ep0.75_gp1.00_lf0.75_life40_dr0.05,0.7,average_plus_grid_loss,427.6959388050314,0.75,1.0,0.75,40,0.05,281.41956019561877,137.96643187259076,143.453128323028,48.764638207341285,53.96474287295836,-481515.21389908437,124811.98614453938
C_be0.70_average_plus_grid_loss_ep0.75_gp1.00_lf0.75_life40_dr0.07,0.7,average_plus_grid_loss,427.6959388050314,0.75,1.0,0.75,40,0.07,281.41956019561877,137.96643187259076,143.453128323028,51.6538818113456,53.96474287295836,-176928.86217844067,124811.98614453938
C_be0.70_average_plus_grid_loss_ep0.75_gp1.00_lf0.95_life15_dr0.01,0.7,average_plus_grid_loss,427.6959388050314,0.75,1.0,0.95,15,0.01,281.41956019561877,137.96643187259076,143.453128323028,47.865457439402945,53.96474287295836,-1117856.9172363617,158736.382020401
C_be0.70_average_plus_grid_loss_ep0.75_gp1.00_lf0.95_life15_dr0.03,0.7,average_plus_grid_loss,427.6959388050314,0.75,1.0,0.95,15,0.03,281.41956019561877,137.96643187259076,143.453128323028,49.36545246345163,53.96474287295836,-666493.3610691689,158736.382020401
C_be0.70_average_plus_grid_loss_ep0.75_gp1.00_lf0.95_life15_dr0.05,0.7,average_plus_grid_loss,427.6959388050314,0.75,1.0,0.95,15,0.05,281.41956019561877,137.96643187259076,143.453128323028,51.02239931866496,53.96474287295836,-345106.90666517057,158736.382020401
C_be0.70_average_plus_grid_loss_ep0.75_gp1.00_lf0.95_life15_dr0.07,0.7,average_plus_grid_loss,427.6959388050314,0.75,1.0,0.95,15,0.07,281.41956019561877,137.96643187259076,143.453128323028,52.83857964348165,53.96474287295836,-109216.57040715497,158736.382020401
C_be0.70_average_plus_grid_loss_ep0.75_gp1.00_lf0.95_life25_dr0.01,0.7,average_plus_grid_loss,427.6959388050314,0.75,1.0,0.95,25,0.01,281.41956019561877,137.96643187259076,143.453128323028,41.861196510973784,53.96474287295836,-2218298.0565886516,158736.382020401
C_be0.70_average_plus_grid_loss_ep0.75_gp1.00_lf0.95_life25_dr0.03,0.7,average_plus_grid_loss,427.6959388050314,0.75,1.0,0.95,25,0.03,281.41956019561877,137.96643187259076,143.453128323028,43.70665618778963,53.96474287295836,-1486522.0641003726,158736.382020401
C_be0.70_average_plus_grid_loss_ep0.75_gp1.00_lf0.95_life25_dr0.05,0.7,average_plus_grid_loss,427.6959388050314,0.75,1.0,0.95,25,0.05,281.41956019561877,137.96643187259076,143.453128323028,45.78292557796127,53.96474287295836,-959643.7688100357,158736.382020401
C_be0.70_average_plus_grid_loss_ep0.75_gp1.00_lf0.95_life25_dr0.07,0.7,average_plus_grid_loss,427.6959388050314,0.75,1.0,0.95,25,0.07,281.41956019561877,137.96643187259076,143.453128323028,48.063907370596255,53.96474287295836,-572269.6312898016,158736.382020401
C_be0.70_average_plus_grid_loss_ep0.75_gp1.00_lf0.95_life40_dr0.01,0.7,average_plus_grid_loss,427.6959388050314,0.75,1.0,0.95,40,0.01,281.41956019561877,137.96643187259076,143.453128323028,41.861196510973784,53.96474287295836,-2218298.0565886516,158736.382020401
C_be0.70_average_plus_grid_loss_ep0.75_gp1.00_lf0.95_life40_dr0.03,0.7,average_plus_grid_loss,427.6959388050314,0.75,1.0,0.95,40,0.03,281.41956019561877,137.96643187259076,143.453128323028,43.70665618778963,53.96474287295836,-1486522.0641003726,158736.382020401
C_be0.70_average_plus_grid_loss_ep0.75_gp1.00_lf0.95_life40_dr0.05,0.7,average_plus_grid_loss,427.6959388050314,0.75,1.0,0.95,40,0.05,281.41956019561877,137.96643187259076,143.453128323028,45.78292557796127,53.96474287295836,-959643.7688100357,158736.382020401
C_be0.70_average_plus_grid_loss_ep0.75_gp1.00_lf0.95_life40_dr0.07,0.7,average_plus_grid_loss,427.6959388050314,0.75,1.0,0.95,40,0.07,281.41956019561877,137.96643187259076,143.453128323028,48.063907370596255,53.96474287295836,-572269.6312898016,158736.382020401
C_be0.70_average_plus_grid_loss_ep0.75_gp1.25_lf0.25_life15_dr0.01,0.7,average_plus_grid_loss,427.6959388050314,0.75,1.25,0.25,15,0.01,281.41956019561877,137.96643187259076,143.453128323028,85.00452925992978,67.45592859119795,846381.4870335772,69546.69317783008
C_be0.70_average_plus_grid_loss_ep0.75_gp1.25_lf0.25_life15_dr0.03,0.7,average_plus_grid_loss,427.6959388050314,0.75,1.25,0.25,15,0.03,281.41956019561877,137.96643187259076,143.453128323028,90.70451035131477,67.45592859119795,886579.8632856505,69546.69317783008
C_be0.70_average_plus_grid_loss_ep0.75_gp1.25_lf0.25_life15_dr0.05,0.7,average_plus_grid_loss,427.6959388050314,0.75,1.25,0.25,15,0.05,281.41956019561877,137.96643187259076,143.453128323028,97.0009084011254,67.45592859119795,911927.6237448044,69546.69317783008
C_be0.70_average_plus_grid_loss_ep0.75_gp1.25_lf0.25_life15_dr0.07,0.7,average_plus_grid_loss,427.6959388050314,0.75,1.25,0.25,15,0.07,281.41956019561877,137.96643187259076,143.453128323028,103.90239363542885,67.45592859119795,930162.8871623131,69546.69317783008
C_be0.70_average_plus_grid_loss_ep0.75_gp1.25_lf0.25_life25_dr0.01,0.7,average_plus_grid_loss,427.6959388050314,0.75,1.25,0.25,25,0.01,281.41956019561877,137.96643187259076,143.453128323028,62.18833773189895,67.45592859119795,-254059.65231871372,69546.69317783008
C_be0.70_average_plus_grid_loss_ep0.75_gp1.25_lf0.25_life25_dr0.03,0.7,average_plus_grid_loss,427.6959388050314,0.75,1.25,0.25,25,0.03,281.41956019561877,137.96643187259076,143.453128323028,69.20108450379917,67.45592859119795,66551.16025444679,69546.69317783008
C_be0.70_average_plus_grid_loss_ep0.75_gp1.25_lf0.25_life25_dr0.05,0.7,average_plus_grid_loss,427.6959388050314,0.75,1.25,0.25,25,0.05,281.41956019561877,137.96643187259076,143.453128323028,77.0909081864514,67.45592859119795,297390.7615999393,69546.69317783008
C_be0.70_average_plus_grid_loss_ep0.75_gp1.25_lf0.25_life25_dr0.07,0.7,average_plus_grid_loss,427.6959388050314,0.75,1.25,0.25,25,0.07,281.41956019561877,137.96643187259076,143.453128323028,85.75863899846435,67.45592859119795,467109.8262796665,69546.69317783008
C_be0.70_average_plus_grid_loss_ep0.75_gp1.25_lf0.25_life40_dr0.01,0.7,average_plus_grid_loss,427.6959388050314,0.75,1.25,0.25,40,0.01,281.41956019561877,137.96643187259076,143.453128323028,62.18833773189895,67.45592859119795,-254059.65231871372,69546.69317783008
C_be0.70_average_plus_grid_loss_ep0.75_gp1.25_lf0.25_life40_dr0.03,0.7,average_plus_grid_loss,427.6959388050314,0.75,1.25,0.25,40,0.03,281.41956019561877,137.96643187259076,143.453128323028,69.20108450379917,67.45592859119795,66551.16025444679,69546.69317783008
C_be0.70_average_plus_grid_loss_ep0.75_gp1.25_lf0.25_life40_dr0.05,0.7,average_plus_grid_loss,427.6959388050314,0.75,1.25,0.25,40,0.05,281.41956019561877,137.96643187259076,143.453128323028,77.0909081864514,67.45592859119795,297390.7615999393,69546.69317783008
C_be0.70_average_plus_grid_loss_ep0.75_gp1.25_lf0.25_life40_dr0.07,0.7,average_plus_grid_loss,427.6959388050314,0.75,1.25,0.25,40,0.07,281.41956019561877,137.96643187259076,143.453128323028,85.75863899846435,67.45592859119795,467109.8262796665,69546.69317783008
C_be0.70_average_plus_grid_loss_ep0.75_gp1.25_lf0.50_life15_dr0.01,0.7,average_plus_grid_loss,427.6959388050314,0.75,1.25,0.5,15,0.01,281.41956019561877,137.96643187259076,143.453128323028,59.80301623885801,67.45592859119795,-738210.8077087132,141497.88474560174
C_be0.70_average_plus_grid_loss_ep0.75_gp1.25_lf0.50_life15_dr0.03,0.7,average_plus_grid_loss,427.6959388050314,0.75,1.25,0.5,15,0.03,281.41956019561877,137.96643187259076,143.453128323028,62.6530067845505,67.45592859119795,-366316.86204739567,141497.88474560174
C_be0.70_average_plus_grid_loss_ep0.75_gp1.25_lf0.50_life15_dr0.05,0.7,average_plus_grid_loss,427.6959388050314,0.75,1.25,0.5,15,0.05,281.41956019561877,137.96643187259076,143.453128323028,65.80120580945582,67.45592859119795,-102148.4816722367,141497.88474560174
C_be0.70_average_plus_grid_loss_ep0.75_gp1.25_lf0.50_life15_dr0.07,0.7,average_plus_grid_loss,427.6959388050314,0.75,1.25,0.5,15,0.07,281.41956019561877,137.96643187259076,143.453128323028,69.25194842660754,67.45592859119795,91673.69145281846,141497.88474560174
C_be0.70_average_plus_grid_loss_ep0.75_gp1.25_lf0.50_life25_dr0.01,0.7,average_plus_grid_loss,427.6959388050314,0.75,1.25,0.5,25,0.01,281.41956019561877,137.96643187259076,143.453128323028,48.39492047484258,67.45592859119795,-1838651.947061005,141497.88474560174
C_be0.70_average_plus_grid_loss_ep0.75_gp1.25_lf0.50_life25_dr0.03,0.7,average_plus_grid_loss,427.6959388050314,0.75,1.25,0.5,25,0.03,281.41956019561877,137.96643187259076,143.453128323028,51.9012938607927,67.45592859119795,-1186345.5650785994,141497.88474560174
C_be0.70_average_plus_grid_loss_ep0.75_gp1.25_lf0.50_life25_dr0.05,0.7,average_plus_grid_loss,427.6959388050314,0.75,1.25,0.5,25,0.05,281.41956019561877,137.96643187259076,143.453128323028,55.84620570211881,67.45592859119795,-716685.3438171018,141497.88474560174
C_be0.70_average_plus_grid_loss_ep0.75_gp1.25_lf0.50_life25_dr0.07,0.7,average_plus_grid_loss,427.6959388050314,0.75,1.25,0.5,25,0.07,281.41956019561877,137.96643187259076,143.453128323028,60.18007110812529,67.45592859119795,-371379.36942982813,141497.88474560174
C_be0.70_average_plus_grid_loss_ep0.75_gp1.25_lf0.50_life40_dr0.01,0.7,average_plus_grid_loss,427.6959388050314,0.75,1.25,0.5,40,0.01,281.41956019561877,137.96643187259076,143.453128323028,48.39492047484258,67.45592859119795,-1838651.947061005,141497.88474560174
C_be0.70_average_plus_grid_loss_ep0.75_gp1.25_lf0.50_life40_dr0.03,0.7,average_plus_grid_loss,427.6959388050314,0.75,1.25,0.5,40,0.03,281.41956019561877,137.96643187259076,143.453128323028,51.9012938607927,67.45592859119795,-1186345.5650785994,141497.88474560174
C_be0.70_average_plus_grid_loss_ep0.75_gp1.25_lf0.50_life40_dr0.05,0.7,average_plus_grid_loss,427.6959388050314,0.75,1.25,0.5,40,0.05,281.41956019561877,137.96643187259076,143.453128323028,55.84620570211881,67.45592859119795,-716685.3438171018,141497.88474560174
C_be0.70_average_plus_grid_loss_ep0.75_gp1.25_lf0.50_life40_dr0.07,0.7,average_plus_grid_loss,427.6959388050314,0.75,1.25,0.5,40,0.07,281.41956019561877,137.96643187259076,143.453128323028,60.18007110812529,67.45592859119795,-371379.36942982813,141497.88474560174
C_be0.70_average_plus_grid_loss_ep0.75_gp1.25_lf0.75_life15_dr0.01,0.7,average_plus_grid_loss,427.6959388050314,0.75,1.25,0.75,15,0.01,281.41956019561877,137.96643187259076,143.453128323028,51.40251189850074,67.45592859119795,-2322803.102451005,213449.07631337346
C_be0.70_average_plus_grid_loss_ep0.75_gp1.25_lf0.75_life15_dr0.03,0.7,average_plus_grid_loss,427.6959388050314,0.75,1.25,0.75,15,0.03,281.41956019561877,137.96643187259076,143.453128323028,53.30250559562907,67.45592859119795,-1619213.5873804437,213449.07631337346
C_be0.70_average_plus_grid_loss_ep0.75_gp1.25_lf0.75_life15_dr0.05,0.7,average_plus_grid_loss,427.6959388050314,0.75,1.25,0.75,15,0.05,281.41956019561877,137.96643187259076,143.453128323028,55.401304945565954,67.45592859119795,-1116224.5870892787,213449.07631337346
C_be0.70_average_plus_grid_loss_ep0.75_gp1.25_lf0.75_life15_dr0.07,0.7,average_plus_grid_loss,427.6959388050314,0.75,1.25,0.75,15,0.07,281.41956019561877,137.96643187259076,143.453128323028,57.7018000236671,67.45592859119795,-746815.5042566769,213449.07631337346
C_be0.70_average_plus_grid_loss_ep0.75_gp1.25_lf0.75_life25_dr0.01,0.7,average_plus_grid_loss,427.6959388050314,0.75,1.25,0.75,25,0.01,281.41956019561877,137.96643187259076,143.453128323028,43.79711472249046,67.45592859119795,-3423244.241803296,213449.07631337346
C_be0.70_average_plus_grid_loss_ep0.75_gp1.25_lf0.75_life25_dr0.03,0.7,average_plus_grid_loss,427.6959388050314,0.75,1.25,0.75,25,0.03,281.41956019561877,137.96643187259076,143.453128323028,46.13469697979054,67.45592859119795,-2439242.2904116465,213449.07631337346
C_be0.70_average_plus_grid_loss_ep0.75_gp1.25_lf0.75_life25_dr0.05,0.7,average_plus_grid_loss,427.6959388050314,0.75,1.25,0.75,25,0.05,281.41956019561877,137.96643187259076,143.453128323028,48.764638207341285,67.45592859119795,-1730761.4492341438,213449.07631337346
C_be0.70_average_plus_grid_loss_ep0.75_gp1.25_lf0.75_life25_dr0.07,0.7,average_plus_grid_loss,427.6959388050314,0.75,1.25,0.75,25,0.07,281.41956019561877,137.96643187259076,143.453128323028,51.6538818113456,67.45592859119795,-1209868.5651393235,213449.07631337346
C_be0.70_average_plus_grid_loss_ep0.75_gp1.25_lf0.75_life40_dr0.01,0.7,average_plus_grid_loss,427.6959388050314,0.75,1.25,0.75,40,0.01,281.41956019561877,137.96643187259076,143.453128323028,43.79711472249046,67.45592859119795,-3423244.241803296,213449.07631337346
C_be0.70_average_plus_grid_loss_ep0.75_gp1.25_lf0.75_life40_dr0.03,0.7,average_plus_grid_loss,427.6959388050314,0.75,1.25,0.75,40,0.03,281.41956019561877,137.96643187259076,143.453128323028,46.13469697979054,67.45592859119795,-2439242.2904116465,213449.07631337346
C_be0.70_average_plus_grid_loss_ep0.75_gp1.25_lf0.75_life40_dr0.05,0.7,average_plus_grid_loss,427.6959388050314,0.75,1.25,0.75,40,0.05,281.41956019561877,137.96643187259076,143.453128323028,48.764638207341285,67.45592859119795,-1730761.4492341438,213449.07631337346
C_be0.70_average_plus_grid_loss_ep0.75_gp1.25_lf0.75_life40_dr0.07,0.7,average_plus_grid_loss,427.6959388050314,0.75,1.25,0.75,40,0.07,281.41956019561877,137.96643187259076,143.453128323028,51.6538818113456,67.45592859119795,-1209868.5651393235,213449.07631337346
C_be0.70_average_plus_grid_loss_ep0.75_gp1.25_lf0.95_life15_dr0.01,0.7,average_plus_grid_loss,427.6959388050314,0.75,1.25,0.95,15,0.01,281.41956019561877,137.96643187259076,143.453128323028,47.865457439402945,67.45592859119795,-3590476.938244842,271010.02956759086
C_be0.70_average_plus_grid_loss_ep0.75_gp1.25_lf0.95_life15_dr0.03,0.7,average_plus_grid_loss,427.6959388050314,0.75,1.25,0.95,15,0.03,281.41956019561877,137.96643187259076,143.453128323028,49.36545246345163,67.45592859119795,-2621530.967646881,271010.02956759086
C_be0.70_average_plus_grid_loss_ep0.75_gp1.25_lf0.95_life15_dr0.05,0.7,average_plus_grid_loss,427.6959388050314,0.75,1.25,0.95,15,0.05,281.41956019561877,137.96643187259076,143.453128323028,51.02239931866496,67.45592859119795,-1927485.4714229116,271010.02956759086
C_be0.70_average_plus_grid_loss_ep0.75_gp1.25_lf0.95_life15_dr0.07,0.7,average_plus_grid_loss,427.6959388050314,0.75,1.25,0.95,15,0.07,281.41956019561877,137.96643187259076,143.453128323028,52.83857964348165,67.45592859119795,-1417606.860824274,271010.02956759086
C_be0.70_average_plus_grid_loss_ep0.75_gp1.25_lf0.95_life25_dr0.01,0.7,average_plus_grid_loss,427.6959388050314,0.75,1.25,0.95,25,0.01,281.41956019561877,137.96643187259076,143.453128323028,41.861196510973784,67.45592859119795,-4690918.077597132,271010.02956759086
C_be0.70_average_plus_grid_loss_ep0.75_gp1.25_lf0.95_life25_dr0.03,0.7,average_plus_grid_loss,427.6959388050314,0.75,1.25,0.95,25,0.03,281.41956019561877,137.96643187259076,143.453128323028,43.70665618778963,67.45592859119795,-3441559.6706780847,271010.02956759086
C_be0.70_average_plus_grid_loss_ep0.75_gp1.25_lf0.95_life25_dr0.05,0.7,average_plus_grid_loss,427.6959388050314,0.75,1.25,0.95,25,0.05,281.41956019561877,137.96643187259076,143.453128323028,45.78292557796127,67.45592859119795,-2542022.3335677767,271010.02956759086
C_be0.70_average_plus_grid_loss_ep0.75_gp1.25_lf0.95_life25_dr0.07,0.7,average_plus_grid_loss,427.6959388050314,0.75,1.25,0.95,25,0.07,281.41956019561877,137.96643187259076,143.453128323028,48.063907370596255,67.45592859119795,-1880659.9217069205,271010.02956759086
C_be0.70_average_plus_grid_loss_ep0.75_gp1.25_lf0.95_life40_dr0.01,0.7,average_plus_grid_loss,427.6959388050314,0.75,1.25,0.95,40,0.01,281.41956019561877,137.96643187259076,143.453128323028,41.861196510973784,67.45592859119795,-4690918.077597132,271010.02956759086
C_be0.70_average_plus_grid_loss_ep0.75_gp1.25_lf0.95_life40_dr0.03,0.7,average_plus_grid_loss,427.6959388050314,0.75,1.25,0.95,40,0.03,281.41956019561877,137.96643187259076,143.453128323028,43.70665618778963,67.45592859119795,-3441559.6706780847,271010.02956759086
C_be0.70_average_plus_grid_loss_ep0.75_gp1.25_lf0.95_life40_dr0.05,0.7,average_plus_grid_loss,427.6959388050314,0.75,1.25,0.95,40,0.05,281.41956019561877,137.96643187259076,143.453128323028,45.78292557796127,67.45592859119795,-2542022.3335677767,271010.02956759086
C_be0.70_average_plus_grid_loss_ep0.75_gp1.25_lf0.95_life40_dr0.07,0.7,average_plus_grid_loss,427.6959388050314,0.75,1.25,0.95,40,0.07,281.41956019561877,137.96643187259076,143.453128323028,48.063907370596255,67.45592859119795,-1880659.9217069205,271010.02956759086
C_be0.70_average_plus_grid_loss_ep1.00_gp0.75_lf0.25_life15_dr0.01,0.7,average_plus_grid_loss,427.6959388050314,1.0,0.75,0.25,15,0.01,281.41956019561877,137.96643187259076,143.453128323028,95.38138299919186,40.47355715471877,2648243.479084432,-12270.009957043236
C_be0.70_average_plus_grid_loss_ep1.00_gp0.75_lf0.25_life15_dr0.03,0.7,average_plus_grid_loss,427.6959388050314,1.0,0.75,0.25,15,0.03,281.41956019561877,137.96643187259076,143.453128323028,101.08136409057683,40.47355715471877,2311266.1985866493,-12270.009957043236
C_be0.70_average_plus_grid_loss_ep1.00_gp0.75_lf0.25_life15_dr0.05,0.7,average_plus_grid_loss,427.6959388050314,1.0,0.75,0.25,15,0.05,281.41956019561877,137.96643187259076,143.453128323028,107.37776214038749,40.47355715471877,2065047.70230425,-12270.009957043236
C_be0.70_average_plus_grid_loss_ep1.00_gp0.75_lf0.25_life15_dr0.07,0.7,average_plus_grid_loss,427.6959388050314,1.0,0.75,0.25,15,0.07,281.41956019561877,137.96643187259076,143.453128323028,114.27924737469091,40.47355715471877,1883620.6425150507,-12270.009957043236
C_be0.70_average_plus_grid_loss_ep1.00_gp0.75_lf0.25_life25_dr0.01,0.7,average_plus_grid_loss,427.6959388050314,1.0,0.75,0.25,25,0.01,281.41956019561877,137.96643187259076,143.453128323028,72.56519147116101,40.47355715471877,1547802.339732141,-12270.009957043236
C_be0.70_average_plus_grid_loss_ep1.00_gp0.75_lf0.25_life25_dr0.03,0.7,average_plus_grid_loss,427.6959388050314,1.0,0.75,0.25,25,0.03,281.41956019561877,137.96643187259076,143.453128323028,79.57793824306123,40.47355715471877,1491237.4955554456,-12270.009957043236
C_be0.70_average_plus_grid_loss_ep1.00_gp0.75_lf0.25_life25_dr0.05,0.7,average_plus_grid_loss,427.6959388050314,1.0,0.75,0.25,25,0.05,281.41956019561877,137.96643187259076,143.453128323028,87.46776192571348,40.47355715471877,1450510.840159385,-12270.009957043236
C_be0.70_average_plus_grid_loss_ep1.00_gp0.75_lf0.25_life25_dr0.07,0.7,average_plus_grid_loss,427.6959388050314,1.0,0.75,0.25,25,0.07,281.41956019561877,137.96643187259076,143.453128323028,96.13549273772642,40.47355715471877,1420567.5816324046,-12270.009957043236
C_be0.70_average_plus_grid_loss_ep1.00_gp0.75_lf0.25_life40_dr0.01,0.7,average_plus_grid_loss,427.6959388050314,1.0,0.75,0.25,40,0.01,281.41956019561877,137.96643187259076,143.453128323028,72.56519147116101,40.47355715471877,1547802.339732141,-12270.009957043236
C_be0.70_average_plus_grid_loss_ep1.00_gp0.75_lf0.25_life40_dr0.03,0.7,average_plus_grid_loss,427.6959388050314,1.0,0.75,0.25,40,0.03,281.41956019561877,137.96643187259076,143.453128323028,79.57793824306123,40.47355715471877,1491237.4955554456,-12270.009957043236
C_be0.70_average_plus_grid_loss_ep1.00_gp0.75_lf0.25_life40_dr0.05,0.7,average_plus_grid_loss,427.6959388050314,1.0,0.75,0.25,40,0.05,281.41956019561877,137.96643187259076,143.453128323028,87.46776192571348,40.47355715471877,1450510.840159385,-12270.009957043236
C_be0.70_average_plus_grid_loss_ep1.00_gp0.75_lf0.25_life40_dr0.07,0.7,average_plus_grid_loss,427.6959388050314,1.0,0.75,0.25,40,0.07,281.41956019561877,137.96643187259076,143.453128323028,96.13549273772642,40.47355715471877,1420567.5816324046,-12270.009957043236
C_be0.70_average_plus_grid_loss_ep1.00_gp0.75_lf0.50_life15_dr0.01,0.7,average_plus_grid_loss,427.6959388050314,1.0,0.75,0.5,15,0.01,281.41956019561877,137.96643187259076,143.453128323028,70.17986997812007,40.47355715471877,2865513.1763929953,-22135.52152414489
C_be0.70_average_plus_grid_loss_ep1.00_gp0.75_lf0.50_life15_dr0.03,0.7,average_plus_grid_loss,427.6959388050314,1.0,0.75,0.5,15,0.03,281.41956019561877,137.96643187259076,143.453128323028,73.02986052381257,40.47355715471877,2483055.808554603,-22135.52152414489
C_be0.70_average_plus_grid_loss_ep1.00_gp0.75_lf0.50_life15_dr0.05,0.7,average_plus_grid_loss,427.6959388050314,1.0,0.75,0.5,15,0.05,281.41956019561877,137.96643187259076,143.453128323028,76.1780595487179,40.47355715471877,2204091.6754466547,-22135.52152414489
C_be0.70_average_plus_grid_loss_ep1.00_gp0.75_lf0.50_life15_dr0.07,0.7,average_plus_grid_loss,427.6959388050314,1.0,0.75,0.5,15,0.07,281.41956019561877,137.96643187259076,143.453128323028,79.6288021658696,40.47355715471877,1998589.202158294,-22135.52152414489
C_be0.70_average_plus_grid_loss_ep1.00_gp0.75_lf0.50_life25_dr0.01,0.7,average_plus_grid_loss,427.6959388050314,1.0,0.75,0.5,25,0.01,281.41956019561877,137.96643187259076,143.453128323028,58.77177421410465,40.47355715471877,1765072.0370407044,-22135.52152414489
C_be0.70_average_plus_grid_loss_ep1.00_gp0.75_lf0.50_life25_dr0.03,0.7,average_plus_grid_loss,427.6959388050314,1.0,0.75,0.5,25,0.03,281.41956019561877,137.96643187259076,143.453128323028,62.27814760005476,40.47355715471877,1663027.1055233981,-22135.52152414489
C_be0.70_average_plus_grid_loss_ep1.00_gp0.75_lf0.50_life25_dr0.05,0.7,average_plus_grid_loss,427.6959388050314,1.0,0.75,0.5,25,0.05,281.41956019561877,137.96643187259076,143.453128323028,66.22305944138088,40.47355715471877,1589554.813301789,-22135.52152414489
C_be0.70_average_plus_grid_loss_ep1.00_gp0.75_lf0.50_life25_dr0.07,0.7,average_plus_grid_loss,427.6959388050314,1.0,0.75,0.5,25,0.07,281.41956019561877,137.96643187259076,143.453128323028,70.55692484738735,40.47355715471877,1535536.1412756478,-22135.52152414489
C_be0.70_average_plus_grid_loss_ep1.00_gp0.75_lf0.50_life40_dr0.01,0.7,average_plus_grid_loss,427.6959388050314,1.0,0.75,0.5,40,0.01,281.41956019561877,137.96643187259076,143.453128323028,58.77177421410465,40.47355715471877,1765072.0370407044,-22135.52152414489
C_be0.70_average_plus_grid_loss_ep1.00_gp0.75_lf0.50_life40_dr0.03,0.7,average_plus_grid_loss,427.6959388050314,1.0,0.75,0.5,40,0.03,281.41956019561877,137.96643187259076,143.453128323028,62.27814760005476,40.47355715471877,1663027.1055233981,-22135.52152414489
C_be0.70_average_plus_grid_loss_ep1.00_gp0.75_lf0.50_life40_dr0.05,0.7,average_plus_grid_loss,427.6959388050314,1.0,0.75,0.5,40,0.05,281.41956019561877,137.96643187259076,143.453128323028,66.22305944138088,40.47355715471877,1589554.813301789,-22135.52152414489
C_be0.70_average_plus_grid_loss_ep1.00_gp0.75_lf0.50_life40_dr0.07,0.7,average_plus_grid_loss,427.6959388050314,1.0,0.75,0.5,40,0.07,281.41956019561877,137.96643187259076,143.453128323028,70.55692484738735,40.47355715471877,1535536.1412756478,-22135.52152414489
C_be0.70_average_plus_grid_loss_ep1.00_gp0.75_lf0.75_life15_dr0.01,0.7,average_plus_grid_loss,427.6959388050314,1.0,0.75,0.75,15,0.01,281.41956019561877,137.96643187259076,143.453128323028,61.779365637762815,40.47355715471877,3082782.8737015603,-32001.033091246558
C_be0.70_average_plus_grid_loss_ep1.00_gp0.75_lf0.75_life15_dr0.03,0.7,average_plus_grid_loss,427.6959388050314,1.0,0.75,0.75,15,0.03,281.41956019561877,137.96643187259076,143.453128323028,63.679359334891146,40.47355715471877,2654845.4185225554,-32001.033091246558
C_be0.70_average_plus_grid_loss_ep1.00_gp0.75_lf0.75_life15_dr0.05,0.7,average_plus_grid_loss,427.6959388050314,1.0,0.75,0.75,15,0.05,281.41956019561877,137.96643187259076,143.453128323028,65.77815868482803,40.47355715471877,2343135.6485890583,-32001.033091246558
C_be0.70_average_plus_grid_loss_ep1.00_gp0.75_lf0.75_life15_dr0.07,0.7,average_plus_grid_loss,427.6959388050314,1.0,0.75,0.75,15,0.07,281.41956019561877,137.96643187259076,143.453128323028,68.07865376292916,40.47355715471877,2113557.7618015385,-32001.033091246558
C_be0.70_average_plus_grid_loss_ep1.00_gp0.75_lf0.75_life25_dr0.01,0.7,average_plus_grid_loss,427.6959388050314,1.0,0.75,0.75,25,0.01,281.41956019561877,137.96643187259076,143.453128323028,54.17396846175253,40.47355715471877,1982341.7343492685,-32001.033091246558
C_be0.70_average_plus_grid_loss_ep1.00_gp0.75_lf0.75_life25_dr0.03,0.7,average_plus_grid_loss,427.6959388050314,1.0,0.75,0.75,25,0.03,281.41956019561877,137.96643187259076,143.453128323028,56.511550719052615,40.47355715471877,1834816.7154913517,-32001.033091246558
C_be0.70_average_plus_grid_loss_ep1.00_gp0.75_lf0.75_life25_dr0.05,0.7,average_plus_grid_loss,427.6959388050314,1.0,0.75,0.75,25,0.05,281.41956019561877,137.96643187259076,143.453128323028,59.14149194660335,40.47355715471877,1728598.7864441932,-32001.033091246558
C_be0.70_average_plus_grid_loss_ep1.00_gp0.75_lf0.75_life25_dr0.07,0.7,average_plus_grid_loss,427.6959388050314,1.0,0.75,0.75,25,0.07,281.41956019561877,137.96643187259076,143.453128323028,62.030735550607666,40.47355715471877,1650504.700918892,-32001.033091246558
C_be0.70_average_plus_grid_loss_ep1.00_gp0.75_lf0.75_life40_dr0.01,0.7,average_plus_grid_loss,427.6959388050314,1.0,0.75,0.75,40,0.01,281.41956019561877,137.96643187259076,143.453128323028,54.17396846175253,40.47355715471877,1982341.7343492685,-32001.033091246558
C_be0.70_average_plus_grid_loss_ep1.00_gp0.75_lf0.75_life40_dr0.03,0.7,average_plus_grid_loss,427.6959388050314,1.0,0.75,0.75,40,0.03,281.41956019561877,137.96643187259076,143.453128323028,56.511550719052615,40.47355715471877,1834816.7154913517,-32001.033091246558
C_be0.70_average_plus_grid_loss_ep1.00_gp0.75_lf0.75_life40_dr0.05,0.7,average_plus_grid_loss,427.6959388050314,1.0,0.75,0.75,40,0.05,281.41956019561877,137.96643187259076,143.453128323028,59.14149194660335,40.47355715471877,1728598.7864441932,-32001.033091246558
C_be0.70_average_plus_grid_loss_ep1.00_gp0.75_lf0.75_life40_dr0.07,0.7,average_plus_grid_loss,427.6959388050314,1.0,0.75,0.75,40,0.07,281.41956019561877,137.96643187259076,143.453128323028,62.030735550607666,40.47355715471877,1650504.700918892,-32001.033091246558
C_be0.70_average_plus_grid_loss_ep1.00_gp0.75_lf0.95_life15_dr0.01,0.7,average_plus_grid_loss,427.6959388050314,1.0,0.75,0.95,15,0.01,281.41956019561877,137.96643187259076,143.453128323028,58.24231117866503,40.47355715471877,3256598.6315484103,-39893.44234492787
C_be0.70_average_plus_grid_loss_ep1.00_gp0.75_lf0.95_life15_dr0.03,0.7,average_plus_grid_loss,427.6959388050314,1.0,0.75,0.95,15,0.03,281.41956019561877,137.96643187259076,143.453128323028,59.742306202713706,40.47355715471877,2792277.106496918,-39893.44234492787
C_be0.70_average_plus_grid_loss_ep1.00_gp0.75_lf0.95_life15_dr0.05,0.7,average_plus_grid_loss,427.6959388050314,1.0,0.75,0.95,15,0.05,281.41956019561877,137.96643187259076,143.453128323028,61.39925305792703,40.47355715471877,2454370.8271029815,-39893.44234492787
C_be0.70_average_plus_grid_loss_ep1.00_gp0.75_lf0.95_life15_dr0.07,0.7,average_plus_grid_loss,427.6959388050314,1.0,0.75,0.95,15,0.07,281.41956019561877,137.96643187259076,143.453128323028,63.215433382743726,40.47355715471877,2205532.609516133,-39893.44234492787
C_be0.70_average_plus_grid_loss_ep1.00_gp0.75_lf0.95_life25_dr0.01,0.7,average_plus_grid_loss,427.6959388050314,1.0,0.75,0.95,25,0.01,281.41956019561877,137.96643187259076,143.453128323028,52.23805025023585,40.47355715471877,2156157.4921961185,-39893.44234492787
C_be0.70_average_plus_grid_loss_ep1.00_gp0.75_lf0.95_life25_dr0.03,0.7,average_plus_grid_loss,427.6959388050314,1.0,0.75,0.95,25,0.03,281.41956019561877,137.96643187259076,143.453128323028,54.08350992705171,40.47355715471877,1972248.4034657143,-39893.44234492787
C_be0.70_average_plus_grid_loss_ep1.00_gp0.75_lf0.95_life25_dr0.05,0.7,average_plus_grid_loss,427.6959388050314,1.0,0.75,0.95,25,0.05,281.41956019561877,137.96643187259076,143.453128323028,56.15977931722334,40.47355715471877,1839833.9649581164,-39893.44234492787
C_be0.70_average_plus_grid_loss_ep1.00_gp0.75_lf0.95_life25_dr0.07,0.7,average_plus_grid_loss,427.6959388050314,1.0,0.75,0.95,25,0.07,281.41956019561877,137.96643187259076,143.453128323028,58.44076110985833,40.47355715471877,1742479.5486334865,-39893.44234492787
C_be0.70_average_plus_grid_loss_ep1.00_gp0.75_lf0.95_life40_dr0.01,0.7,average_plus_grid_loss,427.6959388050314,1.0,0.75,0.95,40,0.01,281.41956019561877,137.96643187259076,143.453128323028,52.23805025023585,40.47355715471877,2156157.4921961185,-39893.44234492787
C_be0.70_average_plus_grid_loss_ep1.00_gp0.75_lf0.95_life40_dr0.03,0.7,average_plus_grid_loss,427.6959388050314,1.0,0.75,0.95,40,0.03,281.41956019561877,137.96643187259076,143.453128323028,54.08350992705171,40.47355715471877,1972248.4034657143,-39893.44234492787
C_be0.70_average_plus_grid_loss_ep1.00_gp0.75_lf0.95_life40_dr0.05,0.7,average_plus_grid_loss,427.6959388050314,1.0,0.75,0.95,40,0.05,281.41956019561877,137.96643187259076,143.453128323028,56.15977931722334,40.47355715471877,1839833.9649581164,-39893.44234492787
C_be0.70_average_plus_grid_loss_ep1.00_gp0.75_lf0.95_life40_dr0.07,0.7,average_plus_grid_loss,427.6959388050314,1.0,0.75,0.95,40,0.07,281.41956019561877,137.96643187259076,143.453128323028,58.44076110985833,40.47355715471877,1742479.5486334865,-39893.44234492787
C_be0.70_average_plus_grid_loss_ep1.00_gp1.00_lf0.25_life15_dr0.01,0.7,average_plus_grid_loss,427.6959388050314,1.0,1.0,0.25,15,0.01,281.41956019561877,137.96643187259076,143.453128323028,95.38138299919186,53.96474287295836,1997553.999871674,17275.686765901468
C_be0.70_average_plus_grid_loss_ep1.00_gp1.00_lf0.25_life15_dr0.03,0.7,average_plus_grid_loss,427.6959388050314,1.0,1.0,0.25,15,0.03,281.41956019561877,137.96643187259076,143.453128323028,101.08136409057683,53.96474287295836,1796782.6179083039,17275.686765901468
C_be0.70_average_plus_grid_loss_ep1.00_gp1.00_lf0.25_life15_dr0.05,0.7,average_plus_grid_loss,427.6959388050314,1.0,1.0,0.25,15,0.05,281.41956019561877,137.96643187259076,143.453128323028,107.37776214038749,53.96474287295836,1648632.290525897,17275.686765901468
C_be0.70_average_plus_grid_loss_ep1.00_gp1.00_lf0.25_life15_dr0.07,0.7,average_plus_grid_loss,427.6959388050314,1.0,1.0,0.25,15,0.07,281.41956019561877,137.96643187259076,143.453128323028,114.27924737469091,53.96474287295836,1539307.4081947564,17275.686765901468
C_be0.70_average_plus_grid_loss_ep1.00_gp1.00_lf0.25_life25_dr0.01,0.7,average_plus_grid_loss,427.6959388050314,1.0,1.0,0.25,25,0.01,281.41956019561877,137.96643187259076,143.453128323028,72.56519147116101,53.96474287295836,897112.8605193831,17275.686765901468
C_be0.70_average_plus_grid_loss_ep1.00_gp1.00_lf0.25_life25_dr0.03,0.7,average_plus_grid_loss,427.6959388050314,1.0,1.0,0.25,25,0.03,281.41956019561877,137.96643187259076,143.453128323028,79.57793824306123,53.96474287295836,976753.9148771001,17275.686765901468
C_be0.70_average_plus_grid_loss_ep1.00_gp1.00_lf0.25_life25_dr0.05,0.7,average_plus_grid_loss,427.6959388050314,1.0,1.0,0.25,25,0.05,281.41956019561877,137.96643187259076,143.453128323028,87.46776192571348,53.96474287295836,1034095.4283810318,17275.686765901468
C_be0.70_average_plus_grid_loss_ep1.00_gp1.00_lf0.25_life25_dr0.07,0.7,average_plus_grid_loss,427.6959388050314,1.0,1.0,0.25,25,0.07,281.41956019561877,137.96643187259076,143.453128323028,96.13549273772642,53.96474287295836,1076254.3473121102,17275.686765901468
C_be0.70_average_plus_grid_loss_ep1.00_gp1.00_lf0.25_life40_dr0.01,0.7,average_plus_grid_loss,427.6959388050314,1.0,1.0,0.25,40,0.01,281.41956019561877,137.96643187259076,143.453128323028,72.56519147116101,53.96474287295836,897112.8605193831,17275.686765901468
C_be0.70_average_plus_grid_loss_ep1.00_gp1.00_lf0.25_life40_dr0.03,0.7,average_plus_grid_loss,427.6959388050314,1.0,1.0,0.25,40,0.03,281.41956019561877,137.96643187259076,143.453128323028,79.57793824306123,53.96474287295836,976753.9148771001,17275.686765901468
C_be0.70_average_plus_grid_loss_ep1.00_gp1.00_lf0.25_life40_dr0.05,0.7,average_plus_grid_loss,427.6959388050314,1.0,1.0,0.25,40,0.05,281.41956019561877,137.96643187259076,143.453128323028,87.46776192571348,53.96474287295836,1034095.4283810318,17275.686765901468
C_be0.70_average_plus_grid_loss_ep1.00_gp1.00_lf0.25_life40_dr0.07,0.7,average_plus_grid_loss,427.6959388050314,1.0,1.0,0.25,40,0.07,281.41956019561877,137.96643187259076,143.453128323028,96.13549273772642,53.96474287295836,1076254.3473121102,17275.686765901468
C_be0.70_average_plus_grid_loss_ep1.00_gp1.00_lf0.50_life15_dr0.01,0.7,average_plus_grid_loss,427.6959388050314,1.0,1.0,0.5,15,0.01,281.41956019561877,137.96643187259076,143.453128323028,70.17986997812007,53.96474287295836,1564134.2179674795,36955.87192174452
C_be0.70_average_plus_grid_loss_ep1.00_gp1.00_lf0.50_life15_dr0.03,0.7,average_plus_grid_loss,427.6959388050314,1.0,1.0,0.5,15,0.03,281.41956019561877,137.96643187259076,143.453128323028,73.02986052381257,53.96474287295836,1454088.647197912,36955.87192174452
C_be0.70_average_plus_grid_loss_ep1.00_gp1.00_lf0.50_life15_dr0.05,0.7,average_plus_grid_loss,427.6959388050314,1.0,1.0,0.5,15,0.05,281.41956019561877,137.96643187259076,143.453128323028,76.1780595487179,53.96474287295836,1371260.8518899484,36955.87192174452
C_be0.70_average_plus_grid_loss_ep1.00_gp1.00_lf0.50_life15_dr0.07,0.7,average_plus_grid_loss,427.6959388050314,1.0,1.0,0.5,15,0.07,281.41956019561877,137.96643187259076,143.453128323028,79.6288021658696,53.96474287295836,1309962.733517705,36955.87192174452
C_be0.70_average_plus_grid_loss_ep1.00_gp1.00_lf0.50_life25_dr0.01,0.7,average_plus_grid_loss,427.6959388050314,1.0,1.0,0.5,25,0.01,281.41956019561877,137.96643187259076,143.453128323028,58.77177421410465,53.96474287295836,463693.0786151886,36955.87192174452
C_be0.70_average_plus_grid_loss_ep1.00_gp1.00_lf0.50_life25_dr0.03,0.7,average_plus_grid_loss,427.6959388050314,1.0,1.0,0.5,25,0.03,281.41956019561877,137.96643187259076,143.453128323028,62.27814760005476,53.96474287295836,634059.9441667073,36955.87192174452
C_be0.70_average_plus_grid_loss_ep1.00_gp1.00_lf0.50_life25_dr0.05,0.7,average_plus_grid_loss,427.6959388050314,1.0,1.0,0.5,25,0.05,281.41956019561877,137.96643187259076,143.453128323028,66.22305944138088,53.96474287295836,756723.9897450828,36955.87192174452
C_be0.70_average_plus_grid_loss_ep1.00_gp1.00_lf0.50_life25_dr0.07,0.7,average_plus_grid_loss,427.6959388050314,1.0,1.0,0.5,25,0.07,281.41956019561877,137.96643187259076,143.453128323028,70.55692484738735,53.96474287295836,846909.6726350589,36955.87192174452
C_be0.70_average_plus_grid_loss_ep1.00_gp1.00_lf0.50_life40_dr0.01,0.7,average_plus_grid_loss,427.6959388050314,1.0,1.0,0.5,40,0.01,281.41956019561877,137.96643187259076,143.453128323028,58.77177421410465,53.96474287295836,463693.0786151886,36955.87192174452
C_be0.70_average_plus_grid_loss_ep1.00_gp1.00_lf0.50_life40_dr0.03,0.7,average_plus_grid_loss,427.6959388050314,1.0,1.0,0.5,40,0.03,281.41956019561877,137.96643187259076,143.453128323028,62.27814760005476,53.96474287295836,634059.9441667073,36955.87192174452
C_be0.70_average_plus_grid_loss_ep1.00_gp1.00_lf0.50_life40_dr0.05,0.7,average_plus_grid_loss,427.6959388050314,1.0,1.0,0.5,40,0.05,281.41956019561877,137.96643187259076,143.453128323028,66.22305944138088,53.96474287295836,756723.9897450828,36955.87192174452
C_be0.70_average_plus_grid_loss_ep1.00_gp1.00_lf0.50_life40_dr0.07,0.7,average_plus_grid_loss,427.6959388050314,1.0,1.0,0.5,40,0.07,281.41956019561877,137.96643187259076,143.453128323028,70.55692484738735,53.96474287295836,846909.6726350589,36955.87192174452
C_be0.70_average_plus_grid_loss_ep1.00_gp1.00_lf0.75_life15_dr0.01,0.7,average_plus_grid_loss,427.6959388050314,1.0,1.0,0.75,15,0.01,281.41956019561877,137.96643187259076,143.453128323028,61.779365637762815,53.96474287295836,1130714.436063285,56636.05707758758
C_be0.70_average_plus_grid_loss_ep1.00_gp1.00_lf0.75_life15_dr0.03,0.7,average_plus_grid_loss,427.6959388050314,1.0,1.0,0.75,15,0.03,281.41956019561877,137.96643187259076,143.453128323028,63.679359334891146,53.96474287295836,1111394.6764875194,56636.05707758758
C_be0.70_average_plus_grid_loss_ep1.00_gp1.00_lf0.75_life15_dr0.05,0.7,average_plus_grid_loss,427.6959388050314,1.0,1.0,0.75,15,0.05,281.41956019561877,137.96643187259076,143.453128323028,65.77815868482803,53.96474287295836,1093889.4132539993,56636.05707758758
C_be0.70_average_plus_grid_loss_ep1.00_gp1.00_lf0.75_life15_dr0.07,0.7,average_plus_grid_loss,427.6959388050314,1.0,1.0,0.75,15,0.07,281.41956019561877,137.96643187259076,143.453128323028,68.07865376292916,53.96474287295836,1080618.0588406543,56636.05707758758
C_be0.70_average_plus_grid_loss_ep1.00_gp1.00_lf0.75_life25_dr0.01,0.7,average_plus_grid_loss,427.6959388050314,1.0,1.0,0.75,25,0.01,281.41956019561877,137.96643187259076,143.453128323028,54.17396846175253,53.96474287295836,30273.296710993163,56636.05707758758
C_be0.70_average_plus_grid_loss_ep1.00_gp1.00_lf0.75_life25_dr0.03,0.7,average_plus_grid_loss,427.6959388050314,1.0,1.0,0.75,25,0.03,281.41956019561877,137.96643187259076,143.453128323028,56.511550719052615,53.96474287295836,291365.9734563157,56636.05707758758
C_be0.70_average_plus_grid_loss_ep1.00_gp1.00_lf0.75_life25_dr0.05,0.7,average_plus_grid_loss,427.6959388050314,1.0,1.0,0.75,25,0.05,281.41956019561877,137.96643187259076,143.453128323028,59.14149194660335,53.96474287295836,479352.5511091342,56636.05707758758
C_be0.70_average_plus_grid_loss_ep1.00_gp1.00_lf0.75_life25_dr0.07,0.7,average_plus_grid_loss,427.6959388050314,1.0,1.0,0.75,25,0.07,281.41956019561877,137.96643187259076,143.453128323028,62.030735550607666,53.96474287295836,617564.9979580077,56636.05707758758
C_be0.70_average_plus_grid_loss_ep1.00_gp1.00_lf0.75_life40_dr0.01,0.7,average_plus_grid_loss,427.6959388050314,1.0,1.0,0.75,40,0.01,281.41956019561877,137.96643187259076,143.453128323028,54.17396846175253,53.96474287295836,30273.296710993163,56636.05707758758
C_be0.70_average_plus_grid_loss_ep1.00_gp1.00_lf0.75_life40_dr0.03,0.7,average_plus_grid_loss,427.6959388050314,1.0,1.0,0.75,40,0.03,281.41956019561877,137.96643187259076,143.453128323028,56.511550719052615,53.96474287295836,291365.9734563157,56636.05707758758
C_be0.70_average_plus_grid_loss_ep1.00_gp1.00_lf0.75_life40_dr0.05,0.7,average_plus_grid_loss,427.6959388050314,1.0,1.0,0.75,40,0.05,281.41956019561877,137.96643187259076,143.453128323028,59.14149194660335,53.96474287295836,479352.5511091342,56636.05707758758
C_be0.70_average_plus_grid_loss_ep1.00_gp1.00_lf0.75_life40_dr0.07,0.7,average_plus_grid_loss,427.6959388050314,1.0,1.0,0.75,40,0.07,281.41956019561877,137.96643187259076,143.453128323028,62.030735550607666,53.96474287295836,617564.9979580077,56636.05707758758
C_be0.70_average_plus_grid_loss_ep1.00_gp1.00_lf0.95_life15_dr0.01,0.7,average_plus_grid_loss,427.6959388050314,1.0,1.0,0.95,15,0.01,281.41956019561877,137.96643187259076,143.453128323028,58.24231117866503,53.96474287295836,783978.6105399281,72380.20520226203
C_be0.70_average_plus_grid_loss_ep1.00_gp1.00_lf0.95_life15_dr0.03,0.7,average_plus_grid_loss,427.6959388050314,1.0,1.0,0.95,15,0.03,281.41956019561877,137.96643187259076,143.453128323028,59.742306202713706,53.96474287295836,837239.499919205,72380.20520226203
C_be0.70_average_plus_grid_loss_ep1.00_gp1.00_lf0.95_life15_dr0.05,0.7,average_plus_grid_loss,427.6959388050314,1.0,1.0,0.95,15,0.05,281.41956019561877,137.96643187259076,143.453128323028,61.39925305792703,53.96474287295836,871992.2623452395,72380.20520226203
C_be0.70_average_plus_grid_loss_ep1.00_gp1.00_lf0.95_life15_dr0.07,0.7,average_plus_grid_loss,427.6959388050314,1.0,1.0,0.95,15,0.07,281.41956019561877,137.96643187259076,143.453128323028,63.215433382743726,53.96474287295836,897142.3190990137,72380.20520226203
C_be0.70_average_plus_grid_loss_ep1.00_gp1.00_lf0.95_life25_dr0.01,0.7,average_plus_grid_loss,427.6959388050314,1.0,1.0,0.95,25,0.01,281.41956019561877,137.96643187259076,143.453128323028,52.23805025023585,53.96474287295836,-316462.52881236374,72380.20520226203
C_be0.70_average_plus_grid_loss_ep1.00_gp1.00_lf0.95_life25_dr0.03,0.7,average_plus_grid_loss,427.6959388050314,1.0,1.0,0.95,25,0.03,281.41956019561877,137.96643187259076,143.453128323028,54.08350992705171,53.96474287295836,17210.796888001263,72380.20520226203
C_be0.70_average_plus_grid_loss_ep1.00_gp1.00_lf0.95_life25_dr0.05,0.7,average_plus_grid_loss,427.6959388050314,1.0,1.0,0.95,25,0.05,281.41956019561877,137.96643187259076,143.453128323028,56.15977931722334,53.96474287295836,257455.40020037442,72380.20520226203
C_be0.70_average_plus_grid_loss_ep1.00_gp1.00_lf0.95_life25_dr0.07,0.7,average_plus_grid_loss,427.6959388050314,1.0,1.0,0.95,25,0.07,281.41956019561877,137.96643187259076,143.453128323028,58.44076110985833,53.96474287295836,434089.2582163671,72380.20520226203
C_be0.70_average_plus_grid_loss_ep1.00_gp1.00_lf0.95_life40_dr0.01,0.7,average_plus_grid_loss,427.6959388050314,1.0,1.0,0.95,40,0.01,281.41956019561877,137.96643187259076,143.453128323028,52.23805025023585,53.96474287295836,-316462.52881236374,72380.20520226203
C_be0.70_average_plus_grid_loss_ep1.00_gp1.00_lf0.95_life40_dr0.03,0.7,average_plus_grid_loss,427.6959388050314,1.0,1.0,0.95,40,0.03,281.41956019561877,137.96643187259076,143.453128323028,54.08350992705171,53.96474287295836,17210.796888001263,72380.20520226203
C_be0.70_average_plus_grid_loss_ep1.00_gp1.00_lf0.95_life40_dr0.05,0.7,average_plus_grid_loss,427.6959388050314,1.0,1.0,0.95,40,0.05,281.41956019561877,137.96643187259076,143.453128323028,56.15977931722334,53.96474287295836,257455.40020037442,72380.20520226203
C_be0.70_average_plus_grid_loss_ep1.00_gp1.00_lf0.95_life40_dr0.07,0.7,average_plus_grid_loss,427.6959388050314,1.0,1.0,0.95,40,0.07,281.41956019561877,137.96643187259076,143.453128323028,58.44076110985833,53.96474287295836,434089.2582163671,72380.20520226203
C_be0.70_average_plus_grid_loss_ep1.00_gp1.25_lf0.25_life15_dr0.01,0.7,average_plus_grid_loss,427.6959388050314,1.0,1.25,0.25,15,0.01,281.41956019561877,137.96643187259076,143.453128323028,95.38138299919186,67.45592859119795,1346864.5206589163,46821.38348884614
C_be0.70_average_plus_grid_loss_ep1.00_gp1.25_lf0.25_life15_dr0.03,0.7,average_plus_grid_loss,427.6959388050314,1.0,1.25,0.25,15,0.03,281.41956019561877,137.96643187259076,143.453128323028,101.08136409057683,67.45592859119795,1282299.037229959,46821.38348884614
C_be0.70_average_plus_grid_loss_ep1.00_gp1.25_lf0.25_life15_dr0.05,0.7,average_plus_grid_loss,427.6959388050314,1.0,1.25,0.25,15,0.05,281.41956019561877,137.96643187259076,143.453128323028,107.37776214038749,67.45592859119795,1232216.8787475443,46821.38348884614
C_be0.70_average_plus_grid_loss_ep1.00_gp1.25_lf0.25_life15_dr0.07,0.7,average_plus_grid_loss,427.6959388050314,1.0,1.25,0.25,15,0.07,281.41956019561877,137.96643187259076,143.453128323028,114.27924737469091,67.45592859119795,1194994.1738744623,46821.38348884614
C_be0.70_average_plus_grid_loss_ep1.00_gp1.25_lf0.25_life25_dr0.01,0.7,average_plus_grid_loss,427.6959388050314,1.0,1.25,0.25,25,0.01,281.41956019561877,137.96643187259076,143.453128323028,72.56519147116101,67.45592859119795,246423.38130662544,46821.38348884614
C_be0.70_average_plus_grid_loss_ep1.00_gp1.25_lf0.25_life25_dr0.03,0.7,average_plus_grid_loss,427.6959388050314,1.0,1.25,0.25,25,0.03,281.41956019561877,137.96643187259076,143.453128323028,79.57793824306123,67.45592859119795,462270.3341987552,46821.38348884614
C_be0.70_average_plus_grid_loss_ep1.00_gp1.25_lf0.25_life25_dr0.05,0.7,average_plus_grid_loss,427.6959388050314,1.0,1.25,0.25,25,0.05,281.41956019561877,137.96643187259076,143.453128323028,87.46776192571348,67.45592859119795,617680.0166026792,46821.38348884614
C_be0.70_average_plus_grid_loss_ep1.00_gp1.25_lf0.25_life25_dr0.07,0.7,average_plus_grid_loss,427.6959388050314,1.0,1.25,0.25,25,0.07,281.41956019561877,137.96643187259076,143.453128323028,96.13549273772642,67.45592859119795,731941.1129918161,46821.38348884614
C_be0.70_average_plus_grid_loss_ep1.00_gp1.25_lf0.25_life40_dr0.01,0.7,average_plus_grid_loss,427.6959388050314,1.0,1.25,0.25,40,0.01,281.41956019561877,137.96643187259076,143.453128323028,72.56519147116101,67.45592859119795,246423.38130662544,46821.38348884614
C_be0.70_average_plus_grid_loss_ep1.00_gp1.25_lf0.25_life40_dr0.03,0.7,average_plus_grid_loss,427.6959388050314,1.0,1.25,0.25,40,0.03,281.41956019561877,137.96643187259076,143.453128323028,79.57793824306123,67.45592859119795,462270.3341987552,46821.38348884614
C_be0.70_average_plus_grid_loss_ep1.00_gp1.25_lf0.25_life40_dr0.05,0.7,average_plus_grid_loss,427.6959388050314,1.0,1.25,0.25,40,0.05,281.41956019561877,137.96643187259076,143.453128323028,87.46776192571348,67.45592859119795,617680.0166026792,46821.38348884614
C_be0.70_average_plus_grid_loss_ep1.00_gp1.25_lf0.25_life40_dr0.07,0.7,average_plus_grid_loss,427.6959388050314,1.0,1.25,0.25,40,0.07,281.41956019561877,137.96643187259076,143.453128323028,96.13549273772642,67.45592859119795,731941.1129918161,46821.38348884614
C_be0.70_average_plus_grid_loss_ep1.00_gp1.25_lf0.50_life15_dr0.01,0.7,average_plus_grid_loss,427.6959388050314,1.0,1.25,0.5,15,0.01,281.41956019561877,137.96643187259076,143.453128323028,70.17986997812007,67.45592859119795,262755.25954196416,96047.26536763387
C_be0.70_average_plus_grid_loss_ep1.00_gp1.25_lf0.50_life15_dr0.03,0.7,average_plus_grid_loss,427.6959388050314,1.0,1.25,0.5,15,0.03,281.41956019561877,137.96643187259076,143.453128323028,73.02986052381257,67.45592859119795,425121.4858412221,96047.26536763387
C_be0.70_average_plus_grid_loss_ep1.00_gp1.25_lf0.50_life15_dr0.05,0.7,average_plus_grid_loss,427.6959388050314,1.0,1.25,0.5,15,0.05,281.41956019561877,137.96643187259076,143.453128323028,76.1780595487179,67.45592859119795,538430.028333243,96047.26536763387
C_be0.70_average_plus_grid_loss_ep1.00_gp1.25_lf0.50_life15_dr0.07,0.7,average_plus_grid_loss,427.6959388050314,1.0,1.25,0.5,15,0.07,281.41956019561877,137.96643187259076,143.453128323028,79.6288021658696,67.45592859119795,621336.2648771168,96047.26536763387
C_be0.70_average_plus_grid_loss_ep1.00_gp1.25_lf0.50_life25_dr0.01,0.7,average_plus_grid_loss,427.6959388050314,1.0,1.25,0.5,25,0.01,281.41956019561877,137.96643187259076,143.453128323028,58.77177421410465,67.45592859119795,-837685.8798103267,96047.26536763387
C_be0.70_average_plus_grid_loss_ep1.00_gp1.25_lf0.50_life25_dr0.03,0.7,average_plus_grid_loss,427.6959388050314,1.0,1.25,0.5,25,0.03,281.41956019561877,137.96643187259076,143.453128323028,62.27814760005476,67.45592859119795,-394907.21718998253,96047.26536763387
C_be0.70_average_plus_grid_loss_ep1.00_gp1.25_lf0.50_life25_dr0.05,0.7,average_plus_grid_loss,427.6959388050314,1.0,1.25,0.5,25,0.05,281.41956019561877,137.96643187259076,143.453128323028,66.22305944138088,67.45592859119795,-76106.83381162258,96047.26536763387
C_be0.70_average_plus_grid_loss_ep1.00_gp1.25_lf0.50_life25_dr0.07,0.7,average_plus_grid_loss,427.6959388050314,1.0,1.25,0.5,25,0.07,281.41956019561877,137.96643187259076,143.453128323028,70.55692484738735,67.45592859119795,158283.20399447065,96047.26536763387
C_be0.70_average_plus_grid_loss_ep1.00_gp1.25_lf0.50_life40_dr0.01,0.7,average_plus_grid_loss,427.6959388050314,1.0,1.25,0.5,40,0.01,281.41956019561877,137.96643187259076,143.453128323028,58.77177421410465,67.45592859119795,-837685.8798103267,96047.26536763387
C_be0.70_average_plus_grid_loss_ep1.00_gp1.25_lf0.50_life40_dr0.03,0.7,average_plus_grid_loss,427.6959388050314,1.0,1.25,0.5,40,0.03,281.41956019561877,137.96643187259076,143.453128323028,62.27814760005476,67.45592859119795,-394907.21718998253,96047.26536763387
C_be0.70_average_plus_grid_loss_ep1.00_gp1.25_lf0.50_life40_dr0.05,0.7,average_plus_grid_loss,427.6959388050314,1.0,1.25,0.5,40,0.05,281.41956019561877,137.96643187259076,143.453128323028,66.22305944138088,67.45592859119795,-76106.83381162258,96047.26536763387
C_be0.70_average_plus_grid_loss_ep1.00_gp1.25_lf0.50_life40_dr0.07,0.7,average_plus_grid_loss,427.6959388050314,1.0,1.25,0.5,40,0.07,281.41956019561877,137.96643187259076,143.453128323028,70.55692484738735,67.45592859119795,158283.20399447065,96047.26536763387
C_be0.70_average_plus_grid_loss_ep1.00_gp1.25_lf0.75_life15_dr0.01,0.7,average_plus_grid_loss,427.6959388050314,1.0,1.25,0.75,15,0.01,281.41956019561877,137.96643187259076,143.453128323028,61.779365637762815,67.45592859119795,-821354.0015749875,145273.14724642166
C_be0.70_average_plus_grid_loss_ep1.00_gp1.25_lf0.75_life15_dr0.03,0.7,average_plus_grid_loss,427.6959388050314,1.0,1.25,0.75,15,0.03,281.41956019561877,137.96643187259076,143.453128323028,63.679359334891146,67.45592859119795,-432056.06554751657,145273.14724642166
C_be0.70_average_plus_grid_loss_ep1.00_gp1.25_lf0.75_life15_dr0.05,0.7,average_plus_grid_loss,427.6959388050314,1.0,1.25,0.75,15,0.05,281.41956019561877,137.96643187259076,143.453128323028,65.77815868482803,67.45592859119795,-155356.82208106015,145273.14724642166
C_be0.70_average_plus_grid_loss_ep1.00_gp1.25_lf0.75_life15_dr0.07,0.7,average_plus_grid_loss,427.6959388050314,1.0,1.25,0.75,15,0.07,281.41956019561877,137.96643187259076,143.453128323028,68.07865376292916,67.45592859119795,47678.35587977152,145273.14724642166
C_be0.70_average_plus_grid_loss_ep1.00_gp1.25_lf0.75_life25_dr0.01,0.7,average_plus_grid_loss,427.6959388050314,1.0,1.25,0.75,25,0.01,281.41956019561877,137.96643187259076,143.453128323028,54.17396846175253,67.45592859119795,-1921795.1409272794,145273.14724642166
C_be0.70_average_plus_grid_loss_ep1.00_gp1.25_lf0.75_life25_dr0.03,0.7,average_plus_grid_loss,427.6959388050314,1.0,1.25,0.75,25,0.03,281.41956019561877,137.96643187259076,143.453128323028,56.511550719052615,67.45592859119795,-1252084.7685787203,145273.14724642166
C_be0.70_average_plus_grid_loss_ep1.00_gp1.25_lf0.75_life25_dr0.05,0.7,average_plus_grid_loss,427.6959388050314,1.0,1.25,0.75,25,0.05,281.41956019561877,137.96643187259076,143.453128323028,59.14149194660335,67.45592859119795,-769893.6842259252,145273.14724642166
C_be0.70_average_plus_grid_loss_ep1.00_gp1.25_lf0.75_life25_dr0.07,0.7,average_plus_grid_loss,427.6959388050314,1.0,1.25,0.75,25,0.07,281.41956019561877,137.96643187259076,143.453128323028,62.030735550607666,67.45592859119795,-415374.70500287507,145273.14724642166
C_be0.70_average_plus_grid_loss_ep1.00_gp1.25_lf0.75_life40_dr0.01,0.7,average_plus_grid_loss,427.6959388050314,1.0,1.25,0.75,40,0.01,281.41956019561877,137.96643187259076,143.453128323028,54.17396846175253,67.45592859119795,-1921795.1409272794,145273.14724642166
C_be0.70_average_plus_grid_loss_ep1.00_gp1.25_lf0.75_life40_dr0.03,0.7,average_plus_grid_loss,427.6959388050314,1.0,1.25,0.75,40,0.03,281.41956019561877,137.96643187259076,143.453128323028,56.511550719052615,67.45592859119795,-1252084.7685787203,145273.14724642166
C_be0.70_average_plus_grid_loss_ep1.00_gp1.25_lf0.75_life40_dr0.05,0.7,average_plus_grid_loss,427.6959388050314,1.0,1.25,0.75,40,0.05,281.41956019561877,137.96643187259076,143.453128323028,59.14149194660335,67.45592859119795,-769893.6842259252,145273.14724642166
C_be0.70_average_plus_grid_loss_ep1.00_gp1.25_lf0.75_life40_dr0.07,0.7,average_plus_grid_loss,427.6959388050314,1.0,1.25,0.75,40,0.07,281.41956019561877,137.96643187259076,143.453128323028,62.030735550607666,67.45592859119795,-415374.70500287507,145273.14724642166
C_be0.70_average_plus_grid_loss_ep1.00_gp1.25_lf0.95_life15_dr0.01,0.7,average_plus_grid_loss,427.6959388050314,1.0,1.25,0.95,15,0.01,281.41956019561877,137.96643187259076,143.453128323028,58.24231117866503,67.45592859119795,-1688641.4104685523,184653.85274945188
C_be0.70_average_plus_grid_loss_ep1.00_gp1.25_lf0.95_life15_dr0.03,0.7,average_plus_grid_loss,427.6959388050314,1.0,1.25,0.95,15,0.03,281.41956019561877,137.96643187259076,143.453128323028,59.742306202713706,67.45592859119795,-1117798.1066585071,184653.85274945188
C_be0.70_average_plus_grid_loss_ep1.00_gp1.25_lf0.95_life15_dr0.05,0.7,average_plus_grid_loss,427.6959388050314,1.0,1.25,0.95,15,0.05,281.41956019561877,137.96643187259076,143.453128323028,61.39925305792703,67.45592859119795,-710386.3024125015,184653.85274945188
C_be0.70_average_plus_grid_loss_ep1.00_gp1.25_lf0.95_life15_dr0.07,0.7,average_plus_grid_loss,427.6959388050314,1.0,1.25,0.95,15,0.07,281.41956019561877,137.96643187259076,143.453128323028,63.215433382743726,67.45592859119795,-411247.97131810524,184653.85274945188
C_be0.70_average_plus_grid_loss_ep1.00_gp1.25_lf0.95_life25_dr0.01,0.7,average_plus_grid_loss,427.6959388050314,1.0,1.25,0.95,25,0.01,281.41956019561877,137.96643187259076,143.453128323028,52.23805025023585,67.45592859119795,-2789082.549820844,184653.85274945188
C_be0.70_average_plus_grid_loss_ep1.00_gp1.25_lf0.95_life25_dr0.03,0.7,average_plus_grid_loss,427.6959388050314,1.0,1.25,0.95,25,0.03,281.41956019561877,137.96643187259076,143.453128323028,54.08350992705171,67.45592859119795,-1937826.8096897108,184653.85274945188
C_be0.70_average_plus_grid_loss_ep1.00_gp1.25_lf0.95_life25_dr0.05,0.7,average_plus_grid_loss,427.6959388050314,1.0,1.25,0.95,25,0.05,281.41956019561877,137.96643187259076,143.453128323028,56.15977931722334,67.45592859119795,-1324923.1645573666,184653.85274945188
C_be0.70_average_plus_grid_loss_ep1.00_gp1.25_lf0.95_life25_dr0.07,0.7,average_plus_grid_loss,427.6959388050314,1.0,1.25,0.95,25,0.07,281.41956019561877,137.96643187259076,143.453128323028,58.44076110985833,67.45592859119795,-874301.0322007518,184653.85274945188
C_be0.70_average_plus_grid_loss_ep1.00_gp1.25_lf0.95_life40_dr0.01,0.7,average_plus_grid_loss,427.6959388050314,1.0,1.25,0.95,40,0.01,281.41956019561877,137.96643187259076,143.453128323028,52.23805025023585,67.45592859119795,-2789082.549820844,184653.85274945188
C_be0.70_average_plus_grid_loss_ep1.00_gp1.25_lf0.95_life40_dr0.03,0.7,average_plus_grid_loss,427.6959388050314,1.0,1.25,0.95,40,0.03,281.41956019561877,137.96643187259076,143.453128323028,54.08350992705171,67.45592859119795,-1937826.8096897108,184653.85274945188
C_be0.70_average_plus_grid_loss_ep1.00_gp1.25_lf0.95_life40_dr0.05,0.7,average_plus_grid_loss,427.6959388050314,1.0,1.25,0.95,40,0.05,281.41956019561877,137.96643187259076,143.453128323028,56.15977931722334,67.45592859119795,-1324923.1645573666,184653.85274945188
C_be0.70_average_plus_grid_loss_ep1.00_gp1.25_lf0.95_life40_dr0.07,0.7,average_plus_grid_loss,427.6959388050314,1.0,1.25,0.95,40,0.07,281.41956019561877,137.96643187259076,143.453128323028,58.44076110985833,67.45592859119795,-874301.0322007518,184653.85274945188
C_be0.70_average_plus_grid_loss_ep1.25_gp0.75_lf0.25_life15_dr0.01,0.7,average_plus_grid_loss,427.6959388050314,1.25,0.75,0.25,15,0.01,281.41956019561877,137.96643187259076,143.453128323028,105.75823673845393,40.47355715471877,3148726.5127097713,-34995.31964602719
C_be0.70_average_plus_grid_loss_ep1.25_gp0.75_lf0.25_life15_dr0.03,0.7,average_plus_grid_loss,427.6959388050314,1.25,0.75,0.25,15,0.03,281.41956019561877,137.96643187259076,143.453128323028,111.45821782983892,40.47355715471877,2706985.3725309586,-34995.31964602719
C_be0.70_average_plus_grid_loss_ep1.25_gp0.75_lf0.25_life15_dr0.05,0.7,average_plus_grid_loss,427.6959388050314,1.25,0.75,0.25,15,0.05,281.41956019561877,137.96643187259076,143.453128323028,117.75461587964955,40.47355715471877,2385336.9573069895,-34995.31964602719
C_be0.70_average_plus_grid_loss_ep1.25_gp0.75_lf0.25_life15_dr0.07,0.7,average_plus_grid_loss,427.6959388050314,1.25,0.75,0.25,15,0.07,281.41956019561877,137.96643187259076,143.453128323028,124.656101113953,40.47355715471877,2148451.929227201,-34995.31964602719
C_be0.70_average_plus_grid_loss_ep1.25_gp0.75_lf0.25_life25_dr0.01,0.7,average_plus_grid_loss,427.6959388050314,1.25,0.75,0.25,25,0.01,281.41956019561877,137.96643187259076,143.453128323028,82.9420452104231,40.47355715471877,2048285.3733574806,-34995.31964602719
C_be0.70_average_plus_grid_loss_ep1.25_gp0.75_lf0.25_life25_dr0.03,0.7,average_plus_grid_loss,427.6959388050314,1.25,0.75,0.25,25,0.03,281.41956019561877,137.96643187259076,143.453128323028,89.95479198232331,40.47355715471877,1886956.669499755,-34995.31964602719
C_be0.70_average_plus_grid_loss_ep1.25_gp0.75_lf0.25_life25_dr0.05,0.7,average_plus_grid_loss,427.6959388050314,1.25,0.75,0.25,25,0.05,281.41956019561877,137.96643187259076,143.453128323028,97.84461566497555,40.47355715471877,1770800.0951621244,-34995.31964602719
C_be0.70_average_plus_grid_loss_ep1.25_gp0.75_lf0.25_life25_dr0.07,0.7,average_plus_grid_loss,427.6959388050314,1.25,0.75,0.25,25,0.07,281.41956019561877,137.96643187259076,143.453128323028,106.5123464769885,40.47355715471877,1685398.8683445542,-34995.31964602719
C_be0.70_average_plus_grid_loss_ep1.25_gp0.75_lf0.25_life40_dr0.01,0.7,average_plus_grid_loss,427.6959388050314,1.25,0.75,0.25,40,0.01,281.41956019561877,137.96643187259076,143.453128323028,82.9420452104231,40.47355715471877,2048285.3733574806,-34995.31964602719
C_be0.70_average_plus_grid_loss_ep1.25_gp0.75_lf0.25_life40_dr0.03,0.7,average_plus_grid_loss,427.6959388050314,1.25,0.75,0.25,40,0.03,281.41956019561877,137.96643187259076,143.453128323028,89.95479198232331,40.47355715471877,1886956.669499755,-34995.31964602719
C_be0.70_average_plus_grid_loss_ep1.25_gp0.75_lf0.25_life40_dr0.05,0.7,average_plus_grid_loss,427.6959388050314,1.25,0.75,0.25,40,0.05,281.41956019561877,137.96643187259076,143.453128323028,97.84461566497555,40.47355715471877,1770800.0951621244,-34995.31964602719
C_be0.70_average_plus_grid_loss_ep1.25_gp0.75_lf0.25_life40_dr0.07,0.7,average_plus_grid_loss,427.6959388050314,1.25,0.75,0.25,40,0.07,281.41956019561877,137.96643187259076,143.453128323028,106.5123464769885,40.47355715471877,1685398.8683445542,-34995.31964602719
C_be0.70_average_plus_grid_loss_ep1.25_gp0.75_lf0.50_life15_dr0.01,0.7,average_plus_grid_loss,427.6959388050314,1.25,0.75,0.5,15,0.01,281.41956019561877,137.96643187259076,143.453128323028,80.55672371738216,40.47355715471877,3866479.2436436745,-67586.14090211279
C_be0.70_average_plus_grid_loss_ep1.25_gp0.75_lf0.50_life15_dr0.03,0.7,average_plus_grid_loss,427.6959388050314,1.25,0.75,0.5,15,0.03,281.41956019561877,137.96643187259076,143.453128323028,83.40671426307465,40.47355715471877,3274494.1564432206,-67586.14090211279
C_be0.70_average_plus_grid_loss_ep1.25_gp0.75_lf0.50_life15_dr0.05,0.7,average_plus_grid_loss,427.6959388050314,1.25,0.75,0.5,15,0.05,281.41956019561877,137.96643187259076,143.453128323028,86.55491328797996,40.47355715471877,2844670.1854521334,-67586.14090211279
C_be0.70_average_plus_grid_loss_ep1.25_gp0.75_lf0.50_life15_dr0.07,0.7,average_plus_grid_loss,427.6959388050314,1.25,0.75,0.5,15,0.07,281.41956019561877,137.96643187259076,143.453128323028,90.00565590513169,40.47355715471877,2528251.775582594,-67586.14090211279
C_be0.70_average_plus_grid_loss_ep1.25_gp0.75_lf0.50_life25_dr0.01,0.7,average_plus_grid_loss,427.6959388050314,1.25,0.75,0.5,25,0.01,281.41956019561877,137.96643187259076,143.453128323028,69.14862795336674,40.47355715471877,2766038.1042913836,-67586.14090211279
C_be0.70_average_plus_grid_loss_ep1.25_gp0.75_lf0.50_life25_dr0.03,0.7,average_plus_grid_loss,427.6959388050314,1.25,0.75,0.5,25,0.03,281.41956019561877,137.96643187259076,143.453128323028,72.65500133931684,40.47355715471877,2454465.453412017,-67586.14090211279
C_be0.70_average_plus_grid_loss_ep1.25_gp0.75_lf0.50_life25_dr0.05,0.7,average_plus_grid_loss,427.6959388050314,1.25,0.75,0.5,25,0.05,281.41956019561877,137.96643187259076,143.453128323028,76.59991318064296,40.47355715471877,2230133.3233072683,-67586.14090211279
C_be0.70_average_plus_grid_loss_ep1.25_gp0.75_lf0.50_life25_dr0.07,0.7,average_plus_grid_loss,427.6959388050314,1.25,0.75,0.5,25,0.07,281.41956019561877,137.96643187259076,143.453128323028,80.93377858664944,40.47355715471877,2065198.7146999475,-67586.14090211279
C_be0.70_average_plus_grid_loss_ep1.25_gp0.75_lf0.50_life40_dr0.01,0.7,average_plus_grid_loss,427.6959388050314,1.25,0.75,0.5,40,0.01,281.41956019561877,137.96643187259076,143.453128323028,69.14862795336674,40.47355715471877,2766038.1042913836,-67586.14090211279
C_be0.70_average_plus_grid_loss_ep1.25_gp0.75_lf0.50_life40_dr0.03,0.7,average_plus_grid_loss,427.6959388050314,1.25,0.75,0.5,40,0.03,281.41956019561877,137.96643187259076,143.453128323028,72.65500133931684,40.47355715471877,2454465.453412017,-67586.14090211279
C_be0.70_average_plus_grid_loss_ep1.25_gp0.75_lf0.50_life40_dr0.05,0.7,average_plus_grid_loss,427.6959388050314,1.25,0.75,0.5,40,0.05,281.41956019561877,137.96643187259076,143.453128323028,76.59991318064296,40.47355715471877,2230133.3233072683,-67586.14090211279
C_be0.70_average_plus_grid_loss_ep1.25_gp0.75_lf0.50_life40_dr0.07,0.7,average_plus_grid_loss,427.6959388050314,1.25,0.75,0.5,40,0.07,281.41956019561877,137.96643187259076,143.453128323028,80.93377858664944,40.47355715471877,2065198.7146999475,-67586.14090211279
C_be0.70_average_plus_grid_loss_ep1.25_gp0.75_lf0.75_life15_dr0.01,0.7,average_plus_grid_loss,427.6959388050314,1.25,0.75,0.75,15,0.01,281.41956019561877,137.96643187259076,143.453128323028,72.15621937702487,40.47355715471877,4584231.974577575,-100176.96215819835
C_be0.70_average_plus_grid_loss_ep1.25_gp0.75_lf0.75_life15_dr0.03,0.7,average_plus_grid_loss,427.6959388050314,1.25,0.75,0.75,15,0.03,281.41956019561877,137.96643187259076,143.453128323028,74.0562130741532,40.47355715471877,3842002.9403554806,-100176.96215819835
C_be0.70_average_plus_grid_loss_ep1.25_gp0.75_lf0.75_life15_dr0.05,0.7,average_plus_grid_loss,427.6959388050314,1.25,0.75,0.75,15,0.05,281.41956019561877,137.96643187259076,143.453128323028,76.15501242409009,40.47355715471877,3304003.413597276,-100176.96215819835
C_be0.70_average_plus_grid_loss_ep1.25_gp0.75_lf0.75_life15_dr0.07,0.7,average_plus_grid_loss,427.6959388050314,1.25,0.75,0.75,15,0.07,281.41956019561877,137.96643187259076,143.453128323028,78.45550750219124,40.47355715471877,2908051.621937987,-100176.96215819835
C_be0.70_average_plus_grid_loss_ep1.25_gp0.75_lf0.75_life25_dr0.01,0.7,average_plus_grid_loss,427.6959388050314,1.25,0.75,0.75,25,0.01,281.41956019561877,137.96643187259076,143.453128323028,64.5508222010146,40.47355715471877,3483790.835225285,-100176.96215819835
C_be0.70_average_plus_grid_loss_ep1.25_gp0.75_lf0.75_life25_dr0.03,0.7,average_plus_grid_loss,427.6959388050314,1.25,0.75,0.75,25,0.03,281.41956019561877,137.96643187259076,143.453128323028,66.88840445831468,40.47355715471877,3021974.237324278,-100176.96215819835
C_be0.70_average_plus_grid_loss_ep1.25_gp0.75_lf0.75_life25_dr0.05,0.7,average_plus_grid_loss,427.6959388050314,1.25,0.75,0.75,25,0.05,281.41956019561877,137.96643187259076,143.453128323028,69.51834568586541,40.47355715471877,2689466.551452411,-100176.96215819835
C_be0.70_average_plus_grid_loss_ep1.25_gp0.75_lf0.75_life25_dr0.07,0.7,average_plus_grid_loss,427.6959388050314,1.25,0.75,0.75,25,0.07,281.41956019561877,137.96643187259076,143.453128323028,72.40758928986973,40.47355715471877,2444998.5610553403,-100176.96215819835
C_be0.70_average_plus_grid_loss_ep1.25_gp0.75_lf0.75_life40_dr0.01,0.7,average_plus_grid_loss,427.6959388050314,1.25,0.75,0.75,40,0.01,281.41956019561877,137.96643187259076,143.453128323028,64.5508222010146,40.47355715471877,3483790.835225285,-100176.96215819835
C_be0.70_average_plus_grid_loss_ep1.25_gp0.75_lf0.75_life40_dr0.03,0.7,average_plus_grid_loss,427.6959388050314,1.25,0.75,0.75,40,0.03,281.41956019561877,137.96643187259076,143.453128323028,66.88840445831468,40.47355715471877,3021974.237324278,-100176.96215819835
C_be0.70_average_plus_grid_loss_ep1.25_gp0.75_lf0.75_life40_dr0.05,0.7,average_plus_grid_loss,427.6959388050314,1.25,0.75,0.75,40,0.05,281.41956019561877,137.96643187259076,143.453128323028,69.51834568586541,40.47355715471877,2689466.551452411,-100176.96215819835
C_be0.70_average_plus_grid_loss_ep1.25_gp0.75_lf0.75_life40_dr0.07,0.7,average_plus_grid_loss,427.6959388050314,1.25,0.75,0.75,40,0.07,281.41956019561877,137.96643187259076,143.453128323028,72.40758928986973,40.47355715471877,2444998.5610553403,-100176.96215819835
C_be0.70_average_plus_grid_loss_ep1.25_gp0.75_lf0.95_life15_dr0.01,0.7,average_plus_grid_loss,427.6959388050314,1.25,0.75,0.95,15,0.01,281.41956019561877,137.96643187259076,143.453128323028,68.61916491792711,40.47355715471877,5158434.1593247,-126249.61916306685
C_be0.70_average_plus_grid_loss_ep1.25_gp0.75_lf0.95_life15_dr0.03,0.7,average_plus_grid_loss,427.6959388050314,1.25,0.75,0.95,15,0.03,281.41956019561877,137.96643187259076,143.453128323028,70.11915994197578,40.47355715471877,4296009.967485291,-126249.61916306685
C_be0.70_average_plus_grid_loss_ep1.25_gp0.75_lf0.95_life15_dr0.05,0.7,average_plus_grid_loss,427.6959388050314,1.25,0.75,0.95,15,0.05,281.41956019561877,137.96643187259076,143.453128323028,71.7761067971891,40.47355715471877,3671469.9961133916,-126249.61916306685
C_be0.70_average_plus_grid_loss_ep1.25_gp0.75_lf0.95_life15_dr0.07,0.7,average_plus_grid_loss,427.6959388050314,1.25,0.75,0.95,15,0.07,281.41956019561877,137.96643187259076,143.453128323028,73.59228712200579,40.47355715471877,3211891.499022301,-126249.61916306685
C_be0.70_average_plus_grid_loss_ep1.25_gp0.75_lf0.95_life25_dr0.01,0.7,average_plus_grid_loss,427.6959388050314,1.25,0.75,0.95,25,0.01,281.41956019561877,137.96643187259076,143.453128323028,62.61490398949793,40.47355715471877,4057993.019972408,-126249.61916306685
C_be0.70_average_plus_grid_loss_ep1.25_gp0.75_lf0.95_life25_dr0.03,0.7,average_plus_grid_loss,427.6959388050314,1.25,0.75,0.95,25,0.03,281.41956019561877,137.96643187259076,143.453128323028,64.46036366631378,40.47355715471877,3475981.264454088,-126249.61916306685
C_be0.70_average_plus_grid_loss_ep1.25_gp0.75_lf0.95_life25_dr0.05,0.7,average_plus_grid_loss,427.6959388050314,1.25,0.75,0.95,25,0.05,281.41956019561877,137.96643187259076,143.453128323028,66.53663305648541,40.47355715471877,3056933.1339685265,-126249.61916306685
C_be0.70_average_plus_grid_loss_ep1.25_gp0.75_lf0.95_life25_dr0.07,0.7,average_plus_grid_loss,427.6959388050314,1.25,0.75,0.95,25,0.07,281.41956019561877,137.96643187259076,143.453128323028,68.8176148491204,40.47355715471877,2748838.438139654,-126249.61916306685
C_be0.70_average_plus_grid_loss_ep1.25_gp0.75_lf0.95_life40_dr0.01,0.7,average_plus_grid_loss,427.6959388050314,1.25,0.75,0.95,40,0.01,281.41956019561877,137.96643187259076,143.453128323028,62.61490398949793,40.47355715471877,4057993.019972408,-126249.61916306685
C_be0.70_average_plus_grid_loss_ep1.25_gp0.75_lf0.95_life40_dr0.03,0.7,average_plus_grid_loss,427.6959388050314,1.25,0.75,0.95,40,0.03,281.41956019561877,137.96643187259076,143.453128323028,64.46036366631378,40.47355715471877,3475981.264454088,-126249.61916306685
C_be0.70_average_plus_grid_loss_ep1.25_gp0.75_lf0.95_life40_dr0.05,0.7,average_plus_grid_loss,427.6959388050314,1.25,0.75,0.95,40,0.05,281.41956019561877,137.96643187259076,143.453128323028,66.53663305648541,40.47355715471877,3056933.1339685265,-126249.61916306685
C_be0.70_average_plus_grid_loss_ep1.25_gp0.75_lf0.95_life40_dr0.07,0.7,average_plus_grid_loss,427.6959388050314,1.25,0.75,0.95,40,0.07,281.41956019561877,137.96643187259076,143.453128323028,68.8176148491204,40.47355715471877,2748838.438139654,-126249.61916306685
C_be0.70_average_plus_grid_loss_ep1.25_gp1.00_lf0.25_life15_dr0.01,0.7,average_plus_grid_loss,427.6959388050314,1.25,1.0,0.25,15,0.01,281.41956019561877,137.96643187259076,143.453128323028,105.75823673845393,53.96474287295836,2498037.033497013,-5449.622923082483
C_be0.70_average_plus_grid_loss_ep1.25_gp1.00_lf0.25_life15_dr0.03,0.7,average_plus_grid_loss,427.6959388050314,1.25,1.0,0.25,15,0.03,281.41956019561877,137.96643187259076,143.453128323028,111.45821782983892,53.96474287295836,2192501.791852613,-5449.622923082483
C_be0.70_average_plus_grid_loss_ep1.25_gp1.00_lf0.25_life15_dr0.05,0.7,average_plus_grid_loss,427.6959388050314,1.25,1.0,0.25,15,0.05,281.41956019561877,137.96643187259076,143.453128323028,117.75461587964955,53.96474287295836,1968921.5455286363,-5449.622923082483
C_be0.70_average_plus_grid_loss_ep1.25_gp1.00_lf0.25_life15_dr0.07,0.7,average_plus_grid_loss,427.6959388050314,1.25,1.0,0.25,15,0.07,281.41956019561877,137.96643187259076,143.453128323028,124.656101113953,53.96474287295836,1804138.6949069065,-5449.622923082483
C_be0.70_average_plus_grid_loss_ep1.25_gp1.00_lf0.25_life25_dr0.01,0.7,average_plus_grid_loss,427.6959388050314,1.25,1.0,0.25,25,0.01,281.41956019561877,137.96643187259076,143.453128323028,82.9420452104231,53.96474287295836,1397595.8941447227,-5449.622923082483
C_be0.70_average_plus_grid_loss_ep1.25_gp1.00_lf0.25_life25_dr0.03,0.7,average_plus_grid_loss,427.6959388050314,1.25,1.0,0.25,25,0.03,281.41956019561877,137.96643187259076,143.453128323028,89.95479198232331,53.96474287295836,1372473.0888214095,-5449.622923082483
C_be0.70_average_plus_grid_loss_ep1.25_gp1.00_lf0.25_life25_dr0.05,0.7,average_plus_grid_loss,427.6959388050314,1.25,1.0,0.25,25,0.05,281.41956019561877,137.96643187259076,143.453128323028,97.84461566497555,53.96474287295836,1354384.6833837712,-5449.622923082483
C_be0.70_average_plus_grid_loss_ep1.25_gp1.00_lf0.25_life25_dr0.07,0.7,average_plus_grid_loss,427.6959388050314,1.25,1.0,0.25,25,0.07,281.41956019561877,137.96643187259076,143.453128323028,106.5123464769885,53.96474287295836,1341085.6340242599,-5449.622923082483
C_be0.70_average_plus_grid_loss_ep1.25_gp1.00_lf0.25_life40_dr0.01,0.7,average_plus_grid_loss,427.6959388050314,1.25,1.0,0.25,40,0.01,281.41956019561877,137.96643187259076,143.453128323028,82.9420452104231,53.96474287295836,1397595.8941447227,-5449.622923082483
C_be0.70_average_plus_grid_loss_ep1.25_gp1.00_lf0.25_life40_dr0.03,0.7,average_plus_grid_loss,427.6959388050314,1.25,1.0,0.25,40,0.03,281.41956019561877,137.96643187259076,143.453128323028,89.95479198232331,53.96474287295836,1372473.0888214095,-5449.622923082483
C_be0.70_average_plus_grid_loss_ep1.25_gp1.00_lf0.25_life40_dr0.05,0.7,average_plus_grid_loss,427.6959388050314,1.25,1.0,0.25,40,0.05,281.41956019561877,137.96643187259076,143.453128323028,97.84461566497555,53.96474287295836,1354384.6833837712,-5449.622923082483
C_be0.70_average_plus_grid_loss_ep1.25_gp1.00_lf0.25_life40_dr0.07,0.7,average_plus_grid_loss,427.6959388050314,1.25,1.0,0.25,40,0.07,281.41956019561877,137.96643187259076,143.453128323028,106.5123464769885,53.96474287295836,1341085.6340242599,-5449.622923082483
C_be0.70_average_plus_grid_loss_ep1.25_gp1.00_lf0.50_life15_dr0.01,0.7,average_plus_grid_loss,427.6959388050314,1.25,1.0,0.5,15,0.01,281.41956019561877,137.96643187259076,143.453128323028,80.55672371738216,53.96474287295836,2565100.2852181587,-8494.747456223384
C_be0.70_average_plus_grid_loss_ep1.25_gp1.00_lf0.50_life15_dr0.03,0.7,average_plus_grid_loss,427.6959388050314,1.25,1.0,0.5,15,0.03,281.41956019561877,137.96643187259076,143.453128323028,83.40671426307465,53.96474287295836,2245526.9950865298,-8494.747456223384
C_be0.70_average_plus_grid_loss_ep1.25_gp1.00_lf0.50_life15_dr0.05,0.7,average_plus_grid_loss,427.6959388050314,1.25,1.0,0.5,15,0.05,281.41956019561877,137.96643187259076,143.453128323028,86.55491328797996,53.96474287295836,2011839.361895427,-8494.747456223384
C_be0.70_average_plus_grid_loss_ep1.25_gp1.00_lf0.50_life15_dr0.07,0.7,average_plus_grid_loss,427.6959388050314,1.25,1.0,0.5,15,0.07,281.41956019561877,137.96643187259076,143.453128323028,90.00565590513169,53.96474287295836,1839625.3069420052,-8494.747456223384
C_be0.70_average_plus_grid_loss_ep1.25_gp1.00_lf0.50_life25_dr0.01,0.7,average_plus_grid_loss,427.6959388050314,1.25,1.0,0.5,25,0.01,281.41956019561877,137.96643187259076,143.453128323028,69.14862795336674,53.96474287295836,1464659.1458658678,-8494.747456223384
C_be0.70_average_plus_grid_loss_ep1.25_gp1.00_lf0.50_life25_dr0.03,0.7,average_plus_grid_loss,427.6959388050314,1.25,1.0,0.5,25,0.03,281.41956019561877,137.96643187259076,143.453128323028,72.65500133931684,53.96474287295836,1425498.292055326,-8494.747456223384
C_be0.70_average_plus_grid_loss_ep1.25_gp1.00_lf0.50_life25_dr0.05,0.7,average_plus_grid_loss,427.6959388050314,1.25,1.0,0.5,25,0.05,281.41956019561877,137.96643187259076,143.453128323028,76.59991318064296,53.96474287295836,1397302.499750562,-8494.747456223384
C_be0.70_average_plus_grid_loss_ep1.25_gp1.00_lf0.50_life25_dr0.07,0.7,average_plus_grid_loss,427.6959388050314,1.25,1.0,0.5,25,0.07,281.41956019561877,137.96643187259076,143.453128323028,80.93377858664944,53.96474287295836,1376572.2460593586,-8494.747456223384
C_be0.70_average_plus_grid_loss_ep1.25_gp1.00_lf0.50_life40_dr0.01,0.7,average_plus_grid_loss,427.6959388050314,1.25,1.0,0.5,40,0.01,281.41956019561877,137.96643187259076,143.453128323028,69.14862795336674,53.96474287295836,1464659.1458658678,-8494.747456223384
C_be0.70_average_plus_grid_loss_ep1.25_gp1.00_lf0.50_life40_dr0.03,0.7,average_plus_grid_loss,427.6959388050314,1.25,1.0,0.5,40,0.03,281.41956019561877,137.96643187259076,143.453128323028,72.65500133931684,53.96474287295836,1425498.292055326,-8494.747456223384
C_be0.70_average_plus_grid_loss_ep1.25_gp1.00_lf0.50_life40_dr0.05,0.7,average_plus_grid_loss,427.6959388050314,1.25,1.0,0.5,40,0.05,281.41956019561877,137.96643187259076,143.453128323028,76.59991318064296,53.96474287295836,1397302.499750562,-8494.747456223384
C_be0.70_average_plus_grid_loss_ep1.25_gp1.00_lf0.50_life40_dr0.07,0.7,average_plus_grid_loss,427.6959388050314,1.25,1.0,0.5,40,0.07,281.41956019561877,137.96643187259076,143.453128323028,80.93377858664944,53.96474287295836,1376572.2460593586,-8494.747456223384
C_be0.70_average_plus_grid_loss_ep1.25_gp1.00_lf0.75_life15_dr0.01,0.7,average_plus_grid_loss,427.6959388050314,1.25,1.0,0.75,15,0.01,281.41956019561877,137.96643187259076,143.453128323028,72.15621937702487,53.96474287295836,2632163.5369392997,-11539.871989364212
C_be0.70_average_plus_grid_loss_ep1.25_gp1.00_lf0.75_life15_dr0.03,0.7,average_plus_grid_loss,427.6959388050314,1.25,1.0,0.75,15,0.03,281.41956019561877,137.96643187259076,143.453128323028,74.0562130741532,53.96474287295836,2298552.1983204447,-11539.871989364212
C_be0.70_average_plus_grid_loss_ep1.25_gp1.00_lf0.75_life15_dr0.05,0.7,average_plus_grid_loss,427.6959388050314,1.25,1.0,0.75,15,0.05,281.41956019561877,137.96643187259076,143.453128323028,76.15501242409009,53.96474287295836,2054757.178262217,-11539.871989364212
C_be0.70_average_plus_grid_loss_ep1.25_gp1.00_lf0.75_life15_dr0.07,0.7,average_plus_grid_loss,427.6959388050314,1.25,1.0,0.75,15,0.07,281.41956019561877,137.96643187259076,143.453128323028,78.45550750219124,53.96474287295836,1875111.9189771027,-11539.871989364212
C_be0.70_average_plus_grid_loss_ep1.25_gp1.00_lf0.75_life25_dr0.01,0.7,average_plus_grid_loss,427.6959388050314,1.25,1.0,0.75,25,0.01,281.41956019561877,137.96643187259076,143.453128323028,64.5508222010146,53.96474287295836,1531722.3975870097,-11539.871989364212
C_be0.70_average_plus_grid_loss_ep1.25_gp1.00_lf0.75_life25_dr0.03,0.7,average_plus_grid_loss,427.6959388050314,1.25,1.0,0.75,25,0.03,281.41956019561877,137.96643187259076,143.453128323028,66.88840445831468,53.96474287295836,1478523.495289242,-11539.871989364212
C_be0.70_average_plus_grid_loss_ep1.25_gp1.00_lf0.75_life25_dr0.05,0.7,average_plus_grid_loss,427.6959388050314,1.25,1.0,0.75,25,0.05,281.41956019561877,137.96643187259076,143.453128323028,69.51834568586541,53.96474287295836,1440220.3161173519,-11539.871989364212
C_be0.70_average_plus_grid_loss_ep1.25_gp1.00_lf0.75_life25_dr0.07,0.7,average_plus_grid_loss,427.6959388050314,1.25,1.0,0.75,25,0.07,281.41956019561877,137.96643187259076,143.453128323028,72.40758928986973,53.96474287295836,1412058.8580944561,-11539.871989364212
C_be0.70_average_plus_grid_loss_ep1.25_gp1.00_lf0.75_life40_dr0.01,0.7,average_plus_grid_loss,427.6959388050314,1.25,1.0,0.75,40,0.01,281.41956019561877,137.96643187259076,143.453128323028,64.5508222010146,53.96474287295836,1531722.3975870097,-11539.871989364212
C_be0.70_average_plus_grid_loss_ep1.25_gp1.00_lf0.75_life40_dr0.03,0.7,average_plus_grid_loss,427.6959388050314,1.25,1.0,0.75,40,0.03,281.41956019561877,137.96643187259076,143.453128323028,66.88840445831468,53.96474287295836,1478523.495289242,-11539.871989364212
C_be0.70_average_plus_grid_loss_ep1.25_gp1.00_lf0.75_life40_dr0.05,0.7,average_plus_grid_loss,427.6959388050314,1.25,1.0,0.75,40,0.05,281.41956019561877,137.96643187259076,143.453128323028,69.51834568586541,53.96474287295836,1440220.3161173519,-11539.871989364212
C_be0.70_average_plus_grid_loss_ep1.25_gp1.00_lf0.75_life40_dr0.07,0.7,average_plus_grid_loss,427.6959388050314,1.25,1.0,0.75,40,0.07,281.41956019561877,137.96643187259076,143.453128323028,72.40758928986973,53.96474287295836,1412058.8580944561,-11539.871989364212
C_be0.70_average_plus_grid_loss_ep1.25_gp1.00_lf0.95_life15_dr0.01,0.7,average_plus_grid_loss,427.6959388050314,1.25,1.0,0.95,15,0.01,281.41956019561877,137.96643187259076,143.453128323028,68.61916491792711,53.96474287295836,2685814.138316218,-13975.971615876944
C_be0.70_average_plus_grid_loss_ep1.25_gp1.00_lf0.95_life15_dr0.03,0.7,average_plus_grid_loss,427.6959388050314,1.25,1.0,0.95,15,0.03,281.41956019561877,137.96643187259076,143.453128323028,70.11915994197578,53.96474287295836,2340972.360907578,-13975.971615876944
C_be0.70_average_plus_grid_loss_ep1.25_gp1.00_lf0.95_life15_dr0.05,0.7,average_plus_grid_loss,427.6959388050314,1.25,1.0,0.95,15,0.05,281.41956019561877,137.96643187259076,143.453128323028,71.7761067971891,53.96474287295836,2089091.4313556496,-13975.971615876944
C_be0.70_average_plus_grid_loss_ep1.25_gp1.00_lf0.95_life15_dr0.07,0.7,average_plus_grid_loss,427.6959388050314,1.25,1.0,0.95,15,0.07,281.41956019561877,137.96643187259076,143.453128323028,73.59228712200579,53.96474287295836,1903501.2086051814,-13975.971615876944
C_be0.70_average_plus_grid_loss_ep1.25_gp1.00_lf0.95_life25_dr0.01,0.7,average_plus_grid_loss,427.6959388050314,1.25,1.0,0.95,25,0.01,281.41956019561877,137.96643187259076,143.453128323028,62.61490398949793,53.96474287295836,1585372.998963926,-13975.971615876944
C_be0.70_average_plus_grid_loss_ep1.25_gp1.00_lf0.95_life25_dr0.03,0.7,average_plus_grid_loss,427.6959388050314,1.25,1.0,0.95,25,0.03,281.41956019561877,137.96643187259076,143.453128323028,64.46036366631378,53.96474287295836,1520943.6578763751,-13975.971615876944
C_be0.70_average_plus_grid_loss_ep1.25_gp1.00_lf0.95_life25_dr0.05,0.7,average_plus_grid_loss,427.6959388050314,1.25,1.0,0.95,25,0.05,281.41956019561877,137.96643187259076,143.453128323028,66.53663305648541,53.96474287295836,1474554.5692107845,-13975.971615876944
C_be0.70_average_plus_grid_loss_ep1.25_gp1.00_lf0.95_life25_dr0.07,0.7,average_plus_grid_loss,427.6959388050314,1.25,1.0,0.95,25,0.07,281.41956019561877,137.96643187259076,143.453128323028,68.8176148491204,53.96474287295836,1440448.1477225348,-13975.971615876944
C_be0.70_average_plus_grid_loss_ep1.25_gp1.00_lf0.95_life40_dr0.01,0.7,average_plus_grid_loss,427.6959388050314,1.25,1.0,0.95,40,0.01,281.41956019561877,137.96643187259076,143.453128323028,62.61490398949793,53.96474287295836,1585372.998963926,-13975.971615876944
C_be0.70_average_plus_grid_loss_ep1.25_gp1.00_lf0.95_life40_dr0.03,0.7,average_plus_grid_loss,427.6959388050314,1.25,1.0,0.95,40,0.03,281.41956019561877,137.96643187259076,143.453128323028,64.46036366631378,53.96474287295836,1520943.6578763751,-13975.971615876944
C_be0.70_average_plus_grid_loss_ep1.25_gp1.00_lf0.95_life40_dr0.05,0.7,average_plus_grid_loss,427.6959388050314,1.25,1.0,0.95,40,0.05,281.41956019561877,137.96643187259076,143.453128323028,66.53663305648541,53.96474287295836,1474554.5692107845,-13975.971615876944
C_be0.70_average_plus_grid_loss_ep1.25_gp1.00_lf0.95_life40_dr0.07,0.7,average_plus_grid_loss,427.6959388050314,1.25,1.0,0.95,40,0.07,281.41956019561877,137.96643187259076,143.453128323028,68.8176148491204,53.96474287295836,1440448.1477225348,-13975.971615876944
C_be0.70_average_plus_grid_loss_ep1.25_gp1.25_lf0.25_life15_dr0.01,0.7,average_plus_grid_loss,427.6959388050314,1.25,1.25,0.25,15,0.01,281.41956019561877,137.96643187259076,143.453128323028,105.75823673845393,67.45592859119795,1847347.5542842555,24096.07379986219
C_be0.70_average_plus_grid_loss_ep1.25_gp1.25_lf0.25_life15_dr0.03,0.7,average_plus_grid_loss,427.6959388050314,1.25,1.25,0.25,15,0.03,281.41956019561877,137.96643187259076,143.453128323028,111.45821782983892,67.45592859119795,1678018.2111742683,24096.07379986219
C_be0.70_average_plus_grid_loss_ep1.25_gp1.25_lf0.25_life15_dr0.05,0.7,average_plus_grid_loss,427.6959388050314,1.25,1.25,0.25,15,0.05,281.41956019561877,137.96643187259076,143.453128323028,117.75461587964955,67.45592859119795,1552506.1337502836,24096.07379986219
C_be0.70_average_plus_grid_loss_ep1.25_gp1.25_lf0.25_life15_dr0.07,0.7,average_plus_grid_loss,427.6959388050314,1.25,1.25,0.25,15,0.07,281.41956019561877,137.96643187259076,143.453128323028,124.656101113953,67.45592859119795,1459825.4605866123,24096.07379986219
C_be0.70_average_plus_grid_loss_ep1.25_gp1.25_lf0.25_life25_dr0.01,0.7,average_plus_grid_loss,427.6959388050314,1.25,1.25,0.25,25,0.01,281.41956019561877,137.96643187259076,143.453128323028,82.9420452104231,67.45592859119795,746906.4149319651,24096.07379986219
C_be0.70_average_plus_grid_loss_ep1.25_gp1.25_lf0.25_life25_dr0.03,0.7,average_plus_grid_loss,427.6959388050314,1.25,1.25,0.25,25,0.03,281.41956019561877,137.96643187259076,143.453128323028,89.95479198232331,67.45592859119795,857989.5081430646,24096.07379986219
C_be0.70_average_plus_grid_loss_ep1.25_gp1.25_lf0.25_life25_dr0.05,0.7,average_plus_grid_loss,427.6959388050314,1.25,1.25,0.25,25,0.05,281.41956019561877,137.96643187259076,143.453128323028,97.84461566497555,67.45592859119795,937969.2716054185,24096.07379986219
C_be0.70_average_plus_grid_loss_ep1.25_gp1.25_lf0.25_life25_dr0.07,0.7,average_plus_grid_loss,427.6959388050314,1.25,1.25,0.25,25,0.07,281.41956019561877,137.96643187259076,143.453128323028,106.5123464769885,67.45592859119795,996772.3997039658,24096.07379986219
C_be0.70_average_plus_grid_loss_ep1.25_gp1.25_lf0.25_life40_dr0.01,0.7,average_plus_grid_loss,427.6959388050314,1.25,1.25,0.25,40,0.01,281.41956019561877,137.96643187259076,143.453128323028,82.9420452104231,67.45592859119795,746906.4149319651,24096.07379986219
C_be0.70_average_plus_grid_loss_ep1.25_gp1.25_lf0.25_life40_dr0.03,0.7,average_plus_grid_loss,427.6959388050314,1.25,1.25,0.25,40,0.03,281.41956019561877,137.96643187259076,143.453128323028,89.95479198232331,67.45592859119795,857989.5081430646,24096.07379986219
C_be0.70_average_plus_grid_loss_ep1.25_gp1.25_lf0.25_life40_dr0.05,0.7,average_plus_grid_loss,427.6959388050314,1.25,1.25,0.25,40,0.05,281.41956019561877,137.96643187259076,143.453128323028,97.84461566497555,67.45592859119795,937969.2716054185,24096.07379986219
C_be0.70_average_plus_grid_loss_ep1.25_gp1.25_lf0.25_life40_dr0.07,0.7,average_plus_grid_loss,427.6959388050314,1.25,1.25,0.25,40,0.07,281.41956019561877,137.96643187259076,143.453128323028,106.5123464769885,67.45592859119795,996772.3997039658,24096.07379986219
C_be0.70_average_plus_grid_loss_ep1.25_gp1.25_lf0.50_life15_dr0.01,0.7,average_plus_grid_loss,427.6959388050314,1.25,1.25,0.5,15,0.01,281.41956019561877,137.96643187259076,143.453128323028,80.55672371738216,67.45592859119795,1263721.3267926434,50596.645989665965
C_be0.70_average_plus_grid_loss_ep1.25_gp1.25_lf0.50_life15_dr0.03,0.7,average_plus_grid_loss,427.6959388050314,1.25,1.25,0.5,15,0.03,281.41956019561877,137.96643187259076,143.453128323028,83.40671426307465,67.45592859119795,1216559.83372984,50596.645989665965
C_be0.70_average_plus_grid_loss_ep1.25_gp1.25_lf0.50_life15_dr0.05,0.7,average_plus_grid_loss,427.6959388050314,1.25,1.25,0.5,15,0.05,281.41956019561877,137.96643187259076,143.453128323028,86.55491328797996,67.45592859119795,1179008.5383387217,50596.645989665965
C_be0.70_average_plus_grid_loss_ep1.25_gp1.25_lf0.50_life15_dr0.07,0.7,average_plus_grid_loss,427.6959388050314,1.25,1.25,0.5,15,0.07,281.41956019561877,137.96643187259076,143.453128323028,90.00565590513169,67.45592859119795,1150998.838301417,50596.645989665965
C_be0.70_average_plus_grid_loss_ep1.25_gp1.25_lf0.50_life25_dr0.01,0.7,average_plus_grid_loss,427.6959388050314,1.25,1.25,0.5,25,0.01,281.41956019561877,137.96643187259076,143.453128323028,69.14862795336674,67.45592859119795,163280.1874403525,50596.645989665965
C_be0.70_average_plus_grid_loss_ep1.25_gp1.25_lf0.50_life25_dr0.03,0.7,average_plus_grid_loss,427.6959388050314,1.25,1.25,0.5,25,0.03,281.41956019561877,137.96643187259076,143.453128323028,72.65500133931684,67.45592859119795,396531.1306986362,50596.645989665965
C_be0.70_average_plus_grid_loss_ep1.25_gp1.25_lf0.50_life25_dr0.05,0.7,average_plus_grid_loss,427.6959388050314,1.25,1.25,0.5,25,0.05,281.41956019561877,137.96643187259076,143.453128323028,76.59991318064296,67.45592859119795,564471.6761938566,50596.645989665965
C_be0.70_average_plus_grid_loss_ep1.25_gp1.25_lf0.50_life25_dr0.07,0.7,average_plus_grid_loss,427.6959388050314,1.25,1.25,0.5,25,0.07,281.41956019561877,137.96643187259076,143.453128323028,80.93377858664944,67.45592859119795,687945.7774187704,50596.645989665965
C_be0.70_average_plus_grid_loss_ep1.25_gp1.25_lf0.50_life40_dr0.01,0.7,average_plus_grid_loss,427.6959388050314,1.25,1.25,0.5,40,0.01,281.41956019561877,137.96643187259076,143.453128323028,69.14862795336674,67.45592859119795,163280.1874403525,50596.645989665965
C_be0.70_average_plus_grid_loss_ep1.25_gp1.25_lf0.50_life40_dr0.03,0.7,average_plus_grid_loss,427.6959388050314,1.25,1.25,0.5,40,0.03,281.41956019561877,137.96643187259076,143.453128323028,72.65500133931684,67.45592859119795,396531.1306986362,50596.645989665965
C_be0.70_average_plus_grid_loss_ep1.25_gp1.25_lf0.50_life40_dr0.05,0.7,average_plus_grid_loss,427.6959388050314,1.25,1.25,0.5,40,0.05,281.41956019561877,137.96643187259076,143.453128323028,76.59991318064296,67.45592859119795,564471.6761938566,50596.645989665965
C_be0.70_average_plus_grid_loss_ep1.25_gp1.25_lf0.50_life40_dr0.07,0.7,average_plus_grid_loss,427.6959388050314,1.25,1.25,0.5,40,0.07,281.41956019561877,137.96643187259076,143.453128323028,80.93377858664944,67.45592859119795,687945.7774187704,50596.645989665965
C_be0.70_average_plus_grid_loss_ep1.25_gp1.25_lf0.75_life15_dr0.01,0.7,average_plus_grid_loss,427.6959388050314,1.25,1.25,0.75,15,0.01,281.41956019561877,137.96643187259076,143.453128323028,72.15621937702487,67.45592859119795,680095.0993010271,77097.21817946987
C_be0.70_average_plus_grid_loss_ep1.25_gp1.25_lf0.75_life15_dr0.03,0.7,average_plus_grid_loss,427.6959388050314,1.25,1.25,0.75,15,0.03,281.41956019561877,137.96643187259076,143.453128323028,74.0562130741532,67.45592859119795,755101.4562854087,77097.21817946987
C_be0.70_average_plus_grid_loss_ep1.25_gp1.25_lf0.75_life15_dr0.05,0.7,average_plus_grid_loss,427.6959388050314,1.25,1.25,0.75,15,0.05,281.41956019561877,137.96643187259076,143.453128323028,76.15501242409009,67.45592859119795,805510.9429271575,77097.21817946987
C_be0.70_average_plus_grid_loss_ep1.25_gp1.25_lf0.75_life15_dr0.07,0.7,average_plus_grid_loss,427.6959388050314,1.25,1.25,0.75,15,0.07,281.41956019561877,137.96643187259076,143.453128323028,78.45550750219124,67.45592859119795,842172.2160162199,77097.21817946987
C_be0.70_average_plus_grid_loss_ep1.25_gp1.25_lf0.75_life25_dr0.01,0.7,average_plus_grid_loss,427.6959388050314,1.25,1.25,0.75,25,0.01,281.41956019561877,137.96643187259076,143.453128323028,64.5508222010146,67.45592859119795,-420346.0400512628,77097.21817946987
C_be0.70_average_plus_grid_loss_ep1.25_gp1.25_lf0.75_life25_dr0.03,0.7,average_plus_grid_loss,427.6959388050314,1.25,1.25,0.75,25,0.03,281.41956019561877,137.96643187259076,143.453128323028,66.88840445831468,67.45592859119795,-64927.24674579408,77097.21817946987
C_be0.70_average_plus_grid_loss_ep1.25_gp1.25_lf0.75_life25_dr0.05,0.7,average_plus_grid_loss,427.6959388050314,1.25,1.25,0.75,25,0.05,281.41956019561877,137.96643187259076,143.453128323028,69.51834568586541,67.45592859119795,190974.0807822924,77097.21817946987
C_be0.70_average_plus_grid_loss_ep1.25_gp1.25_lf0.75_life25_dr0.07,0.7,average_plus_grid_loss,427.6959388050314,1.25,1.25,0.75,25,0.07,281.41956019561877,137.96643187259076,143.453128323028,72.40758928986973,67.45592859119795,379119.15513357334,77097.21817946987
C_be0.70_average_plus_grid_loss_ep1.25_gp1.25_lf0.75_life40_dr0.01,0.7,average_plus_grid_loss,427.6959388050314,1.25,1.25,0.75,40,0.01,281.41956019561877,137.96643187259076,143.453128323028,64.5508222010146,67.45592859119795,-420346.0400512628,77097.21817946987
C_be0.70_average_plus_grid_loss_ep1.25_gp1.25_lf0.75_life40_dr0.03,0.7,average_plus_grid_loss,427.6959388050314,1.25,1.25,0.75,40,0.03,281.41956019561877,137.96643187259076,143.453128323028,66.88840445831468,67.45592859119795,-64927.24674579408,77097.21817946987
C_be0.70_average_plus_grid_loss_ep1.25_gp1.25_lf0.75_life40_dr0.05,0.7,average_plus_grid_loss,427.6959388050314,1.25,1.25,0.75,40,0.05,281.41956019561877,137.96643187259076,143.453128323028,69.51834568586541,67.45592859119795,190974.0807822924,77097.21817946987
C_be0.70_average_plus_grid_loss_ep1.25_gp1.25_lf0.75_life40_dr0.07,0.7,average_plus_grid_loss,427.6959388050314,1.25,1.25,0.75,40,0.07,281.41956019561877,137.96643187259076,143.453128323028,72.40758928986973,67.45592859119795,379119.15513357334,77097.21817946987
C_be0.70_average_plus_grid_loss_ep1.25_gp1.25_lf0.95_life15_dr0.01,0.7,average_plus_grid_loss,427.6959388050314,1.25,1.25,0.95,15,0.01,281.41956019561877,137.96643187259076,143.453128323028,68.61916491792711,67.45592859119795,213194.11730773747,98297.6759313129
C_be0.70_average_plus_grid_loss_ep1.25_gp1.25_lf0.95_life15_dr0.03,0.7,average_plus_grid_loss,427.6959388050314,1.25,1.25,0.95,15,0.03,281.41956019561877,137.96643187259076,143.453128323028,70.11915994197578,67.45592859119795,385934.7543298658,98297.6759313129
C_be0.70_average_plus_grid_loss_ep1.25_gp1.25_lf0.95_life15_dr0.05,0.7,average_plus_grid_loss,427.6959388050314,1.25,1.25,0.95,15,0.05,281.41956019561877,137.96643187259076,143.453128323028,71.7761067971891,67.45592859119795,506712.86659790855,98297.6759313129
C_be0.70_average_plus_grid_loss_ep1.25_gp1.25_lf0.95_life15_dr0.07,0.7,average_plus_grid_loss,427.6959388050314,1.25,1.25,0.95,15,0.07,281.41956019561877,137.96643187259076,143.453128323028,73.59228712200579,67.45592859119795,595110.9181880625,98297.6759313129
C_be0.70_average_plus_grid_loss_ep1.25_gp1.25_lf0.95_life25_dr0.01,0.7,average_plus_grid_loss,427.6959388050314,1.25,1.25,0.95,25,0.01,281.41956019561877,137.96643187259076,143.453128323028,62.61490398949793,67.45592859119795,-887247.0220445544,98297.6759313129
C_be0.70_average_plus_grid_loss_ep1.25_gp1.25_lf0.95_life25_dr0.03,0.7,average_plus_grid_loss,427.6959388050314,1.25,1.25,0.95,25,0.03,281.41956019561877,137.96643187259076,143.453128323028,64.46036366631378,67.45592859119795,-434093.948701337,98297.6759313129
C_be0.70_average_plus_grid_loss_ep1.25_gp1.25_lf0.95_life25_dr0.05,0.7,average_plus_grid_loss,427.6959388050314,1.25,1.25,0.95,25,0.05,281.41956019561877,137.96643187259076,143.453128323028,66.53663305648541,67.45592859119795,-107823.99554695655,98297.6759313129
C_be0.70_average_plus_grid_loss_ep1.25_gp1.25_lf0.95_life25_dr0.07,0.7,average_plus_grid_loss,427.6959388050314,1.25,1.25,0.95,25,0.07,281.41956019561877,137.96643187259076,143.453128323028,68.8176148491204,67.45592859119795,132057.8573054159,98297.6759313129
C_be0.70_average_plus_grid_loss_ep1.25_gp1.25_lf0.95_life40_dr0.01,0.7,average_plus_grid_loss,427.6959388050314,1.25,1.25,0.95,40,0.01,281.41956019561877,137.96643187259076,143.453128323028,62.61490398949793,67.45592859119795,-887247.0220445544,98297.6759313129
C_be0.70_average_plus_grid_loss_ep1.25_gp1.25_lf0.95_life40_dr0.03,0.7,average_plus_grid_loss,427.6959388050314,1.25,1.25,0.95,40,0.03,281.41956019561877,137.96643187259076,143.453128323028,64.46036366631378,67.45592859119795,-434093.948701337,98297.6759313129
C_be0.70_average_plus_grid_loss_ep1.25_gp1.25_lf0.95_life40_dr0.05,0.7,average_plus_grid_loss,427.6959388050314,1.25,1.25,0.95,40,0.05,281.41956019561877,137.96643187259076,143.453128323028,66.53663305648541,67.45592859119795,-107823.99554695655,98297.6759313129
C_be0.70_average_plus_grid_loss_ep1.25_gp1.25_lf0.95_life40_dr0.07,0.7,average_plus_grid_loss,427.6959388050314,1.25,1.25,0.95,40,0.07,281.41956019561877,137.96643187259076,143.453128323028,68.8176148491204,67.45592859119795,132057.8573054159,98297.6759313129
C_be0.70_nonbaseload_proxy_ep0.75_gp0.75_lf0.25_life15_dr0.01,0.7,nonbaseload_proxy,760.2244408589601,0.75,0.75,0.25,15,0.01,281.41956019561877,245.23369059966453,36.185869595954244,85.00452925992978,40.47355715471877,2147760.445459093,10455.2997319407
C_be0.70_nonbaseload_proxy_ep0.75_gp0.75_lf0.25_life15_dr0.03,0.7,nonbaseload_proxy,760.2244408589601,0.75,0.75,0.25,15,0.03,281.41956019561877,245.23369059966453,36.185869595954244,90.70451035131477,40.47355715471877,1915547.0246423408,10455.2997319407
C_be0.70_nonbaseload_proxy_ep0.75_gp0.75_lf0.25_life15_dr0.05,0.7,nonbaseload_proxy,760.2244408589601,0.75,0.75,0.25,15,0.05,281.41956019561877,245.23369059966453,36.185869595954244,97.0009084011254,40.47355715471877,1744758.4473015103,10455.2997319407
C_be0.70_nonbaseload_proxy_ep0.75_gp0.75_lf0.25_life15_dr0.07,0.7,nonbaseload_proxy,760.2244408589601,0.75,0.75,0.25,15,0.07,281.41956019561877,245.23369059966453,36.185869595954244,103.90239363542885,40.47355715471877,1618789.3558029016,10455.2997319407
C_be0.70_nonbaseload_proxy_ep0.75_gp0.75_lf0.25_life25_dr0.01,0.7,nonbaseload_proxy,760.2244408589601,0.75,0.75,0.25,25,0.01,281.41956019561877,245.23369059966453,36.185869595954244,62.18833773189895,40.47355715471877,1047319.3061068018,10455.2997319407
C_be0.70_nonbaseload_proxy_ep0.75_gp0.75_lf0.25_life25_dr0.03,0.7,nonbaseload_proxy,760.2244408589601,0.75,0.75,0.25,25,0.03,281.41956019561877,245.23369059966453,36.185869595954244,69.20108450379917,40.47355715471877,1095518.3216111371,10455.2997319407
C_be0.70_nonbaseload_proxy_ep0.75_gp0.75_lf0.25_life25_dr0.05,0.7,nonbaseload_proxy,760.2244408589601,0.75,0.75,0.25,25,0.05,281.41956019561877,245.23369059966453,36.185869595954244,77.0909081864514,40.47355715471877,1130221.5851566452,10455.2997319407
C_be0.70_nonbaseload_proxy_ep0.75_gp0.75_lf0.25_life25_dr0.07,0.7,nonbaseload_proxy,760.2244408589601,0.75,0.75,0.25,25,0.07,281.41956019561877,245.23369059966453,36.185869595954244,85.75863899846435,40.47355715471877,1155736.294920255,10455.2997319407
C_be0.70_nonbaseload_proxy_ep0.75_gp0.75_lf0.25_life40_dr0.01,0.7,nonbaseload_proxy,760.2244408589601,0.75,0.75,0.25,40,0.01,281.41956019561877,245.23369059966453,36.185869595954244,62.18833773189895,40.47355715471877,1047319.3061068018,10455.2997319407
C_be0.70_nonbaseload_proxy_ep0.75_gp0.75_lf0.25_life40_dr0.03,0.7,nonbaseload_proxy,760.2244408589601,0.75,0.75,0.25,40,0.03,281.41956019561877,245.23369059966453,36.185869595954244,69.20108450379917,40.47355715471877,1095518.3216111371,10455.2997319407
C_be0.70_nonbaseload_proxy_ep0.75_gp0.75_lf0.25_life40_dr0.05,0.7,nonbaseload_proxy,760.2244408589601,0.75,0.75,0.25,40,0.05,281.41956019561877,245.23369059966453,36.185869595954244,77.0909081864514,40.47355715471877,1130221.5851566452,10455.2997319407
C_be0.70_nonbaseload_proxy_ep0.75_gp0.75_lf0.25_life40_dr0.07,0.7,nonbaseload_proxy,760.2244408589601,0.75,0.75,0.25,40,0.07,281.41956019561877,245.23369059966453,36.185869595954244,85.75863899846435,40.47355715471877,1155736.294920255,10455.2997319407
C_be0.70_nonbaseload_proxy_ep0.75_gp0.75_lf0.50_life15_dr0.01,0.7,nonbaseload_proxy,760.2244408589601,0.75,0.75,0.5,15,0.01,281.41956019561877,245.23369059966453,36.185869595954244,59.80301623885801,40.47355715471877,1864547.109142318,23315.097853822983
C_be0.70_nonbaseload_proxy_ep0.75_gp0.75_lf0.50_life15_dr0.03,0.7,nonbaseload_proxy,760.2244408589601,0.75,0.75,0.5,15,0.03,281.41956019561877,245.23369059966453,36.185869595954244,62.6530067845505,40.47355715471877,1691617.460665985,23315.097853822983
C_be0.70_nonbaseload_proxy_ep0.75_gp0.75_lf0.50_life15_dr0.05,0.7,nonbaseload_proxy,760.2244408589601,0.75,0.75,0.5,15,0.05,281.41956019561877,245.23369059966453,36.185869595954244,65.80120580945582,40.47355715471877,1563513.165441175,23315.097853822983
C_be0.70_nonbaseload_proxy_ep0.75_gp0.75_lf0.50_life15_dr0.07,0.7,nonbaseload_proxy,760.2244408589601,0.75,0.75,0.5,15,0.07,281.41956019561877,245.23369059966453,36.185869595954244,69.25194842660754,40.47355715471877,1468926.6287339956,23315.097853822983
C_be0.70_nonbaseload_proxy_ep0.75_gp0.75_lf0.50_life25_dr0.01,0.7,nonbaseload_proxy,760.2244408589601,0.75,0.75,0.5,25,0.01,281.41956019561877,245.23369059966453,36.185869595954244,48.39492047484258,40.47355715471877,764105.9697900261,23315.097853822983
C_be0.70_nonbaseload_proxy_ep0.75_gp0.75_lf0.50_life25_dr0.03,0.7,nonbaseload_proxy,760.2244408589601,0.75,0.75,0.5,25,0.03,281.41956019561877,245.23369059966453,36.185869595954244,51.9012938607927,40.47355715471877,871588.7576347813,23315.097853822983
C_be0.70_nonbaseload_proxy_ep0.75_gp0.75_lf0.50_life25_dr0.05,0.7,nonbaseload_proxy,760.2244408589601,0.75,0.75,0.5,25,0.05,281.41956019561877,245.23369059966453,36.185869595954244,55.84620570211881,40.47355715471877,948976.3032963099,23315.097853822983
C_be0.70_nonbaseload_proxy_ep0.75_gp0.75_lf0.50_life25_dr0.07,0.7,nonbaseload_proxy,760.2244408589601,0.75,0.75,0.5,25,0.07,281.41956019561877,245.23369059966453,36.185869595954244,60.18007110812529,40.47355715471877,1005873.567851349,23315.097853822983
C_be0.70_nonbaseload_proxy_ep0.75_gp0.75_lf0.50_life40_dr0.01,0.7,nonbaseload_proxy,760.2244408589601,0.75,0.75,0.5,40,0.01,281.41956019561877,245.23369059966453,36.185869595954244,48.39492047484258,40.47355715471877,764105.9697900261,23315.097853822983
C_be0.70_nonbaseload_proxy_ep0.75_gp0.75_lf0.50_life40_dr0.03,0.7,nonbaseload_proxy,760.2244408589601,0.75,0.75,0.5,40,0.03,281.41956019561877,245.23369059966453,36.185869595954244,51.9012938607927,40.47355715471877,871588.7576347813,23315.097853822983
C_be0.70_nonbaseload_proxy_ep0.75_gp0.75_lf0.50_life40_dr0.05,0.7,nonbaseload_proxy,760.2244408589601,0.75,0.75,0.5,40,0.05,281.41956019561877,245.23369059966453,36.185869595954244,55.84620570211881,40.47355715471877,948976.3032963099,23315.097853822983
C_be0.70_nonbaseload_proxy_ep0.75_gp0.75_lf0.50_life40_dr0.07,0.7,nonbaseload_proxy,760.2244408589601,0.75,0.75,0.5,40,0.07,281.41956019561877,245.23369059966453,36.185869595954244,60.18007110812529,40.47355715471877,1005873.567851349,23315.097853822983
C_be0.70_nonbaseload_proxy_ep0.75_gp0.75_lf0.75_life15_dr0.01,0.7,nonbaseload_proxy,760.2244408589601,0.75,0.75,0.75,15,0.01,281.41956019561877,245.23369059966453,36.185869595954244,51.40251189850074,40.47355715471877,1581333.7728255428,36174.895975705236
C_be0.70_nonbaseload_proxy_ep0.75_gp0.75_lf0.75_life15_dr0.03,0.7,nonbaseload_proxy,760.2244408589601,0.75,0.75,0.75,15,0.03,281.41956019561877,245.23369059966453,36.185869595954244,53.30250559562907,40.47355715471877,1467687.8966896283,36174.895975705236
C_be0.70_nonbaseload_proxy_ep0.75_gp0.75_lf0.75_life15_dr0.05,0.7,nonbaseload_proxy,760.2244408589601,0.75,0.75,0.75,15,0.05,281.41956019561877,245.23369059966453,36.185869595954244,55.401304945565954,40.47355715471877,1382267.8835808397,36174.895975705236
C_be0.70_nonbaseload_proxy_ep0.75_gp0.75_lf0.75_life15_dr0.07,0.7,nonbaseload_proxy,760.2244408589601,0.75,0.75,0.75,15,0.07,281.41956019561877,245.23369059966453,36.185869595954244,57.7018000236671,40.47355715471877,1319063.9016650901,36174.895975705236
C_be0.70_nonbaseload_proxy_ep0.75_gp0.75_lf0.75_life25_dr0.01,0.7,nonbaseload_proxy,760.2244408589601,0.75,0.75,0.75,25,0.01,281.41956019561877,245.23369059966453,36.185869595954244,43.79711472249046,40.47355715471877,480892.63347325195,36174.895975705236
C_be0.70_nonbaseload_proxy_ep0.75_gp0.75_lf0.75_life25_dr0.03,0.7,nonbaseload_proxy,760.2244408589601,0.75,0.75,0.75,25,0.03,281.41956019561877,245.23369059966453,36.185869595954244,46.13469697979054,40.47355715471877,647659.1936584255,36174.895975705236
C_be0.70_nonbaseload_proxy_ep0.75_gp0.75_lf0.75_life25_dr0.05,0.7,nonbaseload_proxy,760.2244408589601,0.75,0.75,0.75,25,0.05,281.41956019561877,245.23369059966453,36.185869595954244,48.764638207341285,40.47355715471877,767731.0214359746,36174.895975705236
C_be0.70_nonbaseload_proxy_ep0.75_gp0.75_lf0.75_life25_dr0.07,0.7,nonbaseload_proxy,760.2244408589601,0.75,0.75,0.75,25,0.07,281.41956019561877,245.23369059966453,36.185869595954244,51.6538818113456,40.47355715471877,856010.8407824435,36174.895975705236
C_be0.70_nonbaseload_proxy_ep0.75_gp0.75_lf0.75_life40_dr0.01,0.7,nonbaseload_proxy,760.2244408589601,0.75,0.75,0.75,40,0.01,281.41956019561877,245.23369059966453,36.185869595954244,43.79711472249046,40.47355715471877,480892.63347325195,36174.895975705236
C_be0.70_nonbaseload_proxy_ep0.75_gp0.75_lf0.75_life40_dr0.03,0.7,nonbaseload_proxy,760.2244408589601,0.75,0.75,0.75,40,0.03,281.41956019561877,245.23369059966453,36.185869595954244,46.13469697979054,40.47355715471877,647659.1936584255,36174.895975705236
C_be0.70_nonbaseload_proxy_ep0.75_gp0.75_lf0.75_life40_dr0.05,0.7,nonbaseload_proxy,760.2244408589601,0.75,0.75,0.75,40,0.05,281.41956019561877,245.23369059966453,36.185869595954244,48.764638207341285,40.47355715471877,767731.0214359746,36174.895975705236
C_be0.70_nonbaseload_proxy_ep0.75_gp0.75_lf0.75_life40_dr0.07,0.7,nonbaseload_proxy,760.2244408589601,0.75,0.75,0.75,40,0.07,281.41956019561877,245.23369059966453,36.185869595954244,51.6538818113456,40.47355715471877,856010.8407824435,36174.895975705236
C_be0.70_nonbaseload_proxy_ep0.75_gp0.75_lf0.95_life15_dr0.01,0.7,nonbaseload_proxy,760.2244408589601,0.75,0.75,0.95,15,0.01,281.41956019561877,245.23369059966453,36.185869595954244,47.865457439402945,40.47355715471877,1354763.1037721206,46462.73447321111
C_be0.70_nonbaseload_proxy_ep0.75_gp0.75_lf0.95_life15_dr0.03,0.7,nonbaseload_proxy,760.2244408589601,0.75,0.75,0.95,15,0.03,281.41956019561877,245.23369059966453,36.185869595954244,49.36545246345163,40.47355715471877,1288544.2455085441,46462.73447321111
C_be0.70_nonbaseload_proxy_ep0.75_gp0.75_lf0.95_life15_dr0.05,0.7,nonbaseload_proxy,760.2244408589601,0.75,0.75,0.95,15,0.05,281.41956019561877,245.23369059966453,36.185869595954244,51.02239931866496,40.47355715471877,1237271.6580925714,46462.73447321111
C_be0.70_nonbaseload_proxy_ep0.75_gp0.75_lf0.95_life15_dr0.07,0.7,nonbaseload_proxy,760.2244408589601,0.75,0.75,0.95,15,0.07,281.41956019561877,245.23369059966453,36.185869595954244,52.83857964348165,40.47355715471877,1199173.7200099644,46462.73447321111
C_be0.70_nonbaseload_proxy_ep0.75_gp0.75_lf0.95_life25_dr0.01,0.7,nonbaseload_proxy,760.2244408589601,0.75,0.75,0.95,25,0.01,281.41956019561877,245.23369059966453,36.185869595954244,41.861196510973784,40.47355715471877,254321.9644198306,46462.73447321111
C_be0.70_nonbaseload_proxy_ep0.75_gp0.75_lf0.95_life25_dr0.03,0.7,nonbaseload_proxy,760.2244408589601,0.75,0.75,0.95,25,0.03,281.41956019561877,245.23369059966453,36.185869595954244,43.70665618778963,40.47355715471877,468515.54247734044,46462.73447321111
C_be0.70_nonbaseload_proxy_ep0.75_gp0.75_lf0.95_life25_dr0.05,0.7,nonbaseload_proxy,760.2244408589601,0.75,0.75,0.95,25,0.05,281.41956019561877,245.23369059966453,36.185869595954244,45.78292557796127,40.47355715471877,622734.7959477063,46462.73447321111
C_be0.70_nonbaseload_proxy_ep0.75_gp0.75_lf0.95_life25_dr0.07,0.7,nonbaseload_proxy,760.2244408589601,0.75,0.75,0.95,25,0.07,281.41956019561877,245.23369059966453,36.185869595954244,48.063907370596255,40.47355715471877,736120.6591273178,46462.73447321111
C_be0.70_nonbaseload_proxy_ep0.75_gp0.75_lf0.95_life40_dr0.01,0.7,nonbaseload_proxy,760.2244408589601,0.75,0.75,0.95,40,0.01,281.41956019561877,245.23369059966453,36.185869595954244,41.861196510973784,40.47355715471877,254321.9644198306,46462.73447321111
C_be0.70_nonbaseload_proxy_ep0.75_gp0.75_lf0.95_life40_dr0.03,0.7,nonbaseload_proxy,760.2244408589601,0.75,0.75,0.95,40,0.03,281.41956019561877,245.23369059966453,36.185869595954244,43.70665618778963,40.47355715471877,468515.54247734044,46462.73447321111
C_be0.70_nonbaseload_proxy_ep0.75_gp0.75_lf0.95_life40_dr0.05,0.7,nonbaseload_proxy,760.2244408589601,0.75,0.75,0.95,40,0.05,281.41956019561877,245.23369059966453,36.185869595954244,45.78292557796127,40.47355715471877,622734.7959477063,46462.73447321111
C_be0.70_nonbaseload_proxy_ep0.75_gp0.75_lf0.95_life40_dr0.07,0.7,nonbaseload_proxy,760.2244408589601,0.75,0.75,0.95,40,0.07,281.41956019561877,245.23369059966453,36.185869595954244,48.063907370596255,40.47355715471877,736120.6591273178,46462.73447321111
C_be0.70_nonbaseload_proxy_ep0.75_gp1.00_lf0.25_life15_dr0.01,0.7,nonbaseload_proxy,760.2244408589601,0.75,1.0,0.25,15,0.01,281.41956019561877,245.23369059966453,36.185869595954244,85.00452925992978,53.96474287295836,1497070.9662463348,40000.996454885404
C_be0.70_nonbaseload_proxy_ep0.75_gp1.00_lf0.25_life15_dr0.03,0.7,nonbaseload_proxy,760.2244408589601,0.75,1.0,0.25,15,0.03,281.41956019561877,245.23369059966453,36.185869595954244,90.70451035131477,53.96474287295836,1401063.4439639954,40000.996454885404
C_be0.70_nonbaseload_proxy_ep0.75_gp1.00_lf0.25_life15_dr0.05,0.7,nonbaseload_proxy,760.2244408589601,0.75,1.0,0.25,15,0.05,281.41956019561877,245.23369059966453,36.185869595954244,97.0009084011254,53.96474287295836,1328343.035523157,40000.996454885404
C_be0.70_nonbaseload_proxy_ep0.75_gp1.00_lf0.25_life15_dr0.07,0.7,nonbaseload_proxy,760.2244408589601,0.75,1.0,0.25,15,0.07,281.41956019561877,245.23369059966453,36.185869595954244,103.90239363542885,53.96474287295836,1274476.1214826072,40000.996454885404
C_be0.70_nonbaseload_proxy_ep0.75_gp1.00_lf0.25_life25_dr0.01,0.7,nonbaseload_proxy,760.2244408589601,0.75,1.0,0.25,25,0.01,281.41956019561877,245.23369059966453,36.185869595954244,62.18833773189895,53.96474287295836,396629.82689404394,40000.996454885404
C_be0.70_nonbaseload_proxy_ep0.75_gp1.00_lf0.25_life25_dr0.03,0.7,nonbaseload_proxy,760.2244408589601,0.75,1.0,0.25,25,0.03,281.41956019561877,245.23369059966453,36.185869595954244,69.20108450379917,53.96474287295836,581034.7409327917,40000.996454885404
C_be0.70_nonbaseload_proxy_ep0.75_gp1.00_lf0.25_life25_dr0.05,0.7,nonbaseload_proxy,760.2244408589601,0.75,1.0,0.25,25,0.05,281.41956019561877,245.23369059966453,36.185869595954244,77.0909081864514,53.96474287295836,713806.173378292,40000.996454885404
C_be0.70_nonbaseload_proxy_ep0.75_gp1.00_lf0.25_life25_dr0.07,0.7,nonbaseload_proxy,760.2244408589601,0.75,1.0,0.25,25,0.07,281.41956019561877,245.23369059966453,36.185869595954244,85.75863899846435,53.96474287295836,811423.0605999606,40000.996454885404
C_be0.70_nonbaseload_proxy_ep0.75_gp1.00_lf0.25_life40_dr0.01,0.7,nonbaseload_proxy,760.2244408589601,0.75,1.0,0.25,40,0.01,281.41956019561877,245.23369059966453,36.185869595954244,62.18833773189895,53.96474287295836,396629.82689404394,40000.996454885404
C_be0.70_nonbaseload_proxy_ep0.75_gp1.00_lf0.25_life40_dr0.03,0.7,nonbaseload_proxy,760.2244408589601,0.75,1.0,0.25,40,0.03,281.41956019561877,245.23369059966453,36.185869595954244,69.20108450379917,53.96474287295836,581034.7409327917,40000.996454885404
C_be0.70_nonbaseload_proxy_ep0.75_gp1.00_lf0.25_life40_dr0.05,0.7,nonbaseload_proxy,760.2244408589601,0.75,1.0,0.25,40,0.05,281.41956019561877,245.23369059966453,36.185869595954244,77.0909081864514,53.96474287295836,713806.173378292,40000.996454885404
C_be0.70_nonbaseload_proxy_ep0.75_gp1.00_lf0.25_life40_dr0.07,0.7,nonbaseload_proxy,760.2244408589601,0.75,1.0,0.25,40,0.07,281.41956019561877,245.23369059966453,36.185869595954244,85.75863899846435,53.96474287295836,811423.0605999606,40000.996454885404
C_be0.70_nonbaseload_proxy_ep0.75_gp1.00_lf0.50_life15_dr0.01,0.7,nonbaseload_proxy,760.2244408589601,0.75,1.0,0.5,15,0.01,281.41956019561877,245.23369059966453,36.185869595954244,59.80301623885801,53.96474287295836,563168.1507168021,82406.49129971239
C_be0.70_nonbaseload_proxy_ep0.75_gp1.00_lf0.50_life15_dr0.03,0.7,nonbaseload_proxy,760.2244408589601,0.75,1.0,0.5,15,0.03,281.41956019561877,245.23369059966453,36.185869595954244,62.6530067845505,53.96474287295836,662650.2993092942,82406.49129971239
C_be0.70_nonbaseload_proxy_ep0.75_gp1.00_lf0.50_life15_dr0.05,0.7,nonbaseload_proxy,760.2244408589601,0.75,1.0,0.5,15,0.05,281.41956019561877,245.23369059966453,36.185869595954244,65.80120580945582,53.96474287295836,730682.3418844687,82406.49129971239
C_be0.70_nonbaseload_proxy_ep0.75_gp1.00_lf0.50_life15_dr0.07,0.7,nonbaseload_proxy,760.2244408589601,0.75,1.0,0.5,15,0.07,281.41956019561877,245.23369059966453,36.185869595954244,69.25194842660754,53.96474287295836,780300.1600934067,82406.49129971239
C_be0.70_nonbaseload_proxy_ep0.75_gp1.00_lf0.50_life25_dr0.01,0.7,nonbaseload_proxy,760.2244408589601,0.75,1.0,0.5,25,0.01,281.41956019561877,245.23369059966453,36.185869595954244,48.39492047484258,53.96474287295836,-537272.9886354897,82406.49129971239
C_be0.70_nonbaseload_proxy_ep0.75_gp1.00_lf0.50_life25_dr0.03,0.7,nonbaseload_proxy,760.2244408589601,0.75,1.0,0.5,25,0.03,281.41956019561877,245.23369059966453,36.185869595954244,51.9012938607927,53.96474287295836,-157378.4037219095,82406.49129971239
C_be0.70_nonbaseload_proxy_ep0.75_gp1.00_lf0.50_life25_dr0.05,0.7,nonbaseload_proxy,760.2244408589601,0.75,1.0,0.5,25,0.05,281.41956019561877,245.23369059966453,36.185869595954244,55.84620570211881,53.96474287295836,116145.47973960359,82406.49129971239
C_be0.70_nonbaseload_proxy_ep0.75_gp1.00_lf0.50_life25_dr0.07,0.7,nonbaseload_proxy,760.2244408589601,0.75,1.0,0.5,25,0.07,281.41956019561877,245.23369059966453,36.185869595954244,60.18007110812529,53.96474287295836,317247.0992107601,82406.49129971239
C_be0.70_nonbaseload_proxy_ep0.75_gp1.00_lf0.50_life40_dr0.01,0.7,nonbaseload_proxy,760.2244408589601,0.75,1.0,0.5,40,0.01,281.41956019561877,245.23369059966453,36.185869595954244,48.39492047484258,53.96474287295836,-537272.9886354897,82406.49129971239
C_be0.70_nonbaseload_proxy_ep0.75_gp1.00_lf0.50_life40_dr0.03,0.7,nonbaseload_proxy,760.2244408589601,0.75,1.0,0.5,40,0.03,281.41956019561877,245.23369059966453,36.185869595954244,51.9012938607927,53.96474287295836,-157378.4037219095,82406.49129971239
C_be0.70_nonbaseload_proxy_ep0.75_gp1.00_lf0.50_life40_dr0.05,0.7,nonbaseload_proxy,760.2244408589601,0.75,1.0,0.5,40,0.05,281.41956019561877,245.23369059966453,36.185869595954244,55.84620570211881,53.96474287295836,116145.47973960359,82406.49129971239
C_be0.70_nonbaseload_proxy_ep0.75_gp1.00_lf0.50_life40_dr0.07,0.7,nonbaseload_proxy,760.2244408589601,0.75,1.0,0.5,40,0.07,281.41956019561877,245.23369059966453,36.185869595954244,60.18007110812529,53.96474287295836,317247.0992107601,82406.49129971239
C_be0.70_nonbaseload_proxy_ep0.75_gp1.00_lf0.75_life15_dr0.01,0.7,nonbaseload_proxy,760.2244408589601,0.75,1.0,0.75,15,0.01,281.41956019561877,245.23369059966453,36.185869595954244,51.40251189850074,53.96474287295836,-370734.6648127325,124811.98614453938
C_be0.70_nonbaseload_proxy_ep0.75_gp1.00_lf0.75_life15_dr0.03,0.7,nonbaseload_proxy,760.2244408589601,0.75,1.0,0.75,15,0.03,281.41956019561877,245.23369059966453,36.185869595954244,53.30250559562907,53.96474287295836,-75762.84534540772,124811.98614453938
C_be0.70_nonbaseload_proxy_ep0.75_gp1.00_lf0.75_life15_dr0.05,0.7,nonbaseload_proxy,760.2244408589601,0.75,1.0,0.75,15,0.05,281.41956019561877,245.23369059966453,36.185869595954244,55.401304945565954,53.96474287295836,133021.64824578073,124811.98614453938
C_be0.70_nonbaseload_proxy_ep0.75_gp1.00_lf0.75_life15_dr0.07,0.7,nonbaseload_proxy,760.2244408589601,0.75,1.0,0.75,15,0.07,281.41956019561877,245.23369059966453,36.185869595954244,57.7018000236671,53.96474287295836,286124.1987042059,124811.98614453938
C_be0.70_nonbaseload_proxy_ep0.75_gp1.00_lf0.75_life25_dr0.01,0.7,nonbaseload_proxy,760.2244408589601,0.75,1.0,0.75,25,0.01,281.41956019561877,245.23369059966453,36.185869595954244,43.79711472249046,53.96474287295836,-1471175.8041650234,124811.98614453938
C_be0.70_nonbaseload_proxy_ep0.75_gp1.00_lf0.75_life25_dr0.03,0.7,nonbaseload_proxy,760.2244408589601,0.75,1.0,0.75,25,0.03,281.41956019561877,245.23369059966453,36.185869595954244,46.13469697979054,53.96474287295836,-895791.5483766105,124811.98614453938
C_be0.70_nonbaseload_proxy_ep0.75_gp1.00_lf0.75_life25_dr0.05,0.7,nonbaseload_proxy,760.2244408589601,0.75,1.0,0.75,25,0.05,281.41956019561877,245.23369059966453,36.185869595954244,48.764638207341285,53.96474287295836,-481515.21389908437,124811.98614453938
C_be0.70_nonbaseload_proxy_ep0.75_gp1.00_lf0.75_life25_dr0.07,0.7,nonbaseload_proxy,760.2244408589601,0.75,1.0,0.75,25,0.07,281.41956019561877,245.23369059966453,36.185869595954244,51.6538818113456,53.96474287295836,-176928.86217844067,124811.98614453938
C_be0.70_nonbaseload_proxy_ep0.75_gp1.00_lf0.75_life40_dr0.01,0.7,nonbaseload_proxy,760.2244408589601,0.75,1.0,0.75,40,0.01,281.41956019561877,245.23369059966453,36.185869595954244,43.79711472249046,53.96474287295836,-1471175.8041650234,124811.98614453938
C_be0.70_nonbaseload_proxy_ep0.75_gp1.00_lf0.75_life40_dr0.03,0.7,nonbaseload_proxy,760.2244408589601,0.75,1.0,0.75,40,0.03,281.41956019561877,245.23369059966453,36.185869595954244,46.13469697979054,53.96474287295836,-895791.5483766105,124811.98614453938
C_be0.70_nonbaseload_proxy_ep0.75_gp1.00_lf0.75_life40_dr0.05,0.7,nonbaseload_proxy,760.2244408589601,0.75,1.0,0.75,40,0.05,281.41956019561877,245.23369059966453,36.185869595954244,48.764638207341285,53.96474287295836,-481515.21389908437,124811.98614453938
C_be0.70_nonbaseload_proxy_ep0.75_gp1.00_lf0.75_life40_dr0.07,0.7,nonbaseload_proxy,760.2244408589601,0.75,1.0,0.75,40,0.07,281.41956019561877,245.23369059966453,36.185869595954244,51.6538818113456,53.96474287295836,-176928.86217844067,124811.98614453938
C_be0.70_nonbaseload_proxy_ep0.75_gp1.00_lf0.95_life15_dr0.01,0.7,nonbaseload_proxy,760.2244408589601,0.75,1.0,0.95,15,0.01,281.41956019561877,245.23369059966453,36.185869595954244,47.865457439402945,53.96474287295836,-1117856.9172363617,158736.382020401
C_be0.70_nonbaseload_proxy_ep0.75_gp1.00_lf0.95_life15_dr0.03,0.7,nonbaseload_proxy,760.2244408589601,0.75,1.0,0.95,15,0.03,281.41956019561877,245.23369059966453,36.185869595954244,49.36545246345163,53.96474287295836,-666493.3610691689,158736.382020401
C_be0.70_nonbaseload_proxy_ep0.75_gp1.00_lf0.95_life15_dr0.05,0.7,nonbaseload_proxy,760.2244408589601,0.75,1.0,0.95,15,0.05,281.41956019561877,245.23369059966453,36.185869595954244,51.02239931866496,53.96474287295836,-345106.90666517057,158736.382020401
C_be0.70_nonbaseload_proxy_ep0.75_gp1.00_lf0.95_life15_dr0.07,0.7,nonbaseload_proxy,760.2244408589601,0.75,1.0,0.95,15,0.07,281.41956019561877,245.23369059966453,36.185869595954244,52.83857964348165,53.96474287295836,-109216.57040715497,158736.382020401
C_be0.70_nonbaseload_proxy_ep0.75_gp1.00_lf0.95_life25_dr0.01,0.7,nonbaseload_proxy,760.2244408589601,0.75,1.0,0.95,25,0.01,281.41956019561877,245.23369059966453,36.185869595954244,41.861196510973784,53.96474287295836,-2218298.0565886516,158736.382020401
C_be0.70_nonbaseload_proxy_ep0.75_gp1.00_lf0.95_life25_dr0.03,0.7,nonbaseload_proxy,760.2244408589601,0.75,1.0,0.95,25,0.03,281.41956019561877,245.23369059966453,36.185869595954244,43.70665618778963,53.96474287295836,-1486522.0641003726,158736.382020401
C_be0.70_nonbaseload_proxy_ep0.75_gp1.00_lf0.95_life25_dr0.05,0.7,nonbaseload_proxy,760.2244408589601,0.75,1.0,0.95,25,0.05,281.41956019561877,245.23369059966453,36.185869595954244,45.78292557796127,53.96474287295836,-959643.7688100357,158736.382020401
C_be0.70_nonbaseload_proxy_ep0.75_gp1.00_lf0.95_life25_dr0.07,0.7,nonbaseload_proxy,760.2244408589601,0.75,1.0,0.95,25,0.07,281.41956019561877,245.23369059966453,36.185869595954244,48.063907370596255,53.96474287295836,-572269.6312898016,158736.382020401
C_be0.70_nonbaseload_proxy_ep0.75_gp1.00_lf0.95_life40_dr0.01,0.7,nonbaseload_proxy,760.2244408589601,0.75,1.0,0.95,40,0.01,281.41956019561877,245.23369059966453,36.185869595954244,41.861196510973784,53.96474287295836,-2218298.0565886516,158736.382020401
C_be0.70_nonbaseload_proxy_ep0.75_gp1.00_lf0.95_life40_dr0.03,0.7,nonbaseload_proxy,760.2244408589601,0.75,1.0,0.95,40,0.03,281.41956019561877,245.23369059966453,36.185869595954244,43.70665618778963,53.96474287295836,-1486522.0641003726,158736.382020401
C_be0.70_nonbaseload_proxy_ep0.75_gp1.00_lf0.95_life40_dr0.05,0.7,nonbaseload_proxy,760.2244408589601,0.75,1.0,0.95,40,0.05,281.41956019561877,245.23369059966453,36.185869595954244,45.78292557796127,53.96474287295836,-959643.7688100357,158736.382020401
C_be0.70_nonbaseload_proxy_ep0.75_gp1.00_lf0.95_life40_dr0.07,0.7,nonbaseload_proxy,760.2244408589601,0.75,1.0,0.95,40,0.07,281.41956019561877,245.23369059966453,36.185869595954244,48.063907370596255,53.96474287295836,-572269.6312898016,158736.382020401
C_be0.70_nonbaseload_proxy_ep0.75_gp1.25_lf0.25_life15_dr0.01,0.7,nonbaseload_proxy,760.2244408589601,0.75,1.25,0.25,15,0.01,281.41956019561877,245.23369059966453,36.185869595954244,85.00452925992978,67.45592859119795,846381.4870335772,69546.69317783008
C_be0.70_nonbaseload_proxy_ep0.75_gp1.25_lf0.25_life15_dr0.03,0.7,nonbaseload_proxy,760.2244408589601,0.75,1.25,0.25,15,0.03,281.41956019561877,245.23369059966453,36.185869595954244,90.70451035131477,67.45592859119795,886579.8632856505,69546.69317783008
C_be0.70_nonbaseload_proxy_ep0.75_gp1.25_lf0.25_life15_dr0.05,0.7,nonbaseload_proxy,760.2244408589601,0.75,1.25,0.25,15,0.05,281.41956019561877,245.23369059966453,36.185869595954244,97.0009084011254,67.45592859119795,911927.6237448044,69546.69317783008
C_be0.70_nonbaseload_proxy_ep0.75_gp1.25_lf0.25_life15_dr0.07,0.7,nonbaseload_proxy,760.2244408589601,0.75,1.25,0.25,15,0.07,281.41956019561877,245.23369059966453,36.185869595954244,103.90239363542885,67.45592859119795,930162.8871623131,69546.69317783008
C_be0.70_nonbaseload_proxy_ep0.75_gp1.25_lf0.25_life25_dr0.01,0.7,nonbaseload_proxy,760.2244408589601,0.75,1.25,0.25,25,0.01,281.41956019561877,245.23369059966453,36.185869595954244,62.18833773189895,67.45592859119795,-254059.65231871372,69546.69317783008
C_be0.70_nonbaseload_proxy_ep0.75_gp1.25_lf0.25_life25_dr0.03,0.7,nonbaseload_proxy,760.2244408589601,0.75,1.25,0.25,25,0.03,281.41956019561877,245.23369059966453,36.185869595954244,69.20108450379917,67.45592859119795,66551.16025444679,69546.69317783008
C_be0.70_nonbaseload_proxy_ep0.75_gp1.25_lf0.25_life25_dr0.05,0.7,nonbaseload_proxy,760.2244408589601,0.75,1.25,0.25,25,0.05,281.41956019561877,245.23369059966453,36.185869595954244,77.0909081864514,67.45592859119795,297390.7615999393,69546.69317783008
C_be0.70_nonbaseload_proxy_ep0.75_gp1.25_lf0.25_life25_dr0.07,0.7,nonbaseload_proxy,760.2244408589601,0.75,1.25,0.25,25,0.07,281.41956019561877,245.23369059966453,36.185869595954244,85.75863899846435,67.45592859119795,467109.8262796665,69546.69317783008
C_be0.70_nonbaseload_proxy_ep0.75_gp1.25_lf0.25_life40_dr0.01,0.7,nonbaseload_proxy,760.2244408589601,0.75,1.25,0.25,40,0.01,281.41956019561877,245.23369059966453,36.185869595954244,62.18833773189895,67.45592859119795,-254059.65231871372,69546.69317783008
C_be0.70_nonbaseload_proxy_ep0.75_gp1.25_lf0.25_life40_dr0.03,0.7,nonbaseload_proxy,760.2244408589601,0.75,1.25,0.25,40,0.03,281.41956019561877,245.23369059966453,36.185869595954244,69.20108450379917,67.45592859119795,66551.16025444679,69546.69317783008
C_be0.70_nonbaseload_proxy_ep0.75_gp1.25_lf0.25_life40_dr0.05,0.7,nonbaseload_proxy,760.2244408589601,0.75,1.25,0.25,40,0.05,281.41956019561877,245.23369059966453,36.185869595954244,77.0909081864514,67.45592859119795,297390.7615999393,69546.69317783008
C_be0.70_nonbaseload_proxy_ep0.75_gp1.25_lf0.25_life40_dr0.07,0.7,nonbaseload_proxy,760.2244408589601,0.75,1.25,0.25,40,0.07,281.41956019561877,245.23369059966453,36.185869595954244,85.75863899846435,67.45592859119795,467109.8262796665,69546.69317783008
C_be0.70_nonbaseload_proxy_ep0.75_gp1.25_lf0.50_life15_dr0.01,0.7,nonbaseload_proxy,760.2244408589601,0.75,1.25,0.5,15,0.01,281.41956019561877,245.23369059966453,36.185869595954244,59.80301623885801,67.45592859119795,-738210.8077087132,141497.88474560174
C_be0.70_nonbaseload_proxy_ep0.75_gp1.25_lf0.50_life15_dr0.03,0.7,nonbaseload_proxy,760.2244408589601,0.75,1.25,0.5,15,0.03,281.41956019561877,245.23369059966453,36.185869595954244,62.6530067845505,67.45592859119795,-366316.86204739567,141497.88474560174
C_be0.70_nonbaseload_proxy_ep0.75_gp1.25_lf0.50_life15_dr0.05,0.7,nonbaseload_proxy,760.2244408589601,0.75,1.25,0.5,15,0.05,281.41956019561877,245.23369059966453,36.185869595954244,65.80120580945582,67.45592859119795,-102148.4816722367,141497.88474560174
C_be0.70_nonbaseload_proxy_ep0.75_gp1.25_lf0.50_life15_dr0.07,0.7,nonbaseload_proxy,760.2244408589601,0.75,1.25,0.5,15,0.07,281.41956019561877,245.23369059966453,36.185869595954244,69.25194842660754,67.45592859119795,91673.69145281846,141497.88474560174
C_be0.70_nonbaseload_proxy_ep0.75_gp1.25_lf0.50_life25_dr0.01,0.7,nonbaseload_proxy,760.2244408589601,0.75,1.25,0.5,25,0.01,281.41956019561877,245.23369059966453,36.185869595954244,48.39492047484258,67.45592859119795,-1838651.947061005,141497.88474560174
C_be0.70_nonbaseload_proxy_ep0.75_gp1.25_lf0.50_life25_dr0.03,0.7,nonbaseload_proxy,760.2244408589601,0.75,1.25,0.5,25,0.03,281.41956019561877,245.23369059966453,36.185869595954244,51.9012938607927,67.45592859119795,-1186345.5650785994,141497.88474560174
C_be0.70_nonbaseload_proxy_ep0.75_gp1.25_lf0.50_life25_dr0.05,0.7,nonbaseload_proxy,760.2244408589601,0.75,1.25,0.5,25,0.05,281.41956019561877,245.23369059966453,36.185869595954244,55.84620570211881,67.45592859119795,-716685.3438171018,141497.88474560174
C_be0.70_nonbaseload_proxy_ep0.75_gp1.25_lf0.50_life25_dr0.07,0.7,nonbaseload_proxy,760.2244408589601,0.75,1.25,0.5,25,0.07,281.41956019561877,245.23369059966453,36.185869595954244,60.18007110812529,67.45592859119795,-371379.36942982813,141497.88474560174
C_be0.70_nonbaseload_proxy_ep0.75_gp1.25_lf0.50_life40_dr0.01,0.7,nonbaseload_proxy,760.2244408589601,0.75,1.25,0.5,40,0.01,281.41956019561877,245.23369059966453,36.185869595954244,48.39492047484258,67.45592859119795,-1838651.947061005,141497.88474560174
C_be0.70_nonbaseload_proxy_ep0.75_gp1.25_lf0.50_life40_dr0.03,0.7,nonbaseload_proxy,760.2244408589601,0.75,1.25,0.5,40,0.03,281.41956019561877,245.23369059966453,36.185869595954244,51.9012938607927,67.45592859119795,-1186345.5650785994,141497.88474560174
C_be0.70_nonbaseload_proxy_ep0.75_gp1.25_lf0.50_life40_dr0.05,0.7,nonbaseload_proxy,760.2244408589601,0.75,1.25,0.5,40,0.05,281.41956019561877,245.23369059966453,36.185869595954244,55.84620570211881,67.45592859119795,-716685.3438171018,141497.88474560174
C_be0.70_nonbaseload_proxy_ep0.75_gp1.25_lf0.50_life40_dr0.07,0.7,nonbaseload_proxy,760.2244408589601,0.75,1.25,0.5,40,0.07,281.41956019561877,245.23369059966453,36.185869595954244,60.18007110812529,67.45592859119795,-371379.36942982813,141497.88474560174
C_be0.70_nonbaseload_proxy_ep0.75_gp1.25_lf0.75_life15_dr0.01,0.7,nonbaseload_proxy,760.2244408589601,0.75,1.25,0.75,15,0.01,281.41956019561877,245.23369059966453,36.185869595954244,51.40251189850074,67.45592859119795,-2322803.102451005,213449.07631337346
C_be0.70_nonbaseload_proxy_ep0.75_gp1.25_lf0.75_life15_dr0.03,0.7,nonbaseload_proxy,760.2244408589601,0.75,1.25,0.75,15,0.03,281.41956019561877,245.23369059966453,36.185869595954244,53.30250559562907,67.45592859119795,-1619213.5873804437,213449.07631337346
C_be0.70_nonbaseload_proxy_ep0.75_gp1.25_lf0.75_life15_dr0.05,0.7,nonbaseload_proxy,760.2244408589601,0.75,1.25,0.75,15,0.05,281.41956019561877,245.23369059966453,36.185869595954244,55.401304945565954,67.45592859119795,-1116224.5870892787,213449.07631337346
C_be0.70_nonbaseload_proxy_ep0.75_gp1.25_lf0.75_life15_dr0.07,0.7,nonbaseload_proxy,760.2244408589601,0.75,1.25,0.75,15,0.07,281.41956019561877,245.23369059966453,36.185869595954244,57.7018000236671,67.45592859119795,-746815.5042566769,213449.07631337346
C_be0.70_nonbaseload_proxy_ep0.75_gp1.25_lf0.75_life25_dr0.01,0.7,nonbaseload_proxy,760.2244408589601,0.75,1.25,0.75,25,0.01,281.41956019561877,245.23369059966453,36.185869595954244,43.79711472249046,67.45592859119795,-3423244.241803296,213449.07631337346
C_be0.70_nonbaseload_proxy_ep0.75_gp1.25_lf0.75_life25_dr0.03,0.7,nonbaseload_proxy,760.2244408589601,0.75,1.25,0.75,25,0.03,281.41956019561877,245.23369059966453,36.185869595954244,46.13469697979054,67.45592859119795,-2439242.2904116465,213449.07631337346
C_be0.70_nonbaseload_proxy_ep0.75_gp1.25_lf0.75_life25_dr0.05,0.7,nonbaseload_proxy,760.2244408589601,0.75,1.25,0.75,25,0.05,281.41956019561877,245.23369059966453,36.185869595954244,48.764638207341285,67.45592859119795,-1730761.4492341438,213449.07631337346
C_be0.70_nonbaseload_proxy_ep0.75_gp1.25_lf0.75_life25_dr0.07,0.7,nonbaseload_proxy,760.2244408589601,0.75,1.25,0.75,25,0.07,281.41956019561877,245.23369059966453,36.185869595954244,51.6538818113456,67.45592859119795,-1209868.5651393235,213449.07631337346
C_be0.70_nonbaseload_proxy_ep0.75_gp1.25_lf0.75_life40_dr0.01,0.7,nonbaseload_proxy,760.2244408589601,0.75,1.25,0.75,40,0.01,281.41956019561877,245.23369059966453,36.185869595954244,43.79711472249046,67.45592859119795,-3423244.241803296,213449.07631337346
C_be0.70_nonbaseload_proxy_ep0.75_gp1.25_lf0.75_life40_dr0.03,0.7,nonbaseload_proxy,760.2244408589601,0.75,1.25,0.75,40,0.03,281.41956019561877,245.23369059966453,36.185869595954244,46.13469697979054,67.45592859119795,-2439242.2904116465,213449.07631337346
C_be0.70_nonbaseload_proxy_ep0.75_gp1.25_lf0.75_life40_dr0.05,0.7,nonbaseload_proxy,760.2244408589601,0.75,1.25,0.75,40,0.05,281.41956019561877,245.23369059966453,36.185869595954244,48.764638207341285,67.45592859119795,-1730761.4492341438,213449.07631337346
C_be0.70_nonbaseload_proxy_ep0.75_gp1.25_lf0.75_life40_dr0.07,0.7,nonbaseload_proxy,760.2244408589601,0.75,1.25,0.75,40,0.07,281.41956019561877,245.23369059966453,36.185869595954244,51.6538818113456,67.45592859119795,-1209868.5651393235,213449.07631337346
C_be0.70_nonbaseload_proxy_ep0.75_gp1.25_lf0.95_life15_dr0.01,0.7,nonbaseload_proxy,760.2244408589601,0.75,1.25,0.95,15,0.01,281.41956019561877,245.23369059966453,36.185869595954244,47.865457439402945,67.45592859119795,-3590476.938244842,271010.02956759086
C_be0.70_nonbaseload_proxy_ep0.75_gp1.25_lf0.95_life15_dr0.03,0.7,nonbaseload_proxy,760.2244408589601,0.75,1.25,0.95,15,0.03,281.41956019561877,245.23369059966453,36.185869595954244,49.36545246345163,67.45592859119795,-2621530.967646881,271010.02956759086
C_be0.70_nonbaseload_proxy_ep0.75_gp1.25_lf0.95_life15_dr0.05,0.7,nonbaseload_proxy,760.2244408589601,0.75,1.25,0.95,15,0.05,281.41956019561877,245.23369059966453,36.185869595954244,51.02239931866496,67.45592859119795,-1927485.4714229116,271010.02956759086
C_be0.70_nonbaseload_proxy_ep0.75_gp1.25_lf0.95_life15_dr0.07,0.7,nonbaseload_proxy,760.2244408589601,0.75,1.25,0.95,15,0.07,281.41956019561877,245.23369059966453,36.185869595954244,52.83857964348165,67.45592859119795,-1417606.860824274,271010.02956759086
C_be0.70_nonbaseload_proxy_ep0.75_gp1.25_lf0.95_life25_dr0.01,0.7,nonbaseload_proxy,760.2244408589601,0.75,1.25,0.95,25,0.01,281.41956019561877,245.23369059966453,36.185869595954244,41.861196510973784,67.45592859119795,-4690918.077597132,271010.02956759086
C_be0.70_nonbaseload_proxy_ep0.75_gp1.25_lf0.95_life25_dr0.03,0.7,nonbaseload_proxy,760.2244408589601,0.75,1.25,0.95,25,0.03,281.41956019561877,245.23369059966453,36.185869595954244,43.70665618778963,67.45592859119795,-3441559.6706780847,271010.02956759086
C_be0.70_nonbaseload_proxy_ep0.75_gp1.25_lf0.95_life25_dr0.05,0.7,nonbaseload_proxy,760.2244408589601,0.75,1.25,0.95,25,0.05,281.41956019561877,245.23369059966453,36.185869595954244,45.78292557796127,67.45592859119795,-2542022.3335677767,271010.02956759086
C_be0.70_nonbaseload_proxy_ep0.75_gp1.25_lf0.95_life25_dr0.07,0.7,nonbaseload_proxy,760.2244408589601,0.75,1.25,0.95,25,0.07,281.41956019561877,245.23369059966453,36.185869595954244,48.063907370596255,67.45592859119795,-1880659.9217069205,271010.02956759086
C_be0.70_nonbaseload_proxy_ep0.75_gp1.25_lf0.95_life40_dr0.01,0.7,nonbaseload_proxy,760.2244408589601,0.75,1.25,0.95,40,0.01,281.41956019561877,245.23369059966453,36.185869595954244,41.861196510973784,67.45592859119795,-4690918.077597132,271010.02956759086
C_be0.70_nonbaseload_proxy_ep0.75_gp1.25_lf0.95_life40_dr0.03,0.7,nonbaseload_proxy,760.2244408589601,0.75,1.25,0.95,40,0.03,281.41956019561877,245.23369059966453,36.185869595954244,43.70665618778963,67.45592859119795,-3441559.6706780847,271010.02956759086
C_be0.70_nonbaseload_proxy_ep0.75_gp1.25_lf0.95_life40_dr0.05,0.7,nonbaseload_proxy,760.2244408589601,0.75,1.25,0.95,40,0.05,281.41956019561877,245.23369059966453,36.185869595954244,45.78292557796127,67.45592859119795,-2542022.3335677767,271010.02956759086
C_be0.70_nonbaseload_proxy_ep0.75_gp1.25_lf0.95_life40_dr0.07,0.7,nonbaseload_proxy,760.2244408589601,0.75,1.25,0.95,40,0.07,281.41956019561877,245.23369059966453,36.185869595954244,48.063907370596255,67.45592859119795,-1880659.9217069205,271010.02956759086
C_be0.70_nonbaseload_proxy_ep1.00_gp0.75_lf0.25_life15_dr0.01,0.7,nonbaseload_proxy,760.2244408589601,1.0,0.75,0.25,15,0.01,281.41956019561877,245.23369059966453,36.185869595954244,95.38138299919186,40.47355715471877,2648243.479084432,-12270.009957043236
C_be0.70_nonbaseload_proxy_ep1.00_gp0.75_lf0.25_life15_dr0.03,0.7,nonbaseload_proxy,760.2244408589601,1.0,0.75,0.25,15,0.03,281.41956019561877,245.23369059966453,36.185869595954244,101.08136409057683,40.47355715471877,2311266.1985866493,-12270.009957043236
C_be0.70_nonbaseload_proxy_ep1.00_gp0.75_lf0.25_life15_dr0.05,0.7,nonbaseload_proxy,760.2244408589601,1.0,0.75,0.25,15,0.05,281.41956019561877,245.23369059966453,36.185869595954244,107.37776214038749,40.47355715471877,2065047.70230425,-12270.009957043236
C_be0.70_nonbaseload_proxy_ep1.00_gp0.75_lf0.25_life15_dr0.07,0.7,nonbaseload_proxy,760.2244408589601,1.0,0.75,0.25,15,0.07,281.41956019561877,245.23369059966453,36.185869595954244,114.27924737469091,40.47355715471877,1883620.6425150507,-12270.009957043236
C_be0.70_nonbaseload_proxy_ep1.00_gp0.75_lf0.25_life25_dr0.01,0.7,nonbaseload_proxy,760.2244408589601,1.0,0.75,0.25,25,0.01,281.41956019561877,245.23369059966453,36.185869595954244,72.56519147116101,40.47355715471877,1547802.339732141,-12270.009957043236
C_be0.70_nonbaseload_proxy_ep1.00_gp0.75_lf0.25_life25_dr0.03,0.7,nonbaseload_proxy,760.2244408589601,1.0,0.75,0.25,25,0.03,281.41956019561877,245.23369059966453,36.185869595954244,79.57793824306123,40.47355715471877,1491237.4955554456,-12270.009957043236
C_be0.70_nonbaseload_proxy_ep1.00_gp0.75_lf0.25_life25_dr0.05,0.7,nonbaseload_proxy,760.2244408589601,1.0,0.75,0.25,25,0.05,281.41956019561877,245.23369059966453,36.185869595954244,87.46776192571348,40.47355715471877,1450510.840159385,-12270.009957043236
C_be0.70_nonbaseload_proxy_ep1.00_gp0.75_lf0.25_life25_dr0.07,0.7,nonbaseload_proxy,760.2244408589601,1.0,0.75,0.25,25,0.07,281.41956019561877,245.23369059966453,36.185869595954244,96.13549273772642,40.47355715471877,1420567.5816324046,-12270.009957043236
C_be0.70_nonbaseload_proxy_ep1.00_gp0.75_lf0.25_life40_dr0.01,0.7,nonbaseload_proxy,760.2244408589601,1.0,0.75,0.25,40,0.01,281.41956019561877,245.23369059966453,36.185869595954244,72.56519147116101,40.47355715471877,1547802.339732141,-12270.009957043236
C_be0.70_nonbaseload_proxy_ep1.00_gp0.75_lf0.25_life40_dr0.03,0.7,nonbaseload_proxy,760.2244408589601,1.0,0.75,0.25,40,0.03,281.41956019561877,245.23369059966453,36.185869595954244,79.57793824306123,40.47355715471877,1491237.4955554456,-12270.009957043236
C_be0.70_nonbaseload_proxy_ep1.00_gp0.75_lf0.25_life40_dr0.05,0.7,nonbaseload_proxy,760.2244408589601,1.0,0.75,0.25,40,0.05,281.41956019561877,245.23369059966453,36.185869595954244,87.46776192571348,40.47355715471877,1450510.840159385,-12270.009957043236
C_be0.70_nonbaseload_proxy_ep1.00_gp0.75_lf0.25_life40_dr0.07,0.7,nonbaseload_proxy,760.2244408589601,1.0,0.75,0.25,40,0.07,281.41956019561877,245.23369059966453,36.185869595954244,96.13549273772642,40.47355715471877,1420567.5816324046,-12270.009957043236
C_be0.70_nonbaseload_proxy_ep1.00_gp0.75_lf0.50_life15_dr0.01,0.7,nonbaseload_proxy,760.2244408589601,1.0,0.75,0.5,15,0.01,281.41956019561877,245.23369059966453,36.185869595954244,70.17986997812007,40.47355715471877,2865513.1763929953,-22135.52152414489
C_be0.70_nonbaseload_proxy_ep1.00_gp0.75_lf0.50_life15_dr0.03,0.7,nonbaseload_proxy,760.2244408589601,1.0,0.75,0.5,15,0.03,281.41956019561877,245.23369059966453,36.185869595954244,73.02986052381257,40.47355715471877,2483055.808554603,-22135.52152414489
C_be0.70_nonbaseload_proxy_ep1.00_gp0.75_lf0.50_life15_dr0.05,0.7,nonbaseload_proxy,760.2244408589601,1.0,0.75,0.5,15,0.05,281.41956019561877,245.23369059966453,36.185869595954244,76.1780595487179,40.47355715471877,2204091.6754466547,-22135.52152414489
C_be0.70_nonbaseload_proxy_ep1.00_gp0.75_lf0.50_life15_dr0.07,0.7,nonbaseload_proxy,760.2244408589601,1.0,0.75,0.5,15,0.07,281.41956019561877,245.23369059966453,36.185869595954244,79.6288021658696,40.47355715471877,1998589.202158294,-22135.52152414489
C_be0.70_nonbaseload_proxy_ep1.00_gp0.75_lf0.50_life25_dr0.01,0.7,nonbaseload_proxy,760.2244408589601,1.0,0.75,0.5,25,0.01,281.41956019561877,245.23369059966453,36.185869595954244,58.77177421410465,40.47355715471877,1765072.0370407044,-22135.52152414489
C_be0.70_nonbaseload_proxy_ep1.00_gp0.75_lf0.50_life25_dr0.03,0.7,nonbaseload_proxy,760.2244408589601,1.0,0.75,0.5,25,0.03,281.41956019561877,245.23369059966453,36.185869595954244,62.27814760005476,40.47355715471877,1663027.1055233981,-22135.52152414489
C_be0.70_nonbaseload_proxy_ep1.00_gp0.75_lf0.50_life25_dr0.05,0.7,nonbaseload_proxy,760.2244408589601,1.0,0.75,0.5,25,0.05,281.41956019561877,245.23369059966453,36.185869595954244,66.22305944138088,40.47355715471877,1589554.813301789,-22135.52152414489
C_be0.70_nonbaseload_proxy_ep1.00_gp0.75_lf0.50_life25_dr0.07,0.7,nonbaseload_proxy,760.2244408589601,1.0,0.75,0.5,25,0.07,281.41956019561877,245.23369059966453,36.185869595954244,70.55692484738735,40.47355715471877,1535536.1412756478,-22135.52152414489
C_be0.70_nonbaseload_proxy_ep1.00_gp0.75_lf0.50_life40_dr0.01,0.7,nonbaseload_proxy,760.2244408589601,1.0,0.75,0.5,40,0.01,281.41956019561877,245.23369059966453,36.185869595954244,58.77177421410465,40.47355715471877,1765072.0370407044,-22135.52152414489
C_be0.70_nonbaseload_proxy_ep1.00_gp0.75_lf0.50_life40_dr0.03,0.7,nonbaseload_proxy,760.2244408589601,1.0,0.75,0.5,40,0.03,281.41956019561877,245.23369059966453,36.185869595954244,62.27814760005476,40.47355715471877,1663027.1055233981,-22135.52152414489
C_be0.70_nonbaseload_proxy_ep1.00_gp0.75_lf0.50_life40_dr0.05,0.7,nonbaseload_proxy,760.2244408589601,1.0,0.75,0.5,40,0.05,281.41956019561877,245.23369059966453,36.185869595954244,66.22305944138088,40.47355715471877,1589554.813301789,-22135.52152414489
C_be0.70_nonbaseload_proxy_ep1.00_gp0.75_lf0.50_life40_dr0.07,0.7,nonbaseload_proxy,760.2244408589601,1.0,0.75,0.5,40,0.07,281.41956019561877,245.23369059966453,36.185869595954244,70.55692484738735,40.47355715471877,1535536.1412756478,-22135.52152414489
C_be0.70_nonbaseload_proxy_ep1.00_gp0.75_lf0.75_life15_dr0.01,0.7,nonbaseload_proxy,760.2244408589601,1.0,0.75,0.75,15,0.01,281.41956019561877,245.23369059966453,36.185869595954244,61.779365637762815,40.47355715471877,3082782.8737015603,-32001.033091246558
C_be0.70_nonbaseload_proxy_ep1.00_gp0.75_lf0.75_life15_dr0.03,0.7,nonbaseload_proxy,760.2244408589601,1.0,0.75,0.75,15,0.03,281.41956019561877,245.23369059966453,36.185869595954244,63.679359334891146,40.47355715471877,2654845.4185225554,-32001.033091246558
C_be0.70_nonbaseload_proxy_ep1.00_gp0.75_lf0.75_life15_dr0.05,0.7,nonbaseload_proxy,760.2244408589601,1.0,0.75,0.75,15,0.05,281.41956019561877,245.23369059966453,36.185869595954244,65.77815868482803,40.47355715471877,2343135.6485890583,-32001.033091246558
C_be0.70_nonbaseload_proxy_ep1.00_gp0.75_lf0.75_life15_dr0.07,0.7,nonbaseload_proxy,760.2244408589601,1.0,0.75,0.75,15,0.07,281.41956019561877,245.23369059966453,36.185869595954244,68.07865376292916,40.47355715471877,2113557.7618015385,-32001.033091246558
C_be0.70_nonbaseload_proxy_ep1.00_gp0.75_lf0.75_life25_dr0.01,0.7,nonbaseload_proxy,760.2244408589601,1.0,0.75,0.75,25,0.01,281.41956019561877,245.23369059966453,36.185869595954244,54.17396846175253,40.47355715471877,1982341.7343492685,-32001.033091246558
C_be0.70_nonbaseload_proxy_ep1.00_gp0.75_lf0.75_life25_dr0.03,0.7,nonbaseload_proxy,760.2244408589601,1.0,0.75,0.75,25,0.03,281.41956019561877,245.23369059966453,36.185869595954244,56.511550719052615,40.47355715471877,1834816.7154913517,-32001.033091246558
C_be0.70_nonbaseload_proxy_ep1.00_gp0.75_lf0.75_life25_dr0.05,0.7,nonbaseload_proxy,760.2244408589601,1.0,0.75,0.75,25,0.05,281.41956019561877,245.23369059966453,36.185869595954244,59.14149194660335,40.47355715471877,1728598.7864441932,-32001.033091246558
C_be0.70_nonbaseload_proxy_ep1.00_gp0.75_lf0.75_life25_dr0.07,0.7,nonbaseload_proxy,760.2244408589601,1.0,0.75,0.75,25,0.07,281.41956019561877,245.23369059966453,36.185869595954244,62.030735550607666,40.47355715471877,1650504.700918892,-32001.033091246558
C_be0.70_nonbaseload_proxy_ep1.00_gp0.75_lf0.75_life40_dr0.01,0.7,nonbaseload_proxy,760.2244408589601,1.0,0.75,0.75,40,0.01,281.41956019561877,245.23369059966453,36.185869595954244,54.17396846175253,40.47355715471877,1982341.7343492685,-32001.033091246558
C_be0.70_nonbaseload_proxy_ep1.00_gp0.75_lf0.75_life40_dr0.03,0.7,nonbaseload_proxy,760.2244408589601,1.0,0.75,0.75,40,0.03,281.41956019561877,245.23369059966453,36.185869595954244,56.511550719052615,40.47355715471877,1834816.7154913517,-32001.033091246558
C_be0.70_nonbaseload_proxy_ep1.00_gp0.75_lf0.75_life40_dr0.05,0.7,nonbaseload_proxy,760.2244408589601,1.0,0.75,0.75,40,0.05,281.41956019561877,245.23369059966453,36.185869595954244,59.14149194660335,40.47355715471877,1728598.7864441932,-32001.033091246558
C_be0.70_nonbaseload_proxy_ep1.00_gp0.75_lf0.75_life40_dr0.07,0.7,nonbaseload_proxy,760.2244408589601,1.0,0.75,0.75,40,0.07,281.41956019561877,245.23369059966453,36.185869595954244,62.030735550607666,40.47355715471877,1650504.700918892,-32001.033091246558
C_be0.70_nonbaseload_proxy_ep1.00_gp0.75_lf0.95_life15_dr0.01,0.7,nonbaseload_proxy,760.2244408589601,1.0,0.75,0.95,15,0.01,281.41956019561877,245.23369059966453,36.185869595954244,58.24231117866503,40.47355715471877,3256598.6315484103,-39893.44234492787
C_be0.70_nonbaseload_proxy_ep1.00_gp0.75_lf0.95_life15_dr0.03,0.7,nonbaseload_proxy,760.2244408589601,1.0,0.75,0.95,15,0.03,281.41956019561877,245.23369059966453,36.185869595954244,59.742306202713706,40.47355715471877,2792277.106496918,-39893.44234492787
C_be0.70_nonbaseload_proxy_ep1.00_gp0.75_lf0.95_life15_dr0.05,0.7,nonbaseload_proxy,760.2244408589601,1.0,0.75,0.95,15,0.05,281.41956019561877,245.23369059966453,36.185869595954244,61.39925305792703,40.47355715471877,2454370.8271029815,-39893.44234492787
C_be0.70_nonbaseload_proxy_ep1.00_gp0.75_lf0.95_life15_dr0.07,0.7,nonbaseload_proxy,760.2244408589601,1.0,0.75,0.95,15,0.07,281.41956019561877,245.23369059966453,36.185869595954244,63.215433382743726,40.47355715471877,2205532.609516133,-39893.44234492787
C_be0.70_nonbaseload_proxy_ep1.00_gp0.75_lf0.95_life25_dr0.01,0.7,nonbaseload_proxy,760.2244408589601,1.0,0.75,0.95,25,0.01,281.41956019561877,245.23369059966453,36.185869595954244,52.23805025023585,40.47355715471877,2156157.4921961185,-39893.44234492787
C_be0.70_nonbaseload_proxy_ep1.00_gp0.75_lf0.95_life25_dr0.03,0.7,nonbaseload_proxy,760.2244408589601,1.0,0.75,0.95,25,0.03,281.41956019561877,245.23369059966453,36.185869595954244,54.08350992705171,40.47355715471877,1972248.4034657143,-39893.44234492787
C_be0.70_nonbaseload_proxy_ep1.00_gp0.75_lf0.95_life25_dr0.05,0.7,nonbaseload_proxy,760.2244408589601,1.0,0.75,0.95,25,0.05,281.41956019561877,245.23369059966453,36.185869595954244,56.15977931722334,40.47355715471877,1839833.9649581164,-39893.44234492787
C_be0.70_nonbaseload_proxy_ep1.00_gp0.75_lf0.95_life25_dr0.07,0.7,nonbaseload_proxy,760.2244408589601,1.0,0.75,0.95,25,0.07,281.41956019561877,245.23369059966453,36.185869595954244,58.44076110985833,40.47355715471877,1742479.5486334865,-39893.44234492787
C_be0.70_nonbaseload_proxy_ep1.00_gp0.75_lf0.95_life40_dr0.01,0.7,nonbaseload_proxy,760.2244408589601,1.0,0.75,0.95,40,0.01,281.41956019561877,245.23369059966453,36.185869595954244,52.23805025023585,40.47355715471877,2156157.4921961185,-39893.44234492787
C_be0.70_nonbaseload_proxy_ep1.00_gp0.75_lf0.95_life40_dr0.03,0.7,nonbaseload_proxy,760.2244408589601,1.0,0.75,0.95,40,0.03,281.41956019561877,245.23369059966453,36.185869595954244,54.08350992705171,40.47355715471877,1972248.4034657143,-39893.44234492787
C_be0.70_nonbaseload_proxy_ep1.00_gp0.75_lf0.95_life40_dr0.05,0.7,nonbaseload_proxy,760.2244408589601,1.0,0.75,0.95,40,0.05,281.41956019561877,245.23369059966453,36.185869595954244,56.15977931722334,40.47355715471877,1839833.9649581164,-39893.44234492787
C_be0.70_nonbaseload_proxy_ep1.00_gp0.75_lf0.95_life40_dr0.07,0.7,nonbaseload_proxy,760.2244408589601,1.0,0.75,0.95,40,0.07,281.41956019561877,245.23369059966453,36.185869595954244,58.44076110985833,40.47355715471877,1742479.5486334865,-39893.44234492787
C_be0.70_nonbaseload_proxy_ep1.00_gp1.00_lf0.25_life15_dr0.01,0.7,nonbaseload_proxy,760.2244408589601,1.0,1.0,0.25,15,0.01,281.41956019561877,245.23369059966453,36.185869595954244,95.38138299919186,53.96474287295836,1997553.999871674,17275.686765901468
C_be0.70_nonbaseload_proxy_ep1.00_gp1.00_lf0.25_life15_dr0.03,0.7,nonbaseload_proxy,760.2244408589601,1.0,1.0,0.25,15,0.03,281.41956019561877,245.23369059966453,36.185869595954244,101.08136409057683,53.96474287295836,1796782.6179083039,17275.686765901468
C_be0.70_nonbaseload_proxy_ep1.00_gp1.00_lf0.25_life15_dr0.05,0.7,nonbaseload_proxy,760.2244408589601,1.0,1.0,0.25,15,0.05,281.41956019561877,245.23369059966453,36.185869595954244,107.37776214038749,53.96474287295836,1648632.290525897,17275.686765901468
C_be0.70_nonbaseload_proxy_ep1.00_gp1.00_lf0.25_life15_dr0.07,0.7,nonbaseload_proxy,760.2244408589601,1.0,1.0,0.25,15,0.07,281.41956019561877,245.23369059966453,36.185869595954244,114.27924737469091,53.96474287295836,1539307.4081947564,17275.686765901468
C_be0.70_nonbaseload_proxy_ep1.00_gp1.00_lf0.25_life25_dr0.01,0.7,nonbaseload_proxy,760.2244408589601,1.0,1.0,0.25,25,0.01,281.41956019561877,245.23369059966453,36.185869595954244,72.56519147116101,53.96474287295836,897112.8605193831,17275.686765901468
C_be0.70_nonbaseload_proxy_ep1.00_gp1.00_lf0.25_life25_dr0.03,0.7,nonbaseload_proxy,760.2244408589601,1.0,1.0,0.25,25,0.03,281.41956019561877,245.23369059966453,36.185869595954244,79.57793824306123,53.96474287295836,976753.9148771001,17275.686765901468
C_be0.70_nonbaseload_proxy_ep1.00_gp1.00_lf0.25_life25_dr0.05,0.7,nonbaseload_proxy,760.2244408589601,1.0,1.0,0.25,25,0.05,281.41956019561877,245.23369059966453,36.185869595954244,87.46776192571348,53.96474287295836,1034095.4283810318,17275.686765901468
C_be0.70_nonbaseload_proxy_ep1.00_gp1.00_lf0.25_life25_dr0.07,0.7,nonbaseload_proxy,760.2244408589601,1.0,1.0,0.25,25,0.07,281.41956019561877,245.23369059966453,36.185869595954244,96.13549273772642,53.96474287295836,1076254.3473121102,17275.686765901468
C_be0.70_nonbaseload_proxy_ep1.00_gp1.00_lf0.25_life40_dr0.01,0.7,nonbaseload_proxy,760.2244408589601,1.0,1.0,0.25,40,0.01,281.41956019561877,245.23369059966453,36.185869595954244,72.56519147116101,53.96474287295836,897112.8605193831,17275.686765901468
C_be0.70_nonbaseload_proxy_ep1.00_gp1.00_lf0.25_life40_dr0.03,0.7,nonbaseload_proxy,760.2244408589601,1.0,1.0,0.25,40,0.03,281.41956019561877,245.23369059966453,36.185869595954244,79.57793824306123,53.96474287295836,976753.9148771001,17275.686765901468
C_be0.70_nonbaseload_proxy_ep1.00_gp1.00_lf0.25_life40_dr0.05,0.7,nonbaseload_proxy,760.2244408589601,1.0,1.0,0.25,40,0.05,281.41956019561877,245.23369059966453,36.185869595954244,87.46776192571348,53.96474287295836,1034095.4283810318,17275.686765901468
C_be0.70_nonbaseload_proxy_ep1.00_gp1.00_lf0.25_life40_dr0.07,0.7,nonbaseload_proxy,760.2244408589601,1.0,1.0,0.25,40,0.07,281.41956019561877,245.23369059966453,36.185869595954244,96.13549273772642,53.96474287295836,1076254.3473121102,17275.686765901468
C_be0.70_nonbaseload_proxy_ep1.00_gp1.00_lf0.50_life15_dr0.01,0.7,nonbaseload_proxy,760.2244408589601,1.0,1.0,0.5,15,0.01,281.41956019561877,245.23369059966453,36.185869595954244,70.17986997812007,53.96474287295836,1564134.2179674795,36955.87192174452
C_be0.70_nonbaseload_proxy_ep1.00_gp1.00_lf0.50_life15_dr0.03,0.7,nonbaseload_proxy,760.2244408589601,1.0,1.0,0.5,15,0.03,281.41956019561877,245.23369059966453,36.185869595954244,73.02986052381257,53.96474287295836,1454088.647197912,36955.87192174452
C_be0.70_nonbaseload_proxy_ep1.00_gp1.00_lf0.50_life15_dr0.05,0.7,nonbaseload_proxy,760.2244408589601,1.0,1.0,0.5,15,0.05,281.41956019561877,245.23369059966453,36.185869595954244,76.1780595487179,53.96474287295836,1371260.8518899484,36955.87192174452
C_be0.70_nonbaseload_proxy_ep1.00_gp1.00_lf0.50_life15_dr0.07,0.7,nonbaseload_proxy,760.2244408589601,1.0,1.0,0.5,15,0.07,281.41956019561877,245.23369059966453,36.185869595954244,79.6288021658696,53.96474287295836,1309962.733517705,36955.87192174452
C_be0.70_nonbaseload_proxy_ep1.00_gp1.00_lf0.50_life25_dr0.01,0.7,nonbaseload_proxy,760.2244408589601,1.0,1.0,0.5,25,0.01,281.41956019561877,245.23369059966453,36.185869595954244,58.77177421410465,53.96474287295836,463693.0786151886,36955.87192174452
C_be0.70_nonbaseload_proxy_ep1.00_gp1.00_lf0.50_life25_dr0.03,0.7,nonbaseload_proxy,760.2244408589601,1.0,1.0,0.5,25,0.03,281.41956019561877,245.23369059966453,36.185869595954244,62.27814760005476,53.96474287295836,634059.9441667073,36955.87192174452
C_be0.70_nonbaseload_proxy_ep1.00_gp1.00_lf0.50_life25_dr0.05,0.7,nonbaseload_proxy,760.2244408589601,1.0,1.0,0.5,25,0.05,281.41956019561877,245.23369059966453,36.185869595954244,66.22305944138088,53.96474287295836,756723.9897450828,36955.87192174452
C_be0.70_nonbaseload_proxy_ep1.00_gp1.00_lf0.50_life25_dr0.07,0.7,nonbaseload_proxy,760.2244408589601,1.0,1.0,0.5,25,0.07,281.41956019561877,245.23369059966453,36.185869595954244,70.55692484738735,53.96474287295836,846909.6726350589,36955.87192174452
C_be0.70_nonbaseload_proxy_ep1.00_gp1.00_lf0.50_life40_dr0.01,0.7,nonbaseload_proxy,760.2244408589601,1.0,1.0,0.5,40,0.01,281.41956019561877,245.23369059966453,36.185869595954244,58.77177421410465,53.96474287295836,463693.0786151886,36955.87192174452
C_be0.70_nonbaseload_proxy_ep1.00_gp1.00_lf0.50_life40_dr0.03,0.7,nonbaseload_proxy,760.2244408589601,1.0,1.0,0.5,40,0.03,281.41956019561877,245.23369059966453,36.185869595954244,62.27814760005476,53.96474287295836,634059.9441667073,36955.87192174452
C_be0.70_nonbaseload_proxy_ep1.00_gp1.00_lf0.50_life40_dr0.05,0.7,nonbaseload_proxy,760.2244408589601,1.0,1.0,0.5,40,0.05,281.41956019561877,245.23369059966453,36.185869595954244,66.22305944138088,53.96474287295836,756723.9897450828,36955.87192174452
C_be0.70_nonbaseload_proxy_ep1.00_gp1.00_lf0.50_life40_dr0.07,0.7,nonbaseload_proxy,760.2244408589601,1.0,1.0,0.5,40,0.07,281.41956019561877,245.23369059966453,36.185869595954244,70.55692484738735,53.96474287295836,846909.6726350589,36955.87192174452
C_be0.70_nonbaseload_proxy_ep1.00_gp1.00_lf0.75_life15_dr0.01,0.7,nonbaseload_proxy,760.2244408589601,1.0,1.0,0.75,15,0.01,281.41956019561877,245.23369059966453,36.185869595954244,61.779365637762815,53.96474287295836,1130714.436063285,56636.05707758758
C_be0.70_nonbaseload_proxy_ep1.00_gp1.00_lf0.75_life15_dr0.03,0.7,nonbaseload_proxy,760.2244408589601,1.0,1.0,0.75,15,0.03,281.41956019561877,245.23369059966453,36.185869595954244,63.679359334891146,53.96474287295836,1111394.6764875194,56636.05707758758
C_be0.70_nonbaseload_proxy_ep1.00_gp1.00_lf0.75_life15_dr0.05,0.7,nonbaseload_proxy,760.2244408589601,1.0,1.0,0.75,15,0.05,281.41956019561877,245.23369059966453,36.185869595954244,65.77815868482803,53.96474287295836,1093889.4132539993,56636.05707758758
C_be0.70_nonbaseload_proxy_ep1.00_gp1.00_lf0.75_life15_dr0.07,0.7,nonbaseload_proxy,760.2244408589601,1.0,1.0,0.75,15,0.07,281.41956019561877,245.23369059966453,36.185869595954244,68.07865376292916,53.96474287295836,1080618.0588406543,56636.05707758758
C_be0.70_nonbaseload_proxy_ep1.00_gp1.00_lf0.75_life25_dr0.01,0.7,nonbaseload_proxy,760.2244408589601,1.0,1.0,0.75,25,0.01,281.41956019561877,245.23369059966453,36.185869595954244,54.17396846175253,53.96474287295836,30273.296710993163,56636.05707758758
C_be0.70_nonbaseload_proxy_ep1.00_gp1.00_lf0.75_life25_dr0.03,0.7,nonbaseload_proxy,760.2244408589601,1.0,1.0,0.75,25,0.03,281.41956019561877,245.23369059966453,36.185869595954244,56.511550719052615,53.96474287295836,291365.9734563157,56636.05707758758
C_be0.70_nonbaseload_proxy_ep1.00_gp1.00_lf0.75_life25_dr0.05,0.7,nonbaseload_proxy,760.2244408589601,1.0,1.0,0.75,25,0.05,281.41956019561877,245.23369059966453,36.185869595954244,59.14149194660335,53.96474287295836,479352.5511091342,56636.05707758758
C_be0.70_nonbaseload_proxy_ep1.00_gp1.00_lf0.75_life25_dr0.07,0.7,nonbaseload_proxy,760.2244408589601,1.0,1.0,0.75,25,0.07,281.41956019561877,245.23369059966453,36.185869595954244,62.030735550607666,53.96474287295836,617564.9979580077,56636.05707758758
C_be0.70_nonbaseload_proxy_ep1.00_gp1.00_lf0.75_life40_dr0.01,0.7,nonbaseload_proxy,760.2244408589601,1.0,1.0,0.75,40,0.01,281.41956019561877,245.23369059966453,36.185869595954244,54.17396846175253,53.96474287295836,30273.296710993163,56636.05707758758
C_be0.70_nonbaseload_proxy_ep1.00_gp1.00_lf0.75_life40_dr0.03,0.7,nonbaseload_proxy,760.2244408589601,1.0,1.0,0.75,40,0.03,281.41956019561877,245.23369059966453,36.185869595954244,56.511550719052615,53.96474287295836,291365.9734563157,56636.05707758758
C_be0.70_nonbaseload_proxy_ep1.00_gp1.00_lf0.75_life40_dr0.05,0.7,nonbaseload_proxy,760.2244408589601,1.0,1.0,0.75,40,0.05,281.41956019561877,245.23369059966453,36.185869595954244,59.14149194660335,53.96474287295836,479352.5511091342,56636.05707758758
C_be0.70_nonbaseload_proxy_ep1.00_gp1.00_lf0.75_life40_dr0.07,0.7,nonbaseload_proxy,760.2244408589601,1.0,1.0,0.75,40,0.07,281.41956019561877,245.23369059966453,36.185869595954244,62.030735550607666,53.96474287295836,617564.9979580077,56636.05707758758
C_be0.70_nonbaseload_proxy_ep1.00_gp1.00_lf0.95_life15_dr0.01,0.7,nonbaseload_proxy,760.2244408589601,1.0,1.0,0.95,15,0.01,281.41956019561877,245.23369059966453,36.185869595954244,58.24231117866503,53.96474287295836,783978.6105399281,72380.20520226203
C_be0.70_nonbaseload_proxy_ep1.00_gp1.00_lf0.95_life15_dr0.03,0.7,nonbaseload_proxy,760.2244408589601,1.0,1.0,0.95,15,0.03,281.41956019561877,245.23369059966453,36.185869595954244,59.742306202713706,53.96474287295836,837239.499919205,72380.20520226203
C_be0.70_nonbaseload_proxy_ep1.00_gp1.00_lf0.95_life15_dr0.05,0.7,nonbaseload_proxy,760.2244408589601,1.0,1.0,0.95,15,0.05,281.41956019561877,245.23369059966453,36.185869595954244,61.39925305792703,53.96474287295836,871992.2623452395,72380.20520226203
C_be0.70_nonbaseload_proxy_ep1.00_gp1.00_lf0.95_life15_dr0.07,0.7,nonbaseload_proxy,760.2244408589601,1.0,1.0,0.95,15,0.07,281.41956019561877,245.23369059966453,36.185869595954244,63.215433382743726,53.96474287295836,897142.3190990137,72380.20520226203
C_be0.70_nonbaseload_proxy_ep1.00_gp1.00_lf0.95_life25_dr0.01,0.7,nonbaseload_proxy,760.2244408589601,1.0,1.0,0.95,25,0.01,281.41956019561877,245.23369059966453,36.185869595954244,52.23805025023585,53.96474287295836,-316462.52881236374,72380.20520226203
C_be0.70_nonbaseload_proxy_ep1.00_gp1.00_lf0.95_life25_dr0.03,0.7,nonbaseload_proxy,760.2244408589601,1.0,1.0,0.95,25,0.03,281.41956019561877,245.23369059966453,36.185869595954244,54.08350992705171,53.96474287295836,17210.796888001263,72380.20520226203
C_be0.70_nonbaseload_proxy_ep1.00_gp1.00_lf0.95_life25_dr0.05,0.7,nonbaseload_proxy,760.2244408589601,1.0,1.0,0.95,25,0.05,281.41956019561877,245.23369059966453,36.185869595954244,56.15977931722334,53.96474287295836,257455.40020037442,72380.20520226203
C_be0.70_nonbaseload_proxy_ep1.00_gp1.00_lf0.95_life25_dr0.07,0.7,nonbaseload_proxy,760.2244408589601,1.0,1.0,0.95,25,0.07,281.41956019561877,245.23369059966453,36.185869595954244,58.44076110985833,53.96474287295836,434089.2582163671,72380.20520226203
C_be0.70_nonbaseload_proxy_ep1.00_gp1.00_lf0.95_life40_dr0.01,0.7,nonbaseload_proxy,760.2244408589601,1.0,1.0,0.95,40,0.01,281.41956019561877,245.23369059966453,36.185869595954244,52.23805025023585,53.96474287295836,-316462.52881236374,72380.20520226203
C_be0.70_nonbaseload_proxy_ep1.00_gp1.00_lf0.95_life40_dr0.03,0.7,nonbaseload_proxy,760.2244408589601,1.0,1.0,0.95,40,0.03,281.41956019561877,245.23369059966453,36.185869595954244,54.08350992705171,53.96474287295836,17210.796888001263,72380.20520226203
C_be0.70_nonbaseload_proxy_ep1.00_gp1.00_lf0.95_life40_dr0.05,0.7,nonbaseload_proxy,760.2244408589601,1.0,1.0,0.95,40,0.05,281.41956019561877,245.23369059966453,36.185869595954244,56.15977931722334,53.96474287295836,257455.40020037442,72380.20520226203
C_be0.70_nonbaseload_proxy_ep1.00_gp1.00_lf0.95_life40_dr0.07,0.7,nonbaseload_proxy,760.2244408589601,1.0,1.0,0.95,40,0.07,281.41956019561877,245.23369059966453,36.185869595954244,58.44076110985833,53.96474287295836,434089.2582163671,72380.20520226203
C_be0.70_nonbaseload_proxy_ep1.00_gp1.25_lf0.25_life15_dr0.01,0.7,nonbaseload_proxy,760.2244408589601,1.0,1.25,0.25,15,0.01,281.41956019561877,245.23369059966453,36.185869595954244,95.38138299919186,67.45592859119795,1346864.5206589163,46821.38348884614
C_be0.70_nonbaseload_proxy_ep1.00_gp1.25_lf0.25_life15_dr0.03,0.7,nonbaseload_proxy,760.2244408589601,1.0,1.25,0.25,15,0.03,281.41956019561877,245.23369059966453,36.185869595954244,101.08136409057683,67.45592859119795,1282299.037229959,46821.38348884614
C_be0.70_nonbaseload_proxy_ep1.00_gp1.25_lf0.25_life15_dr0.05,0.7,nonbaseload_proxy,760.2244408589601,1.0,1.25,0.25,15,0.05,281.41956019561877,245.23369059966453,36.185869595954244,107.37776214038749,67.45592859119795,1232216.8787475443,46821.38348884614
C_be0.70_nonbaseload_proxy_ep1.00_gp1.25_lf0.25_life15_dr0.07,0.7,nonbaseload_proxy,760.2244408589601,1.0,1.25,0.25,15,0.07,281.41956019561877,245.23369059966453,36.185869595954244,114.27924737469091,67.45592859119795,1194994.1738744623,46821.38348884614
C_be0.70_nonbaseload_proxy_ep1.00_gp1.25_lf0.25_life25_dr0.01,0.7,nonbaseload_proxy,760.2244408589601,1.0,1.25,0.25,25,0.01,281.41956019561877,245.23369059966453,36.185869595954244,72.56519147116101,67.45592859119795,246423.38130662544,46821.38348884614
C_be0.70_nonbaseload_proxy_ep1.00_gp1.25_lf0.25_life25_dr0.03,0.7,nonbaseload_proxy,760.2244408589601,1.0,1.25,0.25,25,0.03,281.41956019561877,245.23369059966453,36.185869595954244,79.57793824306123,67.45592859119795,462270.3341987552,46821.38348884614
C_be0.70_nonbaseload_proxy_ep1.00_gp1.25_lf0.25_life25_dr0.05,0.7,nonbaseload_proxy,760.2244408589601,1.0,1.25,0.25,25,0.05,281.41956019561877,245.23369059966453,36.185869595954244,87.46776192571348,67.45592859119795,617680.0166026792,46821.38348884614
C_be0.70_nonbaseload_proxy_ep1.00_gp1.25_lf0.25_life25_dr0.07,0.7,nonbaseload_proxy,760.2244408589601,1.0,1.25,0.25,25,0.07,281.41956019561877,245.23369059966453,36.185869595954244,96.13549273772642,67.45592859119795,731941.1129918161,46821.38348884614
C_be0.70_nonbaseload_proxy_ep1.00_gp1.25_lf0.25_life40_dr0.01,0.7,nonbaseload_proxy,760.2244408589601,1.0,1.25,0.25,40,0.01,281.41956019561877,245.23369059966453,36.185869595954244,72.56519147116101,67.45592859119795,246423.38130662544,46821.38348884614
C_be0.70_nonbaseload_proxy_ep1.00_gp1.25_lf0.25_life40_dr0.03,0.7,nonbaseload_proxy,760.2244408589601,1.0,1.25,0.25,40,0.03,281.41956019561877,245.23369059966453,36.185869595954244,79.57793824306123,67.45592859119795,462270.3341987552,46821.38348884614
C_be0.70_nonbaseload_proxy_ep1.00_gp1.25_lf0.25_life40_dr0.05,0.7,nonbaseload_proxy,760.2244408589601,1.0,1.25,0.25,40,0.05,281.41956019561877,245.23369059966453,36.185869595954244,87.46776192571348,67.45592859119795,617680.0166026792,46821.38348884614
C_be0.70_nonbaseload_proxy_ep1.00_gp1.25_lf0.25_life40_dr0.07,0.7,nonbaseload_proxy,760.2244408589601,1.0,1.25,0.25,40,0.07,281.41956019561877,245.23369059966453,36.185869595954244,96.13549273772642,67.45592859119795,731941.1129918161,46821.38348884614
C_be0.70_nonbaseload_proxy_ep1.00_gp1.25_lf0.50_life15_dr0.01,0.7,nonbaseload_proxy,760.2244408589601,1.0,1.25,0.5,15,0.01,281.41956019561877,245.23369059966453,36.185869595954244,70.17986997812007,67.45592859119795,262755.25954196416,96047.26536763387
C_be0.70_nonbaseload_proxy_ep1.00_gp1.25_lf0.50_life15_dr0.03,0.7,nonbaseload_proxy,760.2244408589601,1.0,1.25,0.5,15,0.03,281.41956019561877,245.23369059966453,36.185869595954244,73.02986052381257,67.45592859119795,425121.4858412221,96047.26536763387
C_be0.70_nonbaseload_proxy_ep1.00_gp1.25_lf0.50_life15_dr0.05,0.7,nonbaseload_proxy,760.2244408589601,1.0,1.25,0.5,15,0.05,281.41956019561877,245.23369059966453,36.185869595954244,76.1780595487179,67.45592859119795,538430.028333243,96047.26536763387
C_be0.70_nonbaseload_proxy_ep1.00_gp1.25_lf0.50_life15_dr0.07,0.7,nonbaseload_proxy,760.2244408589601,1.0,1.25,0.5,15,0.07,281.41956019561877,245.23369059966453,36.185869595954244,79.6288021658696,67.45592859119795,621336.2648771168,96047.26536763387
C_be0.70_nonbaseload_proxy_ep1.00_gp1.25_lf0.50_life25_dr0.01,0.7,nonbaseload_proxy,760.2244408589601,1.0,1.25,0.5,25,0.01,281.41956019561877,245.23369059966453,36.185869595954244,58.77177421410465,67.45592859119795,-837685.8798103267,96047.26536763387
C_be0.70_nonbaseload_proxy_ep1.00_gp1.25_lf0.50_life25_dr0.03,0.7,nonbaseload_proxy,760.2244408589601,1.0,1.25,0.5,25,0.03,281.41956019561877,245.23369059966453,36.185869595954244,62.27814760005476,67.45592859119795,-394907.21718998253,96047.26536763387
C_be0.70_nonbaseload_proxy_ep1.00_gp1.25_lf0.50_life25_dr0.05,0.7,nonbaseload_proxy,760.2244408589601,1.0,1.25,0.5,25,0.05,281.41956019561877,245.23369059966453,36.185869595954244,66.22305944138088,67.45592859119795,-76106.83381162258,96047.26536763387
C_be0.70_nonbaseload_proxy_ep1.00_gp1.25_lf0.50_life25_dr0.07,0.7,nonbaseload_proxy,760.2244408589601,1.0,1.25,0.5,25,0.07,281.41956019561877,245.23369059966453,36.185869595954244,70.55692484738735,67.45592859119795,158283.20399447065,96047.26536763387
C_be0.70_nonbaseload_proxy_ep1.00_gp1.25_lf0.50_life40_dr0.01,0.7,nonbaseload_proxy,760.2244408589601,1.0,1.25,0.5,40,0.01,281.41956019561877,245.23369059966453,36.185869595954244,58.77177421410465,67.45592859119795,-837685.8798103267,96047.26536763387
C_be0.70_nonbaseload_proxy_ep1.00_gp1.25_lf0.50_life40_dr0.03,0.7,nonbaseload_proxy,760.2244408589601,1.0,1.25,0.5,40,0.03,281.41956019561877,245.23369059966453,36.185869595954244,62.27814760005476,67.45592859119795,-394907.21718998253,96047.26536763387
C_be0.70_nonbaseload_proxy_ep1.00_gp1.25_lf0.50_life40_dr0.05,0.7,nonbaseload_proxy,760.2244408589601,1.0,1.25,0.5,40,0.05,281.41956019561877,245.23369059966453,36.185869595954244,66.22305944138088,67.45592859119795,-76106.83381162258,96047.26536763387
C_be0.70_nonbaseload_proxy_ep1.00_gp1.25_lf0.50_life40_dr0.07,0.7,nonbaseload_proxy,760.2244408589601,1.0,1.25,0.5,40,0.07,281.41956019561877,245.23369059966453,36.185869595954244,70.55692484738735,67.45592859119795,158283.20399447065,96047.26536763387
C_be0.70_nonbaseload_proxy_ep1.00_gp1.25_lf0.75_life15_dr0.01,0.7,nonbaseload_proxy,760.2244408589601,1.0,1.25,0.75,15,0.01,281.41956019561877,245.23369059966453,36.185869595954244,61.779365637762815,67.45592859119795,-821354.0015749875,145273.14724642166
C_be0.70_nonbaseload_proxy_ep1.00_gp1.25_lf0.75_life15_dr0.03,0.7,nonbaseload_proxy,760.2244408589601,1.0,1.25,0.75,15,0.03,281.41956019561877,245.23369059966453,36.185869595954244,63.679359334891146,67.45592859119795,-432056.06554751657,145273.14724642166
C_be0.70_nonbaseload_proxy_ep1.00_gp1.25_lf0.75_life15_dr0.05,0.7,nonbaseload_proxy,760.2244408589601,1.0,1.25,0.75,15,0.05,281.41956019561877,245.23369059966453,36.185869595954244,65.77815868482803,67.45592859119795,-155356.82208106015,145273.14724642166
C_be0.70_nonbaseload_proxy_ep1.00_gp1.25_lf0.75_life15_dr0.07,0.7,nonbaseload_proxy,760.2244408589601,1.0,1.25,0.75,15,0.07,281.41956019561877,245.23369059966453,36.185869595954244,68.07865376292916,67.45592859119795,47678.35587977152,145273.14724642166
C_be0.70_nonbaseload_proxy_ep1.00_gp1.25_lf0.75_life25_dr0.01,0.7,nonbaseload_proxy,760.2244408589601,1.0,1.25,0.75,25,0.01,281.41956019561877,245.23369059966453,36.185869595954244,54.17396846175253,67.45592859119795,-1921795.1409272794,145273.14724642166
C_be0.70_nonbaseload_proxy_ep1.00_gp1.25_lf0.75_life25_dr0.03,0.7,nonbaseload_proxy,760.2244408589601,1.0,1.25,0.75,25,0.03,281.41956019561877,245.23369059966453,36.185869595954244,56.511550719052615,67.45592859119795,-1252084.7685787203,145273.14724642166
C_be0.70_nonbaseload_proxy_ep1.00_gp1.25_lf0.75_life25_dr0.05,0.7,nonbaseload_proxy,760.2244408589601,1.0,1.25,0.75,25,0.05,281.41956019561877,245.23369059966453,36.185869595954244,59.14149194660335,67.45592859119795,-769893.6842259252,145273.14724642166
C_be0.70_nonbaseload_proxy_ep1.00_gp1.25_lf0.75_life25_dr0.07,0.7,nonbaseload_proxy,760.2244408589601,1.0,1.25,0.75,25,0.07,281.41956019561877,245.23369059966453,36.185869595954244,62.030735550607666,67.45592859119795,-415374.70500287507,145273.14724642166
C_be0.70_nonbaseload_proxy_ep1.00_gp1.25_lf0.75_life40_dr0.01,0.7,nonbaseload_proxy,760.2244408589601,1.0,1.25,0.75,40,0.01,281.41956019561877,245.23369059966453,36.185869595954244,54.17396846175253,67.45592859119795,-1921795.1409272794,145273.14724642166
C_be0.70_nonbaseload_proxy_ep1.00_gp1.25_lf0.75_life40_dr0.03,0.7,nonbaseload_proxy,760.2244408589601,1.0,1.25,0.75,40,0.03,281.41956019561877,245.23369059966453,36.185869595954244,56.511550719052615,67.45592859119795,-1252084.7685787203,145273.14724642166
C_be0.70_nonbaseload_proxy_ep1.00_gp1.25_lf0.75_life40_dr0.05,0.7,nonbaseload_proxy,760.2244408589601,1.0,1.25,0.75,40,0.05,281.41956019561877,245.23369059966453,36.185869595954244,59.14149194660335,67.45592859119795,-769893.6842259252,145273.14724642166
C_be0.70_nonbaseload_proxy_ep1.00_gp1.25_lf0.75_life40_dr0.07,0.7,nonbaseload_proxy,760.2244408589601,1.0,1.25,0.75,40,0.07,281.41956019561877,245.23369059966453,36.185869595954244,62.030735550607666,67.45592859119795,-415374.70500287507,145273.14724642166
C_be0.70_nonbaseload_proxy_ep1.00_gp1.25_lf0.95_life15_dr0.01,0.7,nonbaseload_proxy,760.2244408589601,1.0,1.25,0.95,15,0.01,281.41956019561877,245.23369059966453,36.185869595954244,58.24231117866503,67.45592859119795,-1688641.4104685523,184653.85274945188
C_be0.70_nonbaseload_proxy_ep1.00_gp1.25_lf0.95_life15_dr0.03,0.7,nonbaseload_proxy,760.2244408589601,1.0,1.25,0.95,15,0.03,281.41956019561877,245.23369059966453,36.185869595954244,59.742306202713706,67.45592859119795,-1117798.1066585071,184653.85274945188
C_be0.70_nonbaseload_proxy_ep1.00_gp1.25_lf0.95_life15_dr0.05,0.7,nonbaseload_proxy,760.2244408589601,1.0,1.25,0.95,15,0.05,281.41956019561877,245.23369059966453,36.185869595954244,61.39925305792703,67.45592859119795,-710386.3024125015,184653.85274945188
C_be0.70_nonbaseload_proxy_ep1.00_gp1.25_lf0.95_life15_dr0.07,0.7,nonbaseload_proxy,760.2244408589601,1.0,1.25,0.95,15,0.07,281.41956019561877,245.23369059966453,36.185869595954244,63.215433382743726,67.45592859119795,-411247.97131810524,184653.85274945188
C_be0.70_nonbaseload_proxy_ep1.00_gp1.25_lf0.95_life25_dr0.01,0.7,nonbaseload_proxy,760.2244408589601,1.0,1.25,0.95,25,0.01,281.41956019561877,245.23369059966453,36.185869595954244,52.23805025023585,67.45592859119795,-2789082.549820844,184653.85274945188
C_be0.70_nonbaseload_proxy_ep1.00_gp1.25_lf0.95_life25_dr0.03,0.7,nonbaseload_proxy,760.2244408589601,1.0,1.25,0.95,25,0.03,281.41956019561877,245.23369059966453,36.185869595954244,54.08350992705171,67.45592859119795,-1937826.8096897108,184653.85274945188
C_be0.70_nonbaseload_proxy_ep1.00_gp1.25_lf0.95_life25_dr0.05,0.7,nonbaseload_proxy,760.2244408589601,1.0,1.25,0.95,25,0.05,281.41956019561877,245.23369059966453,36.185869595954244,56.15977931722334,67.45592859119795,-1324923.1645573666,184653.85274945188
C_be0.70_nonbaseload_proxy_ep1.00_gp1.25_lf0.95_life25_dr0.07,0.7,nonbaseload_proxy,760.2244408589601,1.0,1.25,0.95,25,0.07,281.41956019561877,245.23369059966453,36.185869595954244,58.44076110985833,67.45592859119795,-874301.0322007518,184653.85274945188
C_be0.70_nonbaseload_proxy_ep1.00_gp1.25_lf0.95_life40_dr0.01,0.7,nonbaseload_proxy,760.2244408589601,1.0,1.25,0.95,40,0.01,281.41956019561877,245.23369059966453,36.185869595954244,52.23805025023585,67.45592859119795,-2789082.549820844,184653.85274945188
C_be0.70_nonbaseload_proxy_ep1.00_gp1.25_lf0.95_life40_dr0.03,0.7,nonbaseload_proxy,760.2244408589601,1.0,1.25,0.95,40,0.03,281.41956019561877,245.23369059966453,36.185869595954244,54.08350992705171,67.45592859119795,-1937826.8096897108,184653.85274945188
C_be0.70_nonbaseload_proxy_ep1.00_gp1.25_lf0.95_life40_dr0.05,0.7,nonbaseload_proxy,760.2244408589601,1.0,1.25,0.95,40,0.05,281.41956019561877,245.23369059966453,36.185869595954244,56.15977931722334,67.45592859119795,-1324923.1645573666,184653.85274945188
C_be0.70_nonbaseload_proxy_ep1.00_gp1.25_lf0.95_life40_dr0.07,0.7,nonbaseload_proxy,760.2244408589601,1.0,1.25,0.95,40,0.07,281.41956019561877,245.23369059966453,36.185869595954244,58.44076110985833,67.45592859119795,-874301.0322007518,184653.85274945188
C_be0.70_nonbaseload_proxy_ep1.25_gp0.75_lf0.25_life15_dr0.01,0.7,nonbaseload_proxy,760.2244408589601,1.25,0.75,0.25,15,0.01,281.41956019561877,245.23369059966453,36.185869595954244,105.75823673845393,40.47355715471877,3148726.5127097713,-34995.31964602719
C_be0.70_nonbaseload_proxy_ep1.25_gp0.75_lf0.25_life15_dr0.03,0.7,nonbaseload_proxy,760.2244408589601,1.25,0.75,0.25,15,0.03,281.41956019561877,245.23369059966453,36.185869595954244,111.45821782983892,40.47355715471877,2706985.3725309586,-34995.31964602719
C_be0.70_nonbaseload_proxy_ep1.25_gp0.75_lf0.25_life15_dr0.05,0.7,nonbaseload_proxy,760.2244408589601,1.25,0.75,0.25,15,0.05,281.41956019561877,245.23369059966453,36.185869595954244,117.75461587964955,40.47355715471877,2385336.9573069895,-34995.31964602719
C_be0.70_nonbaseload_proxy_ep1.25_gp0.75_lf0.25_life15_dr0.07,0.7,nonbaseload_proxy,760.2244408589601,1.25,0.75,0.25,15,0.07,281.41956019561877,245.23369059966453,36.185869595954244,124.656101113953,40.47355715471877,2148451.929227201,-34995.31964602719
C_be0.70_nonbaseload_proxy_ep1.25_gp0.75_lf0.25_life25_dr0.01,0.7,nonbaseload_proxy,760.2244408589601,1.25,0.75,0.25,25,0.01,281.41956019561877,245.23369059966453,36.185869595954244,82.9420452104231,40.47355715471877,2048285.3733574806,-34995.31964602719
C_be0.70_nonbaseload_proxy_ep1.25_gp0.75_lf0.25_life25_dr0.03,0.7,nonbaseload_proxy,760.2244408589601,1.25,0.75,0.25,25,0.03,281.41956019561877,245.23369059966453,36.185869595954244,89.95479198232331,40.47355715471877,1886956.669499755,-34995.31964602719
C_be0.70_nonbaseload_proxy_ep1.25_gp0.75_lf0.25_life25_dr0.05,0.7,nonbaseload_proxy,760.2244408589601,1.25,0.75,0.25,25,0.05,281.41956019561877,245.23369059966453,36.185869595954244,97.84461566497555,40.47355715471877,1770800.0951621244,-34995.31964602719
C_be0.70_nonbaseload_proxy_ep1.25_gp0.75_lf0.25_life25_dr0.07,0.7,nonbaseload_proxy,760.2244408589601,1.25,0.75,0.25,25,0.07,281.41956019561877,245.23369059966453,36.185869595954244,106.5123464769885,40.47355715471877,1685398.8683445542,-34995.31964602719
C_be0.70_nonbaseload_proxy_ep1.25_gp0.75_lf0.25_life40_dr0.01,0.7,nonbaseload_proxy,760.2244408589601,1.25,0.75,0.25,40,0.01,281.41956019561877,245.23369059966453,36.185869595954244,82.9420452104231,40.47355715471877,2048285.3733574806,-34995.31964602719
C_be0.70_nonbaseload_proxy_ep1.25_gp0.75_lf0.25_life40_dr0.03,0.7,nonbaseload_proxy,760.2244408589601,1.25,0.75,0.25,40,0.03,281.41956019561877,245.23369059966453,36.185869595954244,89.95479198232331,40.47355715471877,1886956.669499755,-34995.31964602719
C_be0.70_nonbaseload_proxy_ep1.25_gp0.75_lf0.25_life40_dr0.05,0.7,nonbaseload_proxy,760.2244408589601,1.25,0.75,0.25,40,0.05,281.41956019561877,245.23369059966453,36.185869595954244,97.84461566497555,40.47355715471877,1770800.0951621244,-34995.31964602719
C_be0.70_nonbaseload_proxy_ep1.25_gp0.75_lf0.25_life40_dr0.07,0.7,nonbaseload_proxy,760.2244408589601,1.25,0.75,0.25,40,0.07,281.41956019561877,245.23369059966453,36.185869595954244,106.5123464769885,40.47355715471877,1685398.8683445542,-34995.31964602719
C_be0.70_nonbaseload_proxy_ep1.25_gp0.75_lf0.50_life15_dr0.01,0.7,nonbaseload_proxy,760.2244408589601,1.25,0.75,0.5,15,0.01,281.41956019561877,245.23369059966453,36.185869595954244,80.55672371738216,40.47355715471877,3866479.2436436745,-67586.14090211279
C_be0.70_nonbaseload_proxy_ep1.25_gp0.75_lf0.50_life15_dr0.03,0.7,nonbaseload_proxy,760.2244408589601,1.25,0.75,0.5,15,0.03,281.41956019561877,245.23369059966453,36.185869595954244,83.40671426307465,40.47355715471877,3274494.1564432206,-67586.14090211279
C_be0.70_nonbaseload_proxy_ep1.25_gp0.75_lf0.50_life15_dr0.05,0.7,nonbaseload_proxy,760.2244408589601,1.25,0.75,0.5,15,0.05,281.41956019561877,245.23369059966453,36.185869595954244,86.55491328797996,40.47355715471877,2844670.1854521334,-67586.14090211279
C_be0.70_nonbaseload_proxy_ep1.25_gp0.75_lf0.50_life15_dr0.07,0.7,nonbaseload_proxy,760.2244408589601,1.25,0.75,0.5,15,0.07,281.41956019561877,245.23369059966453,36.185869595954244,90.00565590513169,40.47355715471877,2528251.775582594,-67586.14090211279
C_be0.70_nonbaseload_proxy_ep1.25_gp0.75_lf0.50_life25_dr0.01,0.7,nonbaseload_proxy,760.2244408589601,1.25,0.75,0.5,25,0.01,281.41956019561877,245.23369059966453,36.185869595954244,69.14862795336674,40.47355715471877,2766038.1042913836,-67586.14090211279
C_be0.70_nonbaseload_proxy_ep1.25_gp0.75_lf0.50_life25_dr0.03,0.7,nonbaseload_proxy,760.2244408589601,1.25,0.75,0.5,25,0.03,281.41956019561877,245.23369059966453,36.185869595954244,72.65500133931684,40.47355715471877,2454465.453412017,-67586.14090211279
C_be0.70_nonbaseload_proxy_ep1.25_gp0.75_lf0.50_life25_dr0.05,0.7,nonbaseload_proxy,760.2244408589601,1.25,0.75,0.5,25,0.05,281.41956019561877,245.23369059966453,36.185869595954244,76.59991318064296,40.47355715471877,2230133.3233072683,-67586.14090211279
C_be0.70_nonbaseload_proxy_ep1.25_gp0.75_lf0.50_life25_dr0.07,0.7,nonbaseload_proxy,760.2244408589601,1.25,0.75,0.5,25,0.07,281.41956019561877,245.23369059966453,36.185869595954244,80.93377858664944,40.47355715471877,2065198.7146999475,-67586.14090211279
C_be0.70_nonbaseload_proxy_ep1.25_gp0.75_lf0.50_life40_dr0.01,0.7,nonbaseload_proxy,760.2244408589601,1.25,0.75,0.5,40,0.01,281.41956019561877,245.23369059966453,36.185869595954244,69.14862795336674,40.47355715471877,2766038.1042913836,-67586.14090211279
C_be0.70_nonbaseload_proxy_ep1.25_gp0.75_lf0.50_life40_dr0.03,0.7,nonbaseload_proxy,760.2244408589601,1.25,0.75,0.5,40,0.03,281.41956019561877,245.23369059966453,36.185869595954244,72.65500133931684,40.47355715471877,2454465.453412017,-67586.14090211279
C_be0.70_nonbaseload_proxy_ep1.25_gp0.75_lf0.50_life40_dr0.05,0.7,nonbaseload_proxy,760.2244408589601,1.25,0.75,0.5,40,0.05,281.41956019561877,245.23369059966453,36.185869595954244,76.59991318064296,40.47355715471877,2230133.3233072683,-67586.14090211279
C_be0.70_nonbaseload_proxy_ep1.25_gp0.75_lf0.50_life40_dr0.07,0.7,nonbaseload_proxy,760.2244408589601,1.25,0.75,0.5,40,0.07,281.41956019561877,245.23369059966453,36.185869595954244,80.93377858664944,40.47355715471877,2065198.7146999475,-67586.14090211279
C_be0.70_nonbaseload_proxy_ep1.25_gp0.75_lf0.75_life15_dr0.01,0.7,nonbaseload_proxy,760.2244408589601,1.25,0.75,0.75,15,0.01,281.41956019561877,245.23369059966453,36.185869595954244,72.15621937702487,40.47355715471877,4584231.974577575,-100176.96215819835
C_be0.70_nonbaseload_proxy_ep1.25_gp0.75_lf0.75_life15_dr0.03,0.7,nonbaseload_proxy,760.2244408589601,1.25,0.75,0.75,15,0.03,281.41956019561877,245.23369059966453,36.185869595954244,74.0562130741532,40.47355715471877,3842002.9403554806,-100176.96215819835
C_be0.70_nonbaseload_proxy_ep1.25_gp0.75_lf0.75_life15_dr0.05,0.7,nonbaseload_proxy,760.2244408589601,1.25,0.75,0.75,15,0.05,281.41956019561877,245.23369059966453,36.185869595954244,76.15501242409009,40.47355715471877,3304003.413597276,-100176.96215819835
C_be0.70_nonbaseload_proxy_ep1.25_gp0.75_lf0.75_life15_dr0.07,0.7,nonbaseload_proxy,760.2244408589601,1.25,0.75,0.75,15,0.07,281.41956019561877,245.23369059966453,36.185869595954244,78.45550750219124,40.47355715471877,2908051.621937987,-100176.96215819835
C_be0.70_nonbaseload_proxy_ep1.25_gp0.75_lf0.75_life25_dr0.01,0.7,nonbaseload_proxy,760.2244408589601,1.25,0.75,0.75,25,0.01,281.41956019561877,245.23369059966453,36.185869595954244,64.5508222010146,40.47355715471877,3483790.835225285,-100176.96215819835
C_be0.70_nonbaseload_proxy_ep1.25_gp0.75_lf0.75_life25_dr0.03,0.7,nonbaseload_proxy,760.2244408589601,1.25,0.75,0.75,25,0.03,281.41956019561877,245.23369059966453,36.185869595954244,66.88840445831468,40.47355715471877,3021974.237324278,-100176.96215819835
C_be0.70_nonbaseload_proxy_ep1.25_gp0.75_lf0.75_life25_dr0.05,0.7,nonbaseload_proxy,760.2244408589601,1.25,0.75,0.75,25,0.05,281.41956019561877,245.23369059966453,36.185869595954244,69.51834568586541,40.47355715471877,2689466.551452411,-100176.96215819835
C_be0.70_nonbaseload_proxy_ep1.25_gp0.75_lf0.75_life25_dr0.07,0.7,nonbaseload_proxy,760.2244408589601,1.25,0.75,0.75,25,0.07,281.41956019561877,245.23369059966453,36.185869595954244,72.40758928986973,40.47355715471877,2444998.5610553403,-100176.96215819835
C_be0.70_nonbaseload_proxy_ep1.25_gp0.75_lf0.75_life40_dr0.01,0.7,nonbaseload_proxy,760.2244408589601,1.25,0.75,0.75,40,0.01,281.41956019561877,245.23369059966453,36.185869595954244,64.5508222010146,40.47355715471877,3483790.835225285,-100176.96215819835
C_be0.70_nonbaseload_proxy_ep1.25_gp0.75_lf0.75_life40_dr0.03,0.7,nonbaseload_proxy,760.2244408589601,1.25,0.75,0.75,40,0.03,281.41956019561877,245.23369059966453,36.185869595954244,66.88840445831468,40.47355715471877,3021974.237324278,-100176.96215819835
C_be0.70_nonbaseload_proxy_ep1.25_gp0.75_lf0.75_life40_dr0.05,0.7,nonbaseload_proxy,760.2244408589601,1.25,0.75,0.75,40,0.05,281.41956019561877,245.23369059966453,36.185869595954244,69.51834568586541,40.47355715471877,2689466.551452411,-100176.96215819835
C_be0.70_nonbaseload_proxy_ep1.25_gp0.75_lf0.75_life40_dr0.07,0.7,nonbaseload_proxy,760.2244408589601,1.25,0.75,0.75,40,0.07,281.41956019561877,245.23369059966453,36.185869595954244,72.40758928986973,40.47355715471877,2444998.5610553403,-100176.96215819835
C_be0.70_nonbaseload_proxy_ep1.25_gp0.75_lf0.95_life15_dr0.01,0.7,nonbaseload_proxy,760.2244408589601,1.25,0.75,0.95,15,0.01,281.41956019561877,245.23369059966453,36.185869595954244,68.61916491792711,40.47355715471877,5158434.1593247,-126249.61916306685
C_be0.70_nonbaseload_proxy_ep1.25_gp0.75_lf0.95_life15_dr0.03,0.7,nonbaseload_proxy,760.2244408589601,1.25,0.75,0.95,15,0.03,281.41956019561877,245.23369059966453,36.185869595954244,70.11915994197578,40.47355715471877,4296009.967485291,-126249.61916306685
C_be0.70_nonbaseload_proxy_ep1.25_gp0.75_lf0.95_life15_dr0.05,0.7,nonbaseload_proxy,760.2244408589601,1.25,0.75,0.95,15,0.05,281.41956019561877,245.23369059966453,36.185869595954244,71.7761067971891,40.47355715471877,3671469.9961133916,-126249.61916306685
C_be0.70_nonbaseload_proxy_ep1.25_gp0.75_lf0.95_life15_dr0.07,0.7,nonbaseload_proxy,760.2244408589601,1.25,0.75,0.95,15,0.07,281.41956019561877,245.23369059966453,36.185869595954244,73.59228712200579,40.47355715471877,3211891.499022301,-126249.61916306685
C_be0.70_nonbaseload_proxy_ep1.25_gp0.75_lf0.95_life25_dr0.01,0.7,nonbaseload_proxy,760.2244408589601,1.25,0.75,0.95,25,0.01,281.41956019561877,245.23369059966453,36.185869595954244,62.61490398949793,40.47355715471877,4057993.019972408,-126249.61916306685
C_be0.70_nonbaseload_proxy_ep1.25_gp0.75_lf0.95_life25_dr0.03,0.7,nonbaseload_proxy,760.2244408589601,1.25,0.75,0.95,25,0.03,281.41956019561877,245.23369059966453,36.185869595954244,64.46036366631378,40.47355715471877,3475981.264454088,-126249.61916306685
C_be0.70_nonbaseload_proxy_ep1.25_gp0.75_lf0.95_life25_dr0.05,0.7,nonbaseload_proxy,760.2244408589601,1.25,0.75,0.95,25,0.05,281.41956019561877,245.23369059966453,36.185869595954244,66.53663305648541,40.47355715471877,3056933.1339685265,-126249.61916306685
C_be0.70_nonbaseload_proxy_ep1.25_gp0.75_lf0.95_life25_dr0.07,0.7,nonbaseload_proxy,760.2244408589601,1.25,0.75,0.95,25,0.07,281.41956019561877,245.23369059966453,36.185869595954244,68.8176148491204,40.47355715471877,2748838.438139654,-126249.61916306685
C_be0.70_nonbaseload_proxy_ep1.25_gp0.75_lf0.95_life40_dr0.01,0.7,nonbaseload_proxy,760.2244408589601,1.25,0.75,0.95,40,0.01,281.41956019561877,245.23369059966453,36.185869595954244,62.61490398949793,40.47355715471877,4057993.019972408,-126249.61916306685
C_be0.70_nonbaseload_proxy_ep1.25_gp0.75_lf0.95_life40_dr0.03,0.7,nonbaseload_proxy,760.2244408589601,1.25,0.75,0.95,40,0.03,281.41956019561877,245.23369059966453,36.185869595954244,64.46036366631378,40.47355715471877,3475981.264454088,-126249.61916306685
C_be0.70_nonbaseload_proxy_ep1.25_gp0.75_lf0.95_life40_dr0.05,0.7,nonbaseload_proxy,760.2244408589601,1.25,0.75,0.95,40,0.05,281.41956019561877,245.23369059966453,36.185869595954244,66.53663305648541,40.47355715471877,3056933.1339685265,-126249.61916306685
C_be0.70_nonbaseload_proxy_ep1.25_gp0.75_lf0.95_life40_dr0.07,0.7,nonbaseload_proxy,760.2244408589601,1.25,0.75,0.95,40,0.07,281.41956019561877,245.23369059966453,36.185869595954244,68.8176148491204,40.47355715471877,2748838.438139654,-126249.61916306685
C_be0.70_nonbaseload_proxy_ep1.25_gp1.00_lf0.25_life15_dr0.01,0.7,nonbaseload_proxy,760.2244408589601,1.25,1.0,0.25,15,0.01,281.41956019561877,245.23369059966453,36.185869595954244,105.75823673845393,53.96474287295836,2498037.033497013,-5449.622923082483
C_be0.70_nonbaseload_proxy_ep1.25_gp1.00_lf0.25_life15_dr0.03,0.7,nonbaseload_proxy,760.2244408589601,1.25,1.0,0.25,15,0.03,281.41956019561877,245.23369059966453,36.185869595954244,111.45821782983892,53.96474287295836,2192501.791852613,-5449.622923082483
C_be0.70_nonbaseload_proxy_ep1.25_gp1.00_lf0.25_life15_dr0.05,0.7,nonbaseload_proxy,760.2244408589601,1.25,1.0,0.25,15,0.05,281.41956019561877,245.23369059966453,36.185869595954244,117.75461587964955,53.96474287295836,1968921.5455286363,-5449.622923082483
C_be0.70_nonbaseload_proxy_ep1.25_gp1.00_lf0.25_life15_dr0.07,0.7,nonbaseload_proxy,760.2244408589601,1.25,1.0,0.25,15,0.07,281.41956019561877,245.23369059966453,36.185869595954244,124.656101113953,53.96474287295836,1804138.6949069065,-5449.622923082483
C_be0.70_nonbaseload_proxy_ep1.25_gp1.00_lf0.25_life25_dr0.01,0.7,nonbaseload_proxy,760.2244408589601,1.25,1.0,0.25,25,0.01,281.41956019561877,245.23369059966453,36.185869595954244,82.9420452104231,53.96474287295836,1397595.8941447227,-5449.622923082483
C_be0.70_nonbaseload_proxy_ep1.25_gp1.00_lf0.25_life25_dr0.03,0.7,nonbaseload_proxy,760.2244408589601,1.25,1.0,0.25,25,0.03,281.41956019561877,245.23369059966453,36.185869595954244,89.95479198232331,53.96474287295836,1372473.0888214095,-5449.622923082483
C_be0.70_nonbaseload_proxy_ep1.25_gp1.00_lf0.25_life25_dr0.05,0.7,nonbaseload_proxy,760.2244408589601,1.25,1.0,0.25,25,0.05,281.41956019561877,245.23369059966453,36.185869595954244,97.84461566497555,53.96474287295836,1354384.6833837712,-5449.622923082483
C_be0.70_nonbaseload_proxy_ep1.25_gp1.00_lf0.25_life25_dr0.07,0.7,nonbaseload_proxy,760.2244408589601,1.25,1.0,0.25,25,0.07,281.41956019561877,245.23369059966453,36.185869595954244,106.5123464769885,53.96474287295836,1341085.6340242599,-5449.622923082483
C_be0.70_nonbaseload_proxy_ep1.25_gp1.00_lf0.25_life40_dr0.01,0.7,nonbaseload_proxy,760.2244408589601,1.25,1.0,0.25,40,0.01,281.41956019561877,245.23369059966453,36.185869595954244,82.9420452104231,53.96474287295836,1397595.8941447227,-5449.622923082483
C_be0.70_nonbaseload_proxy_ep1.25_gp1.00_lf0.25_life40_dr0.03,0.7,nonbaseload_proxy,760.2244408589601,1.25,1.0,0.25,40,0.03,281.41956019561877,245.23369059966453,36.185869595954244,89.95479198232331,53.96474287295836,1372473.0888214095,-5449.622923082483
C_be0.70_nonbaseload_proxy_ep1.25_gp1.00_lf0.25_life40_dr0.05,0.7,nonbaseload_proxy,760.2244408589601,1.25,1.0,0.25,40,0.05,281.41956019561877,245.23369059966453,36.185869595954244,97.84461566497555,53.96474287295836,1354384.6833837712,-5449.622923082483
C_be0.70_nonbaseload_proxy_ep1.25_gp1.00_lf0.25_life40_dr0.07,0.7,nonbaseload_proxy,760.2244408589601,1.25,1.0,0.25,40,0.07,281.41956019561877,245.23369059966453,36.185869595954244,106.5123464769885,53.96474287295836,1341085.6340242599,-5449.622923082483
C_be0.70_nonbaseload_proxy_ep1.25_gp1.00_lf0.50_life15_dr0.01,0.7,nonbaseload_proxy,760.2244408589601,1.25,1.0,0.5,15,0.01,281.41956019561877,245.23369059966453,36.185869595954244,80.55672371738216,53.96474287295836,2565100.2852181587,-8494.747456223384
C_be0.70_nonbaseload_proxy_ep1.25_gp1.00_lf0.50_life15_dr0.03,0.7,nonbaseload_proxy,760.2244408589601,1.25,1.0,0.5,15,0.03,281.41956019561877,245.23369059966453,36.185869595954244,83.40671426307465,53.96474287295836,2245526.9950865298,-8494.747456223384
C_be0.70_nonbaseload_proxy_ep1.25_gp1.00_lf0.50_life15_dr0.05,0.7,nonbaseload_proxy,760.2244408589601,1.25,1.0,0.5,15,0.05,281.41956019561877,245.23369059966453,36.185869595954244,86.55491328797996,53.96474287295836,2011839.361895427,-8494.747456223384
C_be0.70_nonbaseload_proxy_ep1.25_gp1.00_lf0.50_life15_dr0.07,0.7,nonbaseload_proxy,760.2244408589601,1.25,1.0,0.5,15,0.07,281.41956019561877,245.23369059966453,36.185869595954244,90.00565590513169,53.96474287295836,1839625.3069420052,-8494.747456223384
C_be0.70_nonbaseload_proxy_ep1.25_gp1.00_lf0.50_life25_dr0.01,0.7,nonbaseload_proxy,760.2244408589601,1.25,1.0,0.5,25,0.01,281.41956019561877,245.23369059966453,36.185869595954244,69.14862795336674,53.96474287295836,1464659.1458658678,-8494.747456223384
C_be0.70_nonbaseload_proxy_ep1.25_gp1.00_lf0.50_life25_dr0.03,0.7,nonbaseload_proxy,760.2244408589601,1.25,1.0,0.5,25,0.03,281.41956019561877,245.23369059966453,36.185869595954244,72.65500133931684,53.96474287295836,1425498.292055326,-8494.747456223384
C_be0.70_nonbaseload_proxy_ep1.25_gp1.00_lf0.50_life25_dr0.05,0.7,nonbaseload_proxy,760.2244408589601,1.25,1.0,0.5,25,0.05,281.41956019561877,245.23369059966453,36.185869595954244,76.59991318064296,53.96474287295836,1397302.499750562,-8494.747456223384
C_be0.70_nonbaseload_proxy_ep1.25_gp1.00_lf0.50_life25_dr0.07,0.7,nonbaseload_proxy,760.2244408589601,1.25,1.0,0.5,25,0.07,281.41956019561877,245.23369059966453,36.185869595954244,80.93377858664944,53.96474287295836,1376572.2460593586,-8494.747456223384
C_be0.70_nonbaseload_proxy_ep1.25_gp1.00_lf0.50_life40_dr0.01,0.7,nonbaseload_proxy,760.2244408589601,1.25,1.0,0.5,40,0.01,281.41956019561877,245.23369059966453,36.185869595954244,69.14862795336674,53.96474287295836,1464659.1458658678,-8494.747456223384
C_be0.70_nonbaseload_proxy_ep1.25_gp1.00_lf0.50_life40_dr0.03,0.7,nonbaseload_proxy,760.2244408589601,1.25,1.0,0.5,40,0.03,281.41956019561877,245.23369059966453,36.185869595954244,72.65500133931684,53.96474287295836,1425498.292055326,-8494.747456223384
C_be0.70_nonbaseload_proxy_ep1.25_gp1.00_lf0.50_life40_dr0.05,0.7,nonbaseload_proxy,760.2244408589601,1.25,1.0,0.5,40,0.05,281.41956019561877,245.23369059966453,36.185869595954244,76.59991318064296,53.96474287295836,1397302.499750562,-8494.747456223384
C_be0.70_nonbaseload_proxy_ep1.25_gp1.00_lf0.50_life40_dr0.07,0.7,nonbaseload_proxy,760.2244408589601,1.25,1.0,0.5,40,0.07,281.41956019561877,245.23369059966453,36.185869595954244,80.93377858664944,53.96474287295836,1376572.2460593586,-8494.747456223384
C_be0.70_nonbaseload_proxy_ep1.25_gp1.00_lf0.75_life15_dr0.01,0.7,nonbaseload_proxy,760.2244408589601,1.25,1.0,0.75,15,0.01,281.41956019561877,245.23369059966453,36.185869595954244,72.15621937702487,53.96474287295836,2632163.5369392997,-11539.871989364212
C_be0.70_nonbaseload_proxy_ep1.25_gp1.00_lf0.75_life15_dr0.03,0.7,nonbaseload_proxy,760.2244408589601,1.25,1.0,0.75,15,0.03,281.41956019561877,245.23369059966453,36.185869595954244,74.0562130741532,53.96474287295836,2298552.1983204447,-11539.871989364212
C_be0.70_nonbaseload_proxy_ep1.25_gp1.00_lf0.75_life15_dr0.05,0.7,nonbaseload_proxy,760.2244408589601,1.25,1.0,0.75,15,0.05,281.41956019561877,245.23369059966453,36.185869595954244,76.15501242409009,53.96474287295836,2054757.178262217,-11539.871989364212
C_be0.70_nonbaseload_proxy_ep1.25_gp1.00_lf0.75_life15_dr0.07,0.7,nonbaseload_proxy,760.2244408589601,1.25,1.0,0.75,15,0.07,281.41956019561877,245.23369059966453,36.185869595954244,78.45550750219124,53.96474287295836,1875111.9189771027,-11539.871989364212
C_be0.70_nonbaseload_proxy_ep1.25_gp1.00_lf0.75_life25_dr0.01,0.7,nonbaseload_proxy,760.2244408589601,1.25,1.0,0.75,25,0.01,281.41956019561877,245.23369059966453,36.185869595954244,64.5508222010146,53.96474287295836,1531722.3975870097,-11539.871989364212
C_be0.70_nonbaseload_proxy_ep1.25_gp1.00_lf0.75_life25_dr0.03,0.7,nonbaseload_proxy,760.2244408589601,1.25,1.0,0.75,25,0.03,281.41956019561877,245.23369059966453,36.185869595954244,66.88840445831468,53.96474287295836,1478523.495289242,-11539.871989364212
C_be0.70_nonbaseload_proxy_ep1.25_gp1.00_lf0.75_life25_dr0.05,0.7,nonbaseload_proxy,760.2244408589601,1.25,1.0,0.75,25,0.05,281.41956019561877,245.23369059966453,36.185869595954244,69.51834568586541,53.96474287295836,1440220.3161173519,-11539.871989364212
C_be0.70_nonbaseload_proxy_ep1.25_gp1.00_lf0.75_life25_dr0.07,0.7,nonbaseload_proxy,760.2244408589601,1.25,1.0,0.75,25,0.07,281.41956019561877,245.23369059966453,36.185869595954244,72.40758928986973,53.96474287295836,1412058.8580944561,-11539.871989364212
C_be0.70_nonbaseload_proxy_ep1.25_gp1.00_lf0.75_life40_dr0.01,0.7,nonbaseload_proxy,760.2244408589601,1.25,1.0,0.75,40,0.01,281.41956019561877,245.23369059966453,36.185869595954244,64.5508222010146,53.96474287295836,1531722.3975870097,-11539.871989364212
C_be0.70_nonbaseload_proxy_ep1.25_gp1.00_lf0.75_life40_dr0.03,0.7,nonbaseload_proxy,760.2244408589601,1.25,1.0,0.75,40,0.03,281.41956019561877,245.23369059966453,36.185869595954244,66.88840445831468,53.96474287295836,1478523.495289242,-11539.871989364212
C_be0.70_nonbaseload_proxy_ep1.25_gp1.00_lf0.75_life40_dr0.05,0.7,nonbaseload_proxy,760.2244408589601,1.25,1.0,0.75,40,0.05,281.41956019561877,245.23369059966453,36.185869595954244,69.51834568586541,53.96474287295836,1440220.3161173519,-11539.871989364212
C_be0.70_nonbaseload_proxy_ep1.25_gp1.00_lf0.75_life40_dr0.07,0.7,nonbaseload_proxy,760.2244408589601,1.25,1.0,0.75,40,0.07,281.41956019561877,245.23369059966453,36.185869595954244,72.40758928986973,53.96474287295836,1412058.8580944561,-11539.871989364212
C_be0.70_nonbaseload_proxy_ep1.25_gp1.00_lf0.95_life15_dr0.01,0.7,nonbaseload_proxy,760.2244408589601,1.25,1.0,0.95,15,0.01,281.41956019561877,245.23369059966453,36.185869595954244,68.61916491792711,53.96474287295836,2685814.138316218,-13975.971615876944
C_be0.70_nonbaseload_proxy_ep1.25_gp1.00_lf0.95_life15_dr0.03,0.7,nonbaseload_proxy,760.2244408589601,1.25,1.0,0.95,15,0.03,281.41956019561877,245.23369059966453,36.185869595954244,70.11915994197578,53.96474287295836,2340972.360907578,-13975.971615876944
C_be0.70_nonbaseload_proxy_ep1.25_gp1.00_lf0.95_life15_dr0.05,0.7,nonbaseload_proxy,760.2244408589601,1.25,1.0,0.95,15,0.05,281.41956019561877,245.23369059966453,36.185869595954244,71.7761067971891,53.96474287295836,2089091.4313556496,-13975.971615876944
C_be0.70_nonbaseload_proxy_ep1.25_gp1.00_lf0.95_life15_dr0.07,0.7,nonbaseload_proxy,760.2244408589601,1.25,1.0,0.95,15,0.07,281.41956019561877,245.23369059966453,36.185869595954244,73.59228712200579,53.96474287295836,1903501.2086051814,-13975.971615876944
C_be0.70_nonbaseload_proxy_ep1.25_gp1.00_lf0.95_life25_dr0.01,0.7,nonbaseload_proxy,760.2244408589601,1.25,1.0,0.95,25,0.01,281.41956019561877,245.23369059966453,36.185869595954244,62.61490398949793,53.96474287295836,1585372.998963926,-13975.971615876944
C_be0.70_nonbaseload_proxy_ep1.25_gp1.00_lf0.95_life25_dr0.03,0.7,nonbaseload_proxy,760.2244408589601,1.25,1.0,0.95,25,0.03,281.41956019561877,245.23369059966453,36.185869595954244,64.46036366631378,53.96474287295836,1520943.6578763751,-13975.971615876944
C_be0.70_nonbaseload_proxy_ep1.25_gp1.00_lf0.95_life25_dr0.05,0.7,nonbaseload_proxy,760.2244408589601,1.25,1.0,0.95,25,0.05,281.41956019561877,245.23369059966453,36.185869595954244,66.53663305648541,53.96474287295836,1474554.5692107845,-13975.971615876944
C_be0.70_nonbaseload_proxy_ep1.25_gp1.00_lf0.95_life25_dr0.07,0.7,nonbaseload_proxy,760.2244408589601,1.25,1.0,0.95,25,0.07,281.41956019561877,245.23369059966453,36.185869595954244,68.8176148491204,53.96474287295836,1440448.1477225348,-13975.971615876944
C_be0.70_nonbaseload_proxy_ep1.25_gp1.00_lf0.95_life40_dr0.01,0.7,nonbaseload_proxy,760.2244408589601,1.25,1.0,0.95,40,0.01,281.41956019561877,245.23369059966453,36.185869595954244,62.61490398949793,53.96474287295836,1585372.998963926,-13975.971615876944
C_be0.70_nonbaseload_proxy_ep1.25_gp1.00_lf0.95_life40_dr0.03,0.7,nonbaseload_proxy,760.2244408589601,1.25,1.0,0.95,40,0.03,281.41956019561877,245.23369059966453,36.185869595954244,64.46036366631378,53.96474287295836,1520943.6578763751,-13975.971615876944
C_be0.70_nonbaseload_proxy_ep1.25_gp1.00_lf0.95_life40_dr0.05,0.7,nonbaseload_proxy,760.2244408589601,1.25,1.0,0.95,40,0.05,281.41956019561877,245.23369059966453,36.185869595954244,66.53663305648541,53.96474287295836,1474554.5692107845,-13975.971615876944
C_be0.70_nonbaseload_proxy_ep1.25_gp1.00_lf0.95_life40_dr0.07,0.7,nonbaseload_proxy,760.2244408589601,1.25,1.0,0.95,40,0.07,281.41956019561877,245.23369059966453,36.185869595954244,68.8176148491204,53.96474287295836,1440448.1477225348,-13975.971615876944
C_be0.70_nonbaseload_proxy_ep1.25_gp1.25_lf0.25_life15_dr0.01,0.7,nonbaseload_proxy,760.2244408589601,1.25,1.25,0.25,15,0.01,281.41956019561877,245.23369059966453,36.185869595954244,105.75823673845393,67.45592859119795,1847347.5542842555,24096.07379986219
C_be0.70_nonbaseload_proxy_ep1.25_gp1.25_lf0.25_life15_dr0.03,0.7,nonbaseload_proxy,760.2244408589601,1.25,1.25,0.25,15,0.03,281.41956019561877,245.23369059966453,36.185869595954244,111.45821782983892,67.45592859119795,1678018.2111742683,24096.07379986219
C_be0.70_nonbaseload_proxy_ep1.25_gp1.25_lf0.25_life15_dr0.05,0.7,nonbaseload_proxy,760.2244408589601,1.25,1.25,0.25,15,0.05,281.41956019561877,245.23369059966453,36.185869595954244,117.75461587964955,67.45592859119795,1552506.1337502836,24096.07379986219
C_be0.70_nonbaseload_proxy_ep1.25_gp1.25_lf0.25_life15_dr0.07,0.7,nonbaseload_proxy,760.2244408589601,1.25,1.25,0.25,15,0.07,281.41956019561877,245.23369059966453,36.185869595954244,124.656101113953,67.45592859119795,1459825.4605866123,24096.07379986219
C_be0.70_nonbaseload_proxy_ep1.25_gp1.25_lf0.25_life25_dr0.01,0.7,nonbaseload_proxy,760.2244408589601,1.25,1.25,0.25,25,0.01,281.41956019561877,245.23369059966453,36.185869595954244,82.9420452104231,67.45592859119795,746906.4149319651,24096.07379986219
C_be0.70_nonbaseload_proxy_ep1.25_gp1.25_lf0.25_life25_dr0.03,0.7,nonbaseload_proxy,760.2244408589601,1.25,1.25,0.25,25,0.03,281.41956019561877,245.23369059966453,36.185869595954244,89.95479198232331,67.45592859119795,857989.5081430646,24096.07379986219
C_be0.70_nonbaseload_proxy_ep1.25_gp1.25_lf0.25_life25_dr0.05,0.7,nonbaseload_proxy,760.2244408589601,1.25,1.25,0.25,25,0.05,281.41956019561877,245.23369059966453,36.185869595954244,97.84461566497555,67.45592859119795,937969.2716054185,24096.07379986219
C_be0.70_nonbaseload_proxy_ep1.25_gp1.25_lf0.25_life25_dr0.07,0.7,nonbaseload_proxy,760.2244408589601,1.25,1.25,0.25,25,0.07,281.41956019561877,245.23369059966453,36.185869595954244,106.5123464769885,67.45592859119795,996772.3997039658,24096.07379986219
C_be0.70_nonbaseload_proxy_ep1.25_gp1.25_lf0.25_life40_dr0.01,0.7,nonbaseload_proxy,760.2244408589601,1.25,1.25,0.25,40,0.01,281.41956019561877,245.23369059966453,36.185869595954244,82.9420452104231,67.45592859119795,746906.4149319651,24096.07379986219
C_be0.70_nonbaseload_proxy_ep1.25_gp1.25_lf0.25_life40_dr0.03,0.7,nonbaseload_proxy,760.2244408589601,1.25,1.25,0.25,40,0.03,281.41956019561877,245.23369059966453,36.185869595954244,89.95479198232331,67.45592859119795,857989.5081430646,24096.07379986219
C_be0.70_nonbaseload_proxy_ep1.25_gp1.25_lf0.25_life40_dr0.05,0.7,nonbaseload_proxy,760.2244408589601,1.25,1.25,0.25,40,0.05,281.41956019561877,245.23369059966453,36.185869595954244,97.84461566497555,67.45592859119795,937969.2716054185,24096.07379986219
C_be0.70_nonbaseload_proxy_ep1.25_gp1.25_lf0.25_life40_dr0.07,0.7,nonbaseload_proxy,760.2244408589601,1.25,1.25,0.25,40,0.07,281.41956019561877,245.23369059966453,36.185869595954244,106.5123464769885,67.45592859119795,996772.3997039658,24096.07379986219
C_be0.70_nonbaseload_proxy_ep1.25_gp1.25_lf0.50_life15_dr0.01,0.7,nonbaseload_proxy,760.2244408589601,1.25,1.25,0.5,15,0.01,281.41956019561877,245.23369059966453,36.185869595954244,80.55672371738216,67.45592859119795,1263721.3267926434,50596.645989665965
C_be0.70_nonbaseload_proxy_ep1.25_gp1.25_lf0.50_life15_dr0.03,0.7,nonbaseload_proxy,760.2244408589601,1.25,1.25,0.5,15,0.03,281.41956019561877,245.23369059966453,36.185869595954244,83.40671426307465,67.45592859119795,1216559.83372984,50596.645989665965
C_be0.70_nonbaseload_proxy_ep1.25_gp1.25_lf0.50_life15_dr0.05,0.7,nonbaseload_proxy,760.2244408589601,1.25,1.25,0.5,15,0.05,281.41956019561877,245.23369059966453,36.185869595954244,86.55491328797996,67.45592859119795,1179008.5383387217,50596.645989665965
C_be0.70_nonbaseload_proxy_ep1.25_gp1.25_lf0.50_life15_dr0.07,0.7,nonbaseload_proxy,760.2244408589601,1.25,1.25,0.5,15,0.07,281.41956019561877,245.23369059966453,36.185869595954244,90.00565590513169,67.45592859119795,1150998.838301417,50596.645989665965
C_be0.70_nonbaseload_proxy_ep1.25_gp1.25_lf0.50_life25_dr0.01,0.7,nonbaseload_proxy,760.2244408589601,1.25,1.25,0.5,25,0.01,281.41956019561877,245.23369059966453,36.185869595954244,69.14862795336674,67.45592859119795,163280.1874403525,50596.645989665965
C_be0.70_nonbaseload_proxy_ep1.25_gp1.25_lf0.50_life25_dr0.03,0.7,nonbaseload_proxy,760.2244408589601,1.25,1.25,0.5,25,0.03,281.41956019561877,245.23369059966453,36.185869595954244,72.65500133931684,67.45592859119795,396531.1306986362,50596.645989665965
C_be0.70_nonbaseload_proxy_ep1.25_gp1.25_lf0.50_life25_dr0.05,0.7,nonbaseload_proxy,760.2244408589601,1.25,1.25,0.5,25,0.05,281.41956019561877,245.23369059966453,36.185869595954244,76.59991318064296,67.45592859119795,564471.6761938566,50596.645989665965
C_be0.70_nonbaseload_proxy_ep1.25_gp1.25_lf0.50_life25_dr0.07,0.7,nonbaseload_proxy,760.2244408589601,1.25,1.25,0.5,25,0.07,281.41956019561877,245.23369059966453,36.185869595954244,80.93377858664944,67.45592859119795,687945.7774187704,50596.645989665965
C_be0.70_nonbaseload_proxy_ep1.25_gp1.25_lf0.50_life40_dr0.01,0.7,nonbaseload_proxy,760.2244408589601,1.25,1.25,0.5,40,0.01,281.41956019561877,245.23369059966453,36.185869595954244,69.14862795336674,67.45592859119795,163280.1874403525,50596.645989665965
C_be0.70_nonbaseload_proxy_ep1.25_gp1.25_lf0.50_life40_dr0.03,0.7,nonbaseload_proxy,760.2244408589601,1.25,1.25,0.5,40,0.03,281.41956019561877,245.23369059966453,36.185869595954244,72.65500133931684,67.45592859119795,396531.1306986362,50596.645989665965
C_be0.70_nonbaseload_proxy_ep1.25_gp1.25_lf0.50_life40_dr0.05,0.7,nonbaseload_proxy,760.2244408589601,1.25,1.25,0.5,40,0.05,281.41956019561877,245.23369059966453,36.185869595954244,76.59991318064296,67.45592859119795,564471.6761938566,50596.645989665965
C_be0.70_nonbaseload_proxy_ep1.25_gp1.25_lf0.50_life40_dr0.07,0.7,nonbaseload_proxy,760.2244408589601,1.25,1.25,0.5,40,0.07,281.41956019561877,245.23369059966453,36.185869595954244,80.93377858664944,67.45592859119795,687945.7774187704,50596.645989665965
C_be0.70_nonbaseload_proxy_ep1.25_gp1.25_lf0.75_life15_dr0.01,0.7,nonbaseload_proxy,760.2244408589601,1.25,1.25,0.75,15,0.01,281.41956019561877,245.23369059966453,36.185869595954244,72.15621937702487,67.45592859119795,680095.0993010271,77097.21817946987
C_be0.70_nonbaseload_proxy_ep1.25_gp1.25_lf0.75_life15_dr0.03,0.7,nonbaseload_proxy,760.2244408589601,1.25,1.25,0.75,15,0.03,281.41956019561877,245.23369059966453,36.185869595954244,74.0562130741532,67.45592859119795,755101.4562854087,77097.21817946987
C_be0.70_nonbaseload_proxy_ep1.25_gp1.25_lf0.75_life15_dr0.05,0.7,nonbaseload_proxy,760.2244408589601,1.25,1.25,0.75,15,0.05,281.41956019561877,245.23369059966453,36.185869595954244,76.15501242409009,67.45592859119795,805510.9429271575,77097.21817946987
C_be0.70_nonbaseload_proxy_ep1.25_gp1.25_lf0.75_life15_dr0.07,0.7,nonbaseload_proxy,760.2244408589601,1.25,1.25,0.75,15,0.07,281.41956019561877,245.23369059966453,36.185869595954244,78.45550750219124,67.45592859119795,842172.2160162199,77097.21817946987
C_be0.70_nonbaseload_proxy_ep1.25_gp1.25_lf0.75_life25_dr0.01,0.7,nonbaseload_proxy,760.2244408589601,1.25,1.25,0.75,25,0.01,281.41956019561877,245.23369059966453,36.185869595954244,64.5508222010146,67.45592859119795,-420346.0400512628,77097.21817946987
C_be0.70_nonbaseload_proxy_ep1.25_gp1.25_lf0.75_life25_dr0.03,0.7,nonbaseload_proxy,760.2244408589601,1.25,1.25,0.75,25,0.03,281.41956019561877,245.23369059966453,36.185869595954244,66.88840445831468,67.45592859119795,-64927.24674579408,77097.21817946987
C_be0.70_nonbaseload_proxy_ep1.25_gp1.25_lf0.75_life25_dr0.05,0.7,nonbaseload_proxy,760.2244408589601,1.25,1.25,0.75,25,0.05,281.41956019561877,245.23369059966453,36.185869595954244,69.51834568586541,67.45592859119795,190974.0807822924,77097.21817946987
C_be0.70_nonbaseload_proxy_ep1.25_gp1.25_lf0.75_life25_dr0.07,0.7,nonbaseload_proxy,760.2244408589601,1.25,1.25,0.75,25,0.07,281.41956019561877,245.23369059966453,36.185869595954244,72.40758928986973,67.45592859119795,379119.15513357334,77097.21817946987
C_be0.70_nonbaseload_proxy_ep1.25_gp1.25_lf0.75_life40_dr0.01,0.7,nonbaseload_proxy,760.2244408589601,1.25,1.25,0.75,40,0.01,281.41956019561877,245.23369059966453,36.185869595954244,64.5508222010146,67.45592859119795,-420346.0400512628,77097.21817946987
C_be0.70_nonbaseload_proxy_ep1.25_gp1.25_lf0.75_life40_dr0.03,0.7,nonbaseload_proxy,760.2244408589601,1.25,1.25,0.75,40,0.03,281.41956019561877,245.23369059966453,36.185869595954244,66.88840445831468,67.45592859119795,-64927.24674579408,77097.21817946987
C_be0.70_nonbaseload_proxy_ep1.25_gp1.25_lf0.75_life40_dr0.05,0.7,nonbaseload_proxy,760.2244408589601,1.25,1.25,0.75,40,0.05,281.41956019561877,245.23369059966453,36.185869595954244,69.51834568586541,67.45592859119795,190974.0807822924,77097.21817946987
C_be0.70_nonbaseload_proxy_ep1.25_gp1.25_lf0.75_life40_dr0.07,0.7,nonbaseload_proxy,760.2244408589601,1.25,1.25,0.75,40,0.07,281.41956019561877,245.23369059966453,36.185869595954244,72.40758928986973,67.45592859119795,379119.15513357334,77097.21817946987
C_be0.70_nonbaseload_proxy_ep1.25_gp1.25_lf0.95_life15_dr0.01,0.7,nonbaseload_proxy,760.2244408589601,1.25,1.25,0.95,15,0.01,281.41956019561877,245.23369059966453,36.185869595954244,68.61916491792711,67.45592859119795,213194.11730773747,98297.6759313129
C_be0.70_nonbaseload_proxy_ep1.25_gp1.25_lf0.95_life15_dr0.03,0.7,nonbaseload_proxy,760.2244408589601,1.25,1.25,0.95,15,0.03,281.41956019561877,245.23369059966453,36.185869595954244,70.11915994197578,67.45592859119795,385934.7543298658,98297.6759313129
C_be0.70_nonbaseload_proxy_ep1.25_gp1.25_lf0.95_life15_dr0.05,0.7,nonbaseload_proxy,760.2244408589601,1.25,1.25,0.95,15,0.05,281.41956019561877,245.23369059966453,36.185869595954244,71.7761067971891,67.45592859119795,506712.86659790855,98297.6759313129
C_be0.70_nonbaseload_proxy_ep1.25_gp1.25_lf0.95_life15_dr0.07,0.7,nonbaseload_proxy,760.2244408589601,1.25,1.25,0.95,15,0.07,281.41956019561877,245.23369059966453,36.185869595954244,73.59228712200579,67.45592859119795,595110.9181880625,98297.6759313129
C_be0.70_nonbaseload_proxy_ep1.25_gp1.25_lf0.95_life25_dr0.01,0.7,nonbaseload_proxy,760.2244408589601,1.25,1.25,0.95,25,0.01,281.41956019561877,245.23369059966453,36.185869595954244,62.61490398949793,67.45592859119795,-887247.0220445544,98297.6759313129
C_be0.70_nonbaseload_proxy_ep1.25_gp1.25_lf0.95_life25_dr0.03,0.7,nonbaseload_proxy,760.2244408589601,1.25,1.25,0.95,25,0.03,281.41956019561877,245.23369059966453,36.185869595954244,64.46036366631378,67.45592859119795,-434093.948701337,98297.6759313129
C_be0.70_nonbaseload_proxy_ep1.25_gp1.25_lf0.95_life25_dr0.05,0.7,nonbaseload_proxy,760.2244408589601,1.25,1.25,0.95,25,0.05,281.41956019561877,245.23369059966453,36.185869595954244,66.53663305648541,67.45592859119795,-107823.99554695655,98297.6759313129
C_be0.70_nonbaseload_proxy_ep1.25_gp1.25_lf0.95_life25_dr0.07,0.7,nonbaseload_proxy,760.2244408589601,1.25,1.25,0.95,25,0.07,281.41956019561877,245.23369059966453,36.185869595954244,68.8176148491204,67.45592859119795,132057.8573054159,98297.6759313129
C_be0.70_nonbaseload_proxy_ep1.25_gp1.25_lf0.95_life40_dr0.01,0.7,nonbaseload_proxy,760.2244408589601,1.25,1.25,0.95,40,0.01,281.41956019561877,245.23369059966453,36.185869595954244,62.61490398949793,67.45592859119795,-887247.0220445544,98297.6759313129
C_be0.70_nonbaseload_proxy_ep1.25_gp1.25_lf0.95_life40_dr0.03,0.7,nonbaseload_proxy,760.2244408589601,1.25,1.25,0.95,40,0.03,281.41956019561877,245.23369059966453,36.185869595954244,64.46036366631378,67.45592859119795,-434093.948701337,98297.6759313129
C_be0.70_nonbaseload_proxy_ep1.25_gp1.25_lf0.95_life40_dr0.05,0.7,nonbaseload_proxy,760.2244408589601,1.25,1.25,0.95,40,0.05,281.41956019561877,245.23369059966453,36.185869595954244,66.53663305648541,67.45592859119795,-107823.99554695655,98297.6759313129
C_be0.70_nonbaseload_proxy_ep1.25_gp1.25_lf0.95_life40_dr0.07,0.7,nonbaseload_proxy,760.2244408589601,1.25,1.25,0.95,40,0.07,281.41956019561877,245.23369059966453,36.185869595954244,68.8176148491204,67.45592859119795,132057.8573054159,98297.6759313129
C_be0.82_average_ep0.75_gp0.75_lf0.25_life15_dr0.01,0.82,average,409.73270937522005,0.75,0.75,0.25,15,0.01,240.2362099230892,132.17184173394196,108.06436818914725,85.00452925992978,34.55059757110139,2433428.9973085965,-2515.981756181369
C_be0.82_average_ep0.75_gp0.75_lf0.25_life15_dr0.03,0.82,average,409.73270937522005,0.75,0.75,0.25,15,0.03,240.2362099230892,132.17184173394196,108.06436818914725,90.70451035131477,34.55059757110139,2141417.864940151,-2515.981756181369
C_be0.82_average_ep0.75_gp0.75_lf0.25_life15_dr0.05,0.82,average,409.73270937522005,0.75,0.75,0.25,15,0.05,240.2362099230892,132.17184173394196,108.06436818914725,97.0009084011254,34.55059757110139,1927574.9695456652,-2515.981756181369
C_be0.82_average_ep0.75_gp0.75_lf0.25_life15_dr0.07,0.82,average,409.73270937522005,0.75,0.75,0.25,15,0.07,240.2362099230892,132.17184173394196,108.06436818914725,103.90239363542885,34.55059757110139,1769951.2635532748,-2515.981756181369
C_be0.82_average_ep0.75_gp0.75_lf0.25_life25_dr0.01,0.82,average,409.73270937522005,0.75,0.75,0.25,25,0.01,240.2362099230892,132.17184173394196,108.06436818914725,62.18833773189895,34.55059757110139,1332987.8579563056,-2515.981756181369
C_be0.82_average_ep0.75_gp0.75_lf0.25_life25_dr0.03,0.82,average,409.73270937522005,0.75,0.75,0.25,25,0.03,240.2362099230892,132.17184173394196,108.06436818914725,69.20108450379917,34.55059757110139,1321389.1619089474,-2515.981756181369
C_be0.82_average_ep0.75_gp0.75_lf0.25_life25_dr0.05,0.82,average,409.73270937522005,0.75,0.75,0.25,25,0.05,240.2362099230892,132.17184173394196,108.06436818914725,77.0909081864514,34.55059757110139,1313038.1074008,-2515.981756181369
C_be0.82_average_ep0.75_gp0.75_lf0.25_life25_dr0.07,0.82,average,409.73270937522005,0.75,0.75,0.25,25,0.07,240.2362099230892,132.17184173394196,108.06436818914725,85.75863899846435,34.55059757110139,1306898.2026706282,-2515.981756181369
C_be0.82_average_ep0.75_gp0.75_lf0.25_life40_dr0.01,0.82,average,409.73270937522005,0.75,0.75,0.25,40,0.01,240.2362099230892,132.17184173394196,108.06436818914725,62.18833773189895,34.55059757110139,1332987.8579563056,-2515.981756181369
C_be0.82_average_ep0.75_gp0.75_lf0.25_life40_dr0.03,0.82,average,409.73270937522005,0.75,0.75,0.25,40,0.03,240.2362099230892,132.17184173394196,108.06436818914725,69.20108450379917,34.55059757110139,1321389.1619089474,-2515.981756181369
C_be0.82_average_ep0.75_gp0.75_lf0.25_life40_dr0.05,0.82,average,409.73270937522005,0.75,0.75,0.25,40,0.05,240.2362099230892,132.17184173394196,108.06436818914725,77.0909081864514,34.55059757110139,1313038.1074008,-2515.981756181369
C_be0.82_average_ep0.75_gp0.75_lf0.25_life40_dr0.07,0.82,average,409.73270937522005,0.75,0.75,0.25,40,0.07,240.2362099230892,132.17184173394196,108.06436818914725,85.75863899846435,34.55059757110139,1306898.2026706282,-2515.981756181369
C_be0.82_average_ep0.75_gp0.75_lf0.50_life15_dr0.01,0.82,average,409.73270937522005,0.75,0.75,0.5,15,0.01,240.2362099230892,132.17184173394196,108.06436818914725,59.80301623885801,34.55059757110139,2435884.2128413254,-2627.4651224211557
C_be0.82_average_ep0.75_gp0.75_lf0.50_life15_dr0.03,0.82,average,409.73270937522005,0.75,0.75,0.5,15,0.03,240.2362099230892,132.17184173394196,108.06436818914725,62.6530067845505,34.55059757110139,2143359.1412616055,-2627.4651224211557
C_be0.82_average_ep0.75_gp0.75_lf0.50_life15_dr0.05,0.82,average,409.73270937522005,0.75,0.75,0.5,15,0.05,240.2362099230892,132.17184173394196,108.06436818914725,65.80120580945582,34.55059757110139,1929146.2099294849,-2627.4651224211557
C_be0.82_average_ep0.75_gp0.75_lf0.50_life15_dr0.07,0.82,average,409.73270937522005,0.75,0.75,0.5,15,0.07,240.2362099230892,132.17184173394196,108.06436818914725,69.25194842660754,34.55059757110139,1771250.444234742,-2627.4651224211557
C_be0.82_average_ep0.75_gp0.75_lf0.50_life25_dr0.01,0.82,average,409.73270937522005,0.75,0.75,0.5,25,0.01,240.2362099230892,132.17184173394196,108.06436818914725,48.39492047484258,34.55059757110139,1335443.0734890336,-2627.4651224211557
C_be0.82_average_ep0.75_gp0.75_lf0.50_life25_dr0.03,0.82,average,409.73270937522005,0.75,0.75,0.5,25,0.03,240.2362099230892,132.17184173394196,108.06436818914725,51.9012938607927,34.55059757110139,1323330.4382304018,-2627.4651224211557
C_be0.82_average_ep0.75_gp0.75_lf0.50_life25_dr0.05,0.82,average,409.73270937522005,0.75,0.75,0.5,25,0.05,240.2362099230892,132.17184173394196,108.06436818914725,55.84620570211881,34.55059757110139,1314609.3477846198,-2627.4651224211557
C_be0.82_average_ep0.75_gp0.75_lf0.50_life25_dr0.07,0.82,average,409.73270937522005,0.75,0.75,0.5,25,0.07,240.2362099230892,132.17184173394196,108.06436818914725,60.18007110812529,34.55059757110139,1308197.3833520955,-2627.4651224211557
C_be0.82_average_ep0.75_gp0.75_lf0.50_life40_dr0.01,0.82,average,409.73270937522005,0.75,0.75,0.5,40,0.01,240.2362099230892,132.17184173394196,108.06436818914725,48.39492047484258,34.55059757110139,1335443.0734890336,-2627.4651224211557
C_be0.82_average_ep0.75_gp0.75_lf0.50_life40_dr0.03,0.82,average,409.73270937522005,0.75,0.75,0.5,40,0.03,240.2362099230892,132.17184173394196,108.06436818914725,51.9012938607927,34.55059757110139,1323330.4382304018,-2627.4651224211557
C_be0.82_average_ep0.75_gp0.75_lf0.50_life40_dr0.05,0.82,average,409.73270937522005,0.75,0.75,0.5,40,0.05,240.2362099230892,132.17184173394196,108.06436818914725,55.84620570211881,34.55059757110139,1314609.3477846198,-2627.4651224211557
C_be0.82_average_ep0.75_gp0.75_lf0.50_life40_dr0.07,0.82,average,409.73270937522005,0.75,0.75,0.5,40,0.07,240.2362099230892,132.17184173394196,108.06436818914725,60.18007110812529,34.55059757110139,1308197.3833520955,-2627.4651224211557
C_be0.82_average_ep0.75_gp0.75_lf0.75_life15_dr0.01,0.82,average,409.73270937522005,0.75,0.75,0.75,15,0.01,240.2362099230892,132.17184173394196,108.06436818914725,51.40251189850074,34.55059757110139,2438339.428374053,-2738.9484886609134
C_be0.82_average_ep0.75_gp0.75_lf0.75_life15_dr0.03,0.82,average,409.73270937522005,0.75,0.75,0.75,15,0.03,240.2362099230892,132.17184173394196,108.06436818914725,53.30250559562907,34.55059757110139,2145300.417583058,-2738.9484886609134
C_be0.82_average_ep0.75_gp0.75_lf0.75_life15_dr0.05,0.82,average,409.73270937522005,0.75,0.75,0.75,15,0.05,240.2362099230892,132.17184173394196,108.06436818914725,55.401304945565954,34.55059757110139,1930717.450313304,-2738.9484886609134
C_be0.82_average_ep0.75_gp0.75_lf0.75_life15_dr0.07,0.82,average,409.73270937522005,0.75,0.75,0.75,15,0.07,240.2362099230892,132.17184173394196,108.06436818914725,57.7018000236671,34.55059757110139,1772549.624916209,-2738.9484886609134
C_be0.82_average_ep0.75_gp0.75_lf0.75_life25_dr0.01,0.82,average,409.73270937522005,0.75,0.75,0.75,25,0.01,240.2362099230892,132.17184173394196,108.06436818914725,43.79711472249046,34.55059757110139,1337898.289021762,-2738.9484886609134
C_be0.82_average_ep0.75_gp0.75_lf0.75_life25_dr0.03,0.82,average,409.73270937522005,0.75,0.75,0.75,25,0.03,240.2362099230892,132.17184173394196,108.06436818914725,46.13469697979054,34.55059757110139,1325271.7145518553,-2738.9484886609134
C_be0.82_average_ep0.75_gp0.75_lf0.75_life25_dr0.05,0.82,average,409.73270937522005,0.75,0.75,0.75,25,0.05,240.2362099230892,132.17184173394196,108.06436818914725,48.764638207341285,34.55059757110139,1316180.588168439,-2738.9484886609134
C_be0.82_average_ep0.75_gp0.75_lf0.75_life25_dr0.07,0.82,average,409.73270937522005,0.75,0.75,0.75,25,0.07,240.2362099230892,132.17184173394196,108.06436818914725,51.6538818113456,34.55059757110139,1309496.5640335623,-2738.9484886609134
C_be0.82_average_ep0.75_gp0.75_lf0.75_life40_dr0.01,0.82,average,409.73270937522005,0.75,0.75,0.75,40,0.01,240.2362099230892,132.17184173394196,108.06436818914725,43.79711472249046,34.55059757110139,1337898.289021762,-2738.9484886609134
C_be0.82_average_ep0.75_gp0.75_lf0.75_life40_dr0.03,0.82,average,409.73270937522005,0.75,0.75,0.75,40,0.03,240.2362099230892,132.17184173394196,108.06436818914725,46.13469697979054,34.55059757110139,1325271.7145518553,-2738.9484886609134
C_be0.82_average_ep0.75_gp0.75_lf0.75_life40_dr0.05,0.82,average,409.73270937522005,0.75,0.75,0.75,40,0.05,240.2362099230892,132.17184173394196,108.06436818914725,48.764638207341285,34.55059757110139,1316180.588168439,-2738.9484886609134
C_be0.82_average_ep0.75_gp0.75_lf0.75_life40_dr0.07,0.82,average,409.73270937522005,0.75,0.75,0.75,40,0.07,240.2362099230892,132.17184173394196,108.06436818914725,51.6538818113456,34.55059757110139,1309496.5640335623,-2738.9484886609134
C_be0.82_average_ep0.75_gp0.75_lf0.95_life15_dr0.01,0.82,average,409.73270937522005,0.75,0.75,0.95,15,0.01,240.2362099230892,132.17184173394196,108.06436818914725,47.865457439402945,34.55059757110139,2440303.600800233,-2828.135181652673
C_be0.82_average_ep0.75_gp0.75_lf0.95_life15_dr0.03,0.82,average,409.73270937522005,0.75,0.75,0.95,15,0.03,240.2362099230892,132.17184173394196,108.06436818914725,49.36545246345163,34.55059757110139,2146853.438640222,-2828.135181652673
C_be0.82_average_ep0.75_gp0.75_lf0.95_life15_dr0.05,0.82,average,409.73270937522005,0.75,0.75,0.95,15,0.05,240.2362099230892,132.17184173394196,108.06436818914725,51.02239931866496,34.55059757110139,1931974.4426203594,-2828.135181652673
C_be0.82_average_ep0.75_gp0.75_lf0.95_life15_dr0.07,0.82,average,409.73270937522005,0.75,0.75,0.95,15,0.07,240.2362099230892,132.17184173394196,108.06436818914725,52.83857964348165,34.55059757110139,1773588.969461382,-2828.135181652673
C_be0.82_average_ep0.75_gp0.75_lf0.95_life25_dr0.01,0.82,average,409.73270937522005,0.75,0.75,0.95,25,0.01,240.2362099230892,132.17184173394196,108.06436818914725,41.861196510973784,34.55059757110139,1339862.461447943,-2828.135181652673
C_be0.82_average_ep0.75_gp0.75_lf0.95_life25_dr0.03,0.82,average,409.73270937522005,0.75,0.75,0.95,25,0.03,240.2362099230892,132.17184173394196,108.06436818914725,43.70665618778963,34.55059757110139,1326824.7356090182,-2828.135181652673
C_be0.82_average_ep0.75_gp0.75_lf0.95_life25_dr0.05,0.82,average,409.73270937522005,0.75,0.75,0.95,25,0.05,240.2362099230892,132.17184173394196,108.06436818914725,45.78292557796127,34.55059757110139,1317437.5804754943,-2828.135181652673
C_be0.82_average_ep0.75_gp0.75_lf0.95_life25_dr0.07,0.82,average,409.73270937522005,0.75,0.75,0.95,25,0.07,240.2362099230892,132.17184173394196,108.06436818914725,48.063907370596255,34.55059757110139,1310535.9085787353,-2828.135181652673
C_be0.82_average_ep0.75_gp0.75_lf0.95_life40_dr0.01,0.82,average,409.73270937522005,0.75,0.75,0.95,40,0.01,240.2362099230892,132.17184173394196,108.06436818914725,41.861196510973784,34.55059757110139,1339862.461447943,-2828.135181652673
C_be0.82_average_ep0.75_gp0.75_lf0.95_life40_dr0.03,0.82,average,409.73270937522005,0.75,0.75,0.95,40,0.03,240.2362099230892,132.17184173394196,108.06436818914725,43.70665618778963,34.55059757110139,1326824.7356090182,-2828.135181652673
C_be0.82_average_ep0.75_gp0.75_lf0.95_life40_dr0.05,0.82,average,409.73270937522005,0.75,0.75,0.95,40,0.05,240.2362099230892,132.17184173394196,108.06436818914725,45.78292557796127,34.55059757110139,1317437.5804754943,-2828.135181652673
C_be0.82_average_ep0.75_gp0.75_lf0.95_life40_dr0.07,0.82,average,409.73270937522005,0.75,0.75,0.95,40,0.07,240.2362099230892,132.17184173394196,108.06436818914725,48.063907370596255,34.55059757110139,1310535.9085787353,-2828.135181652673
C_be0.82_average_ep0.75_gp1.00_lf0.25_life15_dr0.01,0.82,average,409.73270937522005,0.75,1.0,0.25,15,0.01,240.2362099230892,132.17184173394196,108.06436818914725,85.00452925992978,46.06746342813519,1877962.368712339,22705.95447072266
C_be0.82_average_ep0.75_gp1.00_lf0.25_life15_dr0.03,0.82,average,409.73270937522005,0.75,1.0,0.25,15,0.03,240.2362099230892,132.17184173394196,108.06436818914725,90.70451035131477,46.06746342813519,1702224.5643610754,22705.95447072266
C_be0.82_average_ep0.75_gp1.00_lf0.25_life15_dr0.05,0.82,average,409.73270937522005,0.75,1.0,0.25,15,0.05,240.2362099230892,132.17184173394196,108.06436818914725,97.0009084011254,46.06746342813519,1572098.3985153637,22705.95447072266
C_be0.82_average_ep0.75_gp1.00_lf0.25_life15_dr0.07,0.82,average,409.73270937522005,0.75,1.0,0.25,15,0.07,240.2362099230892,132.17184173394196,108.06436818914725,103.90239363542885,46.06746342813519,1476025.3318164381,22705.95447072266
C_be0.82_average_ep0.75_gp1.00_lf0.25_life25_dr0.01,0.82,average,409.73270937522005,0.75,1.0,0.25,25,0.01,240.2362099230892,132.17184173394196,108.06436818914725,62.18833773189895,46.06746342813519,777521.2293600482,22705.95447072266
C_be0.82_average_ep0.75_gp1.00_lf0.25_life25_dr0.03,0.82,average,409.73270937522005,0.75,1.0,0.25,25,0.03,240.2362099230892,132.17184173394196,108.06436818914725,69.20108450379917,46.06746342813519,882195.8613298717,22705.95447072266
C_be0.82_average_ep0.75_gp1.00_lf0.25_life25_dr0.05,0.82,average,409.73270937522005,0.75,1.0,0.25,25,0.05,240.2362099230892,132.17184173394196,108.06436818914725,77.0909081864514,46.06746342813519,957561.5363704986,22705.95447072266
C_be0.82_average_ep0.75_gp1.00_lf0.25_life25_dr0.07,0.82,average,409.73270937522005,0.75,1.0,0.25,25,0.07,240.2362099230892,132.17184173394196,108.06436818914725,85.75863899846435,46.06746342813519,1012972.2709337915,22705.95447072266
C_be0.82_average_ep0.75_gp1.00_lf0.25_life40_dr0.01,0.82,average,409.73270937522005,0.75,1.0,0.25,40,0.01,240.2362099230892,132.17184173394196,108.06436818914725,62.18833773189895,46.06746342813519,777521.2293600482,22705.95447072266
C_be0.82_average_ep0.75_gp1.00_lf0.25_life40_dr0.03,0.82,average,409.73270937522005,0.75,1.0,0.25,40,0.03,240.2362099230892,132.17184173394196,108.06436818914725,69.20108450379917,46.06746342813519,882195.8613298717,22705.95447072266
C_be0.82_average_ep0.75_gp1.00_lf0.25_life40_dr0.05,0.82,average,409.73270937522005,0.75,1.0,0.25,40,0.05,240.2362099230892,132.17184173394196,108.06436818914725,77.0909081864514,46.06746342813519,957561.5363704986,22705.95447072266
C_be0.82_average_ep0.75_gp1.00_lf0.25_life40_dr0.07,0.82,average,409.73270937522005,0.75,1.0,0.25,40,0.07,240.2362099230892,132.17184173394196,108.06436818914725,85.75863899846435,46.06746342813519,1012972.2709337915,22705.95447072266
C_be0.82_average_ep0.75_gp1.00_lf0.50_life15_dr0.01,0.82,average,409.73270937522005,0.75,1.0,0.5,15,0.01,240.2362099230892,132.17184173394196,108.06436818914725,59.80301623885801,46.06746342813519,1324950.9556488106,47816.4073313869
C_be0.82_average_ep0.75_gp1.00_lf0.50_life15_dr0.03,0.82,average,409.73270937522005,0.75,1.0,0.5,15,0.03,240.2362099230892,132.17184173394196,108.06436818914725,62.6530067845505,46.06746342813519,1264972.5401034541,47816.4073313869
C_be0.82_average_ep0.75_gp1.00_lf0.50_life15_dr0.05,0.82,average,409.73270937522005,0.75,1.0,0.5,15,0.05,240.2362099230892,132.17184173394196,108.06436818914725,65.80120580945582,46.06746342813519,1218193.0678688819,47816.4073313869
C_be0.82_average_ep0.75_gp1.00_lf0.50_life15_dr0.07,0.82,average,409.73270937522005,0.75,1.0,0.5,15,0.07,240.2362099230892,132.17184173394196,108.06436818914725,69.25194842660754,46.06746342813519,1183398.5807610685,47816.4073313869
C_be0.82_average_ep0.75_gp1.00_lf0.50_life25_dr0.01,0.82,average,409.73270937522005,0.75,1.0,0.5,25,0.01,240.2362099230892,132.17184173394196,108.06436818914725,48.39492047484258,46.06746342813519,224509.81629651878,47816.4073313869
C_be0.82_average_ep0.75_gp1.00_lf0.50_life25_dr0.03,0.82,average,409.73270937522005,0.75,1.0,0.5,25,0.03,240.2362099230892,132.17184173394196,108.06436818914725,51.9012938607927,46.06746342813519,444943.83707225043,47816.4073313869
C_be0.82_average_ep0.75_gp1.00_lf0.50_life25_dr0.05,0.82,average,409.73270937522005,0.75,1.0,0.5,25,0.05,240.2362099230892,132.17184173394196,108.06436818914725,55.84620570211881,46.06746342813519,603656.2057240168,47816.4073313869
C_be0.82_average_ep0.75_gp1.00_lf0.50_life25_dr0.07,0.82,average,409.73270937522005,0.75,1.0,0.5,25,0.07,240.2362099230892,132.17184173394196,108.06436818914725,60.18007110812529,46.06746342813519,720345.5198784219,47816.4073313869
C_be0.82_average_ep0.75_gp1.00_lf0.50_life40_dr0.01,0.82,average,409.73270937522005,0.75,1.0,0.5,40,0.01,240.2362099230892,132.17184173394196,108.06436818914725,48.39492047484258,46.06746342813519,224509.81629651878,47816.4073313869
C_be0.82_average_ep0.75_gp1.00_lf0.50_life40_dr0.03,0.82,average,409.73270937522005,0.75,1.0,0.5,40,0.03,240.2362099230892,132.17184173394196,108.06436818914725,51.9012938607927,46.06746342813519,444943.83707225043,47816.4073313869
C_be0.82_average_ep0.75_gp1.00_lf0.50_life40_dr0.05,0.82,average,409.73270937522005,0.75,1.0,0.5,40,0.05,240.2362099230892,132.17184173394196,108.06436818914725,55.84620570211881,46.06746342813519,603656.2057240168,47816.4073313869
C_be0.82_average_ep0.75_gp1.00_lf0.50_life40_dr0.07,0.82,average,409.73270937522005,0.75,1.0,0.5,40,0.07,240.2362099230892,132.17184173394196,108.06436818914725,60.18007110812529,46.06746342813519,720345.5198784219,47816.4073313869
C_be0.82_average_ep0.75_gp1.00_lf0.75_life15_dr0.01,0.82,average,409.73270937522005,0.75,1.0,0.75,15,0.01,240.2362099230892,132.17184173394196,108.06436818914725,51.40251189850074,46.06746342813519,771939.5425852817,72926.86019205116
C_be0.82_average_ep0.75_gp1.00_lf0.75_life15_dr0.03,0.82,average,409.73270937522005,0.75,1.0,0.75,15,0.03,240.2362099230892,132.17184173394196,108.06436818914725,53.30250559562907,46.06746342813519,827720.5158458324,72926.86019205116
C_be0.82_average_ep0.75_gp1.00_lf0.75_life15_dr0.05,0.82,average,409.73270937522005,0.75,1.0,0.75,15,0.05,240.2362099230892,132.17184173394196,108.06436818914725,55.401304945565954,46.06746342813519,864287.7372223996,72926.86019205116
C_be0.82_average_ep0.75_gp1.00_lf0.75_life15_dr0.07,0.82,average,409.73270937522005,0.75,1.0,0.75,15,0.07,240.2362099230892,132.17184173394196,108.06436818914725,57.7018000236671,46.06746342813519,890771.8297056984,72926.86019205116
C_be0.82_average_ep0.75_gp1.00_lf0.75_life25_dr0.01,0.82,average,409.73270937522005,0.75,1.0,0.75,25,0.01,240.2362099230892,132.17184173394196,108.06436818914725,43.79711472249046,46.06746342813519,-328501.59676700924,72926.86019205116
C_be0.82_average_ep0.75_gp1.00_lf0.75_life25_dr0.03,0.82,average,409.73270937522005,0.75,1.0,0.75,25,0.03,240.2362099230892,132.17184173394196,108.06436818914725,46.13469697979054,46.06746342813519,7691.812814629637,72926.86019205116
C_be0.82_average_ep0.75_gp1.00_lf0.75_life25_dr0.05,0.82,average,409.73270937522005,0.75,1.0,0.75,25,0.05,240.2362099230892,132.17184173394196,108.06436818914725,48.764638207341285,46.06746342813519,249750.87507753447,72926.86019205116
C_be0.82_average_ep0.75_gp1.00_lf0.75_life25_dr0.07,0.82,average,409.73270937522005,0.75,1.0,0.75,25,0.07,240.2362099230892,132.17184173394196,108.06436818914725,51.6538818113456,46.06746342813519,427718.7688230518,72926.86019205116
C_be0.82_average_ep0.75_gp1.00_lf0.75_life40_dr0.01,0.82,average,409.73270937522005,0.75,1.0,0.75,40,0.01,240.2362099230892,132.17184173394196,108.06436818914725,43.79711472249046,46.06746342813519,-328501.59676700924,72926.86019205116
C_be0.82_average_ep0.75_gp1.00_lf0.75_life40_dr0.03,0.82,average,409.73270937522005,0.75,1.0,0.75,40,0.03,240.2362099230892,132.17184173394196,108.06436818914725,46.13469697979054,46.06746342813519,7691.812814629637,72926.86019205116
C_be0.82_average_ep0.75_gp1.00_lf0.75_life40_dr0.05,0.82,average,409.73270937522005,0.75,1.0,0.75,40,0.05,240.2362099230892,132.17184173394196,108.06436818914725,48.764638207341285,46.06746342813519,249750.87507753447,72926.86019205116
C_be0.82_average_ep0.75_gp1.00_lf0.75_life40_dr0.07,0.82,average,409.73270937522005,0.75,1.0,0.75,40,0.07,240.2362099230892,132.17184173394196,108.06436818914725,51.6538818113456,46.06746342813519,427718.7688230518,72926.86019205116
C_be0.82_average_ep0.75_gp1.00_lf0.95_life15_dr0.01,0.82,average,409.73270937522005,0.75,1.0,0.95,15,0.01,240.2362099230892,132.17184173394196,108.06436818914725,47.865457439402945,46.06746342813519,329530.4121344555,93015.2224805826
C_be0.82_average_ep0.75_gp1.00_lf0.95_life15_dr0.03,0.82,average,409.73270937522005,0.75,1.0,0.95,15,0.03,240.2362099230892,132.17184173394196,108.06436818914725,49.36545246345163,46.06746342813519,477918.89643973485,93015.2224805826
C_be0.82_average_ep0.75_gp1.00_lf0.95_life15_dr0.05,0.82,average,409.73270937522005,0.75,1.0,0.95,15,0.05,240.2362099230892,132.17184173394196,108.06436818914725,51.02239931866496,46.06746342813519,581163.4727052143,93015.2224805826
C_be0.82_average_ep0.75_gp1.00_lf0.95_life15_dr0.07,0.82,average,409.73270937522005,0.75,1.0,0.95,15,0.07,240.2362099230892,132.17184173394196,108.06436818914725,52.83857964348165,46.06746342813519,656670.428861402,93015.2224805826
C_be0.82_average_ep0.75_gp1.00_lf0.95_life25_dr0.01,0.82,average,409.73270937522005,0.75,1.0,0.95,25,0.01,240.2362099230892,132.17184173394196,108.06436818914725,41.861196510973784,46.06746342813519,-770910.7272178344,93015.2224805826
C_be0.82_average_ep0.75_gp1.00_lf0.95_life25_dr0.03,0.82,average,409.73270937522005,0.75,1.0,0.95,25,0.03,240.2362099230892,132.17184173394196,108.06436818914725,43.70665618778963,46.06746342813519,-342109.80659146886,93015.2224805826
C_be0.82_average_ep0.75_gp1.00_lf0.95_life25_dr0.05,0.82,average,409.73270937522005,0.75,1.0,0.95,25,0.05,240.2362099230892,132.17184173394196,108.06436818914725,45.78292557796127,46.06746342813519,-33373.38943965081,93015.2224805826
C_be0.82_average_ep0.75_gp1.00_lf0.95_life25_dr0.07,0.82,average,409.73270937522005,0.75,1.0,0.95,25,0.07,240.2362099230892,132.17184173394196,108.06436818914725,48.063907370596255,46.06746342813519,193617.36797875538,93015.2224805826
C_be0.82_average_ep0.75_gp1.00_lf0.95_life40_dr0.01,0.82,average,409.73270937522005,0.75,1.0,0.95,40,0.01,240.2362099230892,132.17184173394196,108.06436818914725,41.861196510973784,46.06746342813519,-770910.7272178344,93015.2224805826
C_be0.82_average_ep0.75_gp1.00_lf0.95_life40_dr0.03,0.82,average,409.73270937522005,0.75,1.0,0.95,40,0.03,240.2362099230892,132.17184173394196,108.06436818914725,43.70665618778963,46.06746342813519,-342109.80659146886,93015.2224805826
C_be0.82_average_ep0.75_gp1.00_lf0.95_life40_dr0.05,0.82,average,409.73270937522005,0.75,1.0,0.95,40,0.05,240.2362099230892,132.17184173394196,108.06436818914725,45.78292557796127,46.06746342813519,-33373.38943965081,93015.2224805826
C_be0.82_average_ep0.75_gp1.00_lf0.95_life40_dr0.07,0.82,average,409.73270937522005,0.75,1.0,0.95,40,0.07,240.2362099230892,132.17184173394196,108.06436818914725,48.063907370596255,46.06746342813519,193617.36797875538,93015.2224805826
C_be0.82_average_ep0.75_gp1.25_lf0.25_life15_dr0.01,0.82,average,409.73270937522005,0.75,1.25,0.25,15,0.01,240.2362099230892,132.17184173394196,108.06436818914725,85.00452925992978,57.58432928516899,1322495.7401160821,47927.89069762667
C_be0.82_average_ep0.75_gp1.25_lf0.25_life15_dr0.03,0.82,average,409.73270937522005,0.75,1.25,0.25,15,0.03,240.2362099230892,132.17184173394196,108.06436818914725,90.70451035131477,57.58432928516899,1263031.2637820002,47927.89069762667
C_be0.82_average_ep0.75_gp1.25_lf0.25_life15_dr0.05,0.82,average,409.73270937522005,0.75,1.25,0.25,15,0.05,240.2362099230892,132.17184173394196,108.06436818914725,97.0009084011254,57.58432928516899,1216621.8274850624,47927.89069762667
C_be0.82_average_ep0.75_gp1.25_lf0.25_life15_dr0.07,0.82,average,409.73270937522005,0.75,1.25,0.25,15,0.07,240.2362099230892,132.17184173394196,108.06436818914725,103.90239363542885,57.58432928516899,1182099.4000796012,47927.89069762667
C_be0.82_average_ep0.75_gp1.25_lf0.25_life25_dr0.01,0.82,average,409.73270937522005,0.75,1.25,0.25,25,0.01,240.2362099230892,132.17184173394196,108.06436818914725,62.18833773189895,57.58432928516899,222054.60076379124,47927.89069762667
C_be0.82_average_ep0.75_gp1.25_lf0.25_life25_dr0.03,0.82,average,409.73270937522005,0.75,1.25,0.25,25,0.03,240.2362099230892,132.17184173394196,108.06436818914725,69.20108450379917,57.58432928516899,443002.56075079646,47927.89069762667
C_be0.82_average_ep0.75_gp1.25_lf0.25_life25_dr0.05,0.82,average,409.73270937522005,0.75,1.25,0.25,25,0.05,240.2362099230892,132.17184173394196,108.06436818914725,77.0909081864514,57.58432928516899,602084.9653401973,47927.89069762667
C_be0.82_average_ep0.75_gp1.25_lf0.25_life25_dr0.07,0.82,average,409.73270937522005,0.75,1.25,0.25,25,0.07,240.2362099230892,132.17184173394196,108.06436818914725,85.75863899846435,57.58432928516899,719046.3391969546,47927.89069762667
C_be0.82_average_ep0.75_gp1.25_lf0.25_life40_dr0.01,0.82,average,409.73270937522005,0.75,1.25,0.25,40,0.01,240.2362099230892,132.17184173394196,108.06436818914725,62.18833773189895,57.58432928516899,222054.60076379124,47927.89069762667
C_be0.82_average_ep0.75_gp1.25_lf0.25_life40_dr0.03,0.82,average,409.73270937522005,0.75,1.25,0.25,40,0.03,240.2362099230892,132.17184173394196,108.06436818914725,69.20108450379917,57.58432928516899,443002.56075079646,47927.89069762667
C_be0.82_average_ep0.75_gp1.25_lf0.25_life40_dr0.05,0.82,average,409.73270937522005,0.75,1.25,0.25,40,0.05,240.2362099230892,132.17184173394196,108.06436818914725,77.0909081864514,57.58432928516899,602084.9653401973,47927.89069762667
C_be0.82_average_ep0.75_gp1.25_lf0.25_life40_dr0.07,0.82,average,409.73270937522005,0.75,1.25,0.25,40,0.07,240.2362099230892,132.17184173394196,108.06436818914725,85.75863899846435,57.58432928516899,719046.3391969546,47927.89069762667
C_be0.82_average_ep0.75_gp1.25_lf0.50_life15_dr0.01,0.82,average,409.73270937522005,0.75,1.25,0.5,15,0.01,240.2362099230892,132.17184173394196,108.06436818914725,59.80301623885801,57.58432928516899,214017.6984562967,98260.27978519493
C_be0.82_average_ep0.75_gp1.25_lf0.50_life15_dr0.03,0.82,average,409.73270937522005,0.75,1.25,0.5,15,0.03,240.2362099230892,132.17184173394196,108.06436818914725,62.6530067845505,57.58432928516899,386585.9389453037,98260.27978519493
C_be0.82_average_ep0.75_gp1.25_lf0.50_life15_dr0.05,0.82,average,409.73270937522005,0.75,1.25,0.5,15,0.05,240.2362099230892,132.17184173394196,108.06436818914725,65.80120580945582,57.58432928516899,507239.9258082793,98260.27978519493
C_be0.82_average_ep0.75_gp1.25_lf0.50_life15_dr0.07,0.82,average,409.73270937522005,0.75,1.25,0.5,15,0.07,240.2362099230892,132.17184173394196,108.06436818914725,69.25194842660754,57.58432928516899,595546.7172873947,98260.27978519493
C_be0.82_average_ep0.75_gp1.25_lf0.50_life25_dr0.01,0.82,average,409.73270937522005,0.75,1.25,0.5,25,0.01,240.2362099230892,132.17184173394196,108.06436818914725,48.39492047484258,57.58432928516899,-886423.4408959951,98260.27978519493
C_be0.82_average_ep0.75_gp1.25_lf0.50_life25_dr0.03,0.82,average,409.73270937522005,0.75,1.25,0.5,25,0.03,240.2362099230892,132.17184173394196,108.06436818914725,51.9012938607927,57.58432928516899,-433442.76408590004,98260.27978519493
C_be0.82_average_ep0.75_gp1.25_lf0.50_life25_dr0.05,0.82,average,409.73270937522005,0.75,1.25,0.5,25,0.05,240.2362099230892,132.17184173394196,108.06436818914725,55.84620570211881,57.58432928516899,-107296.93633658579,98260.27978519493
C_be0.82_average_ep0.75_gp1.25_lf0.50_life25_dr0.07,0.82,average,409.73270937522005,0.75,1.25,0.5,25,0.07,240.2362099230892,132.17184173394196,108.06436818914725,60.18007110812529,57.58432928516899,132493.6564047481,98260.27978519493
C_be0.82_average_ep0.75_gp1.25_lf0.50_life40_dr0.01,0.82,average,409.73270937522005,0.75,1.25,0.5,40,0.01,240.2362099230892,132.17184173394196,108.06436818914725,48.39492047484258,57.58432928516899,-886423.4408959951,98260.27978519493
C_be0.82_average_ep0.75_gp1.25_lf0.50_life40_dr0.03,0.82,average,409.73270937522005,0.75,1.25,0.5,40,0.03,240.2362099230892,132.17184173394196,108.06436818914725,51.9012938607927,57.58432928516899,-433442.76408590004,98260.27978519493
C_be0.82_average_ep0.75_gp1.25_lf0.50_life40_dr0.05,0.82,average,409.73270937522005,0.75,1.25,0.5,40,0.05,240.2362099230892,132.17184173394196,108.06436818914725,55.84620570211881,57.58432928516899,-107296.93633658579,98260.27978519493
C_be0.82_average_ep0.75_gp1.25_lf0.50_life40_dr0.07,0.82,average,409.73270937522005,0.75,1.25,0.5,40,0.07,240.2362099230892,132.17184173394196,108.06436818914725,60.18007110812529,57.58432928516899,132493.6564047481,98260.27978519493
C_be0.82_average_ep0.75_gp1.25_lf0.75_life15_dr0.01,0.82,average,409.73270937522005,0.75,1.25,0.75,15,0.01,240.2362099230892,132.17184173394196,108.06436818914725,51.40251189850074,57.58432928516899,-894460.3432034897,148592.66887276323
C_be0.82_average_ep0.75_gp1.25_lf0.75_life15_dr0.03,0.82,average,409.73270937522005,0.75,1.25,0.75,15,0.03,240.2362099230892,132.17184173394196,108.06436818914725,53.30250559562907,57.58432928516899,-489859.3858913947,148592.66887276323
C_be0.82_average_ep0.75_gp1.25_lf0.75_life15_dr0.05,0.82,average,409.73270937522005,0.75,1.25,0.75,15,0.05,240.2362099230892,132.17184173394196,108.06436818914725,55.401304945565954,57.58432928516899,-202141.9758685045,148592.66887276323
C_be0.82_average_ep0.75_gp1.25_lf0.75_life15_dr0.07,0.82,average,409.73270937522005,0.75,1.25,0.75,15,0.07,240.2362099230892,132.17184173394196,108.06436818914725,57.7018000236671,57.58432928516899,8994.034495187923,148592.66887276323
C_be0.82_average_ep0.75_gp1.25_lf0.75_life25_dr0.01,0.82,average,409.73270937522005,0.75,1.25,0.75,25,0.01,240.2362099230892,132.17184173394196,108.06436818914725,43.79711472249046,57.58432928516899,-1994901.4825557806,148592.66887276323
C_be0.82_average_ep0.75_gp1.25_lf0.75_life25_dr0.03,0.82,average,409.73270937522005,0.75,1.25,0.75,25,0.03,240.2362099230892,132.17184173394196,108.06436818914725,46.13469697979054,57.58432928516899,-1309888.0889225975,148592.66887276323
C_be0.82_average_ep0.75_gp1.25_lf0.75_life25_dr0.05,0.82,average,409.73270937522005,0.75,1.25,0.75,25,0.05,240.2362099230892,132.17184173394196,108.06436818914725,48.764638207341285,57.58432928516899,-816678.8380133696,148592.66887276323
C_be0.82_average_ep0.75_gp1.25_lf0.75_life25_dr0.07,0.82,average,409.73270937522005,0.75,1.25,0.75,25,0.07,240.2362099230892,132.17184173394196,108.06436818914725,51.6538818113456,57.58432928516899,-454059.02638745867,148592.66887276323
C_be0.82_average_ep0.75_gp1.25_lf0.75_life40_dr0.01,0.82,average,409.73270937522005,0.75,1.25,0.75,40,0.01,240.2362099230892,132.17184173394196,108.06436818914725,43.79711472249046,57.58432928516899,-1994901.4825557806,148592.66887276323
C_be0.82_average_ep0.75_gp1.25_lf0.75_life40_dr0.03,0.82,average,409.73270937522005,0.75,1.25,0.75,40,0.03,240.2362099230892,132.17184173394196,108.06436818914725,46.13469697979054,57.58432928516899,-1309888.0889225975,148592.66887276323
C_be0.82_average_ep0.75_gp1.25_lf0.75_life40_dr0.05,0.82,average,409.73270937522005,0.75,1.25,0.75,40,0.05,240.2362099230892,132.17184173394196,108.06436818914725,48.764638207341285,57.58432928516899,-816678.8380133696,148592.66887276323
C_be0.82_average_ep0.75_gp1.25_lf0.75_life40_dr0.07,0.82,average,409.73270937522005,0.75,1.25,0.75,40,0.07,240.2362099230892,132.17184173394196,108.06436818914725,51.6538818113456,57.58432928516899,-454059.02638745867,148592.66887276323
C_be0.82_average_ep0.75_gp1.25_lf0.95_life15_dr0.01,0.82,average,409.73270937522005,0.75,1.25,0.95,15,0.01,240.2362099230892,132.17184173394196,108.06436818914725,47.865457439402945,57.58432928516899,-1781242.77653132,188858.58014281787
C_be0.82_average_ep0.75_gp1.25_lf0.95_life15_dr0.03,0.82,average,409.73270937522005,0.75,1.25,0.95,15,0.03,240.2362099230892,132.17184173394196,108.06436818914725,49.36545246345163,57.58432928516899,-1191015.6457607513,188858.58014281787
C_be0.82_average_ep0.75_gp1.25_lf0.95_life15_dr0.05,0.82,average,409.73270937522005,0.75,1.25,0.95,15,0.05,240.2362099230892,132.17184173394196,108.06436818914725,51.02239931866496,57.58432928516899,-769647.4972099317,188858.58014281787
C_be0.82_average_ep0.75_gp1.25_lf0.95_life15_dr0.07,0.82,average,409.73270937522005,0.75,1.25,0.95,15,0.07,240.2362099230892,132.17184173394196,108.06436818914725,52.83857964348165,57.58432928516899,-460248.1117385784,188858.58014281787
C_be0.82_average_ep0.75_gp1.25_lf0.95_life25_dr0.01,0.82,average,409.73270937522005,0.75,1.25,0.95,25,0.01,240.2362099230892,132.17184173394196,108.06436818914725,41.861196510973784,57.58432928516899,-2881683.91588361,188858.58014281787
C_be0.82_average_ep0.75_gp1.25_lf0.95_life25_dr0.03,0.82,average,409.73270937522005,0.75,1.25,0.95,25,0.03,240.2362099230892,132.17184173394196,108.06436818914725,43.70665618778963,57.58432928516899,-2011044.348791955,188858.58014281787
C_be0.82_average_ep0.75_gp1.25_lf0.95_life25_dr0.05,0.82,average,409.73270937522005,0.75,1.25,0.95,25,0.05,240.2362099230892,132.17184173394196,108.06436818914725,45.78292557796127,57.58432928516899,-1384184.3593547968,188858.58014281787
C_be0.82_average_ep0.75_gp1.25_lf0.95_life25_dr0.07,0.82,average,409.73270937522005,0.75,1.25,0.95,25,0.07,240.2362099230892,132.17184173394196,108.06436818914725,48.063907370596255,57.58432928516899,-923301.172621225,188858.58014281787
C_be0.82_average_ep0.75_gp1.25_lf0.95_life40_dr0.01,0.82,average,409.73270937522005,0.75,1.25,0.95,40,0.01,240.2362099230892,132.17184173394196,108.06436818914725,41.861196510973784,57.58432928516899,-2881683.91588361,188858.58014281787
C_be0.82_average_ep0.75_gp1.25_lf0.95_life40_dr0.03,0.82,average,409.73270937522005,0.75,1.25,0.95,40,0.03,240.2362099230892,132.17184173394196,108.06436818914725,43.70665618778963,57.58432928516899,-2011044.348791955,188858.58014281787
C_be0.82_average_ep0.75_gp1.25_lf0.95_life40_dr0.05,0.82,average,409.73270937522005,0.75,1.25,0.95,40,0.05,240.2362099230892,132.17184173394196,108.06436818914725,45.78292557796127,57.58432928516899,-1384184.3593547968,188858.58014281787
C_be0.82_average_ep0.75_gp1.25_lf0.95_life40_dr0.07,0.82,average,409.73270937522005,0.75,1.25,0.95,40,0.07,240.2362099230892,132.17184173394196,108.06436818914725,48.063907370596255,57.58432928516899,-923301.172621225,188858.58014281787
C_be0.82_average_ep1.00_gp0.75_lf0.25_life15_dr0.01,0.82,average,409.73270937522005,1.0,0.75,0.25,15,0.01,240.2362099230892,132.17184173394196,108.06436818914725,95.38138299919186,34.55059757110139,2933912.0309339357,-25241.291445165305
C_be0.82_average_ep1.00_gp0.75_lf0.25_life15_dr0.03,0.82,average,409.73270937522005,1.0,0.75,0.25,15,0.03,240.2362099230892,132.17184173394196,108.06436818914725,101.08136409057683,34.55059757110139,2537137.0388844595,-25241.291445165305
C_be0.82_average_ep1.00_gp0.75_lf0.25_life15_dr0.05,0.82,average,409.73270937522005,1.0,0.75,0.25,15,0.05,240.2362099230892,132.17184173394196,108.06436818914725,107.37776214038749,34.55059757110139,2247864.224548405,-25241.291445165305
C_be0.82_average_ep1.00_gp0.75_lf0.25_life15_dr0.07,0.82,average,409.73270937522005,1.0,0.75,0.25,15,0.07,240.2362099230892,132.17184173394196,108.06436818914725,114.27924737469091,34.55059757110139,2034782.550265424,-25241.291445165305
C_be0.82_average_ep1.00_gp0.75_lf0.25_life25_dr0.01,0.82,average,409.73270937522005,1.0,0.75,0.25,25,0.01,240.2362099230892,132.17184173394196,108.06436818914725,72.56519147116101,34.55059757110139,1833470.8915816448,-25241.291445165305
C_be0.82_average_ep1.00_gp0.75_lf0.25_life25_dr0.03,0.82,average,409.73270937522005,1.0,0.75,0.25,25,0.03,240.2362099230892,132.17184173394196,108.06436818914725,79.57793824306123,34.55059757110139,1717108.3358532558,-25241.291445165305
C_be0.82_average_ep1.00_gp0.75_lf0.25_life25_dr0.05,0.82,average,409.73270937522005,1.0,0.75,0.25,25,0.05,240.2362099230892,132.17184173394196,108.06436818914725,87.46776192571348,34.55059757110139,1633327.36240354,-25241.291445165305
C_be0.82_average_ep1.00_gp0.75_lf0.25_life25_dr0.07,0.82,average,409.73270937522005,1.0,0.75,0.25,25,0.07,240.2362099230892,132.17184173394196,108.06436818914725,96.13549273772642,34.55059757110139,1571729.4893827778,-25241.291445165305
C_be0.82_average_ep1.00_gp0.75_lf0.25_life40_dr0.01,0.82,average,409.73270937522005,1.0,0.75,0.25,40,0.01,240.2362099230892,132.17184173394196,108.06436818914725,72.56519147116101,34.55059757110139,1833470.8915816448,-25241.291445165305
C_be0.82_average_ep1.00_gp0.75_lf0.25_life40_dr0.03,0.82,average,409.73270937522005,1.0,0.75,0.25,40,0.03,240.2362099230892,132.17184173394196,108.06436818914725,79.57793824306123,34.55059757110139,1717108.3358532558,-25241.291445165305
C_be0.82_average_ep1.00_gp0.75_lf0.25_life40_dr0.05,0.82,average,409.73270937522005,1.0,0.75,0.25,40,0.05,240.2362099230892,132.17184173394196,108.06436818914725,87.46776192571348,34.55059757110139,1633327.36240354,-25241.291445165305
C_be0.82_average_ep1.00_gp0.75_lf0.25_life40_dr0.07,0.82,average,409.73270937522005,1.0,0.75,0.25,40,0.07,240.2362099230892,132.17184173394196,108.06436818914725,96.13549273772642,34.55059757110139,1571729.4893827778,-25241.291445165305
C_be0.82_average_ep1.00_gp0.75_lf0.50_life15_dr0.01,0.82,average,409.73270937522005,1.0,0.75,0.5,15,0.01,240.2362099230892,132.17184173394196,108.06436818914725,70.17986997812007,34.55059757110139,3436850.280092003,-48078.08450038903
C_be0.82_average_ep1.00_gp0.75_lf0.50_life15_dr0.03,0.82,average,409.73270937522005,1.0,0.75,0.5,15,0.03,240.2362099230892,132.17184173394196,108.06436818914725,73.02986052381257,34.55059757110139,2934797.4891502233,-48078.08450038903
C_be0.82_average_ep1.00_gp0.75_lf0.50_life15_dr0.05,0.82,average,409.73270937522005,1.0,0.75,0.5,15,0.05,240.2362099230892,132.17184173394196,108.06436818914725,76.1780595487179,34.55059757110139,2569724.7199349646,-48078.08450038903
C_be0.82_average_ep1.00_gp0.75_lf0.50_life15_dr0.07,0.82,average,409.73270937522005,1.0,0.75,0.5,15,0.07,240.2362099230892,132.17184173394196,108.06436818914725,79.6288021658696,34.55059757110139,2300913.01765904,-48078.08450038903
C_be0.82_average_ep1.00_gp0.75_lf0.50_life25_dr0.01,0.82,average,409.73270937522005,1.0,0.75,0.5,25,0.01,240.2362099230892,132.17184173394196,108.06436818914725,58.77177421410465,34.55059757110139,2336409.140739712,-48078.08450038903
C_be0.82_average_ep1.00_gp0.75_lf0.50_life25_dr0.03,0.82,average,409.73270937522005,1.0,0.75,0.5,25,0.03,240.2362099230892,132.17184173394196,108.06436818914725,62.27814760005476,34.55059757110139,2114768.7861190187,-48078.08450038903
C_be0.82_average_ep1.00_gp0.75_lf0.50_life25_dr0.05,0.82,average,409.73270937522005,1.0,0.75,0.5,25,0.05,240.2362099230892,132.17184173394196,108.06436818914725,66.22305944138088,34.55059757110139,1955187.857790099,-48078.08450038903
C_be0.82_average_ep1.00_gp0.75_lf0.50_life25_dr0.07,0.82,average,409.73270937522005,1.0,0.75,0.5,25,0.07,240.2362099230892,132.17184173394196,108.06436818914725,70.55692484738735,34.55059757110139,1837859.9567763943,-48078.08450038903
C_be0.82_average_ep1.00_gp0.75_lf0.50_life40_dr0.01,0.82,average,409.73270937522005,1.0,0.75,0.5,40,0.01,240.2362099230892,132.17184173394196,108.06436818914725,58.77177421410465,34.55059757110139,2336409.140739712,-48078.08450038903
C_be0.82_average_ep1.00_gp0.75_lf0.50_life40_dr0.03,0.82,average,409.73270937522005,1.0,0.75,0.5,40,0.03,240.2362099230892,132.17184173394196,108.06436818914725,62.27814760005476,34.55059757110139,2114768.7861190187,-48078.08450038903
C_be0.82_average_ep1.00_gp0.75_lf0.50_life40_dr0.05,0.82,average,409.73270937522005,1.0,0.75,0.5,40,0.05,240.2362099230892,132.17184173394196,108.06436818914725,66.22305944138088,34.55059757110139,1955187.857790099,-48078.08450038903
C_be0.82_average_ep1.00_gp0.75_lf0.50_life40_dr0.07,0.82,average,409.73270937522005,1.0,0.75,0.5,40,0.07,240.2362099230892,132.17184173394196,108.06436818914725,70.55692484738735,34.55059757110139,1837859.9567763943,-48078.08450038903
C_be0.82_average_ep1.00_gp0.75_lf0.75_life15_dr0.01,0.82,average,409.73270937522005,1.0,0.75,0.75,15,0.01,240.2362099230892,132.17184173394196,108.06436818914725,61.779365637762815,34.55059757110139,3939788.5292500705,-70914.87755561271
C_be0.82_average_ep1.00_gp0.75_lf0.75_life15_dr0.03,0.82,average,409.73270937522005,1.0,0.75,0.75,15,0.03,240.2362099230892,132.17184173394196,108.06436818914725,63.679359334891146,34.55059757110139,3332457.9394159853,-70914.87755561271
C_be0.82_average_ep1.00_gp0.75_lf0.75_life15_dr0.05,0.82,average,409.73270937522005,1.0,0.75,0.75,15,0.05,240.2362099230892,132.17184173394196,108.06436818914725,65.77815868482803,34.55059757110139,2891585.2153215227,-70914.87755561271
C_be0.82_average_ep1.00_gp0.75_lf0.75_life15_dr0.07,0.82,average,409.73270937522005,1.0,0.75,0.75,15,0.07,240.2362099230892,132.17184173394196,108.06436818914725,68.07865376292916,34.55059757110139,2567043.4850526573,-70914.87755561271
C_be0.82_average_ep1.00_gp0.75_lf0.75_life25_dr0.01,0.82,average,409.73270937522005,1.0,0.75,0.75,25,0.01,240.2362099230892,132.17184173394196,108.06436818914725,54.17396846175253,34.55059757110139,2839347.3898977786,-70914.87755561271
C_be0.82_average_ep1.00_gp0.75_lf0.75_life25_dr0.03,0.82,average,409.73270937522005,1.0,0.75,0.75,25,0.03,240.2362099230892,132.17184173394196,108.06436818914725,56.511550719052615,34.55059757110139,2512429.2363847815,-70914.87755561271
C_be0.82_average_ep1.00_gp0.75_lf0.75_life25_dr0.05,0.82,average,409.73270937522005,1.0,0.75,0.75,25,0.05,240.2362099230892,132.17184173394196,108.06436818914725,59.14149194660335,34.55059757110139,2277048.3531766576,-70914.87755561271
C_be0.82_average_ep1.00_gp0.75_lf0.75_life25_dr0.07,0.82,average,409.73270937522005,1.0,0.75,0.75,25,0.07,240.2362099230892,132.17184173394196,108.06436818914725,62.030735550607666,34.55059757110139,2103990.4241700107,-70914.87755561271
C_be0.82_average_ep1.00_gp0.75_lf0.75_life40_dr0.01,0.82,average,409.73270937522005,1.0,0.75,0.75,40,0.01,240.2362099230892,132.17184173394196,108.06436818914725,54.17396846175253,34.55059757110139,2839347.3898977786,-70914.87755561271
C_be0.82_average_ep1.00_gp0.75_lf0.75_life40_dr0.03,0.82,average,409.73270937522005,1.0,0.75,0.75,40,0.03,240.2362099230892,132.17184173394196,108.06436818914725,56.511550719052615,34.55059757110139,2512429.2363847815,-70914.87755561271
C_be0.82_average_ep1.00_gp0.75_lf0.75_life40_dr0.05,0.82,average,409.73270937522005,1.0,0.75,0.75,40,0.05,240.2362099230892,132.17184173394196,108.06436818914725,59.14149194660335,34.55059757110139,2277048.3531766576,-70914.87755561271
C_be0.82_average_ep1.00_gp0.75_lf0.75_life40_dr0.07,0.82,average,409.73270937522005,1.0,0.75,0.75,40,0.07,240.2362099230892,132.17184173394196,108.06436818914725,62.030735550607666,34.55059757110139,2103990.4241700107,-70914.87755561271
C_be0.82_average_ep1.00_gp0.75_lf0.95_life15_dr0.01,0.82,average,409.73270937522005,1.0,0.75,0.95,15,0.01,240.2362099230892,132.17184173394196,108.06436818914725,58.24231117866503,34.55059757110139,4342139.128576523,-89184.31199979165
C_be0.82_average_ep1.00_gp0.75_lf0.95_life15_dr0.03,0.82,average,409.73270937522005,1.0,0.75,0.95,15,0.03,240.2362099230892,132.17184173394196,108.06436818914725,59.742306202713706,34.55059757110139,3650586.299628596,-89184.31199979165
C_be0.82_average_ep1.00_gp0.75_lf0.95_life15_dr0.05,0.82,average,409.73270937522005,1.0,0.75,0.95,15,0.05,240.2362099230892,132.17184173394196,108.06436818914725,61.39925305792703,34.55059757110139,3149073.6116307694,-89184.31199979165
C_be0.82_average_ep1.00_gp0.75_lf0.95_life15_dr0.07,0.82,average,409.73270937522005,1.0,0.75,0.95,15,0.07,240.2362099230892,132.17184173394196,108.06436818914725,63.215433382743726,34.55059757110139,2779947.8589675506,-89184.31199979165
C_be0.82_average_ep1.00_gp0.75_lf0.95_life25_dr0.01,0.82,average,409.73270937522005,1.0,0.75,0.95,25,0.01,240.2362099230892,132.17184173394196,108.06436818914725,52.23805025023585,34.55059757110139,3241697.989224231,-89184.31199979165
C_be0.82_average_ep1.00_gp0.75_lf0.95_life25_dr0.03,0.82,average,409.73270937522005,1.0,0.75,0.95,25,0.03,240.2362099230892,132.17184173394196,108.06436818914725,54.08350992705171,34.55059757110139,2830557.596597392,-89184.31199979165
C_be0.82_average_ep1.00_gp0.75_lf0.95_life25_dr0.05,0.82,average,409.73270937522005,1.0,0.75,0.95,25,0.05,240.2362099230892,132.17184173394196,108.06436818914725,56.15977931722334,34.55059757110139,2534536.7494859044,-89184.31199979165
C_be0.82_average_ep1.00_gp0.75_lf0.95_life25_dr0.07,0.82,average,409.73270937522005,1.0,0.75,0.95,25,0.07,240.2362099230892,132.17184173394196,108.06436818914725,58.44076110985833,34.55059757110139,2316894.798084904,-89184.31199979165
C_be0.82_average_ep1.00_gp0.75_lf0.95_life40_dr0.01,0.82,average,409.73270937522005,1.0,0.75,0.95,40,0.01,240.2362099230892,132.17184173394196,108.06436818914725,52.23805025023585,34.55059757110139,3241697.989224231,-89184.31199979165
C_be0.82_average_ep1.00_gp0.75_lf0.95_life40_dr0.03,0.82,average,409.73270937522005,1.0,0.75,0.95,40,0.03,240.2362099230892,132.17184173394196,108.06436818914725,54.08350992705171,34.55059757110139,2830557.596597392,-89184.31199979165
C_be0.82_average_ep1.00_gp0.75_lf0.95_life40_dr0.05,0.82,average,409.73270937522005,1.0,0.75,0.95,40,0.05,240.2362099230892,132.17184173394196,108.06436818914725,56.15977931722334,34.55059757110139,2534536.7494859044,-89184.31199979165
C_be0.82_average_ep1.00_gp0.75_lf0.95_life40_dr0.07,0.82,average,409.73270937522005,1.0,0.75,0.95,40,0.07,240.2362099230892,132.17184173394196,108.06436818914725,58.44076110985833,34.55059757110139,2316894.798084904,-89184.31199979165
C_be0.82_average_ep1.00_gp1.00_lf0.25_life15_dr0.01,0.82,average,409.73270937522005,1.0,1.0,0.25,15,0.01,240.2362099230892,132.17184173394196,108.06436818914725,95.38138299919186,46.06746342813519,2378445.4023376782,-19.355218261276605
C_be0.82_average_ep1.00_gp1.00_lf0.25_life15_dr0.03,0.82,average,409.73270937522005,1.0,1.0,0.25,15,0.03,240.2362099230892,132.17184173394196,108.06436818914725,101.08136409057683,46.06746342813519,2097943.738305384,-19.355218261276605
C_be0.82_average_ep1.00_gp1.00_lf0.25_life15_dr0.05,0.82,average,409.73270937522005,1.0,1.0,0.25,15,0.05,240.2362099230892,132.17184173394196,108.06436818914725,107.37776214038749,46.06746342813519,1892387.6535181035,-19.355218261276605
C_be0.82_average_ep1.00_gp1.00_lf0.25_life15_dr0.07,0.82,average,409.73270937522005,1.0,1.0,0.25,15,0.07,240.2362099230892,132.17184173394196,108.06436818914725,114.27924737469091,46.06746342813519,1740856.6185285873,-19.355218261276605
C_be0.82_average_ep1.00_gp1.00_lf0.25_life25_dr0.01,0.82,average,409.73270937522005,1.0,1.0,0.25,25,0.01,240.2362099230892,132.17184173394196,108.06436818914725,72.56519147116101,46.06746342813519,1278004.2629853874,-19.355218261276605
C_be0.82_average_ep1.00_gp1.00_lf0.25_life25_dr0.03,0.82,average,409.73270937522005,1.0,1.0,0.25,25,0.03,240.2362099230892,132.17184173394196,108.06436818914725,79.57793824306123,46.06746342813519,1277915.0352741801,-19.355218261276605
C_be0.82_average_ep1.00_gp1.00_lf0.25_life25_dr0.05,0.82,average,409.73270937522005,1.0,1.0,0.25,25,0.05,240.2362099230892,132.17184173394196,108.06436818914725,87.46776192571348,46.06746342813519,1277850.7913732384,-19.355218261276605
C_be0.82_average_ep1.00_gp1.00_lf0.25_life25_dr0.07,0.82,average,409.73270937522005,1.0,1.0,0.25,25,0.07,240.2362099230892,132.17184173394196,108.06436818914725,96.13549273772642,46.06746342813519,1277803.5576459412,-19.355218261276605
C_be0.82_average_ep1.00_gp1.00_lf0.25_life40_dr0.01,0.82,average,409.73270937522005,1.0,1.0,0.25,40,0.01,240.2362099230892,132.17184173394196,108.06436818914725,72.56519147116101,46.06746342813519,1278004.2629853874,-19.355218261276605
C_be0.82_average_ep1.00_gp1.00_lf0.25_life40_dr0.03,0.82,average,409.73270937522005,1.0,1.0,0.25,40,0.03,240.2362099230892,132.17184173394196,108.06436818914725,79.57793824306123,46.06746342813519,1277915.0352741801,-19.355218261276605
C_be0.82_average_ep1.00_gp1.00_lf0.25_life40_dr0.05,0.82,average,409.73270937522005,1.0,1.0,0.25,40,0.05,240.2362099230892,132.17184173394196,108.06436818914725,87.46776192571348,46.06746342813519,1277850.7913732384,-19.355218261276605
C_be0.82_average_ep1.00_gp1.00_lf0.25_life40_dr0.07,0.82,average,409.73270937522005,1.0,1.0,0.25,40,0.07,240.2362099230892,132.17184173394196,108.06436818914725,96.13549273772642,46.06746342813519,1277803.5576459412,-19.355218261276605
C_be0.82_average_ep1.00_gp1.00_lf0.50_life15_dr0.01,0.82,average,409.73270937522005,1.0,1.0,0.5,15,0.01,240.2362099230892,132.17184173394196,108.06436818914725,70.17986997812007,46.06746342813519,2325917.022899488,2365.787953419029
C_be0.82_average_ep1.00_gp1.00_lf0.50_life15_dr0.03,0.82,average,409.73270937522005,1.0,1.0,0.5,15,0.03,240.2362099230892,132.17184173394196,108.06436818914725,73.02986052381257,46.06746342813519,2056410.887992072,2365.787953419029
C_be0.82_average_ep1.00_gp1.00_lf0.50_life15_dr0.05,0.82,average,409.73270937522005,1.0,1.0,0.5,15,0.05,240.2362099230892,132.17184173394196,108.06436818914725,76.1780595487179,46.06746342813519,1858771.5778743615,2365.787953419029
C_be0.82_average_ep1.00_gp1.00_lf0.50_life15_dr0.07,0.82,average,409.73270937522005,1.0,1.0,0.5,15,0.07,240.2362099230892,132.17184173394196,108.06436818914725,79.6288021658696,46.06746342813519,1713061.1541853668,2365.787953419029
C_be0.82_average_ep1.00_gp1.00_lf0.50_life25_dr0.01,0.82,average,409.73270937522005,1.0,1.0,0.5,25,0.01,240.2362099230892,132.17184173394196,108.06436818914725,58.77177421410465,46.06746342813519,1225475.883547197,2365.787953419029
C_be0.82_average_ep1.00_gp1.00_lf0.50_life25_dr0.03,0.82,average,409.73270937522005,1.0,1.0,0.5,25,0.03,240.2362099230892,132.17184173394196,108.06436818914725,62.27814760005476,46.06746342813519,1236382.1849608673,2365.787953419029
C_be0.82_average_ep1.00_gp1.00_lf0.50_life25_dr0.05,0.82,average,409.73270937522005,1.0,1.0,0.5,25,0.05,240.2362099230892,132.17184173394196,108.06436818914725,66.22305944138088,46.06746342813519,1244234.715729496,2365.787953419029
C_be0.82_average_ep1.00_gp1.00_lf0.50_life25_dr0.07,0.82,average,409.73270937522005,1.0,1.0,0.5,25,0.07,240.2362099230892,132.17184173394196,108.06436818914725,70.55692484738735,46.06746342813519,1250008.0933027207,2365.787953419029
C_be0.82_average_ep1.00_gp1.00_lf0.50_life40_dr0.01,0.82,average,409.73270937522005,1.0,1.0,0.5,40,0.01,240.2362099230892,132.17184173394196,108.06436818914725,58.77177421410465,46.06746342813519,1225475.883547197,2365.787953419029
C_be0.82_average_ep1.00_gp1.00_lf0.50_life40_dr0.03,0.82,average,409.73270937522005,1.0,1.0,0.5,40,0.03,240.2362099230892,132.17184173394196,108.06436818914725,62.27814760005476,46.06746342813519,1236382.1849608673,2365.787953419029
C_be0.82_average_ep1.00_gp1.00_lf0.50_life40_dr0.05,0.82,average,409.73270937522005,1.0,1.0,0.5,40,0.05,240.2362099230892,132.17184173394196,108.06436818914725,66.22305944138088,46.06746342813519,1244234.715729496,2365.787953419029
C_be0.82_average_ep1.00_gp1.00_lf0.50_life40_dr0.07,0.82,average,409.73270937522005,1.0,1.0,0.5,40,0.07,240.2362099230892,132.17184173394196,108.06436818914725,70.55692484738735,46.06746342813519,1250008.0933027207,2365.787953419029
C_be0.82_average_ep1.00_gp1.00_lf0.75_life15_dr0.01,0.82,average,409.73270937522005,1.0,1.0,0.75,15,0.01,240.2362099230892,132.17184173394196,108.06436818914725,61.779365637762815,46.06746342813519,2273388.643461299,4750.931125099363
C_be0.82_average_ep1.00_gp1.00_lf0.75_life15_dr0.03,0.82,average,409.73270937522005,1.0,1.0,0.75,15,0.03,240.2362099230892,132.17184173394196,108.06436818914725,63.679359334891146,46.06746342813519,2014878.0376787595,4750.931125099363
C_be0.82_average_ep1.00_gp1.00_lf0.75_life15_dr0.05,0.82,average,409.73270937522005,1.0,1.0,0.75,15,0.05,240.2362099230892,132.17184173394196,108.06436818914725,65.77815868482803,46.06746342813519,1825155.5022306181,4750.931125099363
C_be0.82_average_ep1.00_gp1.00_lf0.75_life15_dr0.07,0.82,average,409.73270937522005,1.0,1.0,0.75,15,0.07,240.2362099230892,132.17184173394196,108.06436818914725,68.07865376292916,46.06746342813519,1685265.6898421468,4750.931125099363
C_be0.82_average_ep1.00_gp1.00_lf0.75_life25_dr0.01,0.82,average,409.73270937522005,1.0,1.0,0.75,25,0.01,240.2362099230892,132.17184173394196,108.06436818914725,54.17396846175253,46.06746342813519,1172947.5041090073,4750.931125099363
C_be0.82_average_ep1.00_gp1.00_lf0.75_life25_dr0.03,0.82,average,409.73270937522005,1.0,1.0,0.75,25,0.03,240.2362099230892,132.17184173394196,108.06436818914725,56.511550719052615,46.06746342813519,1194849.3346475558,4750.931125099363
C_be0.82_average_ep1.00_gp1.00_lf0.75_life25_dr0.05,0.82,average,409.73270937522005,1.0,1.0,0.75,25,0.05,240.2362099230892,132.17184173394196,108.06436818914725,59.14149194660335,46.06746342813519,1210618.640085753,4750.931125099363
C_be0.82_average_ep1.00_gp1.00_lf0.75_life25_dr0.07,0.82,average,409.73270937522005,1.0,1.0,0.75,25,0.07,240.2362099230892,132.17184173394196,108.06436818914725,62.030735550607666,46.06746342813519,1222212.6289595002,4750.931125099363
C_be0.82_average_ep1.00_gp1.00_lf0.75_life40_dr0.01,0.82,average,409.73270937522005,1.0,1.0,0.75,40,0.01,240.2362099230892,132.17184173394196,108.06436818914725,54.17396846175253,46.06746342813519,1172947.5041090073,4750.931125099363
C_be0.82_average_ep1.00_gp1.00_lf0.75_life40_dr0.03,0.82,average,409.73270937522005,1.0,1.0,0.75,40,0.03,240.2362099230892,132.17184173394196,108.06436818914725,56.511550719052615,46.06746342813519,1194849.3346475558,4750.931125099363
C_be0.82_average_ep1.00_gp1.00_lf0.75_life40_dr0.05,0.82,average,409.73270937522005,1.0,1.0,0.75,40,0.05,240.2362099230892,132.17184173394196,108.06436818914725,59.14149194660335,46.06746342813519,1210618.640085753,4750.931125099363
C_be0.82_average_ep1.00_gp1.00_lf0.75_life40_dr0.07,0.82,average,409.73270937522005,1.0,1.0,0.75,40,0.07,240.2362099230892,132.17184173394196,108.06436818914725,62.030735550607666,46.06746342813519,1222212.6289595002,4750.931125099363
C_be0.82_average_ep1.00_gp1.00_lf0.95_life15_dr0.01,0.82,average,409.73270937522005,1.0,1.0,0.95,15,0.01,240.2362099230892,132.17184173394196,108.06436818914725,58.24231117866503,46.06746342813519,2231365.9399107452,6659.045662443619
C_be0.82_average_ep1.00_gp1.00_lf0.95_life15_dr0.03,0.82,average,409.73270937522005,1.0,1.0,0.95,15,0.03,240.2362099230892,132.17184173394196,108.06436818914725,59.742306202713706,46.06746342813519,1981651.7574281087,6659.045662443619
C_be0.82_average_ep1.00_gp1.00_lf0.95_life15_dr0.05,0.82,average,409.73270937522005,1.0,1.0,0.95,15,0.05,240.2362099230892,132.17184173394196,108.06436818914725,61.39925305792703,46.06746342813519,1798262.6417156244,6659.045662443619
C_be0.82_average_ep1.00_gp1.00_lf0.95_life15_dr0.07,0.82,average,409.73270937522005,1.0,1.0,0.95,15,0.07,240.2362099230892,132.17184173394196,108.06436818914725,63.215433382743726,46.06746342813519,1663029.3183675706,6659.045662443619
C_be0.82_average_ep1.00_gp1.00_lf0.95_life25_dr0.01,0.82,average,409.73270937522005,1.0,1.0,0.95,25,0.01,240.2362099230892,132.17184173394196,108.06436818914725,52.23805025023585,46.06746342813519,1130924.8005584534,6659.045662443619
C_be0.82_average_ep1.00_gp1.00_lf0.95_life25_dr0.03,0.82,average,409.73270937522005,1.0,1.0,0.95,25,0.03,240.2362099230892,132.17184173394196,108.06436818914725,54.08350992705171,46.06746342813519,1161623.054396905,6659.045662443619
C_be0.82_average_ep1.00_gp1.00_lf0.95_life25_dr0.05,0.82,average,409.73270937522005,1.0,1.0,0.95,25,0.05,240.2362099230892,132.17184173394196,108.06436818914725,56.15977931722334,46.06746342813519,1183725.7795707593,6659.045662443619
C_be0.82_average_ep1.00_gp1.00_lf0.95_life25_dr0.07,0.82,average,409.73270937522005,1.0,1.0,0.95,25,0.07,240.2362099230892,132.17184173394196,108.06436818914725,58.44076110985833,46.06746342813519,1199976.257484924,6659.045662443619
C_be0.82_average_ep1.00_gp1.00_lf0.95_life40_dr0.01,0.82,average,409.73270937522005,1.0,1.0,0.95,40,0.01,240.2362099230892,132.17184173394196,108.06436818914725,52.23805025023585,46.06746342813519,1130924.8005584534,6659.045662443619
C_be0.82_average_ep1.00_gp1.00_lf0.95_life40_dr0.03,0.82,average,409.73270937522005,1.0,1.0,0.95,40,0.03,240.2362099230892,132.17184173394196,108.06436818914725,54.08350992705171,46.06746342813519,1161623.054396905,6659.045662443619
C_be0.82_average_ep1.00_gp1.00_lf0.95_life40_dr0.05,0.82,average,409.73270937522005,1.0,1.0,0.95,40,0.05,240.2362099230892,132.17184173394196,108.06436818914725,56.15977931722334,46.06746342813519,1183725.7795707593,6659.045662443619
C_be0.82_average_ep1.00_gp1.00_lf0.95_life40_dr0.07,0.82,average,409.73270937522005,1.0,1.0,0.95,40,0.07,240.2362099230892,132.17184173394196,108.06436818914725,58.44076110985833,46.06746342813519,1199976.257484924,6659.045662443619
C_be0.82_average_ep1.00_gp1.25_lf0.25_life15_dr0.01,0.82,average,409.73270937522005,1.0,1.25,0.25,15,0.01,240.2362099230892,132.17184173394196,108.06436818914725,95.38138299919186,57.58432928516899,1822978.7737414213,25202.581008642737
C_be0.82_average_ep1.00_gp1.25_lf0.25_life15_dr0.03,0.82,average,409.73270937522005,1.0,1.25,0.25,15,0.03,240.2362099230892,132.17184173394196,108.06436818914725,101.08136409057683,57.58432928516899,1658750.4377263086,25202.581008642737
C_be0.82_average_ep1.00_gp1.25_lf0.25_life15_dr0.05,0.82,average,409.73270937522005,1.0,1.25,0.25,15,0.05,240.2362099230892,132.17184173394196,108.06436818914725,107.37776214038749,57.58432928516899,1536911.0824878023,25202.581008642737
C_be0.82_average_ep1.00_gp1.25_lf0.25_life15_dr0.07,0.82,average,409.73270937522005,1.0,1.25,0.25,15,0.07,240.2362099230892,132.17184173394196,108.06436818914725,114.27924737469091,57.58432928516899,1446930.6867917504,25202.581008642737
C_be0.82_average_ep1.00_gp1.25_lf0.25_life25_dr0.01,0.82,average,409.73270937522005,1.0,1.25,0.25,25,0.01,240.2362099230892,132.17184173394196,108.06436818914725,72.56519147116101,57.58432928516899,722537.6343891304,25202.581008642737
C_be0.82_average_ep1.00_gp1.25_lf0.25_life25_dr0.03,0.82,average,409.73270937522005,1.0,1.25,0.25,25,0.03,240.2362099230892,132.17184173394196,108.06436818914725,79.57793824306123,57.58432928516899,838721.7346951049,25202.581008642737
C_be0.82_average_ep1.00_gp1.25_lf0.25_life25_dr0.05,0.82,average,409.73270937522005,1.0,1.25,0.25,25,0.05,240.2362099230892,132.17184173394196,108.06436818914725,87.46776192571348,57.58432928516899,922374.2203429372,25202.581008642737
C_be0.82_average_ep1.00_gp1.25_lf0.25_life25_dr0.07,0.82,average,409.73270937522005,1.0,1.25,0.25,25,0.07,240.2362099230892,132.17184173394196,108.06436818914725,96.13549273772642,57.58432928516899,983877.6259091042,25202.581008642737
C_be0.82_average_ep1.00_gp1.25_lf0.25_life40_dr0.01,0.82,average,409.73270937522005,1.0,1.25,0.25,40,0.01,240.2362099230892,132.17184173394196,108.06436818914725,72.56519147116101,57.58432928516899,722537.6343891304,25202.581008642737
C_be0.82_average_ep1.00_gp1.25_lf0.25_life40_dr0.03,0.82,average,409.73270937522005,1.0,1.25,0.25,40,0.03,240.2362099230892,132.17184173394196,108.06436818914725,79.57793824306123,57.58432928516899,838721.7346951049,25202.581008642737
C_be0.82_average_ep1.00_gp1.25_lf0.25_life40_dr0.05,0.82,average,409.73270937522005,1.0,1.25,0.25,40,0.05,240.2362099230892,132.17184173394196,108.06436818914725,87.46776192571348,57.58432928516899,922374.2203429372,25202.581008642737
C_be0.82_average_ep1.00_gp1.25_lf0.25_life40_dr0.07,0.82,average,409.73270937522005,1.0,1.25,0.25,40,0.07,240.2362099230892,132.17184173394196,108.06436818914725,96.13549273772642,57.58432928516899,983877.6259091042,25202.581008642737
C_be0.82_average_ep1.00_gp1.25_lf0.50_life15_dr0.01,0.82,average,409.73270937522005,1.0,1.25,0.5,15,0.01,240.2362099230892,132.17184173394196,108.06436818914725,70.17986997812007,57.58432928516899,1214983.765706974,52809.66040722706
C_be0.82_average_ep1.00_gp1.25_lf0.50_life15_dr0.03,0.82,average,409.73270937522005,1.0,1.25,0.5,15,0.03,240.2362099230892,132.17184173394196,108.06436818914725,73.02986052381257,57.58432928516899,1178024.2868339214,52809.66040722706
C_be0.82_average_ep1.00_gp1.25_lf0.50_life15_dr0.05,0.82,average,409.73270937522005,1.0,1.25,0.5,15,0.05,240.2362099230892,132.17184173394196,108.06436818914725,76.1780595487179,57.58432928516899,1147818.435813759,52809.66040722706
C_be0.82_average_ep1.00_gp1.25_lf0.50_life15_dr0.07,0.82,average,409.73270937522005,1.0,1.25,0.5,15,0.07,240.2362099230892,132.17184173394196,108.06436818914725,79.6288021658696,57.58432928516899,1125209.290711693,52809.66040722706
C_be0.82_average_ep1.00_gp1.25_lf0.50_life25_dr0.01,0.82,average,409.73270937522005,1.0,1.25,0.5,25,0.01,240.2362099230892,132.17184173394196,108.06436818914725,58.77177421410465,57.58432928516899,114542.62635468319,52809.66040722706
C_be0.82_average_ep1.00_gp1.25_lf0.50_life25_dr0.03,0.82,average,409.73270937522005,1.0,1.25,0.5,25,0.03,240.2362099230892,132.17184173394196,108.06436818914725,62.27814760005476,57.58432928516899,357995.5838027168,52809.66040722706
C_be0.82_average_ep1.00_gp1.25_lf0.50_life25_dr0.05,0.82,average,409.73270937522005,1.0,1.25,0.5,25,0.05,240.2362099230892,132.17184173394196,108.06436818914725,66.22305944138088,57.58432928516899,533281.5736688934,52809.66040722706
C_be0.82_average_ep1.00_gp1.25_lf0.50_life25_dr0.07,0.82,average,409.73270937522005,1.0,1.25,0.5,25,0.07,240.2362099230892,132.17184173394196,108.06436818914725,70.55692484738735,57.58432928516899,662156.2298290469,52809.66040722706
C_be0.82_average_ep1.00_gp1.25_lf0.50_life40_dr0.01,0.82,average,409.73270937522005,1.0,1.25,0.5,40,0.01,240.2362099230892,132.17184173394196,108.06436818914725,58.77177421410465,57.58432928516899,114542.62635468319,52809.66040722706
C_be0.82_average_ep1.00_gp1.25_lf0.50_life40_dr0.03,0.82,average,409.73270937522005,1.0,1.25,0.5,40,0.03,240.2362099230892,132.17184173394196,108.06436818914725,62.27814760005476,57.58432928516899,357995.5838027168,52809.66040722706
C_be0.82_average_ep1.00_gp1.25_lf0.50_life40_dr0.05,0.82,average,409.73270937522005,1.0,1.25,0.5,40,0.05,240.2362099230892,132.17184173394196,108.06436818914725,66.22305944138088,57.58432928516899,533281.5736688934,52809.66040722706
C_be0.82_average_ep1.00_gp1.25_lf0.50_life40_dr0.07,0.82,average,409.73270937522005,1.0,1.25,0.5,40,0.07,240.2362099230892,132.17184173394196,108.06436818914725,70.55692484738735,57.58432928516899,662156.2298290469,52809.66040722706
C_be0.82_average_ep1.00_gp1.25_lf0.75_life15_dr0.01,0.82,average,409.73270937522005,1.0,1.25,0.75,15,0.01,240.2362099230892,132.17184173394196,108.06436818914725,61.779365637762815,57.58432928516899,606988.7576725278,80416.73980581143
C_be0.82_average_ep1.00_gp1.25_lf0.75_life15_dr0.03,0.82,average,409.73270937522005,1.0,1.25,0.75,15,0.03,240.2362099230892,132.17184173394196,108.06436818914725,63.679359334891146,57.58432928516899,697298.1359415324,80416.73980581143
C_be0.82_average_ep1.00_gp1.25_lf0.75_life15_dr0.05,0.82,average,409.73270937522005,1.0,1.25,0.75,15,0.05,240.2362099230892,132.17184173394196,108.06436818914725,65.77815868482803,57.58432928516899,758725.7891397141,80416.73980581143
C_be0.82_average_ep1.00_gp1.25_lf0.75_life15_dr0.07,0.82,average,409.73270937522005,1.0,1.25,0.75,15,0.07,240.2362099230892,132.17184173394196,108.06436818914725,68.07865376292916,57.58432928516899,803487.8946316363,80416.73980581143
C_be0.82_average_ep1.00_gp1.25_lf0.75_life25_dr0.01,0.82,average,409.73270937522005,1.0,1.25,0.75,25,0.01,240.2362099230892,132.17184173394196,108.06436818914725,54.17396846175253,57.58432928516899,-493452.381679764,80416.73980581143
C_be0.82_average_ep1.00_gp1.25_lf0.75_life25_dr0.03,0.82,average,409.73270937522005,1.0,1.25,0.75,25,0.03,240.2362099230892,132.17184173394196,108.06436818914725,56.511550719052615,57.58432928516899,-122730.56708967127,80416.73980581143
C_be0.82_average_ep1.00_gp1.25_lf0.75_life25_dr0.05,0.82,average,409.73270937522005,1.0,1.25,0.75,25,0.05,240.2362099230892,132.17184173394196,108.06436818914725,59.14149194660335,57.58432928516899,144188.926994849,80416.73980581143
C_be0.82_average_ep1.00_gp1.25_lf0.75_life25_dr0.07,0.82,average,409.73270937522005,1.0,1.25,0.75,25,0.07,240.2362099230892,132.17184173394196,108.06436818914725,62.030735550607666,57.58432928516899,340434.83374898974,80416.73980581143
C_be0.82_average_ep1.00_gp1.25_lf0.75_life40_dr0.01,0.82,average,409.73270937522005,1.0,1.25,0.75,40,0.01,240.2362099230892,132.17184173394196,108.06436818914725,54.17396846175253,57.58432928516899,-493452.381679764,80416.73980581143
C_be0.82_average_ep1.00_gp1.25_lf0.75_life40_dr0.03,0.82,average,409.73270937522005,1.0,1.25,0.75,40,0.03,240.2362099230892,132.17184173394196,108.06436818914725,56.511550719052615,57.58432928516899,-122730.56708967127,80416.73980581143
C_be0.82_average_ep1.00_gp1.25_lf0.75_life40_dr0.05,0.82,average,409.73270937522005,1.0,1.25,0.75,40,0.05,240.2362099230892,132.17184173394196,108.06436818914725,59.14149194660335,57.58432928516899,144188.926994849,80416.73980581143
C_be0.82_average_ep1.00_gp1.25_lf0.75_life40_dr0.07,0.82,average,409.73270937522005,1.0,1.25,0.75,40,0.07,240.2362099230892,132.17184173394196,108.06436818914725,62.030735550607666,57.58432928516899,340434.83374898974,80416.73980581143
C_be0.82_average_ep1.00_gp1.25_lf0.95_life15_dr0.01,0.82,average,409.73270937522005,1.0,1.25,0.95,15,0.01,240.2362099230892,132.17184173394196,108.06436818914725,58.24231117866503,57.58432928516899,120592.75124496967,102502.40332467889
C_be0.82_average_ep1.00_gp1.25_lf0.95_life15_dr0.03,0.82,average,409.73270937522005,1.0,1.25,0.95,15,0.03,240.2362099230892,132.17184173394196,108.06436818914725,59.742306202713706,57.58432928516899,312717.21522762254,102502.40332467889
C_be0.82_average_ep1.00_gp1.25_lf0.95_life15_dr0.05,0.82,average,409.73270937522005,1.0,1.25,0.95,15,0.05,240.2362099230892,132.17184173394196,108.06436818914725,61.39925305792703,57.58432928516899,447451.67180047836,102502.40332467889
C_be0.82_average_ep1.00_gp1.25_lf0.95_life15_dr0.07,0.82,average,409.73270937522005,1.0,1.25,0.95,15,0.07,240.2362099230892,132.17184173394196,108.06436818914725,63.215433382743726,57.58432928516899,546110.7777675902,102502.40332467889
C_be0.82_average_ep1.00_gp1.25_lf0.95_life25_dr0.01,0.82,average,409.73270937522005,1.0,1.25,0.95,25,0.01,240.2362099230892,132.17184173394196,108.06436818914725,52.23805025023585,57.58432928516899,-979848.3881073222,102502.40332467889
C_be0.82_average_ep1.00_gp1.25_lf0.95_life25_dr0.03,0.82,average,409.73270937522005,1.0,1.25,0.95,25,0.03,240.2362099230892,132.17184173394196,108.06436818914725,54.08350992705171,57.58432928516899,-507311.48780358117,102502.40332467889
C_be0.82_average_ep1.00_gp1.25_lf0.95_life25_dr0.05,0.82,average,409.73270937522005,1.0,1.25,0.95,25,0.05,240.2362099230892,132.17184173394196,108.06436818914725,56.15977931722334,57.58432928516899,-167085.19034438673,102502.40332467889
C_be0.82_average_ep1.00_gp1.25_lf0.95_life25_dr0.07,0.82,average,409.73270937522005,1.0,1.25,0.95,25,0.07,240.2362099230892,132.17184173394196,108.06436818914725,58.44076110985833,57.58432928516899,83057.71688494366,102502.40332467889
C_be0.82_average_ep1.00_gp1.25_lf0.95_life40_dr0.01,0.82,average,409.73270937522005,1.0,1.25,0.95,40,0.01,240.2362099230892,132.17184173394196,108.06436818914725,52.23805025023585,57.58432928516899,-979848.3881073222,102502.40332467889
C_be0.82_average_ep1.00_gp1.25_lf0.95_life40_dr0.03,0.82,average,409.73270937522005,1.0,1.25,0.95,40,0.03,240.2362099230892,132.17184173394196,108.06436818914725,54.08350992705171,57.58432928516899,-507311.48780358117,102502.40332467889
C_be0.82_average_ep1.00_gp1.25_lf0.95_life40_dr0.05,0.82,average,409.73270937522005,1.0,1.25,0.95,40,0.05,240.2362099230892,132.17184173394196,108.06436818914725,56.15977931722334,57.58432928516899,-167085.19034438673,102502.40332467889
C_be0.82_average_ep1.00_gp1.25_lf0.95_life40_dr0.07,0.82,average,409.73270937522005,1.0,1.25,0.95,40,0.07,240.2362099230892,132.17184173394196,108.06436818914725,58.44076110985833,57.58432928516899,83057.71688494366,102502.40332467889
C_be0.82_average_ep1.25_gp0.75_lf0.25_life15_dr0.01,0.82,average,409.73270937522005,1.25,0.75,0.25,15,0.01,240.2362099230892,132.17184173394196,108.06436818914725,105.75823673845393,34.55059757110139,3434395.064559275,-47966.601134149256
C_be0.82_average_ep1.25_gp0.75_lf0.25_life15_dr0.03,0.82,average,409.73270937522005,1.25,0.75,0.25,15,0.03,240.2362099230892,132.17184173394196,108.06436818914725,111.45821782983892,34.55059757110139,2932856.212828769,-47966.601134149256
C_be0.82_average_ep1.25_gp0.75_lf0.25_life15_dr0.05,0.82,average,409.73270937522005,1.25,0.75,0.25,15,0.05,240.2362099230892,132.17184173394196,108.06436818914725,117.75461587964955,34.55059757110139,2568153.4795511444,-47966.601134149256
C_be0.82_average_ep1.25_gp0.75_lf0.25_life15_dr0.07,0.82,average,409.73270937522005,1.25,0.75,0.25,15,0.07,240.2362099230892,132.17184173394196,108.06436818914725,124.656101113953,34.55059757110139,2299613.836977574,-47966.601134149256
C_be0.82_average_ep1.25_gp0.75_lf0.25_life25_dr0.01,0.82,average,409.73270937522005,1.25,0.75,0.25,25,0.01,240.2362099230892,132.17184173394196,108.06436818914725,82.9420452104231,34.55059757110139,2333953.9252069844,-47966.601134149256
C_be0.82_average_ep1.25_gp0.75_lf0.25_life25_dr0.03,0.82,average,409.73270937522005,1.25,0.75,0.25,25,0.03,240.2362099230892,132.17184173394196,108.06436818914725,89.95479198232331,34.55059757110139,2112827.509797565,-47966.601134149256
C_be0.82_average_ep1.25_gp0.75_lf0.25_life25_dr0.05,0.82,average,409.73270937522005,1.25,0.75,0.25,25,0.05,240.2362099230892,132.17184173394196,108.06436818914725,97.84461566497555,34.55059757110139,1953616.6174062793,-47966.601134149256
C_be0.82_average_ep1.25_gp0.75_lf0.25_life25_dr0.07,0.82,average,409.73270937522005,1.25,0.75,0.25,25,0.07,240.2362099230892,132.17184173394196,108.06436818914725,106.5123464769885,34.55059757110139,1836560.7760949275,-47966.601134149256
C_be0.82_average_ep1.25_gp0.75_lf0.25_life40_dr0.01,0.82,average,409.73270937522005,1.25,0.75,0.25,40,0.01,240.2362099230892,132.17184173394196,108.06436818914725,82.9420452104231,34.55059757110139,2333953.9252069844,-47966.601134149256
C_be0.82_average_ep1.25_gp0.75_lf0.25_life40_dr0.03,0.82,average,409.73270937522005,1.25,0.75,0.25,40,0.03,240.2362099230892,132.17184173394196,108.06436818914725,89.95479198232331,34.55059757110139,2112827.509797565,-47966.601134149256
C_be0.82_average_ep1.25_gp0.75_lf0.25_life40_dr0.05,0.82,average,409.73270937522005,1.25,0.75,0.25,40,0.05,240.2362099230892,132.17184173394196,108.06436818914725,97.84461566497555,34.55059757110139,1953616.6174062793,-47966.601134149256
C_be0.82_average_ep1.25_gp0.75_lf0.25_life40_dr0.07,0.82,average,409.73270937522005,1.25,0.75,0.25,40,0.07,240.2362099230892,132.17184173394196,108.06436818914725,106.5123464769885,34.55059757110139,1836560.7760949275,-47966.601134149256
C_be0.82_average_ep1.25_gp0.75_lf0.50_life15_dr0.01,0.82,average,409.73270937522005,1.25,0.75,0.5,15,0.01,240.2362099230892,132.17184173394196,108.06436818914725,80.55672371738216,34.55059757110139,4437816.347342682,-93528.70387835693
C_be0.82_average_ep1.25_gp0.75_lf0.50_life15_dr0.03,0.82,average,409.73270937522005,1.25,0.75,0.5,15,0.03,240.2362099230892,132.17184173394196,108.06436818914725,83.40671426307465,34.55059757110139,3726235.837038841,-93528.70387835693
C_be0.82_average_ep1.25_gp0.75_lf0.50_life15_dr0.05,0.82,average,409.73270937522005,1.25,0.75,0.5,15,0.05,240.2362099230892,132.17184173394196,108.06436818914725,86.55491328797996,34.55059757110139,3210303.2299404433,-93528.70387835693
C_be0.82_average_ep1.25_gp0.75_lf0.50_life15_dr0.07,0.82,average,409.73270937522005,1.25,0.75,0.5,15,0.07,240.2362099230892,132.17184173394196,108.06436818914725,90.00565590513169,34.55059757110139,2830575.5910833403,-93528.70387835693
C_be0.82_average_ep1.25_gp0.75_lf0.50_life25_dr0.01,0.82,average,409.73270937522005,1.25,0.75,0.5,25,0.01,240.2362099230892,132.17184173394196,108.06436818914725,69.14862795336674,34.55059757110139,3337375.207990391,-93528.70387835693
C_be0.82_average_ep1.25_gp0.75_lf0.50_life25_dr0.03,0.82,average,409.73270937522005,1.25,0.75,0.5,25,0.03,240.2362099230892,132.17184173394196,108.06436818914725,72.65500133931684,34.55059757110139,2906207.1340076374,-93528.70387835693
C_be0.82_average_ep1.25_gp0.75_lf0.50_life25_dr0.05,0.82,average,409.73270937522005,1.25,0.75,0.5,25,0.05,240.2362099230892,132.17184173394196,108.06436818914725,76.59991318064296,34.55059757110139,2595766.367795578,-93528.70387835693
C_be0.82_average_ep1.25_gp0.75_lf0.50_life25_dr0.07,0.82,average,409.73270937522005,1.25,0.75,0.5,25,0.07,240.2362099230892,132.17184173394196,108.06436818914725,80.93377858664944,34.55059757110139,2367522.5302006938,-93528.70387835693
C_be0.82_average_ep1.25_gp0.75_lf0.50_life40_dr0.01,0.82,average,409.73270937522005,1.25,0.75,0.5,40,0.01,240.2362099230892,132.17184173394196,108.06436818914725,69.14862795336674,34.55059757110139,3337375.207990391,-93528.70387835693
C_be0.82_average_ep1.25_gp0.75_lf0.50_life40_dr0.03,0.82,average,409.73270937522005,1.25,0.75,0.5,40,0.03,240.2362099230892,132.17184173394196,108.06436818914725,72.65500133931684,34.55059757110139,2906207.1340076374,-93528.70387835693
C_be0.82_average_ep1.25_gp0.75_lf0.50_life40_dr0.05,0.82,average,409.73270937522005,1.25,0.75,0.5,40,0.05,240.2362099230892,132.17184173394196,108.06436818914725,76.59991318064296,34.55059757110139,2595766.367795578,-93528.70387835693
C_be0.82_average_ep1.25_gp0.75_lf0.50_life40_dr0.07,0.82,average,409.73270937522005,1.25,0.75,0.5,40,0.07,240.2362099230892,132.17184173394196,108.06436818914725,80.93377858664944,34.55059757110139,2367522.5302006938,-93528.70387835693
C_be0.82_average_ep1.25_gp0.75_lf0.75_life15_dr0.01,0.82,average,409.73270937522005,1.25,0.75,0.75,15,0.01,240.2362099230892,132.17184173394196,108.06436818914725,72.15621937702487,34.55059757110139,5441237.630126085,-139090.8066225645
C_be0.82_average_ep1.25_gp0.75_lf0.75_life15_dr0.03,0.82,average,409.73270937522005,1.25,0.75,0.75,15,0.03,240.2362099230892,132.17184173394196,108.06436818914725,74.0562130741532,34.55059757110139,4519615.46124891,-139090.8066225645
C_be0.82_average_ep1.25_gp0.75_lf0.75_life15_dr0.05,0.82,average,409.73270937522005,1.25,0.75,0.75,15,0.05,240.2362099230892,132.17184173394196,108.06436818914725,76.15501242409009,34.55059757110139,3852452.9803297403,-139090.8066225645
C_be0.82_average_ep1.25_gp0.75_lf0.75_life15_dr0.07,0.82,average,409.73270937522005,1.25,0.75,0.75,15,0.07,240.2362099230892,132.17184173394196,108.06436818914725,78.45550750219124,34.55059757110139,3361537.3451891057,-139090.8066225645
C_be0.82_average_ep1.25_gp0.75_lf0.75_life25_dr0.01,0.82,average,409.73270937522005,1.25,0.75,0.75,25,0.01,240.2362099230892,132.17184173394196,108.06436818914725,64.5508222010146,34.55059757110139,4340796.490773795,-139090.8066225645
C_be0.82_average_ep1.25_gp0.75_lf0.75_life25_dr0.03,0.82,average,409.73270937522005,1.25,0.75,0.75,25,0.03,240.2362099230892,132.17184173394196,108.06436818914725,66.88840445831468,34.55059757110139,3699586.7582177077,-139090.8066225645
C_be0.82_average_ep1.25_gp0.75_lf0.75_life25_dr0.05,0.82,average,409.73270937522005,1.25,0.75,0.75,25,0.05,240.2362099230892,132.17184173394196,108.06436818914725,69.51834568586541,34.55059757110139,3237916.118184875,-139090.8066225645
C_be0.82_average_ep1.25_gp0.75_lf0.75_life25_dr0.07,0.82,average,409.73270937522005,1.25,0.75,0.75,25,0.07,240.2362099230892,132.17184173394196,108.06436818914725,72.40758928986973,34.55059757110139,2898484.284306459,-139090.8066225645
C_be0.82_average_ep1.25_gp0.75_lf0.75_life40_dr0.01,0.82,average,409.73270937522005,1.25,0.75,0.75,40,0.01,240.2362099230892,132.17184173394196,108.06436818914725,64.5508222010146,34.55059757110139,4340796.490773795,-139090.8066225645
C_be0.82_average_ep1.25_gp0.75_lf0.75_life40_dr0.03,0.82,average,409.73270937522005,1.25,0.75,0.75,40,0.03,240.2362099230892,132.17184173394196,108.06436818914725,66.88840445831468,34.55059757110139,3699586.7582177077,-139090.8066225645
C_be0.82_average_ep1.25_gp0.75_lf0.75_life40_dr0.05,0.82,average,409.73270937522005,1.25,0.75,0.75,40,0.05,240.2362099230892,132.17184173394196,108.06436818914725,69.51834568586541,34.55059757110139,3237916.118184875,-139090.8066225645
C_be0.82_average_ep1.25_gp0.75_lf0.75_life40_dr0.07,0.82,average,409.73270937522005,1.25,0.75,0.75,40,0.07,240.2362099230892,132.17184173394196,108.06436818914725,72.40758928986973,34.55059757110139,2898484.284306459,-139090.8066225645
C_be0.82_average_ep1.25_gp0.75_lf0.95_life15_dr0.01,0.82,average,409.73270937522005,1.25,0.75,0.95,15,0.01,240.2362099230892,132.17184173394196,108.06436818914725,68.61916491792711,34.55059757110139,6243974.656352812,-175540.48881793063
C_be0.82_average_ep1.25_gp0.75_lf0.95_life15_dr0.03,0.82,average,409.73270937522005,1.25,0.75,0.95,15,0.03,240.2362099230892,132.17184173394196,108.06436818914725,70.11915994197578,34.55059757110139,5154319.160616969,-175540.48881793063
C_be0.82_average_ep1.25_gp0.75_lf0.95_life15_dr0.05,0.82,average,409.73270937522005,1.25,0.75,0.95,15,0.05,240.2362099230892,132.17184173394196,108.06436818914725,71.7761067971891,34.55059757110139,4366172.7806411795,-175540.48881793063
C_be0.82_average_ep1.25_gp0.75_lf0.95_life15_dr0.07,0.82,average,409.73270937522005,1.25,0.75,0.95,15,0.07,240.2362099230892,132.17184173394196,108.06436818914725,73.59228712200579,34.55059757110139,3786306.7484737183,-175540.48881793063
C_be0.82_average_ep1.25_gp0.75_lf0.95_life25_dr0.01,0.82,average,409.73270937522005,1.25,0.75,0.95,25,0.01,240.2362099230892,132.17184173394196,108.06436818914725,62.61490398949793,34.55059757110139,5143533.517000521,-175540.48881793063
C_be0.82_average_ep1.25_gp0.75_lf0.95_life25_dr0.03,0.82,average,409.73270937522005,1.25,0.75,0.95,25,0.03,240.2362099230892,132.17184173394196,108.06436818914725,64.46036366631378,34.55059757110139,4334290.457585766,-175540.48881793063
C_be0.82_average_ep1.25_gp0.75_lf0.95_life25_dr0.05,0.82,average,409.73270937522005,1.25,0.75,0.95,25,0.05,240.2362099230892,132.17184173394196,108.06436818914725,66.53663305648541,34.55059757110139,3751635.9184963144,-175540.48881793063
C_be0.82_average_ep1.25_gp0.75_lf0.95_life25_dr0.07,0.82,average,409.73270937522005,1.25,0.75,0.95,25,0.07,240.2362099230892,132.17184173394196,108.06436818914725,68.8176148491204,34.55059757110139,3323253.6875910717,-175540.48881793063
C_be0.82_average_ep1.25_gp0.75_lf0.95_life40_dr0.01,0.82,average,409.73270937522005,1.25,0.75,0.95,40,0.01,240.2362099230892,132.17184173394196,108.06436818914725,62.61490398949793,34.55059757110139,5143533.517000521,-175540.48881793063
C_be0.82_average_ep1.25_gp0.75_lf0.95_life40_dr0.03,0.82,average,409.73270937522005,1.25,0.75,0.95,40,0.03,240.2362099230892,132.17184173394196,108.06436818914725,64.46036366631378,34.55059757110139,4334290.457585766,-175540.48881793063
C_be0.82_average_ep1.25_gp0.75_lf0.95_life40_dr0.05,0.82,average,409.73270937522005,1.25,0.75,0.95,40,0.05,240.2362099230892,132.17184173394196,108.06436818914725,66.53663305648541,34.55059757110139,3751635.9184963144,-175540.48881793063
C_be0.82_average_ep1.25_gp0.75_lf0.95_life40_dr0.07,0.82,average,409.73270937522005,1.25,0.75,0.95,40,0.07,240.2362099230892,132.17184173394196,108.06436818914725,68.8176148491204,34.55059757110139,3323253.6875910717,-175540.48881793063
C_be0.82_average_ep1.25_gp1.00_lf0.25_life15_dr0.01,0.82,average,409.73270937522005,1.25,1.0,0.25,15,0.01,240.2362099230892,132.17184173394196,108.06436818914725,105.75823673845393,46.06746342813519,2878928.4359630174,-22744.664907245227
C_be0.82_average_ep1.25_gp1.00_lf0.25_life15_dr0.03,0.82,average,409.73270937522005,1.25,1.0,0.25,15,0.03,240.2362099230892,132.17184173394196,108.06436818914725,111.45821782983892,46.06746342813519,2493662.912249693,-22744.664907245227
C_be0.82_average_ep1.25_gp1.00_lf0.25_life15_dr0.05,0.82,average,409.73270937522005,1.25,1.0,0.25,15,0.05,240.2362099230892,132.17184173394196,108.06436818914725,117.75461587964955,46.06746342813519,2212676.908520843,-22744.664907245227
C_be0.82_average_ep1.25_gp1.00_lf0.25_life15_dr0.07,0.82,average,409.73270937522005,1.25,1.0,0.25,15,0.07,240.2362099230892,132.17184173394196,108.06436818914725,124.656101113953,46.06746342813519,2005687.9052407374,-22744.664907245227
C_be0.82_average_ep1.25_gp1.00_lf0.25_life25_dr0.01,0.82,average,409.73270937522005,1.25,1.0,0.25,25,0.01,240.2362099230892,132.17184173394196,108.06436818914725,82.9420452104231,46.06746342813519,1778487.296610727,-22744.664907245227
C_be0.82_average_ep1.25_gp1.00_lf0.25_life25_dr0.03,0.82,average,409.73270937522005,1.25,1.0,0.25,25,0.03,240.2362099230892,132.17184173394196,108.06436818914725,89.95479198232331,46.06746342813519,1673634.2092184895,-22744.664907245227
C_be0.82_average_ep1.25_gp1.00_lf0.25_life25_dr0.05,0.82,average,409.73270937522005,1.25,1.0,0.25,25,0.05,240.2362099230892,132.17184173394196,108.06436818914725,97.84461566497555,46.06746342813519,1598140.0463759778,-22744.664907245227
C_be0.82_average_ep1.25_gp1.00_lf0.25_life25_dr0.07,0.82,average,409.73270937522005,1.25,1.0,0.25,25,0.07,240.2362099230892,132.17184173394196,108.06436818914725,106.5123464769885,46.06746342813519,1542634.8443580908,-22744.664907245227
C_be0.82_average_ep1.25_gp1.00_lf0.25_life40_dr0.01,0.82,average,409.73270937522005,1.25,1.0,0.25,40,0.01,240.2362099230892,132.17184173394196,108.06436818914725,82.9420452104231,46.06746342813519,1778487.296610727,-22744.664907245227
C_be0.82_average_ep1.25_gp1.00_lf0.25_life40_dr0.03,0.82,average,409.73270937522005,1.25,1.0,0.25,40,0.03,240.2362099230892,132.17184173394196,108.06436818914725,89.95479198232331,46.06746342813519,1673634.2092184895,-22744.664907245227
C_be0.82_average_ep1.25_gp1.00_lf0.25_life40_dr0.05,0.82,average,409.73270937522005,1.25,1.0,0.25,40,0.05,240.2362099230892,132.17184173394196,108.06436818914725,97.84461566497555,46.06746342813519,1598140.0463759778,-22744.664907245227
C_be0.82_average_ep1.25_gp1.00_lf0.25_life40_dr0.07,0.82,average,409.73270937522005,1.25,1.0,0.25,40,0.07,240.2362099230892,132.17184173394196,108.06436818914725,106.5123464769885,46.06746342813519,1542634.8443580908,-22744.664907245227
C_be0.82_average_ep1.25_gp1.00_lf0.50_life15_dr0.01,0.82,average,409.73270937522005,1.25,1.0,0.5,15,0.01,240.2362099230892,132.17184173394196,108.06436818914725,80.55672371738216,46.06746342813519,3326883.0901501672,-43084.83142454887
C_be0.82_average_ep1.25_gp1.00_lf0.50_life15_dr0.03,0.82,average,409.73270937522005,1.25,1.0,0.5,15,0.03,240.2362099230892,132.17184173394196,108.06436818914725,83.40671426307465,46.06746342813519,2847849.2358806897,-43084.83142454887
C_be0.82_average_ep1.25_gp1.00_lf0.50_life15_dr0.05,0.82,average,409.73270937522005,1.25,1.0,0.5,15,0.05,240.2362099230892,132.17184173394196,108.06436818914725,86.55491328797996,46.06746342813519,2499350.0878798403,-43084.83142454887
C_be0.82_average_ep1.25_gp1.00_lf0.50_life15_dr0.07,0.82,average,409.73270937522005,1.25,1.0,0.5,15,0.07,240.2362099230892,132.17184173394196,108.06436818914725,90.00565590513169,46.06746342813519,2242723.727609667,-43084.83142454887
C_be0.82_average_ep1.25_gp1.00_lf0.50_life25_dr0.01,0.82,average,409.73270937522005,1.25,1.0,0.5,25,0.01,240.2362099230892,132.17184173394196,108.06436818914725,69.14862795336674,46.06746342813519,2226441.9507978763,-43084.83142454887
C_be0.82_average_ep1.25_gp1.00_lf0.50_life25_dr0.03,0.82,average,409.73270937522005,1.25,1.0,0.5,25,0.03,240.2362099230892,132.17184173394196,108.06436818914725,72.65500133931684,46.06746342813519,2027820.532849486,-43084.83142454887
C_be0.82_average_ep1.25_gp1.00_lf0.50_life25_dr0.05,0.82,average,409.73270937522005,1.25,1.0,0.5,25,0.05,240.2362099230892,132.17184173394196,108.06436818914725,76.59991318064296,46.06746342813519,1884813.2257349752,-43084.83142454887
C_be0.82_average_ep1.25_gp1.00_lf0.50_life25_dr0.07,0.82,average,409.73270937522005,1.25,1.0,0.5,25,0.07,240.2362099230892,132.17184173394196,108.06436818914725,80.93377858664944,46.06746342813519,1779670.6667270204,-43084.83142454887
C_be0.82_average_ep1.25_gp1.00_lf0.50_life40_dr0.01,0.82,average,409.73270937522005,1.25,1.0,0.5,40,0.01,240.2362099230892,132.17184173394196,108.06436818914725,69.14862795336674,46.06746342813519,2226441.9507978763,-43084.83142454887
C_be0.82_average_ep1.25_gp1.00_lf0.50_life40_dr0.03,0.82,average,409.73270937522005,1.25,1.0,0.5,40,0.03,240.2362099230892,132.17184173394196,108.06436818914725,72.65500133931684,46.06746342813519,2027820.532849486,-43084.83142454887
C_be0.82_average_ep1.25_gp1.00_lf0.50_life40_dr0.05,0.82,average,409.73270937522005,1.25,1.0,0.5,40,0.05,240.2362099230892,132.17184173394196,108.06436818914725,76.59991318064296,46.06746342813519,1884813.2257349752,-43084.83142454887
C_be0.82_average_ep1.25_gp1.00_lf0.50_life40_dr0.07,0.82,average,409.73270937522005,1.25,1.0,0.5,40,0.07,240.2362099230892,132.17184173394196,108.06436818914725,80.93377858664944,46.06746342813519,1779670.6667270204,-43084.83142454887
C_be0.82_average_ep1.25_gp1.00_lf0.75_life15_dr0.01,0.82,average,409.73270937522005,1.25,1.0,0.75,15,0.01,240.2362099230892,132.17184173394196,108.06436818914725,72.15621937702487,46.06746342813519,3774837.744337314,-63424.99794185243
C_be0.82_average_ep1.25_gp1.00_lf0.75_life15_dr0.03,0.82,average,409.73270937522005,1.25,1.0,0.75,15,0.03,240.2362099230892,132.17184173394196,108.06436818914725,74.0562130741532,46.06746342813519,3202035.559511685,-63424.99794185243
C_be0.82_average_ep1.25_gp1.00_lf0.75_life15_dr0.05,0.82,average,409.73270937522005,1.25,1.0,0.75,15,0.05,240.2362099230892,132.17184173394196,108.06436818914725,76.15501242409009,46.06746342813519,2786023.267238836,-63424.99794185243
C_be0.82_average_ep1.25_gp1.00_lf0.75_life15_dr0.07,0.82,average,409.73270937522005,1.25,1.0,0.75,15,0.07,240.2362099230892,132.17184173394196,108.06436818914725,78.45550750219124,46.06746342813519,2479759.549978595,-63424.99794185243
C_be0.82_average_ep1.25_gp1.00_lf0.75_life25_dr0.01,0.82,average,409.73270937522005,1.25,1.0,0.75,25,0.01,240.2362099230892,132.17184173394196,108.06436818914725,64.5508222010146,46.06746342813519,2674396.604985024,-63424.99794185243
C_be0.82_average_ep1.25_gp1.00_lf0.75_life25_dr0.03,0.82,average,409.73270937522005,1.25,1.0,0.75,25,0.03,240.2362099230892,132.17184173394196,108.06436818914725,66.88840445831468,46.06746342813519,2382006.856480482,-63424.99794185243
C_be0.82_average_ep1.25_gp1.00_lf0.75_life25_dr0.05,0.82,average,409.73270937522005,1.25,1.0,0.75,25,0.05,240.2362099230892,132.17184173394196,108.06436818914725,69.51834568586541,46.06746342813519,2171486.4050939707,-63424.99794185243
C_be0.82_average_ep1.25_gp1.00_lf0.75_life25_dr0.07,0.82,average,409.73270937522005,1.25,1.0,0.75,25,0.07,240.2362099230892,132.17184173394196,108.06436818914725,72.40758928986973,46.06746342813519,2016706.4890959486,-63424.99794185243
C_be0.82_average_ep1.25_gp1.00_lf0.75_life40_dr0.01,0.82,average,409.73270937522005,1.25,1.0,0.75,40,0.01,240.2362099230892,132.17184173394196,108.06436818914725,64.5508222010146,46.06746342813519,2674396.604985024,-63424.99794185243
C_be0.82_average_ep1.25_gp1.00_lf0.75_life40_dr0.03,0.82,average,409.73270937522005,1.25,1.0,0.75,40,0.03,240.2362099230892,132.17184173394196,108.06436818914725,66.88840445831468,46.06746342813519,2382006.856480482,-63424.99794185243
C_be0.82_average_ep1.25_gp1.00_lf0.75_life40_dr0.05,0.82,average,409.73270937522005,1.25,1.0,0.75,40,0.05,240.2362099230892,132.17184173394196,108.06436818914725,69.51834568586541,46.06746342813519,2171486.4050939707,-63424.99794185243
C_be0.82_average_ep1.25_gp1.00_lf0.75_life40_dr0.07,0.82,average,409.73270937522005,1.25,1.0,0.75,40,0.07,240.2362099230892,132.17184173394196,108.06436818914725,72.40758928986973,46.06746342813519,2016706.4890959486,-63424.99794185243
C_be0.82_average_ep1.25_gp1.00_lf0.95_life15_dr0.01,0.82,average,409.73270937522005,1.25,1.0,0.95,15,0.01,240.2362099230892,132.17184173394196,108.06436818914725,68.61916491792711,46.06746342813519,4133201.467687035,-79697.13115569536
C_be0.82_average_ep1.25_gp1.00_lf0.95_life15_dr0.03,0.82,average,409.73270937522005,1.25,1.0,0.95,15,0.03,240.2362099230892,132.17184173394196,108.06436818914725,70.11915994197578,46.06746342813519,3485384.6184164817,-79697.13115569536
C_be0.82_average_ep1.25_gp1.00_lf0.95_life15_dr0.05,0.82,average,409.73270937522005,1.25,1.0,0.95,15,0.05,240.2362099230892,132.17184173394196,108.06436818914725,71.7761067971891,46.06746342813519,3015361.8107260345,-79697.13115569536
C_be0.82_average_ep1.25_gp1.00_lf0.95_life15_dr0.07,0.82,average,409.73270937522005,1.25,1.0,0.95,15,0.07,240.2362099230892,132.17184173394196,108.06436818914725,73.59228712200579,46.06746342813519,2669388.2078737384,-79697.13115569536
C_be0.82_average_ep1.25_gp1.00_lf0.95_life25_dr0.01,0.82,average,409.73270937522005,1.25,1.0,0.95,25,0.01,240.2362099230892,132.17184173394196,108.06436818914725,62.61490398949793,46.06746342813519,3032760.328334743,-79697.13115569536
C_be0.82_average_ep1.25_gp1.00_lf0.95_life25_dr0.03,0.82,average,409.73270937522005,1.25,1.0,0.95,25,0.03,240.2362099230892,132.17184173394196,108.06436818914725,64.46036366631378,46.06746342813519,2665355.915385279,-79697.13115569536
C_be0.82_average_ep1.25_gp1.00_lf0.95_life25_dr0.05,0.82,average,409.73270937522005,1.25,1.0,0.95,25,0.05,240.2362099230892,132.17184173394196,108.06436818914725,66.53663305648541,46.06746342813519,2400824.9485811694,-79697.13115569536
C_be0.82_average_ep1.25_gp1.00_lf0.95_life25_dr0.07,0.82,average,409.73270937522005,1.25,1.0,0.95,25,0.07,240.2362099230892,132.17184173394196,108.06436818914725,68.8176148491204,46.06746342813519,2206335.146991092,-79697.13115569536
C_be0.82_average_ep1.25_gp1.00_lf0.95_life40_dr0.01,0.82,average,409.73270937522005,1.25,1.0,0.95,40,0.01,240.2362099230892,132.17184173394196,108.06436818914725,62.61490398949793,46.06746342813519,3032760.328334743,-79697.13115569536
C_be0.82_average_ep1.25_gp1.00_lf0.95_life40_dr0.03,0.82,average,409.73270937522005,1.25,1.0,0.95,40,0.03,240.2362099230892,132.17184173394196,108.06436818914725,64.46036366631378,46.06746342813519,2665355.915385279,-79697.13115569536
C_be0.82_average_ep1.25_gp1.00_lf0.95_life40_dr0.05,0.82,average,409.73270937522005,1.25,1.0,0.95,40,0.05,240.2362099230892,132.17184173394196,108.06436818914725,66.53663305648541,46.06746342813519,2400824.9485811694,-79697.13115569536
C_be0.82_average_ep1.25_gp1.00_lf0.95_life40_dr0.07,0.82,average,409.73270937522005,1.25,1.0,0.95,40,0.07,240.2362099230892,132.17184173394196,108.06436818914725,68.8176148491204,46.06746342813519,2206335.146991092,-79697.13115569536
C_be0.82_average_ep1.25_gp1.25_lf0.25_life15_dr0.01,0.82,average,409.73270937522005,1.25,1.25,0.25,15,0.01,240.2362099230892,132.17184173394196,108.06436818914725,105.75823673845393,57.58432928516899,2323461.8073667604,2477.2713196587865
C_be0.82_average_ep1.25_gp1.25_lf0.25_life15_dr0.03,0.82,average,409.73270937522005,1.25,1.25,0.25,15,0.03,240.2362099230892,132.17184173394196,108.06436818914725,111.45821782983892,57.58432928516899,2054469.611670618,2477.2713196587865
C_be0.82_average_ep1.25_gp1.25_lf0.25_life15_dr0.05,0.82,average,409.73270937522005,1.25,1.25,0.25,15,0.05,240.2362099230892,132.17184173394196,108.06436818914725,117.75461587964955,57.58432928516899,1857200.3374905416,2477.2713196587865
C_be0.82_average_ep1.25_gp1.25_lf0.25_life15_dr0.07,0.82,average,409.73270937522005,1.25,1.25,0.25,15,0.07,240.2362099230892,132.17184173394196,108.06436818914725,124.656101113953,57.58432928516899,1711761.9735039005,2477.2713196587865
C_be0.82_average_ep1.25_gp1.25_lf0.25_life25_dr0.01,0.82,average,409.73270937522005,1.25,1.25,0.25,25,0.01,240.2362099230892,132.17184173394196,108.06436818914725,82.9420452104231,57.58432928516899,1223020.66801447,2477.2713196587865
C_be0.82_average_ep1.25_gp1.25_lf0.25_life25_dr0.03,0.82,average,409.73270937522005,1.25,1.25,0.25,25,0.03,240.2362099230892,132.17184173394196,108.06436818914725,89.95479198232331,57.58432928516899,1234440.9086394142,2477.2713196587865
C_be0.82_average_ep1.25_gp1.25_lf0.25_life25_dr0.05,0.82,average,409.73270937522005,1.25,1.25,0.25,25,0.05,240.2362099230892,132.17184173394196,108.06436818914725,97.84461566497555,57.58432928516899,1242663.4753456765,2477.2713196587865
C_be0.82_average_ep1.25_gp1.25_lf0.25_life25_dr0.07,0.82,average,409.73270937522005,1.25,1.25,0.25,25,0.07,240.2362099230892,132.17184173394196,108.06436818914725,106.5123464769885,57.58432928516899,1248708.9126212539,2477.2713196587865
C_be0.82_average_ep1.25_gp1.25_lf0.25_life40_dr0.01,0.82,average,409.73270937522005,1.25,1.25,0.25,40,0.01,240.2362099230892,132.17184173394196,108.06436818914725,82.9420452104231,57.58432928516899,1223020.66801447,2477.2713196587865
C_be0.82_average_ep1.25_gp1.25_lf0.25_life40_dr0.03,0.82,average,409.73270937522005,1.25,1.25,0.25,40,0.03,240.2362099230892,132.17184173394196,108.06436818914725,89.95479198232331,57.58432928516899,1234440.9086394142,2477.2713196587865
C_be0.82_average_ep1.25_gp1.25_lf0.25_life40_dr0.05,0.82,average,409.73270937522005,1.25,1.25,0.25,40,0.05,240.2362099230892,132.17184173394196,108.06436818914725,97.84461566497555,57.58432928516899,1242663.4753456765,2477.2713196587865
C_be0.82_average_ep1.25_gp1.25_lf0.25_life40_dr0.07,0.82,average,409.73270937522005,1.25,1.25,0.25,40,0.07,240.2362099230892,132.17184173394196,108.06436818914725,106.5123464769885,57.58432928516899,1248708.9126212539,2477.2713196587865
C_be0.82_average_ep1.25_gp1.25_lf0.50_life15_dr0.01,0.82,average,409.73270937522005,1.25,1.25,0.5,15,0.01,240.2362099230892,132.17184173394196,108.06436818914725,80.55672371738216,57.58432928516899,2215949.8329576533,7359.041029259155
C_be0.82_average_ep1.25_gp1.25_lf0.50_life15_dr0.03,0.82,average,409.73270937522005,1.25,1.25,0.5,15,0.03,240.2362099230892,132.17184173394196,108.06436818914725,83.40671426307465,57.58432928516899,1969462.6347225392,7359.041029259155
C_be0.82_average_ep1.25_gp1.25_lf0.50_life15_dr0.05,0.82,average,409.73270937522005,1.25,1.25,0.5,15,0.05,240.2362099230892,132.17184173394196,108.06436818914725,86.55491328797996,57.58432928516899,1788396.9458192377,7359.041029259155
C_be0.82_average_ep1.25_gp1.25_lf0.50_life15_dr0.07,0.82,average,409.73270937522005,1.25,1.25,0.5,15,0.07,240.2362099230892,132.17184173394196,108.06436818914725,90.00565590513169,57.58432928516899,1654871.8641359932,7359.041029259155
C_be0.82_average_ep1.25_gp1.25_lf0.50_life25_dr0.01,0.82,average,409.73270937522005,1.25,1.25,0.5,25,0.01,240.2362099230892,132.17184173394196,108.06436818914725,69.14862795336674,57.58432928516899,1115508.6936053624,7359.041029259155
C_be0.82_average_ep1.25_gp1.25_lf0.50_life25_dr0.03,0.82,average,409.73270937522005,1.25,1.25,0.5,25,0.03,240.2362099230892,132.17184173394196,108.06436818914725,72.65500133931684,57.58432928516899,1149433.9316913355,7359.041029259155
C_be0.82_average_ep1.25_gp1.25_lf0.50_life25_dr0.05,0.82,average,409.73270937522005,1.25,1.25,0.5,25,0.05,240.2362099230892,132.17184173394196,108.06436818914725,76.59991318064296,57.58432928516899,1173860.0836743726,7359.041029259155
C_be0.82_average_ep1.25_gp1.25_lf0.50_life25_dr0.07,0.82,average,409.73270937522005,1.25,1.25,0.5,25,0.07,240.2362099230892,132.17184173394196,108.06436818914725,80.93377858664944,57.58432928516899,1191818.8032533466,7359.041029259155
C_be0.82_average_ep1.25_gp1.25_lf0.50_life40_dr0.01,0.82,average,409.73270937522005,1.25,1.25,0.5,40,0.01,240.2362099230892,132.17184173394196,108.06436818914725,69.14862795336674,57.58432928516899,1115508.6936053624,7359.041029259155
C_be0.82_average_ep1.25_gp1.25_lf0.50_life40_dr0.03,0.82,average,409.73270937522005,1.25,1.25,0.5,40,0.03,240.2362099230892,132.17184173394196,108.06436818914725,72.65500133931684,57.58432928516899,1149433.9316913355,7359.041029259155
C_be0.82_average_ep1.25_gp1.25_lf0.50_life40_dr0.05,0.82,average,409.73270937522005,1.25,1.25,0.5,40,0.05,240.2362099230892,132.17184173394196,108.06436818914725,76.59991318064296,57.58432928516899,1173860.0836743726,7359.041029259155
C_be0.82_average_ep1.25_gp1.25_lf0.50_life40_dr0.07,0.82,average,409.73270937522005,1.25,1.25,0.5,40,0.07,240.2362099230892,132.17184173394196,108.06436818914725,80.93377858664944,57.58432928516899,1191818.8032533466,7359.041029259155
C_be0.82_average_ep1.25_gp1.25_lf0.75_life15_dr0.01,0.82,average,409.73270937522005,1.25,1.25,0.75,15,0.01,240.2362099230892,132.17184173394196,108.06436818914725,72.15621937702487,57.58432928516899,2108437.8585485425,12240.81073885964
C_be0.82_average_ep1.25_gp1.25_lf0.75_life15_dr0.03,0.82,average,409.73270937522005,1.25,1.25,0.75,15,0.03,240.2362099230892,132.17184173394196,108.06436818914725,74.0562130741532,57.58432928516899,1884455.6577744577,12240.81073885964
C_be0.82_average_ep1.25_gp1.25_lf0.75_life15_dr0.05,0.82,average,409.73270937522005,1.25,1.25,0.75,15,0.05,240.2362099230892,132.17184173394196,108.06436818914725,76.15501242409009,57.58432928516899,1719593.5541479317,12240.81073885964
C_be0.82_average_ep1.25_gp1.25_lf0.75_life15_dr0.07,0.82,average,409.73270937522005,1.25,1.25,0.75,15,0.07,240.2362099230892,132.17184173394196,108.06436818914725,78.45550750219124,57.58432928516899,1597981.7547680847,12240.81073885964
C_be0.82_average_ep1.25_gp1.25_lf0.75_life25_dr0.01,0.82,average,409.73270937522005,1.25,1.25,0.75,25,0.01,240.2362099230892,132.17184173394196,108.06436818914725,64.5508222010146,57.58432928516899,1007996.7191962525,12240.81073885964
C_be0.82_average_ep1.25_gp1.25_lf0.75_life25_dr0.03,0.82,average,409.73270937522005,1.25,1.25,0.75,25,0.03,240.2362099230892,132.17184173394196,108.06436818914725,66.88840445831468,57.58432928516899,1064426.954743255,12240.81073885964
C_be0.82_average_ep1.25_gp1.25_lf0.75_life25_dr0.05,0.82,average,409.73270937522005,1.25,1.25,0.75,25,0.05,240.2362099230892,132.17184173394196,108.06436818914725,69.51834568586541,57.58432928516899,1105056.6920030667,12240.81073885964
C_be0.82_average_ep1.25_gp1.25_lf0.75_life25_dr0.07,0.82,average,409.73270937522005,1.25,1.25,0.75,25,0.07,240.2362099230892,132.17184173394196,108.06436818914725,72.40758928986973,57.58432928516899,1134928.6938854381,12240.81073885964
C_be0.82_average_ep1.25_gp1.25_lf0.75_life40_dr0.01,0.82,average,409.73270937522005,1.25,1.25,0.75,40,0.01,240.2362099230892,132.17184173394196,108.06436818914725,64.5508222010146,57.58432928516899,1007996.7191962525,12240.81073885964
C_be0.82_average_ep1.25_gp1.25_lf0.75_life40_dr0.03,0.82,average,409.73270937522005,1.25,1.25,0.75,40,0.03,240.2362099230892,132.17184173394196,108.06436818914725,66.88840445831468,57.58432928516899,1064426.954743255,12240.81073885964
C_be0.82_average_ep1.25_gp1.25_lf0.75_life40_dr0.05,0.82,average,409.73270937522005,1.25,1.25,0.75,40,0.05,240.2362099230892,132.17184173394196,108.06436818914725,69.51834568586541,57.58432928516899,1105056.6920030667,12240.81073885964
C_be0.82_average_ep1.25_gp1.25_lf0.75_life40_dr0.07,0.82,average,409.73270937522005,1.25,1.25,0.75,40,0.07,240.2362099230892,132.17184173394196,108.06436818914725,72.40758928986973,57.58432928516899,1134928.6938854381,12240.81073885964
C_be0.82_average_ep1.25_gp1.25_lf0.95_life15_dr0.01,0.82,average,409.73270937522005,1.25,1.25,0.95,15,0.01,240.2362099230892,132.17184173394196,108.06436818914725,68.61916491792711,57.58432928516899,2022428.2790212594,16146.226506539911
C_be0.82_average_ep1.25_gp1.25_lf0.95_life15_dr0.03,0.82,average,409.73270937522005,1.25,1.25,0.95,15,0.03,240.2362099230892,132.17184173394196,108.06436818914725,70.11915994197578,57.58432928516899,1816450.0762159955,16146.226506539911
C_be0.82_average_ep1.25_gp1.25_lf0.95_life15_dr0.05,0.82,average,409.73270937522005,1.25,1.25,0.95,15,0.05,240.2362099230892,132.17184173394196,108.06436818914725,71.7761067971891,57.58432928516899,1664550.8408108884,16146.226506539911
C_be0.82_average_ep1.25_gp1.25_lf0.95_life15_dr0.07,0.82,average,409.73270937522005,1.25,1.25,0.95,15,0.07,240.2362099230892,132.17184173394196,108.06436818914725,73.59228712200579,57.58432928516899,1552469.667273758,16146.226506539911
C_be0.82_average_ep1.25_gp1.25_lf0.95_life25_dr0.01,0.82,average,409.73270937522005,1.25,1.25,0.95,25,0.01,240.2362099230892,132.17184173394196,108.06436818914725,62.61490398949793,57.58432928516899,921987.1396689676,16146.226506539911
C_be0.82_average_ep1.25_gp1.25_lf0.95_life25_dr0.03,0.82,average,409.73270937522005,1.25,1.25,0.95,25,0.03,240.2362099230892,132.17184173394196,108.06436818914725,64.46036366631378,57.58432928516899,996421.3731847927,16146.226506539911
C_be0.82_average_ep1.25_gp1.25_lf0.95_life25_dr0.05,0.82,average,409.73270937522005,1.25,1.25,0.95,25,0.05,240.2362099230892,132.17184173394196,108.06436818914725,66.53663305648541,57.58432928516899,1050013.9786660234,16146.226506539911
C_be0.82_average_ep1.25_gp1.25_lf0.95_life25_dr0.07,0.82,average,409.73270937522005,1.25,1.25,0.95,25,0.07,240.2362099230892,132.17184173394196,108.06436818914725,68.8176148491204,57.58432928516899,1089416.6063911114,16146.226506539911
C_be0.82_average_ep1.25_gp1.25_lf0.95_life40_dr0.01,0.82,average,409.73270937522005,1.25,1.25,0.95,40,0.01,240.2362099230892,132.17184173394196,108.06436818914725,62.61490398949793,57.58432928516899,921987.1396689676,16146.226506539911
C_be0.82_average_ep1.25_gp1.25_lf0.95_life40_dr0.03,0.82,average,409.73270937522005,1.25,1.25,0.95,40,0.03,240.2362099230892,132.17184173394196,108.06436818914725,64.46036366631378,57.58432928516899,996421.3731847927,16146.226506539911
C_be0.82_average_ep1.25_gp1.25_lf0.95_life40_dr0.05,0.82,average,409.73270937522005,1.25,1.25,0.95,40,0.05,240.2362099230892,132.17184173394196,108.06436818914725,66.53663305648541,57.58432928516899,1050013.9786660234,16146.226506539911
C_be0.82_average_ep1.25_gp1.25_lf0.95_life40_dr0.07,0.82,average,409.73270937522005,1.25,1.25,0.95,40,0.07,240.2362099230892,132.17184173394196,108.06436818914725,68.8176148491204,57.58432928516899,1089416.6063911114,16146.226506539911
C_be0.82_average_plus_grid_loss_ep0.75_gp0.75_lf0.25_life15_dr0.01,0.82,average_plus_grid_loss,427.6959388050314,0.75,0.75,0.25,15,0.01,240.2362099230892,137.96643187259076,102.26977805049845,85.00452925992978,34.55059757110139,2433428.9973085965,-2515.981756181369
C_be0.82_average_plus_grid_loss_ep0.75_gp0.75_lf0.25_life15_dr0.03,0.82,average_plus_grid_loss,427.6959388050314,0.75,0.75,0.25,15,0.03,240.2362099230892,137.96643187259076,102.26977805049845,90.70451035131477,34.55059757110139,2141417.864940151,-2515.981756181369
C_be0.82_average_plus_grid_loss_ep0.75_gp0.75_lf0.25_life15_dr0.05,0.82,average_plus_grid_loss,427.6959388050314,0.75,0.75,0.25,15,0.05,240.2362099230892,137.96643187259076,102.26977805049845,97.0009084011254,34.55059757110139,1927574.9695456652,-2515.981756181369
C_be0.82_average_plus_grid_loss_ep0.75_gp0.75_lf0.25_life15_dr0.07,0.82,average_plus_grid_loss,427.6959388050314,0.75,0.75,0.25,15,0.07,240.2362099230892,137.96643187259076,102.26977805049845,103.90239363542885,34.55059757110139,1769951.2635532748,-2515.981756181369
C_be0.82_average_plus_grid_loss_ep0.75_gp0.75_lf0.25_life25_dr0.01,0.82,average_plus_grid_loss,427.6959388050314,0.75,0.75,0.25,25,0.01,240.2362099230892,137.96643187259076,102.26977805049845,62.18833773189895,34.55059757110139,1332987.8579563056,-2515.981756181369
C_be0.82_average_plus_grid_loss_ep0.75_gp0.75_lf0.25_life25_dr0.03,0.82,average_plus_grid_loss,427.6959388050314,0.75,0.75,0.25,25,0.03,240.2362099230892,137.96643187259076,102.26977805049845,69.20108450379917,34.55059757110139,1321389.1619089474,-2515.981756181369
C_be0.82_average_plus_grid_loss_ep0.75_gp0.75_lf0.25_life25_dr0.05,0.82,average_plus_grid_loss,427.6959388050314,0.75,0.75,0.25,25,0.05,240.2362099230892,137.96643187259076,102.26977805049845,77.0909081864514,34.55059757110139,1313038.1074008,-2515.981756181369
C_be0.82_average_plus_grid_loss_ep0.75_gp0.75_lf0.25_life25_dr0.07,0.82,average_plus_grid_loss,427.6959388050314,0.75,0.75,0.25,25,0.07,240.2362099230892,137.96643187259076,102.26977805049845,85.75863899846435,34.55059757110139,1306898.2026706282,-2515.981756181369
C_be0.82_average_plus_grid_loss_ep0.75_gp0.75_lf0.25_life40_dr0.01,0.82,average_plus_grid_loss,427.6959388050314,0.75,0.75,0.25,40,0.01,240.2362099230892,137.96643187259076,102.26977805049845,62.18833773189895,34.55059757110139,1332987.8579563056,-2515.981756181369
C_be0.82_average_plus_grid_loss_ep0.75_gp0.75_lf0.25_life40_dr0.03,0.82,average_plus_grid_loss,427.6959388050314,0.75,0.75,0.25,40,0.03,240.2362099230892,137.96643187259076,102.26977805049845,69.20108450379917,34.55059757110139,1321389.1619089474,-2515.981756181369
C_be0.82_average_plus_grid_loss_ep0.75_gp0.75_lf0.25_life40_dr0.05,0.82,average_plus_grid_loss,427.6959388050314,0.75,0.75,0.25,40,0.05,240.2362099230892,137.96643187259076,102.26977805049845,77.0909081864514,34.55059757110139,1313038.1074008,-2515.981756181369
C_be0.82_average_plus_grid_loss_ep0.75_gp0.75_lf0.25_life40_dr0.07,0.82,average_plus_grid_loss,427.6959388050314,0.75,0.75,0.25,40,0.07,240.2362099230892,137.96643187259076,102.26977805049845,85.75863899846435,34.55059757110139,1306898.2026706282,-2515.981756181369
C_be0.82_average_plus_grid_loss_ep0.75_gp0.75_lf0.50_life15_dr0.01,0.82,average_plus_grid_loss,427.6959388050314,0.75,0.75,0.5,15,0.01,240.2362099230892,137.96643187259076,102.26977805049845,59.80301623885801,34.55059757110139,2435884.2128413254,-2627.4651224211557
C_be0.82_average_plus_grid_loss_ep0.75_gp0.75_lf0.50_life15_dr0.03,0.82,average_plus_grid_loss,427.6959388050314,0.75,0.75,0.5,15,0.03,240.2362099230892,137.96643187259076,102.26977805049845,62.6530067845505,34.55059757110139,2143359.1412616055,-2627.4651224211557
C_be0.82_average_plus_grid_loss_ep0.75_gp0.75_lf0.50_life15_dr0.05,0.82,average_plus_grid_loss,427.6959388050314,0.75,0.75,0.5,15,0.05,240.2362099230892,137.96643187259076,102.26977805049845,65.80120580945582,34.55059757110139,1929146.2099294849,-2627.4651224211557
C_be0.82_average_plus_grid_loss_ep0.75_gp0.75_lf0.50_life15_dr0.07,0.82,average_plus_grid_loss,427.6959388050314,0.75,0.75,0.5,15,0.07,240.2362099230892,137.96643187259076,102.26977805049845,69.25194842660754,34.55059757110139,1771250.444234742,-2627.4651224211557
C_be0.82_average_plus_grid_loss_ep0.75_gp0.75_lf0.50_life25_dr0.01,0.82,average_plus_grid_loss,427.6959388050314,0.75,0.75,0.5,25,0.01,240.2362099230892,137.96643187259076,102.26977805049845,48.39492047484258,34.55059757110139,1335443.0734890336,-2627.4651224211557
C_be0.82_average_plus_grid_loss_ep0.75_gp0.75_lf0.50_life25_dr0.03,0.82,average_plus_grid_loss,427.6959388050314,0.75,0.75,0.5,25,0.03,240.2362099230892,137.96643187259076,102.26977805049845,51.9012938607927,34.55059757110139,1323330.4382304018,-2627.4651224211557
C_be0.82_average_plus_grid_loss_ep0.75_gp0.75_lf0.50_life25_dr0.05,0.82,average_plus_grid_loss,427.6959388050314,0.75,0.75,0.5,25,0.05,240.2362099230892,137.96643187259076,102.26977805049845,55.84620570211881,34.55059757110139,1314609.3477846198,-2627.4651224211557
C_be0.82_average_plus_grid_loss_ep0.75_gp0.75_lf0.50_life25_dr0.07,0.82,average_plus_grid_loss,427.6959388050314,0.75,0.75,0.5,25,0.07,240.2362099230892,137.96643187259076,102.26977805049845,60.18007110812529,34.55059757110139,1308197.3833520955,-2627.4651224211557
C_be0.82_average_plus_grid_loss_ep0.75_gp0.75_lf0.50_life40_dr0.01,0.82,average_plus_grid_loss,427.6959388050314,0.75,0.75,0.5,40,0.01,240.2362099230892,137.96643187259076,102.26977805049845,48.39492047484258,34.55059757110139,1335443.0734890336,-2627.4651224211557
C_be0.82_average_plus_grid_loss_ep0.75_gp0.75_lf0.50_life40_dr0.03,0.82,average_plus_grid_loss,427.6959388050314,0.75,0.75,0.5,40,0.03,240.2362099230892,137.96643187259076,102.26977805049845,51.9012938607927,34.55059757110139,1323330.4382304018,-2627.4651224211557
C_be0.82_average_plus_grid_loss_ep0.75_gp0.75_lf0.50_life40_dr0.05,0.82,average_plus_grid_loss,427.6959388050314,0.75,0.75,0.5,40,0.05,240.2362099230892,137.96643187259076,102.26977805049845,55.84620570211881,34.55059757110139,1314609.3477846198,-2627.4651224211557
C_be0.82_average_plus_grid_loss_ep0.75_gp0.75_lf0.50_life40_dr0.07,0.82,average_plus_grid_loss,427.6959388050314,0.75,0.75,0.5,40,0.07,240.2362099230892,137.96643187259076,102.26977805049845,60.18007110812529,34.55059757110139,1308197.3833520955,-2627.4651224211557
C_be0.82_average_plus_grid_loss_ep0.75_gp0.75_lf0.75_life15_dr0.01,0.82,average_plus_grid_loss,427.6959388050314,0.75,0.75,0.75,15,0.01,240.2362099230892,137.96643187259076,102.26977805049845,51.40251189850074,34.55059757110139,2438339.428374053,-2738.9484886609134
C_be0.82_average_plus_grid_loss_ep0.75_gp0.75_lf0.75_life15_dr0.03,0.82,average_plus_grid_loss,427.6959388050314,0.75,0.75,0.75,15,0.03,240.2362099230892,137.96643187259076,102.26977805049845,53.30250559562907,34.55059757110139,2145300.417583058,-2738.9484886609134
C_be0.82_average_plus_grid_loss_ep0.75_gp0.75_lf0.75_life15_dr0.05,0.82,average_plus_grid_loss,427.6959388050314,0.75,0.75,0.75,15,0.05,240.2362099230892,137.96643187259076,102.26977805049845,55.401304945565954,34.55059757110139,1930717.450313304,-2738.9484886609134
C_be0.82_average_plus_grid_loss_ep0.75_gp0.75_lf0.75_life15_dr0.07,0.82,average_plus_grid_loss,427.6959388050314,0.75,0.75,0.75,15,0.07,240.2362099230892,137.96643187259076,102.26977805049845,57.7018000236671,34.55059757110139,1772549.624916209,-2738.9484886609134
C_be0.82_average_plus_grid_loss_ep0.75_gp0.75_lf0.75_life25_dr0.01,0.82,average_plus_grid_loss,427.6959388050314,0.75,0.75,0.75,25,0.01,240.2362099230892,137.96643187259076,102.26977805049845,43.79711472249046,34.55059757110139,1337898.289021762,-2738.9484886609134
C_be0.82_average_plus_grid_loss_ep0.75_gp0.75_lf0.75_life25_dr0.03,0.82,average_plus_grid_loss,427.6959388050314,0.75,0.75,0.75,25,0.03,240.2362099230892,137.96643187259076,102.26977805049845,46.13469697979054,34.55059757110139,1325271.7145518553,-2738.9484886609134
C_be0.82_average_plus_grid_loss_ep0.75_gp0.75_lf0.75_life25_dr0.05,0.82,average_plus_grid_loss,427.6959388050314,0.75,0.75,0.75,25,0.05,240.2362099230892,137.96643187259076,102.26977805049845,48.764638207341285,34.55059757110139,1316180.588168439,-2738.9484886609134
C_be0.82_average_plus_grid_loss_ep0.75_gp0.75_lf0.75_life25_dr0.07,0.82,average_plus_grid_loss,427.6959388050314,0.75,0.75,0.75,25,0.07,240.2362099230892,137.96643187259076,102.26977805049845,51.6538818113456,34.55059757110139,1309496.5640335623,-2738.9484886609134
C_be0.82_average_plus_grid_loss_ep0.75_gp0.75_lf0.75_life40_dr0.01,0.82,average_plus_grid_loss,427.6959388050314,0.75,0.75,0.75,40,0.01,240.2362099230892,137.96643187259076,102.26977805049845,43.79711472249046,34.55059757110139,1337898.289021762,-2738.9484886609134
C_be0.82_average_plus_grid_loss_ep0.75_gp0.75_lf0.75_life40_dr0.03,0.82,average_plus_grid_loss,427.6959388050314,0.75,0.75,0.75,40,0.03,240.2362099230892,137.96643187259076,102.26977805049845,46.13469697979054,34.55059757110139,1325271.7145518553,-2738.9484886609134
C_be0.82_average_plus_grid_loss_ep0.75_gp0.75_lf0.75_life40_dr0.05,0.82,average_plus_grid_loss,427.6959388050314,0.75,0.75,0.75,40,0.05,240.2362099230892,137.96643187259076,102.26977805049845,48.764638207341285,34.55059757110139,1316180.588168439,-2738.9484886609134
C_be0.82_average_plus_grid_loss_ep0.75_gp0.75_lf0.75_life40_dr0.07,0.82,average_plus_grid_loss,427.6959388050314,0.75,0.75,0.75,40,0.07,240.2362099230892,137.96643187259076,102.26977805049845,51.6538818113456,34.55059757110139,1309496.5640335623,-2738.9484886609134
C_be0.82_average_plus_grid_loss_ep0.75_gp0.75_lf0.95_life15_dr0.01,0.82,average_plus_grid_loss,427.6959388050314,0.75,0.75,0.95,15,0.01,240.2362099230892,137.96643187259076,102.26977805049845,47.865457439402945,34.55059757110139,2440303.600800233,-2828.135181652673
C_be0.82_average_plus_grid_loss_ep0.75_gp0.75_lf0.95_life15_dr0.03,0.82,average_plus_grid_loss,427.6959388050314,0.75,0.75,0.95,15,0.03,240.2362099230892,137.96643187259076,102.26977805049845,49.36545246345163,34.55059757110139,2146853.438640222,-2828.135181652673
C_be0.82_average_plus_grid_loss_ep0.75_gp0.75_lf0.95_life15_dr0.05,0.82,average_plus_grid_loss,427.6959388050314,0.75,0.75,0.95,15,0.05,240.2362099230892,137.96643187259076,102.26977805049845,51.02239931866496,34.55059757110139,1931974.4426203594,-2828.135181652673
C_be0.82_average_plus_grid_loss_ep0.75_gp0.75_lf0.95_life15_dr0.07,0.82,average_plus_grid_loss,427.6959388050314,0.75,0.75,0.95,15,0.07,240.2362099230892,137.96643187259076,102.26977805049845,52.83857964348165,34.55059757110139,1773588.969461382,-2828.135181652673
C_be0.82_average_plus_grid_loss_ep0.75_gp0.75_lf0.95_life25_dr0.01,0.82,average_plus_grid_loss,427.6959388050314,0.75,0.75,0.95,25,0.01,240.2362099230892,137.96643187259076,102.26977805049845,41.861196510973784,34.55059757110139,1339862.461447943,-2828.135181652673
C_be0.82_average_plus_grid_loss_ep0.75_gp0.75_lf0.95_life25_dr0.03,0.82,average_plus_grid_loss,427.6959388050314,0.75,0.75,0.95,25,0.03,240.2362099230892,137.96643187259076,102.26977805049845,43.70665618778963,34.55059757110139,1326824.7356090182,-2828.135181652673
C_be0.82_average_plus_grid_loss_ep0.75_gp0.75_lf0.95_life25_dr0.05,0.82,average_plus_grid_loss,427.6959388050314,0.75,0.75,0.95,25,0.05,240.2362099230892,137.96643187259076,102.26977805049845,45.78292557796127,34.55059757110139,1317437.5804754943,-2828.135181652673
C_be0.82_average_plus_grid_loss_ep0.75_gp0.75_lf0.95_life25_dr0.07,0.82,average_plus_grid_loss,427.6959388050314,0.75,0.75,0.95,25,0.07,240.2362099230892,137.96643187259076,102.26977805049845,48.063907370596255,34.55059757110139,1310535.9085787353,-2828.135181652673
C_be0.82_average_plus_grid_loss_ep0.75_gp0.75_lf0.95_life40_dr0.01,0.82,average_plus_grid_loss,427.6959388050314,0.75,0.75,0.95,40,0.01,240.2362099230892,137.96643187259076,102.26977805049845,41.861196510973784,34.55059757110139,1339862.461447943,-2828.135181652673
C_be0.82_average_plus_grid_loss_ep0.75_gp0.75_lf0.95_life40_dr0.03,0.82,average_plus_grid_loss,427.6959388050314,0.75,0.75,0.95,40,0.03,240.2362099230892,137.96643187259076,102.26977805049845,43.70665618778963,34.55059757110139,1326824.7356090182,-2828.135181652673
C_be0.82_average_plus_grid_loss_ep0.75_gp0.75_lf0.95_life40_dr0.05,0.82,average_plus_grid_loss,427.6959388050314,0.75,0.75,0.95,40,0.05,240.2362099230892,137.96643187259076,102.26977805049845,45.78292557796127,34.55059757110139,1317437.5804754943,-2828.135181652673
C_be0.82_average_plus_grid_loss_ep0.75_gp0.75_lf0.95_life40_dr0.07,0.82,average_plus_grid_loss,427.6959388050314,0.75,0.75,0.95,40,0.07,240.2362099230892,137.96643187259076,102.26977805049845,48.063907370596255,34.55059757110139,1310535.9085787353,-2828.135181652673
C_be0.82_average_plus_grid_loss_ep0.75_gp1.00_lf0.25_life15_dr0.01,0.82,average_plus_grid_loss,427.6959388050314,0.75,1.0,0.25,15,0.01,240.2362099230892,137.96643187259076,102.26977805049845,85.00452925992978,46.06746342813519,1877962.368712339,22705.95447072266
C_be0.82_average_plus_grid_loss_ep0.75_gp1.00_lf0.25_life15_dr0.03,0.82,average_plus_grid_loss,427.6959388050314,0.75,1.0,0.25,15,0.03,240.2362099230892,137.96643187259076,102.26977805049845,90.70451035131477,46.06746342813519,1702224.5643610754,22705.95447072266
C_be0.82_average_plus_grid_loss_ep0.75_gp1.00_lf0.25_life15_dr0.05,0.82,average_plus_grid_loss,427.6959388050314,0.75,1.0,0.25,15,0.05,240.2362099230892,137.96643187259076,102.26977805049845,97.0009084011254,46.06746342813519,1572098.3985153637,22705.95447072266
C_be0.82_average_plus_grid_loss_ep0.75_gp1.00_lf0.25_life15_dr0.07,0.82,average_plus_grid_loss,427.6959388050314,0.75,1.0,0.25,15,0.07,240.2362099230892,137.96643187259076,102.26977805049845,103.90239363542885,46.06746342813519,1476025.3318164381,22705.95447072266
C_be0.82_average_plus_grid_loss_ep0.75_gp1.00_lf0.25_life25_dr0.01,0.82,average_plus_grid_loss,427.6959388050314,0.75,1.0,0.25,25,0.01,240.2362099230892,137.96643187259076,102.26977805049845,62.18833773189895,46.06746342813519,777521.2293600482,22705.95447072266
C_be0.82_average_plus_grid_loss_ep0.75_gp1.00_lf0.25_life25_dr0.03,0.82,average_plus_grid_loss,427.6959388050314,0.75,1.0,0.25,25,0.03,240.2362099230892,137.96643187259076,102.26977805049845,69.20108450379917,46.06746342813519,882195.8613298717,22705.95447072266
C_be0.82_average_plus_grid_loss_ep0.75_gp1.00_lf0.25_life25_dr0.05,0.82,average_plus_grid_loss,427.6959388050314,0.75,1.0,0.25,25,0.05,240.2362099230892,137.96643187259076,102.26977805049845,77.0909081864514,46.06746342813519,957561.5363704986,22705.95447072266
C_be0.82_average_plus_grid_loss_ep0.75_gp1.00_lf0.25_life25_dr0.07,0.82,average_plus_grid_loss,427.6959388050314,0.75,1.0,0.25,25,0.07,240.2362099230892,137.96643187259076,102.26977805049845,85.75863899846435,46.06746342813519,1012972.2709337915,22705.95447072266
C_be0.82_average_plus_grid_loss_ep0.75_gp1.00_lf0.25_life40_dr0.01,0.82,average_plus_grid_loss,427.6959388050314,0.75,1.0,0.25,40,0.01,240.2362099230892,137.96643187259076,102.26977805049845,62.18833773189895,46.06746342813519,777521.2293600482,22705.95447072266
C_be0.82_average_plus_grid_loss_ep0.75_gp1.00_lf0.25_life40_dr0.03,0.82,average_plus_grid_loss,427.6959388050314,0.75,1.0,0.25,40,0.03,240.2362099230892,137.96643187259076,102.26977805049845,69.20108450379917,46.06746342813519,882195.8613298717,22705.95447072266
C_be0.82_average_plus_grid_loss_ep0.75_gp1.00_lf0.25_life40_dr0.05,0.82,average_plus_grid_loss,427.6959388050314,0.75,1.0,0.25,40,0.05,240.2362099230892,137.96643187259076,102.26977805049845,77.0909081864514,46.06746342813519,957561.5363704986,22705.95447072266
C_be0.82_average_plus_grid_loss_ep0.75_gp1.00_lf0.25_life40_dr0.07,0.82,average_plus_grid_loss,427.6959388050314,0.75,1.0,0.25,40,0.07,240.2362099230892,137.96643187259076,102.26977805049845,85.75863899846435,46.06746342813519,1012972.2709337915,22705.95447072266
C_be0.82_average_plus_grid_loss_ep0.75_gp1.00_lf0.50_life15_dr0.01,0.82,average_plus_grid_loss,427.6959388050314,0.75,1.0,0.5,15,0.01,240.2362099230892,137.96643187259076,102.26977805049845,59.80301623885801,46.06746342813519,1324950.9556488106,47816.4073313869
C_be0.82_average_plus_grid_loss_ep0.75_gp1.00_lf0.50_life15_dr0.03,0.82,average_plus_grid_loss,427.6959388050314,0.75,1.0,0.5,15,0.03,240.2362099230892,137.96643187259076,102.26977805049845,62.6530067845505,46.06746342813519,1264972.5401034541,47816.4073313869
C_be0.82_average_plus_grid_loss_ep0.75_gp1.00_lf0.50_life15_dr0.05,0.82,average_plus_grid_loss,427.6959388050314,0.75,1.0,0.5,15,0.05,240.2362099230892,137.96643187259076,102.26977805049845,65.80120580945582,46.06746342813519,1218193.0678688819,47816.4073313869
C_be0.82_average_plus_grid_loss_ep0.75_gp1.00_lf0.50_life15_dr0.07,0.82,average_plus_grid_loss,427.6959388050314,0.75,1.0,0.5,15,0.07,240.2362099230892,137.96643187259076,102.26977805049845,69.25194842660754,46.06746342813519,1183398.5807610685,47816.4073313869
C_be0.82_average_plus_grid_loss_ep0.75_gp1.00_lf0.50_life25_dr0.01,0.82,average_plus_grid_loss,427.6959388050314,0.75,1.0,0.5,25,0.01,240.2362099230892,137.96643187259076,102.26977805049845,48.39492047484258,46.06746342813519,224509.81629651878,47816.4073313869
C_be0.82_average_plus_grid_loss_ep0.75_gp1.00_lf0.50_life25_dr0.03,0.82,average_plus_grid_loss,427.6959388050314,0.75,1.0,0.5,25,0.03,240.2362099230892,137.96643187259076,102.26977805049845,51.9012938607927,46.06746342813519,444943.83707225043,47816.4073313869
C_be0.82_average_plus_grid_loss_ep0.75_gp1.00_lf0.50_life25_dr0.05,0.82,average_plus_grid_loss,427.6959388050314,0.75,1.0,0.5,25,0.05,240.2362099230892,137.96643187259076,102.26977805049845,55.84620570211881,46.06746342813519,603656.2057240168,47816.4073313869
C_be0.82_average_plus_grid_loss_ep0.75_gp1.00_lf0.50_life25_dr0.07,0.82,average_plus_grid_loss,427.6959388050314,0.75,1.0,0.5,25,0.07,240.2362099230892,137.96643187259076,102.26977805049845,60.18007110812529,46.06746342813519,720345.5198784219,47816.4073313869
C_be0.82_average_plus_grid_loss_ep0.75_gp1.00_lf0.50_life40_dr0.01,0.82,average_plus_grid_loss,427.6959388050314,0.75,1.0,0.5,40,0.01,240.2362099230892,137.96643187259076,102.26977805049845,48.39492047484258,46.06746342813519,224509.81629651878,47816.4073313869
C_be0.82_average_plus_grid_loss_ep0.75_gp1.00_lf0.50_life40_dr0.03,0.82,average_plus_grid_loss,427.6959388050314,0.75,1.0,0.5,40,0.03,240.2362099230892,137.96643187259076,102.26977805049845,51.9012938607927,46.06746342813519,444943.83707225043,47816.4073313869
C_be0.82_average_plus_grid_loss_ep0.75_gp1.00_lf0.50_life40_dr0.05,0.82,average_plus_grid_loss,427.6959388050314,0.75,1.0,0.5,40,0.05,240.2362099230892,137.96643187259076,102.26977805049845,55.84620570211881,46.06746342813519,603656.2057240168,47816.4073313869
C_be0.82_average_plus_grid_loss_ep0.75_gp1.00_lf0.50_life40_dr0.07,0.82,average_plus_grid_loss,427.6959388050314,0.75,1.0,0.5,40,0.07,240.2362099230892,137.96643187259076,102.26977805049845,60.18007110812529,46.06746342813519,720345.5198784219,47816.4073313869
C_be0.82_average_plus_grid_loss_ep0.75_gp1.00_lf0.75_life15_dr0.01,0.82,average_plus_grid_loss,427.6959388050314,0.75,1.0,0.75,15,0.01,240.2362099230892,137.96643187259076,102.26977805049845,51.40251189850074,46.06746342813519,771939.5425852817,72926.86019205116
C_be0.82_average_plus_grid_loss_ep0.75_gp1.00_lf0.75_life15_dr0.03,0.82,average_plus_grid_loss,427.6959388050314,0.75,1.0,0.75,15,0.03,240.2362099230892,137.96643187259076,102.26977805049845,53.30250559562907,46.06746342813519,827720.5158458324,72926.86019205116
C_be0.82_average_plus_grid_loss_ep0.75_gp1.00_lf0.75_life15_dr0.05,0.82,average_plus_grid_loss,427.6959388050314,0.75,1.0,0.75,15,0.05,240.2362099230892,137.96643187259076,102.26977805049845,55.401304945565954,46.06746342813519,864287.7372223996,72926.86019205116
C_be0.82_average_plus_grid_loss_ep0.75_gp1.00_lf0.75_life15_dr0.07,0.82,average_plus_grid_loss,427.6959388050314,0.75,1.0,0.75,15,0.07,240.2362099230892,137.96643187259076,102.26977805049845,57.7018000236671,46.06746342813519,890771.8297056984,72926.86019205116
C_be0.82_average_plus_grid_loss_ep0.75_gp1.00_lf0.75_life25_dr0.01,0.82,average_plus_grid_loss,427.6959388050314,0.75,1.0,0.75,25,0.01,240.2362099230892,137.96643187259076,102.26977805049845,43.79711472249046,46.06746342813519,-328501.59676700924,72926.86019205116
C_be0.82_average_plus_grid_loss_ep0.75_gp1.00_lf0.75_life25_dr0.03,0.82,average_plus_grid_loss,427.6959388050314,0.75,1.0,0.75,25,0.03,240.2362099230892,137.96643187259076,102.26977805049845,46.13469697979054,46.06746342813519,7691.812814629637,72926.86019205116
C_be0.82_average_plus_grid_loss_ep0.75_gp1.00_lf0.75_life25_dr0.05,0.82,average_plus_grid_loss,427.6959388050314,0.75,1.0,0.75,25,0.05,240.2362099230892,137.96643187259076,102.26977805049845,48.764638207341285,46.06746342813519,249750.87507753447,72926.86019205116
C_be0.82_average_plus_grid_loss_ep0.75_gp1.00_lf0.75_life25_dr0.07,0.82,average_plus_grid_loss,427.6959388050314,0.75,1.0,0.75,25,0.07,240.2362099230892,137.96643187259076,102.26977805049845,51.6538818113456,46.06746342813519,427718.7688230518,72926.86019205116
C_be0.82_average_plus_grid_loss_ep0.75_gp1.00_lf0.75_life40_dr0.01,0.82,average_plus_grid_loss,427.6959388050314,0.75,1.0,0.75,40,0.01,240.2362099230892,137.96643187259076,102.26977805049845,43.79711472249046,46.06746342813519,-328501.59676700924,72926.86019205116
C_be0.82_average_plus_grid_loss_ep0.75_gp1.00_lf0.75_life40_dr0.03,0.82,average_plus_grid_loss,427.6959388050314,0.75,1.0,0.75,40,0.03,240.2362099230892,137.96643187259076,102.26977805049845,46.13469697979054,46.06746342813519,7691.812814629637,72926.86019205116
C_be0.82_average_plus_grid_loss_ep0.75_gp1.00_lf0.75_life40_dr0.05,0.82,average_plus_grid_loss,427.6959388050314,0.75,1.0,0.75,40,0.05,240.2362099230892,137.96643187259076,102.26977805049845,48.764638207341285,46.06746342813519,249750.87507753447,72926.86019205116
C_be0.82_average_plus_grid_loss_ep0.75_gp1.00_lf0.75_life40_dr0.07,0.82,average_plus_grid_loss,427.6959388050314,0.75,1.0,0.75,40,0.07,240.2362099230892,137.96643187259076,102.26977805049845,51.6538818113456,46.06746342813519,427718.7688230518,72926.86019205116
C_be0.82_average_plus_grid_loss_ep0.75_gp1.00_lf0.95_life15_dr0.01,0.82,average_plus_grid_loss,427.6959388050314,0.75,1.0,0.95,15,0.01,240.2362099230892,137.96643187259076,102.26977805049845,47.865457439402945,46.06746342813519,329530.4121344555,93015.2224805826
C_be0.82_average_plus_grid_loss_ep0.75_gp1.00_lf0.95_life15_dr0.03,0.82,average_plus_grid_loss,427.6959388050314,0.75,1.0,0.95,15,0.03,240.2362099230892,137.96643187259076,102.26977805049845,49.36545246345163,46.06746342813519,477918.89643973485,93015.2224805826
C_be0.82_average_plus_grid_loss_ep0.75_gp1.00_lf0.95_life15_dr0.05,0.82,average_plus_grid_loss,427.6959388050314,0.75,1.0,0.95,15,0.05,240.2362099230892,137.96643187259076,102.26977805049845,51.02239931866496,46.06746342813519,581163.4727052143,93015.2224805826
C_be0.82_average_plus_grid_loss_ep0.75_gp1.00_lf0.95_life15_dr0.07,0.82,average_plus_grid_loss,427.6959388050314,0.75,1.0,0.95,15,0.07,240.2362099230892,137.96643187259076,102.26977805049845,52.83857964348165,46.06746342813519,656670.428861402,93015.2224805826
C_be0.82_average_plus_grid_loss_ep0.75_gp1.00_lf0.95_life25_dr0.01,0.82,average_plus_grid_loss,427.6959388050314,0.75,1.0,0.95,25,0.01,240.2362099230892,137.96643187259076,102.26977805049845,41.861196510973784,46.06746342813519,-770910.7272178344,93015.2224805826
C_be0.82_average_plus_grid_loss_ep0.75_gp1.00_lf0.95_life25_dr0.03,0.82,average_plus_grid_loss,427.6959388050314,0.75,1.0,0.95,25,0.03,240.2362099230892,137.96643187259076,102.26977805049845,43.70665618778963,46.06746342813519,-342109.80659146886,93015.2224805826
C_be0.82_average_plus_grid_loss_ep0.75_gp1.00_lf0.95_life25_dr0.05,0.82,average_plus_grid_loss,427.6959388050314,0.75,1.0,0.95,25,0.05,240.2362099230892,137.96643187259076,102.26977805049845,45.78292557796127,46.06746342813519,-33373.38943965081,93015.2224805826
C_be0.82_average_plus_grid_loss_ep0.75_gp1.00_lf0.95_life25_dr0.07,0.82,average_plus_grid_loss,427.6959388050314,0.75,1.0,0.95,25,0.07,240.2362099230892,137.96643187259076,102.26977805049845,48.063907370596255,46.06746342813519,193617.36797875538,93015.2224805826
C_be0.82_average_plus_grid_loss_ep0.75_gp1.00_lf0.95_life40_dr0.01,0.82,average_plus_grid_loss,427.6959388050314,0.75,1.0,0.95,40,0.01,240.2362099230892,137.96643187259076,102.26977805049845,41.861196510973784,46.06746342813519,-770910.7272178344,93015.2224805826
C_be0.82_average_plus_grid_loss_ep0.75_gp1.00_lf0.95_life40_dr0.03,0.82,average_plus_grid_loss,427.6959388050314,0.75,1.0,0.95,40,0.03,240.2362099230892,137.96643187259076,102.26977805049845,43.70665618778963,46.06746342813519,-342109.80659146886,93015.2224805826
C_be0.82_average_plus_grid_loss_ep0.75_gp1.00_lf0.95_life40_dr0.05,0.82,average_plus_grid_loss,427.6959388050314,0.75,1.0,0.95,40,0.05,240.2362099230892,137.96643187259076,102.26977805049845,45.78292557796127,46.06746342813519,-33373.38943965081,93015.2224805826
C_be0.82_average_plus_grid_loss_ep0.75_gp1.00_lf0.95_life40_dr0.07,0.82,average_plus_grid_loss,427.6959388050314,0.75,1.0,0.95,40,0.07,240.2362099230892,137.96643187259076,102.26977805049845,48.063907370596255,46.06746342813519,193617.36797875538,93015.2224805826
C_be0.82_average_plus_grid_loss_ep0.75_gp1.25_lf0.25_life15_dr0.01,0.82,average_plus_grid_loss,427.6959388050314,0.75,1.25,0.25,15,0.01,240.2362099230892,137.96643187259076,102.26977805049845,85.00452925992978,57.58432928516899,1322495.7401160821,47927.89069762667
C_be0.82_average_plus_grid_loss_ep0.75_gp1.25_lf0.25_life15_dr0.03,0.82,average_plus_grid_loss,427.6959388050314,0.75,1.25,0.25,15,0.03,240.2362099230892,137.96643187259076,102.26977805049845,90.70451035131477,57.58432928516899,1263031.2637820002,47927.89069762667
C_be0.82_average_plus_grid_loss_ep0.75_gp1.25_lf0.25_life15_dr0.05,0.82,average_plus_grid_loss,427.6959388050314,0.75,1.25,0.25,15,0.05,240.2362099230892,137.96643187259076,102.26977805049845,97.0009084011254,57.58432928516899,1216621.8274850624,47927.89069762667
C_be0.82_average_plus_grid_loss_ep0.75_gp1.25_lf0.25_life15_dr0.07,0.82,average_plus_grid_loss,427.6959388050314,0.75,1.25,0.25,15,0.07,240.2362099230892,137.96643187259076,102.26977805049845,103.90239363542885,57.58432928516899,1182099.4000796012,47927.89069762667
C_be0.82_average_plus_grid_loss_ep0.75_gp1.25_lf0.25_life25_dr0.01,0.82,average_plus_grid_loss,427.6959388050314,0.75,1.25,0.25,25,0.01,240.2362099230892,137.96643187259076,102.26977805049845,62.18833773189895,57.58432928516899,222054.60076379124,47927.89069762667
C_be0.82_average_plus_grid_loss_ep0.75_gp1.25_lf0.25_life25_dr0.03,0.82,average_plus_grid_loss,427.6959388050314,0.75,1.25,0.25,25,0.03,240.2362099230892,137.96643187259076,102.26977805049845,69.20108450379917,57.58432928516899,443002.56075079646,47927.89069762667
C_be0.82_average_plus_grid_loss_ep0.75_gp1.25_lf0.25_life25_dr0.05,0.82,average_plus_grid_loss,427.6959388050314,0.75,1.25,0.25,25,0.05,240.2362099230892,137.96643187259076,102.26977805049845,77.0909081864514,57.58432928516899,602084.9653401973,47927.89069762667
C_be0.82_average_plus_grid_loss_ep0.75_gp1.25_lf0.25_life25_dr0.07,0.82,average_plus_grid_loss,427.6959388050314,0.75,1.25,0.25,25,0.07,240.2362099230892,137.96643187259076,102.26977805049845,85.75863899846435,57.58432928516899,719046.3391969546,47927.89069762667
C_be0.82_average_plus_grid_loss_ep0.75_gp1.25_lf0.25_life40_dr0.01,0.82,average_plus_grid_loss,427.6959388050314,0.75,1.25,0.25,40,0.01,240.2362099230892,137.96643187259076,102.26977805049845,62.18833773189895,57.58432928516899,222054.60076379124,47927.89069762667
C_be0.82_average_plus_grid_loss_ep0.75_gp1.25_lf0.25_life40_dr0.03,0.82,average_plus_grid_loss,427.6959388050314,0.75,1.25,0.25,40,0.03,240.2362099230892,137.96643187259076,102.26977805049845,69.20108450379917,57.58432928516899,443002.56075079646,47927.89069762667
C_be0.82_average_plus_grid_loss_ep0.75_gp1.25_lf0.25_life40_dr0.05,0.82,average_plus_grid_loss,427.6959388050314,0.75,1.25,0.25,40,0.05,240.2362099230892,137.96643187259076,102.26977805049845,77.0909081864514,57.58432928516899,602084.9653401973,47927.89069762667
C_be0.82_average_plus_grid_loss_ep0.75_gp1.25_lf0.25_life40_dr0.07,0.82,average_plus_grid_loss,427.6959388050314,0.75,1.25,0.25,40,0.07,240.2362099230892,137.96643187259076,102.26977805049845,85.75863899846435,57.58432928516899,719046.3391969546,47927.89069762667
C_be0.82_average_plus_grid_loss_ep0.75_gp1.25_lf0.50_life15_dr0.01,0.82,average_plus_grid_loss,427.6959388050314,0.75,1.25,0.5,15,0.01,240.2362099230892,137.96643187259076,102.26977805049845,59.80301623885801,57.58432928516899,214017.6984562967,98260.27978519493
C_be0.82_average_plus_grid_loss_ep0.75_gp1.25_lf0.50_life15_dr0.03,0.82,average_plus_grid_loss,427.6959388050314,0.75,1.25,0.5,15,0.03,240.2362099230892,137.96643187259076,102.26977805049845,62.6530067845505,57.58432928516899,386585.9389453037,98260.27978519493
C_be0.82_average_plus_grid_loss_ep0.75_gp1.25_lf0.50_life15_dr0.05,0.82,average_plus_grid_loss,427.6959388050314,0.75,1.25,0.5,15,0.05,240.2362099230892,137.96643187259076,102.26977805049845,65.80120580945582,57.58432928516899,507239.9258082793,98260.27978519493
C_be0.82_average_plus_grid_loss_ep0.75_gp1.25_lf0.50_life15_dr0.07,0.82,average_plus_grid_loss,427.6959388050314,0.75,1.25,0.5,15,0.07,240.2362099230892,137.96643187259076,102.26977805049845,69.25194842660754,57.58432928516899,595546.7172873947,98260.27978519493
C_be0.82_average_plus_grid_loss_ep0.75_gp1.25_lf0.50_life25_dr0.01,0.82,average_plus_grid_loss,427.6959388050314,0.75,1.25,0.5,25,0.01,240.2362099230892,137.96643187259076,102.26977805049845,48.39492047484258,57.58432928516899,-886423.4408959951,98260.27978519493
C_be0.82_average_plus_grid_loss_ep0.75_gp1.25_lf0.50_life25_dr0.03,0.82,average_plus_grid_loss,427.6959388050314,0.75,1.25,0.5,25,0.03,240.2362099230892,137.96643187259076,102.26977805049845,51.9012938607927,57.58432928516899,-433442.76408590004,98260.27978519493
C_be0.82_average_plus_grid_loss_ep0.75_gp1.25_lf0.50_life25_dr0.05,0.82,average_plus_grid_loss,427.6959388050314,0.75,1.25,0.5,25,0.05,240.2362099230892,137.96643187259076,102.26977805049845,55.84620570211881,57.58432928516899,-107296.93633658579,98260.27978519493
C_be0.82_average_plus_grid_loss_ep0.75_gp1.25_lf0.50_life25_dr0.07,0.82,average_plus_grid_loss,427.6959388050314,0.75,1.25,0.5,25,0.07,240.2362099230892,137.96643187259076,102.26977805049845,60.18007110812529,57.58432928516899,132493.6564047481,98260.27978519493
C_be0.82_average_plus_grid_loss_ep0.75_gp1.25_lf0.50_life40_dr0.01,0.82,average_plus_grid_loss,427.6959388050314,0.75,1.25,0.5,40,0.01,240.2362099230892,137.96643187259076,102.26977805049845,48.39492047484258,57.58432928516899,-886423.4408959951,98260.27978519493
C_be0.82_average_plus_grid_loss_ep0.75_gp1.25_lf0.50_life40_dr0.03,0.82,average_plus_grid_loss,427.6959388050314,0.75,1.25,0.5,40,0.03,240.2362099230892,137.96643187259076,102.26977805049845,51.9012938607927,57.58432928516899,-433442.76408590004,98260.27978519493
C_be0.82_average_plus_grid_loss_ep0.75_gp1.25_lf0.50_life40_dr0.05,0.82,average_plus_grid_loss,427.6959388050314,0.75,1.25,0.5,40,0.05,240.2362099230892,137.96643187259076,102.26977805049845,55.84620570211881,57.58432928516899,-107296.93633658579,98260.27978519493
C_be0.82_average_plus_grid_loss_ep0.75_gp1.25_lf0.50_life40_dr0.07,0.82,average_plus_grid_loss,427.6959388050314,0.75,1.25,0.5,40,0.07,240.2362099230892,137.96643187259076,102.26977805049845,60.18007110812529,57.58432928516899,132493.6564047481,98260.27978519493
C_be0.82_average_plus_grid_loss_ep0.75_gp1.25_lf0.75_life15_dr0.01,0.82,average_plus_grid_loss,427.6959388050314,0.75,1.25,0.75,15,0.01,240.2362099230892,137.96643187259076,102.26977805049845,51.40251189850074,57.58432928516899,-894460.3432034897,148592.66887276323
C_be0.82_average_plus_grid_loss_ep0.75_gp1.25_lf0.75_life15_dr0.03,0.82,average_plus_grid_loss,427.6959388050314,0.75,1.25,0.75,15,0.03,240.2362099230892,137.96643187259076,102.26977805049845,53.30250559562907,57.58432928516899,-489859.3858913947,148592.66887276323
C_be0.82_average_plus_grid_loss_ep0.75_gp1.25_lf0.75_life15_dr0.05,0.82,average_plus_grid_loss,427.6959388050314,0.75,1.25,0.75,15,0.05,240.2362099230892,137.96643187259076,102.26977805049845,55.401304945565954,57.58432928516899,-202141.9758685045,148592.66887276323
C_be0.82_average_plus_grid_loss_ep0.75_gp1.25_lf0.75_life15_dr0.07,0.82,average_plus_grid_loss,427.6959388050314,0.75,1.25,0.75,15,0.07,240.2362099230892,137.96643187259076,102.26977805049845,57.7018000236671,57.58432928516899,8994.034495187923,148592.66887276323
C_be0.82_average_plus_grid_loss_ep0.75_gp1.25_lf0.75_life25_dr0.01,0.82,average_plus_grid_loss,427.6959388050314,0.75,1.25,0.75,25,0.01,240.2362099230892,137.96643187259076,102.26977805049845,43.79711472249046,57.58432928516899,-1994901.4825557806,148592.66887276323
C_be0.82_average_plus_grid_loss_ep0.75_gp1.25_lf0.75_life25_dr0.03,0.82,average_plus_grid_loss,427.6959388050314,0.75,1.25,0.75,25,0.03,240.2362099230892,137.96643187259076,102.26977805049845,46.13469697979054,57.58432928516899,-1309888.0889225975,148592.66887276323
C_be0.82_average_plus_grid_loss_ep0.75_gp1.25_lf0.75_life25_dr0.05,0.82,average_plus_grid_loss,427.6959388050314,0.75,1.25,0.75,25,0.05,240.2362099230892,137.96643187259076,102.26977805049845,48.764638207341285,57.58432928516899,-816678.8380133696,148592.66887276323
C_be0.82_average_plus_grid_loss_ep0.75_gp1.25_lf0.75_life25_dr0.07,0.82,average_plus_grid_loss,427.6959388050314,0.75,1.25,0.75,25,0.07,240.2362099230892,137.96643187259076,102.26977805049845,51.6538818113456,57.58432928516899,-454059.02638745867,148592.66887276323
C_be0.82_average_plus_grid_loss_ep0.75_gp1.25_lf0.75_life40_dr0.01,0.82,average_plus_grid_loss,427.6959388050314,0.75,1.25,0.75,40,0.01,240.2362099230892,137.96643187259076,102.26977805049845,43.79711472249046,57.58432928516899,-1994901.4825557806,148592.66887276323
C_be0.82_average_plus_grid_loss_ep0.75_gp1.25_lf0.75_life40_dr0.03,0.82,average_plus_grid_loss,427.6959388050314,0.75,1.25,0.75,40,0.03,240.2362099230892,137.96643187259076,102.26977805049845,46.13469697979054,57.58432928516899,-1309888.0889225975,148592.66887276323
C_be0.82_average_plus_grid_loss_ep0.75_gp1.25_lf0.75_life40_dr0.05,0.82,average_plus_grid_loss,427.6959388050314,0.75,1.25,0.75,40,0.05,240.2362099230892,137.96643187259076,102.26977805049845,48.764638207341285,57.58432928516899,-816678.8380133696,148592.66887276323
C_be0.82_average_plus_grid_loss_ep0.75_gp1.25_lf0.75_life40_dr0.07,0.82,average_plus_grid_loss,427.6959388050314,0.75,1.25,0.75,40,0.07,240.2362099230892,137.96643187259076,102.26977805049845,51.6538818113456,57.58432928516899,-454059.02638745867,148592.66887276323
C_be0.82_average_plus_grid_loss_ep0.75_gp1.25_lf0.95_life15_dr0.01,0.82,average_plus_grid_loss,427.6959388050314,0.75,1.25,0.95,15,0.01,240.2362099230892,137.96643187259076,102.26977805049845,47.865457439402945,57.58432928516899,-1781242.77653132,188858.58014281787
C_be0.82_average_plus_grid_loss_ep0.75_gp1.25_lf0.95_life15_dr0.03,0.82,average_plus_grid_loss,427.6959388050314,0.75,1.25,0.95,15,0.03,240.2362099230892,137.96643187259076,102.26977805049845,49.36545246345163,57.58432928516899,-1191015.6457607513,188858.58014281787
C_be0.82_average_plus_grid_loss_ep0.75_gp1.25_lf0.95_life15_dr0.05,0.82,average_plus_grid_loss,427.6959388050314,0.75,1.25,0.95,15,0.05,240.2362099230892,137.96643187259076,102.26977805049845,51.02239931866496,57.58432928516899,-769647.4972099317,188858.58014281787
C_be0.82_average_plus_grid_loss_ep0.75_gp1.25_lf0.95_life15_dr0.07,0.82,average_plus_grid_loss,427.6959388050314,0.75,1.25,0.95,15,0.07,240.2362099230892,137.96643187259076,102.26977805049845,52.83857964348165,57.58432928516899,-460248.1117385784,188858.58014281787
C_be0.82_average_plus_grid_loss_ep0.75_gp1.25_lf0.95_life25_dr0.01,0.82,average_plus_grid_loss,427.6959388050314,0.75,1.25,0.95,25,0.01,240.2362099230892,137.96643187259076,102.26977805049845,41.861196510973784,57.58432928516899,-2881683.91588361,188858.58014281787
C_be0.82_average_plus_grid_loss_ep0.75_gp1.25_lf0.95_life25_dr0.03,0.82,average_plus_grid_loss,427.6959388050314,0.75,1.25,0.95,25,0.03,240.2362099230892,137.96643187259076,102.26977805049845,43.70665618778963,57.58432928516899,-2011044.348791955,188858.58014281787
C_be0.82_average_plus_grid_loss_ep0.75_gp1.25_lf0.95_life25_dr0.05,0.82,average_plus_grid_loss,427.6959388050314,0.75,1.25,0.95,25,0.05,240.2362099230892,137.96643187259076,102.26977805049845,45.78292557796127,57.58432928516899,-1384184.3593547968,188858.58014281787
C_be0.82_average_plus_grid_loss_ep0.75_gp1.25_lf0.95_life25_dr0.07,0.82,average_plus_grid_loss,427.6959388050314,0.75,1.25,0.95,25,0.07,240.2362099230892,137.96643187259076,102.26977805049845,48.063907370596255,57.58432928516899,-923301.172621225,188858.58014281787
C_be0.82_average_plus_grid_loss_ep0.75_gp1.25_lf0.95_life40_dr0.01,0.82,average_plus_grid_loss,427.6959388050314,0.75,1.25,0.95,40,0.01,240.2362099230892,137.96643187259076,102.26977805049845,41.861196510973784,57.58432928516899,-2881683.91588361,188858.58014281787
C_be0.82_average_plus_grid_loss_ep0.75_gp1.25_lf0.95_life40_dr0.03,0.82,average_plus_grid_loss,427.6959388050314,0.75,1.25,0.95,40,0.03,240.2362099230892,137.96643187259076,102.26977805049845,43.70665618778963,57.58432928516899,-2011044.348791955,188858.58014281787
C_be0.82_average_plus_grid_loss_ep0.75_gp1.25_lf0.95_life40_dr0.05,0.82,average_plus_grid_loss,427.6959388050314,0.75,1.25,0.95,40,0.05,240.2362099230892,137.96643187259076,102.26977805049845,45.78292557796127,57.58432928516899,-1384184.3593547968,188858.58014281787
C_be0.82_average_plus_grid_loss_ep0.75_gp1.25_lf0.95_life40_dr0.07,0.82,average_plus_grid_loss,427.6959388050314,0.75,1.25,0.95,40,0.07,240.2362099230892,137.96643187259076,102.26977805049845,48.063907370596255,57.58432928516899,-923301.172621225,188858.58014281787
C_be0.82_average_plus_grid_loss_ep1.00_gp0.75_lf0.25_life15_dr0.01,0.82,average_plus_grid_loss,427.6959388050314,1.0,0.75,0.25,15,0.01,240.2362099230892,137.96643187259076,102.26977805049845,95.38138299919186,34.55059757110139,2933912.0309339357,-25241.291445165305
C_be0.82_average_plus_grid_loss_ep1.00_gp0.75_lf0.25_life15_dr0.03,0.82,average_plus_grid_loss,427.6959388050314,1.0,0.75,0.25,15,0.03,240.2362099230892,137.96643187259076,102.26977805049845,101.08136409057683,34.55059757110139,2537137.0388844595,-25241.291445165305
C_be0.82_average_plus_grid_loss_ep1.00_gp0.75_lf0.25_life15_dr0.05,0.82,average_plus_grid_loss,427.6959388050314,1.0,0.75,0.25,15,0.05,240.2362099230892,137.96643187259076,102.26977805049845,107.37776214038749,34.55059757110139,2247864.224548405,-25241.291445165305
C_be0.82_average_plus_grid_loss_ep1.00_gp0.75_lf0.25_life15_dr0.07,0.82,average_plus_grid_loss,427.6959388050314,1.0,0.75,0.25,15,0.07,240.2362099230892,137.96643187259076,102.26977805049845,114.27924737469091,34.55059757110139,2034782.550265424,-25241.291445165305
C_be0.82_average_plus_grid_loss_ep1.00_gp0.75_lf0.25_life25_dr0.01,0.82,average_plus_grid_loss,427.6959388050314,1.0,0.75,0.25,25,0.01,240.2362099230892,137.96643187259076,102.26977805049845,72.56519147116101,34.55059757110139,1833470.8915816448,-25241.291445165305
C_be0.82_average_plus_grid_loss_ep1.00_gp0.75_lf0.25_life25_dr0.03,0.82,average_plus_grid_loss,427.6959388050314,1.0,0.75,0.25,25,0.03,240.2362099230892,137.96643187259076,102.26977805049845,79.57793824306123,34.55059757110139,1717108.3358532558,-25241.291445165305
C_be0.82_average_plus_grid_loss_ep1.00_gp0.75_lf0.25_life25_dr0.05,0.82,average_plus_grid_loss,427.6959388050314,1.0,0.75,0.25,25,0.05,240.2362099230892,137.96643187259076,102.26977805049845,87.46776192571348,34.55059757110139,1633327.36240354,-25241.291445165305
C_be0.82_average_plus_grid_loss_ep1.00_gp0.75_lf0.25_life25_dr0.07,0.82,average_plus_grid_loss,427.6959388050314,1.0,0.75,0.25,25,0.07,240.2362099230892,137.96643187259076,102.26977805049845,96.13549273772642,34.55059757110139,1571729.4893827778,-25241.291445165305
C_be0.82_average_plus_grid_loss_ep1.00_gp0.75_lf0.25_life40_dr0.01,0.82,average_plus_grid_loss,427.6959388050314,1.0,0.75,0.25,40,0.01,240.2362099230892,137.96643187259076,102.26977805049845,72.56519147116101,34.55059757110139,1833470.8915816448,-25241.291445165305
C_be0.82_average_plus_grid_loss_ep1.00_gp0.75_lf0.25_life40_dr0.03,0.82,average_plus_grid_loss,427.6959388050314,1.0,0.75,0.25,40,0.03,240.2362099230892,137.96643187259076,102.26977805049845,79.57793824306123,34.55059757110139,1717108.3358532558,-25241.291445165305
C_be0.82_average_plus_grid_loss_ep1.00_gp0.75_lf0.25_life40_dr0.05,0.82,average_plus_grid_loss,427.6959388050314,1.0,0.75,0.25,40,0.05,240.2362099230892,137.96643187259076,102.26977805049845,87.46776192571348,34.55059757110139,1633327.36240354,-25241.291445165305
C_be0.82_average_plus_grid_loss_ep1.00_gp0.75_lf0.25_life40_dr0.07,0.82,average_plus_grid_loss,427.6959388050314,1.0,0.75,0.25,40,0.07,240.2362099230892,137.96643187259076,102.26977805049845,96.13549273772642,34.55059757110139,1571729.4893827778,-25241.291445165305
C_be0.82_average_plus_grid_loss_ep1.00_gp0.75_lf0.50_life15_dr0.01,0.82,average_plus_grid_loss,427.6959388050314,1.0,0.75,0.5,15,0.01,240.2362099230892,137.96643187259076,102.26977805049845,70.17986997812007,34.55059757110139,3436850.280092003,-48078.08450038903
C_be0.82_average_plus_grid_loss_ep1.00_gp0.75_lf0.50_life15_dr0.03,0.82,average_plus_grid_loss,427.6959388050314,1.0,0.75,0.5,15,0.03,240.2362099230892,137.96643187259076,102.26977805049845,73.02986052381257,34.55059757110139,2934797.4891502233,-48078.08450038903
C_be0.82_average_plus_grid_loss_ep1.00_gp0.75_lf0.50_life15_dr0.05,0.82,average_plus_grid_loss,427.6959388050314,1.0,0.75,0.5,15,0.05,240.2362099230892,137.96643187259076,102.26977805049845,76.1780595487179,34.55059757110139,2569724.7199349646,-48078.08450038903
C_be0.82_average_plus_grid_loss_ep1.00_gp0.75_lf0.50_life15_dr0.07,0.82,average_plus_grid_loss,427.6959388050314,1.0,0.75,0.5,15,0.07,240.2362099230892,137.96643187259076,102.26977805049845,79.6288021658696,34.55059757110139,2300913.01765904,-48078.08450038903
C_be0.82_average_plus_grid_loss_ep1.00_gp0.75_lf0.50_life25_dr0.01,0.82,average_plus_grid_loss,427.6959388050314,1.0,0.75,0.5,25,0.01,240.2362099230892,137.96643187259076,102.26977805049845,58.77177421410465,34.55059757110139,2336409.140739712,-48078.08450038903
C_be0.82_average_plus_grid_loss_ep1.00_gp0.75_lf0.50_life25_dr0.03,0.82,average_plus_grid_loss,427.6959388050314,1.0,0.75,0.5,25,0.03,240.2362099230892,137.96643187259076,102.26977805049845,62.27814760005476,34.55059757110139,2114768.7861190187,-48078.08450038903
C_be0.82_average_plus_grid_loss_ep1.00_gp0.75_lf0.50_life25_dr0.05,0.82,average_plus_grid_loss,427.6959388050314,1.0,0.75,0.5,25,0.05,240.2362099230892,137.96643187259076,102.26977805049845,66.22305944138088,34.55059757110139,1955187.857790099,-48078.08450038903
C_be0.82_average_plus_grid_loss_ep1.00_gp0.75_lf0.50_life25_dr0.07,0.82,average_plus_grid_loss,427.6959388050314,1.0,0.75,0.5,25,0.07,240.2362099230892,137.96643187259076,102.26977805049845,70.55692484738735,34.55059757110139,1837859.9567763943,-48078.08450038903
C_be0.82_average_plus_grid_loss_ep1.00_gp0.75_lf0.50_life40_dr0.01,0.82,average_plus_grid_loss,427.6959388050314,1.0,0.75,0.5,40,0.01,240.2362099230892,137.96643187259076,102.26977805049845,58.77177421410465,34.55059757110139,2336409.140739712,-48078.08450038903
C_be0.82_average_plus_grid_loss_ep1.00_gp0.75_lf0.50_life40_dr0.03,0.82,average_plus_grid_loss,427.6959388050314,1.0,0.75,0.5,40,0.03,240.2362099230892,137.96643187259076,102.26977805049845,62.27814760005476,34.55059757110139,2114768.7861190187,-48078.08450038903
C_be0.82_average_plus_grid_loss_ep1.00_gp0.75_lf0.50_life40_dr0.05,0.82,average_plus_grid_loss,427.6959388050314,1.0,0.75,0.5,40,0.05,240.2362099230892,137.96643187259076,102.26977805049845,66.22305944138088,34.55059757110139,1955187.857790099,-48078.08450038903
C_be0.82_average_plus_grid_loss_ep1.00_gp0.75_lf0.50_life40_dr0.07,0.82,average_plus_grid_loss,427.6959388050314,1.0,0.75,0.5,40,0.07,240.2362099230892,137.96643187259076,102.26977805049845,70.55692484738735,34.55059757110139,1837859.9567763943,-48078.08450038903
C_be0.82_average_plus_grid_loss_ep1.00_gp0.75_lf0.75_life15_dr0.01,0.82,average_plus_grid_loss,427.6959388050314,1.0,0.75,0.75,15,0.01,240.2362099230892,137.96643187259076,102.26977805049845,61.779365637762815,34.55059757110139,3939788.5292500705,-70914.87755561271
C_be0.82_average_plus_grid_loss_ep1.00_gp0.75_lf0.75_life15_dr0.03,0.82,average_plus_grid_loss,427.6959388050314,1.0,0.75,0.75,15,0.03,240.2362099230892,137.96643187259076,102.26977805049845,63.679359334891146,34.55059757110139,3332457.9394159853,-70914.87755561271
C_be0.82_average_plus_grid_loss_ep1.00_gp0.75_lf0.75_life15_dr0.05,0.82,average_plus_grid_loss,427.6959388050314,1.0,0.75,0.75,15,0.05,240.2362099230892,137.96643187259076,102.26977805049845,65.77815868482803,34.55059757110139,2891585.2153215227,-70914.87755561271
C_be0.82_average_plus_grid_loss_ep1.00_gp0.75_lf0.75_life15_dr0.07,0.82,average_plus_grid_loss,427.6959388050314,1.0,0.75,0.75,15,0.07,240.2362099230892,137.96643187259076,102.26977805049845,68.07865376292916,34.55059757110139,2567043.4850526573,-70914.87755561271
C_be0.82_average_plus_grid_loss_ep1.00_gp0.75_lf0.75_life25_dr0.01,0.82,average_plus_grid_loss,427.6959388050314,1.0,0.75,0.75,25,0.01,240.2362099230892,137.96643187259076,102.26977805049845,54.17396846175253,34.55059757110139,2839347.3898977786,-70914.87755561271
C_be0.82_average_plus_grid_loss_ep1.00_gp0.75_lf0.75_life25_dr0.03,0.82,average_plus_grid_loss,427.6959388050314,1.0,0.75,0.75,25,0.03,240.2362099230892,137.96643187259076,102.26977805049845,56.511550719052615,34.55059757110139,2512429.2363847815,-70914.87755561271
C_be0.82_average_plus_grid_loss_ep1.00_gp0.75_lf0.75_life25_dr0.05,0.82,average_plus_grid_loss,427.6959388050314,1.0,0.75,0.75,25,0.05,240.2362099230892,137.96643187259076,102.26977805049845,59.14149194660335,34.55059757110139,2277048.3531766576,-70914.87755561271
C_be0.82_average_plus_grid_loss_ep1.00_gp0.75_lf0.75_life25_dr0.07,0.82,average_plus_grid_loss,427.6959388050314,1.0,0.75,0.75,25,0.07,240.2362099230892,137.96643187259076,102.26977805049845,62.030735550607666,34.55059757110139,2103990.4241700107,-70914.87755561271
C_be0.82_average_plus_grid_loss_ep1.00_gp0.75_lf0.75_life40_dr0.01,0.82,average_plus_grid_loss,427.6959388050314,1.0,0.75,0.75,40,0.01,240.2362099230892,137.96643187259076,102.26977805049845,54.17396846175253,34.55059757110139,2839347.3898977786,-70914.87755561271
C_be0.82_average_plus_grid_loss_ep1.00_gp0.75_lf0.75_life40_dr0.03,0.82,average_plus_grid_loss,427.6959388050314,1.0,0.75,0.75,40,0.03,240.2362099230892,137.96643187259076,102.26977805049845,56.511550719052615,34.55059757110139,2512429.2363847815,-70914.87755561271
C_be0.82_average_plus_grid_loss_ep1.00_gp0.75_lf0.75_life40_dr0.05,0.82,average_plus_grid_loss,427.6959388050314,1.0,0.75,0.75,40,0.05,240.2362099230892,137.96643187259076,102.26977805049845,59.14149194660335,34.55059757110139,2277048.3531766576,-70914.87755561271
C_be0.82_average_plus_grid_loss_ep1.00_gp0.75_lf0.75_life40_dr0.07,0.82,average_plus_grid_loss,427.6959388050314,1.0,0.75,0.75,40,0.07,240.2362099230892,137.96643187259076,102.26977805049845,62.030735550607666,34.55059757110139,2103990.4241700107,-70914.87755561271
C_be0.82_average_plus_grid_loss_ep1.00_gp0.75_lf0.95_life15_dr0.01,0.82,average_plus_grid_loss,427.6959388050314,1.0,0.75,0.95,15,0.01,240.2362099230892,137.96643187259076,102.26977805049845,58.24231117866503,34.55059757110139,4342139.128576523,-89184.31199979165
C_be0.82_average_plus_grid_loss_ep1.00_gp0.75_lf0.95_life15_dr0.03,0.82,average_plus_grid_loss,427.6959388050314,1.0,0.75,0.95,15,0.03,240.2362099230892,137.96643187259076,102.26977805049845,59.742306202713706,34.55059757110139,3650586.299628596,-89184.31199979165
C_be0.82_average_plus_grid_loss_ep1.00_gp0.75_lf0.95_life15_dr0.05,0.82,average_plus_grid_loss,427.6959388050314,1.0,0.75,0.95,15,0.05,240.2362099230892,137.96643187259076,102.26977805049845,61.39925305792703,34.55059757110139,3149073.6116307694,-89184.31199979165
C_be0.82_average_plus_grid_loss_ep1.00_gp0.75_lf0.95_life15_dr0.07,0.82,average_plus_grid_loss,427.6959388050314,1.0,0.75,0.95,15,0.07,240.2362099230892,137.96643187259076,102.26977805049845,63.215433382743726,34.55059757110139,2779947.8589675506,-89184.31199979165
C_be0.82_average_plus_grid_loss_ep1.00_gp0.75_lf0.95_life25_dr0.01,0.82,average_plus_grid_loss,427.6959388050314,1.0,0.75,0.95,25,0.01,240.2362099230892,137.96643187259076,102.26977805049845,52.23805025023585,34.55059757110139,3241697.989224231,-89184.31199979165
C_be0.82_average_plus_grid_loss_ep1.00_gp0.75_lf0.95_life25_dr0.03,0.82,average_plus_grid_loss,427.6959388050314,1.0,0.75,0.95,25,0.03,240.2362099230892,137.96643187259076,102.26977805049845,54.08350992705171,34.55059757110139,2830557.596597392,-89184.31199979165
C_be0.82_average_plus_grid_loss_ep1.00_gp0.75_lf0.95_life25_dr0.05,0.82,average_plus_grid_loss,427.6959388050314,1.0,0.75,0.95,25,0.05,240.2362099230892,137.96643187259076,102.26977805049845,56.15977931722334,34.55059757110139,2534536.7494859044,-89184.31199979165
C_be0.82_average_plus_grid_loss_ep1.00_gp0.75_lf0.95_life25_dr0.07,0.82,average_plus_grid_loss,427.6959388050314,1.0,0.75,0.95,25,0.07,240.2362099230892,137.96643187259076,102.26977805049845,58.44076110985833,34.55059757110139,2316894.798084904,-89184.31199979165
C_be0.82_average_plus_grid_loss_ep1.00_gp0.75_lf0.95_life40_dr0.01,0.82,average_plus_grid_loss,427.6959388050314,1.0,0.75,0.95,40,0.01,240.2362099230892,137.96643187259076,102.26977805049845,52.23805025023585,34.55059757110139,3241697.989224231,-89184.31199979165
C_be0.82_average_plus_grid_loss_ep1.00_gp0.75_lf0.95_life40_dr0.03,0.82,average_plus_grid_loss,427.6959388050314,1.0,0.75,0.95,40,0.03,240.2362099230892,137.96643187259076,102.26977805049845,54.08350992705171,34.55059757110139,2830557.596597392,-89184.31199979165
C_be0.82_average_plus_grid_loss_ep1.00_gp0.75_lf0.95_life40_dr0.05,0.82,average_plus_grid_loss,427.6959388050314,1.0,0.75,0.95,40,0.05,240.2362099230892,137.96643187259076,102.26977805049845,56.15977931722334,34.55059757110139,2534536.7494859044,-89184.31199979165
C_be0.82_average_plus_grid_loss_ep1.00_gp0.75_lf0.95_life40_dr0.07,0.82,average_plus_grid_loss,427.6959388050314,1.0,0.75,0.95,40,0.07,240.2362099230892,137.96643187259076,102.26977805049845,58.44076110985833,34.55059757110139,2316894.798084904,-89184.31199979165
C_be0.82_average_plus_grid_loss_ep1.00_gp1.00_lf0.25_life15_dr0.01,0.82,average_plus_grid_loss,427.6959388050314,1.0,1.0,0.25,15,0.01,240.2362099230892,137.96643187259076,102.26977805049845,95.38138299919186,46.06746342813519,2378445.4023376782,-19.355218261276605
C_be0.82_average_plus_grid_loss_ep1.00_gp1.00_lf0.25_life15_dr0.03,0.82,average_plus_grid_loss,427.6959388050314,1.0,1.0,0.25,15,0.03,240.2362099230892,137.96643187259076,102.26977805049845,101.08136409057683,46.06746342813519,2097943.738305384,-19.355218261276605
C_be0.82_average_plus_grid_loss_ep1.00_gp1.00_lf0.25_life15_dr0.05,0.82,average_plus_grid_loss,427.6959388050314,1.0,1.0,0.25,15,0.05,240.2362099230892,137.96643187259076,102.26977805049845,107.37776214038749,46.06746342813519,1892387.6535181035,-19.355218261276605
C_be0.82_average_plus_grid_loss_ep1.00_gp1.00_lf0.25_life15_dr0.07,0.82,average_plus_grid_loss,427.6959388050314,1.0,1.0,0.25,15,0.07,240.2362099230892,137.96643187259076,102.26977805049845,114.27924737469091,46.06746342813519,1740856.6185285873,-19.355218261276605
C_be0.82_average_plus_grid_loss_ep1.00_gp1.00_lf0.25_life25_dr0.01,0.82,average_plus_grid_loss,427.6959388050314,1.0,1.0,0.25,25,0.01,240.2362099230892,137.96643187259076,102.26977805049845,72.56519147116101,46.06746342813519,1278004.2629853874,-19.355218261276605
C_be0.82_average_plus_grid_loss_ep1.00_gp1.00_lf0.25_life25_dr0.03,0.82,average_plus_grid_loss,427.6959388050314,1.0,1.0,0.25,25,0.03,240.2362099230892,137.96643187259076,102.26977805049845,79.57793824306123,46.06746342813519,1277915.0352741801,-19.355218261276605
C_be0.82_average_plus_grid_loss_ep1.00_gp1.00_lf0.25_life25_dr0.05,0.82,average_plus_grid_loss,427.6959388050314,1.0,1.0,0.25,25,0.05,240.2362099230892,137.96643187259076,102.26977805049845,87.46776192571348,46.06746342813519,1277850.7913732384,-19.355218261276605
C_be0.82_average_plus_grid_loss_ep1.00_gp1.00_lf0.25_life25_dr0.07,0.82,average_plus_grid_loss,427.6959388050314,1.0,1.0,0.25,25,0.07,240.2362099230892,137.96643187259076,102.26977805049845,96.13549273772642,46.06746342813519,1277803.5576459412,-19.355218261276605
C_be0.82_average_plus_grid_loss_ep1.00_gp1.00_lf0.25_life40_dr0.01,0.82,average_plus_grid_loss,427.6959388050314,1.0,1.0,0.25,40,0.01,240.2362099230892,137.96643187259076,102.26977805049845,72.56519147116101,46.06746342813519,1278004.2629853874,-19.355218261276605
C_be0.82_average_plus_grid_loss_ep1.00_gp1.00_lf0.25_life40_dr0.03,0.82,average_plus_grid_loss,427.6959388050314,1.0,1.0,0.25,40,0.03,240.2362099230892,137.96643187259076,102.26977805049845,79.57793824306123,46.06746342813519,1277915.0352741801,-19.355218261276605
C_be0.82_average_plus_grid_loss_ep1.00_gp1.00_lf0.25_life40_dr0.05,0.82,average_plus_grid_loss,427.6959388050314,1.0,1.0,0.25,40,0.05,240.2362099230892,137.96643187259076,102.26977805049845,87.46776192571348,46.06746342813519,1277850.7913732384,-19.355218261276605
C_be0.82_average_plus_grid_loss_ep1.00_gp1.00_lf0.25_life40_dr0.07,0.82,average_plus_grid_loss,427.6959388050314,1.0,1.0,0.25,40,0.07,240.2362099230892,137.96643187259076,102.26977805049845,96.13549273772642,46.06746342813519,1277803.5576459412,-19.355218261276605
C_be0.82_average_plus_grid_loss_ep1.00_gp1.00_lf0.50_life15_dr0.01,0.82,average_plus_grid_loss,427.6959388050314,1.0,1.0,0.5,15,0.01,240.2362099230892,137.96643187259076,102.26977805049845,70.17986997812007,46.06746342813519,2325917.022899488,2365.787953419029
C_be0.82_average_plus_grid_loss_ep1.00_gp1.00_lf0.50_life15_dr0.03,0.82,average_plus_grid_loss,427.6959388050314,1.0,1.0,0.5,15,0.03,240.2362099230892,137.96643187259076,102.26977805049845,73.02986052381257,46.06746342813519,2056410.887992072,2365.787953419029
C_be0.82_average_plus_grid_loss_ep1.00_gp1.00_lf0.50_life15_dr0.05,0.82,average_plus_grid_loss,427.6959388050314,1.0,1.0,0.5,15,0.05,240.2362099230892,137.96643187259076,102.26977805049845,76.1780595487179,46.06746342813519,1858771.5778743615,2365.787953419029
C_be0.82_average_plus_grid_loss_ep1.00_gp1.00_lf0.50_life15_dr0.07,0.82,average_plus_grid_loss,427.6959388050314,1.0,1.0,0.5,15,0.07,240.2362099230892,137.96643187259076,102.26977805049845,79.6288021658696,46.06746342813519,1713061.1541853668,2365.787953419029
C_be0.82_average_plus_grid_loss_ep1.00_gp1.00_lf0.50_life25_dr0.01,0.82,average_plus_grid_loss,427.6959388050314,1.0,1.0,0.5,25,0.01,240.2362099230892,137.96643187259076,102.26977805049845,58.77177421410465,46.06746342813519,1225475.883547197,2365.787953419029
C_be0.82_average_plus_grid_loss_ep1.00_gp1.00_lf0.50_life25_dr0.03,0.82,average_plus_grid_loss,427.6959388050314,1.0,1.0,0.5,25,0.03,240.2362099230892,137.96643187259076,102.26977805049845,62.27814760005476,46.06746342813519,1236382.1849608673,2365.787953419029
C_be0.82_average_plus_grid_loss_ep1.00_gp1.00_lf0.50_life25_dr0.05,0.82,average_plus_grid_loss,427.6959388050314,1.0,1.0,0.5,25,0.05,240.2362099230892,137.96643187259076,102.26977805049845,66.22305944138088,46.06746342813519,1244234.715729496,2365.787953419029
C_be0.82_average_plus_grid_loss_ep1.00_gp1.00_lf0.50_life25_dr0.07,0.82,average_plus_grid_loss,427.6959388050314,1.0,1.0,0.5,25,0.07,240.2362099230892,137.96643187259076,102.26977805049845,70.55692484738735,46.06746342813519,1250008.0933027207,2365.787953419029
C_be0.82_average_plus_grid_loss_ep1.00_gp1.00_lf0.50_life40_dr0.01,0.82,average_plus_grid_loss,427.6959388050314,1.0,1.0,0.5,40,0.01,240.2362099230892,137.96643187259076,102.26977805049845,58.77177421410465,46.06746342813519,1225475.883547197,2365.787953419029
C_be0.82_average_plus_grid_loss_ep1.00_gp1.00_lf0.50_life40_dr0.03,0.82,average_plus_grid_loss,427.6959388050314,1.0,1.0,0.5,40,0.03,240.2362099230892,137.96643187259076,102.26977805049845,62.27814760005476,46.06746342813519,1236382.1849608673,2365.787953419029
C_be0.82_average_plus_grid_loss_ep1.00_gp1.00_lf0.50_life40_dr0.05,0.82,average_plus_grid_loss,427.6959388050314,1.0,1.0,0.5,40,0.05,240.2362099230892,137.96643187259076,102.26977805049845,66.22305944138088,46.06746342813519,1244234.715729496,2365.787953419029
C_be0.82_average_plus_grid_loss_ep1.00_gp1.00_lf0.50_life40_dr0.07,0.82,average_plus_grid_loss,427.6959388050314,1.0,1.0,0.5,40,0.07,240.2362099230892,137.96643187259076,102.26977805049845,70.55692484738735,46.06746342813519,1250008.0933027207,2365.787953419029
C_be0.82_average_plus_grid_loss_ep1.00_gp1.00_lf0.75_life15_dr0.01,0.82,average_plus_grid_loss,427.6959388050314,1.0,1.0,0.75,15,0.01,240.2362099230892,137.96643187259076,102.26977805049845,61.779365637762815,46.06746342813519,2273388.643461299,4750.931125099363
C_be0.82_average_plus_grid_loss_ep1.00_gp1.00_lf0.75_life15_dr0.03,0.82,average_plus_grid_loss,427.6959388050314,1.0,1.0,0.75,15,0.03,240.2362099230892,137.96643187259076,102.26977805049845,63.679359334891146,46.06746342813519,2014878.0376787595,4750.931125099363
C_be0.82_average_plus_grid_loss_ep1.00_gp1.00_lf0.75_life15_dr0.05,0.82,average_plus_grid_loss,427.6959388050314,1.0,1.0,0.75,15,0.05,240.2362099230892,137.96643187259076,102.26977805049845,65.77815868482803,46.06746342813519,1825155.5022306181,4750.931125099363
C_be0.82_average_plus_grid_loss_ep1.00_gp1.00_lf0.75_life15_dr0.07,0.82,average_plus_grid_loss,427.6959388050314,1.0,1.0,0.75,15,0.07,240.2362099230892,137.96643187259076,102.26977805049845,68.07865376292916,46.06746342813519,1685265.6898421468,4750.931125099363
C_be0.82_average_plus_grid_loss_ep1.00_gp1.00_lf0.75_life25_dr0.01,0.82,average_plus_grid_loss,427.6959388050314,1.0,1.0,0.75,25,0.01,240.2362099230892,137.96643187259076,102.26977805049845,54.17396846175253,46.06746342813519,1172947.5041090073,4750.931125099363
C_be0.82_average_plus_grid_loss_ep1.00_gp1.00_lf0.75_life25_dr0.03,0.82,average_plus_grid_loss,427.6959388050314,1.0,1.0,0.75,25,0.03,240.2362099230892,137.96643187259076,102.26977805049845,56.511550719052615,46.06746342813519,1194849.3346475558,4750.931125099363
C_be0.82_average_plus_grid_loss_ep1.00_gp1.00_lf0.75_life25_dr0.05,0.82,average_plus_grid_loss,427.6959388050314,1.0,1.0,0.75,25,0.05,240.2362099230892,137.96643187259076,102.26977805049845,59.14149194660335,46.06746342813519,1210618.640085753,4750.931125099363
C_be0.82_average_plus_grid_loss_ep1.00_gp1.00_lf0.75_life25_dr0.07,0.82,average_plus_grid_loss,427.6959388050314,1.0,1.0,0.75,25,0.07,240.2362099230892,137.96643187259076,102.26977805049845,62.030735550607666,46.06746342813519,1222212.6289595002,4750.931125099363
C_be0.82_average_plus_grid_loss_ep1.00_gp1.00_lf0.75_life40_dr0.01,0.82,average_plus_grid_loss,427.6959388050314,1.0,1.0,0.75,40,0.01,240.2362099230892,137.96643187259076,102.26977805049845,54.17396846175253,46.06746342813519,1172947.5041090073,4750.931125099363
C_be0.82_average_plus_grid_loss_ep1.00_gp1.00_lf0.75_life40_dr0.03,0.82,average_plus_grid_loss,427.6959388050314,1.0,1.0,0.75,40,0.03,240.2362099230892,137.96643187259076,102.26977805049845,56.511550719052615,46.06746342813519,1194849.3346475558,4750.931125099363
C_be0.82_average_plus_grid_loss_ep1.00_gp1.00_lf0.75_life40_dr0.05,0.82,average_plus_grid_loss,427.6959388050314,1.0,1.0,0.75,40,0.05,240.2362099230892,137.96643187259076,102.26977805049845,59.14149194660335,46.06746342813519,1210618.640085753,4750.931125099363
C_be0.82_average_plus_grid_loss_ep1.00_gp1.00_lf0.75_life40_dr0.07,0.82,average_plus_grid_loss,427.6959388050314,1.0,1.0,0.75,40,0.07,240.2362099230892,137.96643187259076,102.26977805049845,62.030735550607666,46.06746342813519,1222212.6289595002,4750.931125099363
C_be0.82_average_plus_grid_loss_ep1.00_gp1.00_lf0.95_life15_dr0.01,0.82,average_plus_grid_loss,427.6959388050314,1.0,1.0,0.95,15,0.01,240.2362099230892,137.96643187259076,102.26977805049845,58.24231117866503,46.06746342813519,2231365.9399107452,6659.045662443619
C_be0.82_average_plus_grid_loss_ep1.00_gp1.00_lf0.95_life15_dr0.03,0.82,average_plus_grid_loss,427.6959388050314,1.0,1.0,0.95,15,0.03,240.2362099230892,137.96643187259076,102.26977805049845,59.742306202713706,46.06746342813519,1981651.7574281087,6659.045662443619
C_be0.82_average_plus_grid_loss_ep1.00_gp1.00_lf0.95_life15_dr0.05,0.82,average_plus_grid_loss,427.6959388050314,1.0,1.0,0.95,15,0.05,240.2362099230892,137.96643187259076,102.26977805049845,61.39925305792703,46.06746342813519,1798262.6417156244,6659.045662443619
C_be0.82_average_plus_grid_loss_ep1.00_gp1.00_lf0.95_life15_dr0.07,0.82,average_plus_grid_loss,427.6959388050314,1.0,1.0,0.95,15,0.07,240.2362099230892,137.96643187259076,102.26977805049845,63.215433382743726,46.06746342813519,1663029.3183675706,6659.045662443619
C_be0.82_average_plus_grid_loss_ep1.00_gp1.00_lf0.95_life25_dr0.01,0.82,average_plus_grid_loss,427.6959388050314,1.0,1.0,0.95,25,0.01,240.2362099230892,137.96643187259076,102.26977805049845,52.23805025023585,46.06746342813519,1130924.8005584534,6659.045662443619
C_be0.82_average_plus_grid_loss_ep1.00_gp1.00_lf0.95_life25_dr0.03,0.82,average_plus_grid_loss,427.6959388050314,1.0,1.0,0.95,25,0.03,240.2362099230892,137.96643187259076,102.26977805049845,54.08350992705171,46.06746342813519,1161623.054396905,6659.045662443619
C_be0.82_average_plus_grid_loss_ep1.00_gp1.00_lf0.95_life25_dr0.05,0.82,average_plus_grid_loss,427.6959388050314,1.0,1.0,0.95,25,0.05,240.2362099230892,137.96643187259076,102.26977805049845,56.15977931722334,46.06746342813519,1183725.7795707593,6659.045662443619
C_be0.82_average_plus_grid_loss_ep1.00_gp1.00_lf0.95_life25_dr0.07,0.82,average_plus_grid_loss,427.6959388050314,1.0,1.0,0.95,25,0.07,240.2362099230892,137.96643187259076,102.26977805049845,58.44076110985833,46.06746342813519,1199976.257484924,6659.045662443619
C_be0.82_average_plus_grid_loss_ep1.00_gp1.00_lf0.95_life40_dr0.01,0.82,average_plus_grid_loss,427.6959388050314,1.0,1.0,0.95,40,0.01,240.2362099230892,137.96643187259076,102.26977805049845,52.23805025023585,46.06746342813519,1130924.8005584534,6659.045662443619
C_be0.82_average_plus_grid_loss_ep1.00_gp1.00_lf0.95_life40_dr0.03,0.82,average_plus_grid_loss,427.6959388050314,1.0,1.0,0.95,40,0.03,240.2362099230892,137.96643187259076,102.26977805049845,54.08350992705171,46.06746342813519,1161623.054396905,6659.045662443619
C_be0.82_average_plus_grid_loss_ep1.00_gp1.00_lf0.95_life40_dr0.05,0.82,average_plus_grid_loss,427.6959388050314,1.0,1.0,0.95,40,0.05,240.2362099230892,137.96643187259076,102.26977805049845,56.15977931722334,46.06746342813519,1183725.7795707593,6659.045662443619
C_be0.82_average_plus_grid_loss_ep1.00_gp1.00_lf0.95_life40_dr0.07,0.82,average_plus_grid_loss,427.6959388050314,1.0,1.0,0.95,40,0.07,240.2362099230892,137.96643187259076,102.26977805049845,58.44076110985833,46.06746342813519,1199976.257484924,6659.045662443619
C_be0.82_average_plus_grid_loss_ep1.00_gp1.25_lf0.25_life15_dr0.01,0.82,average_plus_grid_loss,427.6959388050314,1.0,1.25,0.25,15,0.01,240.2362099230892,137.96643187259076,102.26977805049845,95.38138299919186,57.58432928516899,1822978.7737414213,25202.581008642737
C_be0.82_average_plus_grid_loss_ep1.00_gp1.25_lf0.25_life15_dr0.03,0.82,average_plus_grid_loss,427.6959388050314,1.0,1.25,0.25,15,0.03,240.2362099230892,137.96643187259076,102.26977805049845,101.08136409057683,57.58432928516899,1658750.4377263086,25202.581008642737
C_be0.82_average_plus_grid_loss_ep1.00_gp1.25_lf0.25_life15_dr0.05,0.82,average_plus_grid_loss,427.6959388050314,1.0,1.25,0.25,15,0.05,240.2362099230892,137.96643187259076,102.26977805049845,107.37776214038749,57.58432928516899,1536911.0824878023,25202.581008642737
C_be0.82_average_plus_grid_loss_ep1.00_gp1.25_lf0.25_life15_dr0.07,0.82,average_plus_grid_loss,427.6959388050314,1.0,1.25,0.25,15,0.07,240.2362099230892,137.96643187259076,102.26977805049845,114.27924737469091,57.58432928516899,1446930.6867917504,25202.581008642737
C_be0.82_average_plus_grid_loss_ep1.00_gp1.25_lf0.25_life25_dr0.01,0.82,average_plus_grid_loss,427.6959388050314,1.0,1.25,0.25,25,0.01,240.2362099230892,137.96643187259076,102.26977805049845,72.56519147116101,57.58432928516899,722537.6343891304,25202.581008642737
C_be0.82_average_plus_grid_loss_ep1.00_gp1.25_lf0.25_life25_dr0.03,0.82,average_plus_grid_loss,427.6959388050314,1.0,1.25,0.25,25,0.03,240.2362099230892,137.96643187259076,102.26977805049845,79.57793824306123,57.58432928516899,838721.7346951049,25202.581008642737
C_be0.82_average_plus_grid_loss_ep1.00_gp1.25_lf0.25_life25_dr0.05,0.82,average_plus_grid_loss,427.6959388050314,1.0,1.25,0.25,25,0.05,240.2362099230892,137.96643187259076,102.26977805049845,87.46776192571348,57.58432928516899,922374.2203429372,25202.581008642737
C_be0.82_average_plus_grid_loss_ep1.00_gp1.25_lf0.25_life25_dr0.07,0.82,average_plus_grid_loss,427.6959388050314,1.0,1.25,0.25,25,0.07,240.2362099230892,137.96643187259076,102.26977805049845,96.13549273772642,57.58432928516899,983877.6259091042,25202.581008642737
C_be0.82_average_plus_grid_loss_ep1.00_gp1.25_lf0.25_life40_dr0.01,0.82,average_plus_grid_loss,427.6959388050314,1.0,1.25,0.25,40,0.01,240.2362099230892,137.96643187259076,102.26977805049845,72.56519147116101,57.58432928516899,722537.6343891304,25202.581008642737
C_be0.82_average_plus_grid_loss_ep1.00_gp1.25_lf0.25_life40_dr0.03,0.82,average_plus_grid_loss,427.6959388050314,1.0,1.25,0.25,40,0.03,240.2362099230892,137.96643187259076,102.26977805049845,79.57793824306123,57.58432928516899,838721.7346951049,25202.581008642737
C_be0.82_average_plus_grid_loss_ep1.00_gp1.25_lf0.25_life40_dr0.05,0.82,average_plus_grid_loss,427.6959388050314,1.0,1.25,0.25,40,0.05,240.2362099230892,137.96643187259076,102.26977805049845,87.46776192571348,57.58432928516899,922374.2203429372,25202.581008642737
C_be0.82_average_plus_grid_loss_ep1.00_gp1.25_lf0.25_life40_dr0.07,0.82,average_plus_grid_loss,427.6959388050314,1.0,1.25,0.25,40,0.07,240.2362099230892,137.96643187259076,102.26977805049845,96.13549273772642,57.58432928516899,983877.6259091042,25202.581008642737
C_be0.82_average_plus_grid_loss_ep1.00_gp1.25_lf0.50_life15_dr0.01,0.82,average_plus_grid_loss,427.6959388050314,1.0,1.25,0.5,15,0.01,240.2362099230892,137.96643187259076,102.26977805049845,70.17986997812007,57.58432928516899,1214983.765706974,52809.66040722706
C_be0.82_average_plus_grid_loss_ep1.00_gp1.25_lf0.50_life15_dr0.03,0.82,average_plus_grid_loss,427.6959388050314,1.0,1.25,0.5,15,0.03,240.2362099230892,137.96643187259076,102.26977805049845,73.02986052381257,57.58432928516899,1178024.2868339214,52809.66040722706
C_be0.82_average_plus_grid_loss_ep1.00_gp1.25_lf0.50_life15_dr0.05,0.82,average_plus_grid_loss,427.6959388050314,1.0,1.25,0.5,15,0.05,240.2362099230892,137.96643187259076,102.26977805049845,76.1780595487179,57.58432928516899,1147818.435813759,52809.66040722706
C_be0.82_average_plus_grid_loss_ep1.00_gp1.25_lf0.50_life15_dr0.07,0.82,average_plus_grid_loss,427.6959388050314,1.0,1.25,0.5,15,0.07,240.2362099230892,137.96643187259076,102.26977805049845,79.6288021658696,57.58432928516899,1125209.290711693,52809.66040722706
C_be0.82_average_plus_grid_loss_ep1.00_gp1.25_lf0.50_life25_dr0.01,0.82,average_plus_grid_loss,427.6959388050314,1.0,1.25,0.5,25,0.01,240.2362099230892,137.96643187259076,102.26977805049845,58.77177421410465,57.58432928516899,114542.62635468319,52809.66040722706
C_be0.82_average_plus_grid_loss_ep1.00_gp1.25_lf0.50_life25_dr0.03,0.82,average_plus_grid_loss,427.6959388050314,1.0,1.25,0.5,25,0.03,240.2362099230892,137.96643187259076,102.26977805049845,62.27814760005476,57.58432928516899,357995.5838027168,52809.66040722706
C_be0.82_average_plus_grid_loss_ep1.00_gp1.25_lf0.50_life25_dr0.05,0.82,average_plus_grid_loss,427.6959388050314,1.0,1.25,0.5,25,0.05,240.2362099230892,137.96643187259076,102.26977805049845,66.22305944138088,57.58432928516899,533281.5736688934,52809.66040722706
C_be0.82_average_plus_grid_loss_ep1.00_gp1.25_lf0.50_life25_dr0.07,0.82,average_plus_grid_loss,427.6959388050314,1.0,1.25,0.5,25,0.07,240.2362099230892,137.96643187259076,102.26977805049845,70.55692484738735,57.58432928516899,662156.2298290469,52809.66040722706
C_be0.82_average_plus_grid_loss_ep1.00_gp1.25_lf0.50_life40_dr0.01,0.82,average_plus_grid_loss,427.6959388050314,1.0,1.25,0.5,40,0.01,240.2362099230892,137.96643187259076,102.26977805049845,58.77177421410465,57.58432928516899,114542.62635468319,52809.66040722706
C_be0.82_average_plus_grid_loss_ep1.00_gp1.25_lf0.50_life40_dr0.03,0.82,average_plus_grid_loss,427.6959388050314,1.0,1.25,0.5,40,0.03,240.2362099230892,137.96643187259076,102.26977805049845,62.27814760005476,57.58432928516899,357995.5838027168,52809.66040722706
C_be0.82_average_plus_grid_loss_ep1.00_gp1.25_lf0.50_life40_dr0.05,0.82,average_plus_grid_loss,427.6959388050314,1.0,1.25,0.5,40,0.05,240.2362099230892,137.96643187259076,102.26977805049845,66.22305944138088,57.58432928516899,533281.5736688934,52809.66040722706
C_be0.82_average_plus_grid_loss_ep1.00_gp1.25_lf0.50_life40_dr0.07,0.82,average_plus_grid_loss,427.6959388050314,1.0,1.25,0.5,40,0.07,240.2362099230892,137.96643187259076,102.26977805049845,70.55692484738735,57.58432928516899,662156.2298290469,52809.66040722706
C_be0.82_average_plus_grid_loss_ep1.00_gp1.25_lf0.75_life15_dr0.01,0.82,average_plus_grid_loss,427.6959388050314,1.0,1.25,0.75,15,0.01,240.2362099230892,137.96643187259076,102.26977805049845,61.779365637762815,57.58432928516899,606988.7576725278,80416.73980581143
C_be0.82_average_plus_grid_loss_ep1.00_gp1.25_lf0.75_life15_dr0.03,0.82,average_plus_grid_loss,427.6959388050314,1.0,1.25,0.75,15,0.03,240.2362099230892,137.96643187259076,102.26977805049845,63.679359334891146,57.58432928516899,697298.1359415324,80416.73980581143
C_be0.82_average_plus_grid_loss_ep1.00_gp1.25_lf0.75_life15_dr0.05,0.82,average_plus_grid_loss,427.6959388050314,1.0,1.25,0.75,15,0.05,240.2362099230892,137.96643187259076,102.26977805049845,65.77815868482803,57.58432928516899,758725.7891397141,80416.73980581143
C_be0.82_average_plus_grid_loss_ep1.00_gp1.25_lf0.75_life15_dr0.07,0.82,average_plus_grid_loss,427.6959388050314,1.0,1.25,0.75,15,0.07,240.2362099230892,137.96643187259076,102.26977805049845,68.07865376292916,57.58432928516899,803487.8946316363,80416.73980581143
C_be0.82_average_plus_grid_loss_ep1.00_gp1.25_lf0.75_life25_dr0.01,0.82,average_plus_grid_loss,427.6959388050314,1.0,1.25,0.75,25,0.01,240.2362099230892,137.96643187259076,102.26977805049845,54.17396846175253,57.58432928516899,-493452.381679764,80416.73980581143
C_be0.82_average_plus_grid_loss_ep1.00_gp1.25_lf0.75_life25_dr0.03,0.82,average_plus_grid_loss,427.6959388050314,1.0,1.25,0.75,25,0.03,240.2362099230892,137.96643187259076,102.26977805049845,56.511550719052615,57.58432928516899,-122730.56708967127,80416.73980581143
C_be0.82_average_plus_grid_loss_ep1.00_gp1.25_lf0.75_life25_dr0.05,0.82,average_plus_grid_loss,427.6959388050314,1.0,1.25,0.75,25,0.05,240.2362099230892,137.96643187259076,102.26977805049845,59.14149194660335,57.58432928516899,144188.926994849,80416.73980581143
C_be0.82_average_plus_grid_loss_ep1.00_gp1.25_lf0.75_life25_dr0.07,0.82,average_plus_grid_loss,427.6959388050314,1.0,1.25,0.75,25,0.07,240.2362099230892,137.96643187259076,102.26977805049845,62.030735550607666,57.58432928516899,340434.83374898974,80416.73980581143
C_be0.82_average_plus_grid_loss_ep1.00_gp1.25_lf0.75_life40_dr0.01,0.82,average_plus_grid_loss,427.6959388050314,1.0,1.25,0.75,40,0.01,240.2362099230892,137.96643187259076,102.26977805049845,54.17396846175253,57.58432928516899,-493452.381679764,80416.73980581143
C_be0.82_average_plus_grid_loss_ep1.00_gp1.25_lf0.75_life40_dr0.03,0.82,average_plus_grid_loss,427.6959388050314,1.0,1.25,0.75,40,0.03,240.2362099230892,137.96643187259076,102.26977805049845,56.511550719052615,57.58432928516899,-122730.56708967127,80416.73980581143
C_be0.82_average_plus_grid_loss_ep1.00_gp1.25_lf0.75_life40_dr0.05,0.82,average_plus_grid_loss,427.6959388050314,1.0,1.25,0.75,40,0.05,240.2362099230892,137.96643187259076,102.26977805049845,59.14149194660335,57.58432928516899,144188.926994849,80416.73980581143
C_be0.82_average_plus_grid_loss_ep1.00_gp1.25_lf0.75_life40_dr0.07,0.82,average_plus_grid_loss,427.6959388050314,1.0,1.25,0.75,40,0.07,240.2362099230892,137.96643187259076,102.26977805049845,62.030735550607666,57.58432928516899,340434.83374898974,80416.73980581143
C_be0.82_average_plus_grid_loss_ep1.00_gp1.25_lf0.95_life15_dr0.01,0.82,average_plus_grid_loss,427.6959388050314,1.0,1.25,0.95,15,0.01,240.2362099230892,137.96643187259076,102.26977805049845,58.24231117866503,57.58432928516899,120592.75124496967,102502.40332467889
C_be0.82_average_plus_grid_loss_ep1.00_gp1.25_lf0.95_life15_dr0.03,0.82,average_plus_grid_loss,427.6959388050314,1.0,1.25,0.95,15,0.03,240.2362099230892,137.96643187259076,102.26977805049845,59.742306202713706,57.58432928516899,312717.21522762254,102502.40332467889
C_be0.82_average_plus_grid_loss_ep1.00_gp1.25_lf0.95_life15_dr0.05,0.82,average_plus_grid_loss,427.6959388050314,1.0,1.25,0.95,15,0.05,240.2362099230892,137.96643187259076,102.26977805049845,61.39925305792703,57.58432928516899,447451.67180047836,102502.40332467889
C_be0.82_average_plus_grid_loss_ep1.00_gp1.25_lf0.95_life15_dr0.07,0.82,average_plus_grid_loss,427.6959388050314,1.0,1.25,0.95,15,0.07,240.2362099230892,137.96643187259076,102.26977805049845,63.215433382743726,57.58432928516899,546110.7777675902,102502.40332467889
C_be0.82_average_plus_grid_loss_ep1.00_gp1.25_lf0.95_life25_dr0.01,0.82,average_plus_grid_loss,427.6959388050314,1.0,1.25,0.95,25,0.01,240.2362099230892,137.96643187259076,102.26977805049845,52.23805025023585,57.58432928516899,-979848.3881073222,102502.40332467889
C_be0.82_average_plus_grid_loss_ep1.00_gp1.25_lf0.95_life25_dr0.03,0.82,average_plus_grid_loss,427.6959388050314,1.0,1.25,0.95,25,0.03,240.2362099230892,137.96643187259076,102.26977805049845,54.08350992705171,57.58432928516899,-507311.48780358117,102502.40332467889
C_be0.82_average_plus_grid_loss_ep1.00_gp1.25_lf0.95_life25_dr0.05,0.82,average_plus_grid_loss,427.6959388050314,1.0,1.25,0.95,25,0.05,240.2362099230892,137.96643187259076,102.26977805049845,56.15977931722334,57.58432928516899,-167085.19034438673,102502.40332467889
C_be0.82_average_plus_grid_loss_ep1.00_gp1.25_lf0.95_life25_dr0.07,0.82,average_plus_grid_loss,427.6959388050314,1.0,1.25,0.95,25,0.07,240.2362099230892,137.96643187259076,102.26977805049845,58.44076110985833,57.58432928516899,83057.71688494366,102502.40332467889
C_be0.82_average_plus_grid_loss_ep1.00_gp1.25_lf0.95_life40_dr0.01,0.82,average_plus_grid_loss,427.6959388050314,1.0,1.25,0.95,40,0.01,240.2362099230892,137.96643187259076,102.26977805049845,52.23805025023585,57.58432928516899,-979848.3881073222,102502.40332467889
C_be0.82_average_plus_grid_loss_ep1.00_gp1.25_lf0.95_life40_dr0.03,0.82,average_plus_grid_loss,427.6959388050314,1.0,1.25,0.95,40,0.03,240.2362099230892,137.96643187259076,102.26977805049845,54.08350992705171,57.58432928516899,-507311.48780358117,102502.40332467889
C_be0.82_average_plus_grid_loss_ep1.00_gp1.25_lf0.95_life40_dr0.05,0.82,average_plus_grid_loss,427.6959388050314,1.0,1.25,0.95,40,0.05,240.2362099230892,137.96643187259076,102.26977805049845,56.15977931722334,57.58432928516899,-167085.19034438673,102502.40332467889
C_be0.82_average_plus_grid_loss_ep1.00_gp1.25_lf0.95_life40_dr0.07,0.82,average_plus_grid_loss,427.6959388050314,1.0,1.25,0.95,40,0.07,240.2362099230892,137.96643187259076,102.26977805049845,58.44076110985833,57.58432928516899,83057.71688494366,102502.40332467889
C_be0.82_average_plus_grid_loss_ep1.25_gp0.75_lf0.25_life15_dr0.01,0.82,average_plus_grid_loss,427.6959388050314,1.25,0.75,0.25,15,0.01,240.2362099230892,137.96643187259076,102.26977805049845,105.75823673845393,34.55059757110139,3434395.064559275,-47966.601134149256
C_be0.82_average_plus_grid_loss_ep1.25_gp0.75_lf0.25_life15_dr0.03,0.82,average_plus_grid_loss,427.6959388050314,1.25,0.75,0.25,15,0.03,240.2362099230892,137.96643187259076,102.26977805049845,111.45821782983892,34.55059757110139,2932856.212828769,-47966.601134149256
C_be0.82_average_plus_grid_loss_ep1.25_gp0.75_lf0.25_life15_dr0.05,0.82,average_plus_grid_loss,427.6959388050314,1.25,0.75,0.25,15,0.05,240.2362099230892,137.96643187259076,102.26977805049845,117.75461587964955,34.55059757110139,2568153.4795511444,-47966.601134149256
C_be0.82_average_plus_grid_loss_ep1.25_gp0.75_lf0.25_life15_dr0.07,0.82,average_plus_grid_loss,427.6959388050314,1.25,0.75,0.25,15,0.07,240.2362099230892,137.96643187259076,102.26977805049845,124.656101113953,34.55059757110139,2299613.836977574,-47966.601134149256
C_be0.82_average_plus_grid_loss_ep1.25_gp0.75_lf0.25_life25_dr0.01,0.82,average_plus_grid_loss,427.6959388050314,1.25,0.75,0.25,25,0.01,240.2362099230892,137.96643187259076,102.26977805049845,82.9420452104231,34.55059757110139,2333953.9252069844,-47966.601134149256
C_be0.82_average_plus_grid_loss_ep1.25_gp0.75_lf0.25_life25_dr0.03,0.82,average_plus_grid_loss,427.6959388050314,1.25,0.75,0.25,25,0.03,240.2362099230892,137.96643187259076,102.26977805049845,89.95479198232331,34.55059757110139,2112827.509797565,-47966.601134149256
C_be0.82_average_plus_grid_loss_ep1.25_gp0.75_lf0.25_life25_dr0.05,0.82,average_plus_grid_loss,427.6959388050314,1.25,0.75,0.25,25,0.05,240.2362099230892,137.96643187259076,102.26977805049845,97.84461566497555,34.55059757110139,1953616.6174062793,-47966.601134149256
C_be0.82_average_plus_grid_loss_ep1.25_gp0.75_lf0.25_life25_dr0.07,0.82,average_plus_grid_loss,427.6959388050314,1.25,0.75,0.25,25,0.07,240.2362099230892,137.96643187259076,102.26977805049845,106.5123464769885,34.55059757110139,1836560.7760949275,-47966.601134149256
C_be0.82_average_plus_grid_loss_ep1.25_gp0.75_lf0.25_life40_dr0.01,0.82,average_plus_grid_loss,427.6959388050314,1.25,0.75,0.25,40,0.01,240.2362099230892,137.96643187259076,102.26977805049845,82.9420452104231,34.55059757110139,2333953.9252069844,-47966.601134149256
C_be0.82_average_plus_grid_loss_ep1.25_gp0.75_lf0.25_life40_dr0.03,0.82,average_plus_grid_loss,427.6959388050314,1.25,0.75,0.25,40,0.03,240.2362099230892,137.96643187259076,102.26977805049845,89.95479198232331,34.55059757110139,2112827.509797565,-47966.601134149256
C_be0.82_average_plus_grid_loss_ep1.25_gp0.75_lf0.25_life40_dr0.05,0.82,average_plus_grid_loss,427.6959388050314,1.25,0.75,0.25,40,0.05,240.2362099230892,137.96643187259076,102.26977805049845,97.84461566497555,34.55059757110139,1953616.6174062793,-47966.601134149256
C_be0.82_average_plus_grid_loss_ep1.25_gp0.75_lf0.25_life40_dr0.07,0.82,average_plus_grid_loss,427.6959388050314,1.25,0.75,0.25,40,0.07,240.2362099230892,137.96643187259076,102.26977805049845,106.5123464769885,34.55059757110139,1836560.7760949275,-47966.601134149256
C_be0.82_average_plus_grid_loss_ep1.25_gp0.75_lf0.50_life15_dr0.01,0.82,average_plus_grid_loss,427.6959388050314,1.25,0.75,0.5,15,0.01,240.2362099230892,137.96643187259076,102.26977805049845,80.55672371738216,34.55059757110139,4437816.347342682,-93528.70387835693
C_be0.82_average_plus_grid_loss_ep1.25_gp0.75_lf0.50_life15_dr0.03,0.82,average_plus_grid_loss,427.6959388050314,1.25,0.75,0.5,15,0.03,240.2362099230892,137.96643187259076,102.26977805049845,83.40671426307465,34.55059757110139,3726235.837038841,-93528.70387835693
C_be0.82_average_plus_grid_loss_ep1.25_gp0.75_lf0.50_life15_dr0.05,0.82,average_plus_grid_loss,427.6959388050314,1.25,0.75,0.5,15,0.05,240.2362099230892,137.96643187259076,102.26977805049845,86.55491328797996,34.55059757110139,3210303.2299404433,-93528.70387835693
C_be0.82_average_plus_grid_loss_ep1.25_gp0.75_lf0.50_life15_dr0.07,0.82,average_plus_grid_loss,427.6959388050314,1.25,0.75,0.5,15,0.07,240.2362099230892,137.96643187259076,102.26977805049845,90.00565590513169,34.55059757110139,2830575.5910833403,-93528.70387835693
C_be0.82_average_plus_grid_loss_ep1.25_gp0.75_lf0.50_life25_dr0.01,0.82,average_plus_grid_loss,427.6959388050314,1.25,0.75,0.5,25,0.01,240.2362099230892,137.96643187259076,102.26977805049845,69.14862795336674,34.55059757110139,3337375.207990391,-93528.70387835693
C_be0.82_average_plus_grid_loss_ep1.25_gp0.75_lf0.50_life25_dr0.03,0.82,average_plus_grid_loss,427.6959388050314,1.25,0.75,0.5,25,0.03,240.2362099230892,137.96643187259076,102.26977805049845,72.65500133931684,34.55059757110139,2906207.1340076374,-93528.70387835693
C_be0.82_average_plus_grid_loss_ep1.25_gp0.75_lf0.50_life25_dr0.05,0.82,average_plus_grid_loss,427.6959388050314,1.25,0.75,0.5,25,0.05,240.2362099230892,137.96643187259076,102.26977805049845,76.59991318064296,34.55059757110139,2595766.367795578,-93528.70387835693
C_be0.82_average_plus_grid_loss_ep1.25_gp0.75_lf0.50_life25_dr0.07,0.82,average_plus_grid_loss,427.6959388050314,1.25,0.75,0.5,25,0.07,240.2362099230892,137.96643187259076,102.26977805049845,80.93377858664944,34.55059757110139,2367522.5302006938,-93528.70387835693
C_be0.82_average_plus_grid_loss_ep1.25_gp0.75_lf0.50_life40_dr0.01,0.82,average_plus_grid_loss,427.6959388050314,1.25,0.75,0.5,40,0.01,240.2362099230892,137.96643187259076,102.26977805049845,69.14862795336674,34.55059757110139,3337375.207990391,-93528.70387835693
C_be0.82_average_plus_grid_loss_ep1.25_gp0.75_lf0.50_life40_dr0.03,0.82,average_plus_grid_loss,427.6959388050314,1.25,0.75,0.5,40,0.03,240.2362099230892,137.96643187259076,102.26977805049845,72.65500133931684,34.55059757110139,2906207.1340076374,-93528.70387835693
C_be0.82_average_plus_grid_loss_ep1.25_gp0.75_lf0.50_life40_dr0.05,0.82,average_plus_grid_loss,427.6959388050314,1.25,0.75,0.5,40,0.05,240.2362099230892,137.96643187259076,102.26977805049845,76.59991318064296,34.55059757110139,2595766.367795578,-93528.70387835693
C_be0.82_average_plus_grid_loss_ep1.25_gp0.75_lf0.50_life40_dr0.07,0.82,average_plus_grid_loss,427.6959388050314,1.25,0.75,0.5,40,0.07,240.2362099230892,137.96643187259076,102.26977805049845,80.93377858664944,34.55059757110139,2367522.5302006938,-93528.70387835693
C_be0.82_average_plus_grid_loss_ep1.25_gp0.75_lf0.75_life15_dr0.01,0.82,average_plus_grid_loss,427.6959388050314,1.25,0.75,0.75,15,0.01,240.2362099230892,137.96643187259076,102.26977805049845,72.15621937702487,34.55059757110139,5441237.630126085,-139090.8066225645
C_be0.82_average_plus_grid_loss_ep1.25_gp0.75_lf0.75_life15_dr0.03,0.82,average_plus_grid_loss,427.6959388050314,1.25,0.75,0.75,15,0.03,240.2362099230892,137.96643187259076,102.26977805049845,74.0562130741532,34.55059757110139,4519615.46124891,-139090.8066225645
C_be0.82_average_plus_grid_loss_ep1.25_gp0.75_lf0.75_life15_dr0.05,0.82,average_plus_grid_loss,427.6959388050314,1.25,0.75,0.75,15,0.05,240.2362099230892,137.96643187259076,102.26977805049845,76.15501242409009,34.55059757110139,3852452.9803297403,-139090.8066225645
C_be0.82_average_plus_grid_loss_ep1.25_gp0.75_lf0.75_life15_dr0.07,0.82,average_plus_grid_loss,427.6959388050314,1.25,0.75,0.75,15,0.07,240.2362099230892,137.96643187259076,102.26977805049845,78.45550750219124,34.55059757110139,3361537.3451891057,-139090.8066225645
C_be0.82_average_plus_grid_loss_ep1.25_gp0.75_lf0.75_life25_dr0.01,0.82,average_plus_grid_loss,427.6959388050314,1.25,0.75,0.75,25,0.01,240.2362099230892,137.96643187259076,102.26977805049845,64.5508222010146,34.55059757110139,4340796.490773795,-139090.8066225645
C_be0.82_average_plus_grid_loss_ep1.25_gp0.75_lf0.75_life25_dr0.03,0.82,average_plus_grid_loss,427.6959388050314,1.25,0.75,0.75,25,0.03,240.2362099230892,137.96643187259076,102.26977805049845,66.88840445831468,34.55059757110139,3699586.7582177077,-139090.8066225645
C_be0.82_average_plus_grid_loss_ep1.25_gp0.75_lf0.75_life25_dr0.05,0.82,average_plus_grid_loss,427.6959388050314,1.25,0.75,0.75,25,0.05,240.2362099230892,137.96643187259076,102.26977805049845,69.51834568586541,34.55059757110139,3237916.118184875,-139090.8066225645
C_be0.82_average_plus_grid_loss_ep1.25_gp0.75_lf0.75_life25_dr0.07,0.82,average_plus_grid_loss,427.6959388050314,1.25,0.75,0.75,25,0.07,240.2362099230892,137.96643187259076,102.26977805049845,72.40758928986973,34.55059757110139,2898484.284306459,-139090.8066225645
C_be0.82_average_plus_grid_loss_ep1.25_gp0.75_lf0.75_life40_dr0.01,0.82,average_plus_grid_loss,427.6959388050314,1.25,0.75,0.75,40,0.01,240.2362099230892,137.96643187259076,102.26977805049845,64.5508222010146,34.55059757110139,4340796.490773795,-139090.8066225645
C_be0.82_average_plus_grid_loss_ep1.25_gp0.75_lf0.75_life40_dr0.03,0.82,average_plus_grid_loss,427.6959388050314,1.25,0.75,0.75,40,0.03,240.2362099230892,137.96643187259076,102.26977805049845,66.88840445831468,34.55059757110139,3699586.7582177077,-139090.8066225645
C_be0.82_average_plus_grid_loss_ep1.25_gp0.75_lf0.75_life40_dr0.05,0.82,average_plus_grid_loss,427.6959388050314,1.25,0.75,0.75,40,0.05,240.2362099230892,137.96643187259076,102.26977805049845,69.51834568586541,34.55059757110139,3237916.118184875,-139090.8066225645
C_be0.82_average_plus_grid_loss_ep1.25_gp0.75_lf0.75_life40_dr0.07,0.82,average_plus_grid_loss,427.6959388050314,1.25,0.75,0.75,40,0.07,240.2362099230892,137.96643187259076,102.26977805049845,72.40758928986973,34.55059757110139,2898484.284306459,-139090.8066225645
C_be0.82_average_plus_grid_loss_ep1.25_gp0.75_lf0.95_life15_dr0.01,0.82,average_plus_grid_loss,427.6959388050314,1.25,0.75,0.95,15,0.01,240.2362099230892,137.96643187259076,102.26977805049845,68.61916491792711,34.55059757110139,6243974.656352812,-175540.48881793063
C_be0.82_average_plus_grid_loss_ep1.25_gp0.75_lf0.95_life15_dr0.03,0.82,average_plus_grid_loss,427.6959388050314,1.25,0.75,0.95,15,0.03,240.2362099230892,137.96643187259076,102.26977805049845,70.11915994197578,34.55059757110139,5154319.160616969,-175540.48881793063
C_be0.82_average_plus_grid_loss_ep1.25_gp0.75_lf0.95_life15_dr0.05,0.82,average_plus_grid_loss,427.6959388050314,1.25,0.75,0.95,15,0.05,240.2362099230892,137.96643187259076,102.26977805049845,71.7761067971891,34.55059757110139,4366172.7806411795,-175540.48881793063
C_be0.82_average_plus_grid_loss_ep1.25_gp0.75_lf0.95_life15_dr0.07,0.82,average_plus_grid_loss,427.6959388050314,1.25,0.75,0.95,15,0.07,240.2362099230892,137.96643187259076,102.26977805049845,73.59228712200579,34.55059757110139,3786306.7484737183,-175540.48881793063
C_be0.82_average_plus_grid_loss_ep1.25_gp0.75_lf0.95_life25_dr0.01,0.82,average_plus_grid_loss,427.6959388050314,1.25,0.75,0.95,25,0.01,240.2362099230892,137.96643187259076,102.26977805049845,62.61490398949793,34.55059757110139,5143533.517000521,-175540.48881793063
C_be0.82_average_plus_grid_loss_ep1.25_gp0.75_lf0.95_life25_dr0.03,0.82,average_plus_grid_loss,427.6959388050314,1.25,0.75,0.95,25,0.03,240.2362099230892,137.96643187259076,102.26977805049845,64.46036366631378,34.55059757110139,4334290.457585766,-175540.48881793063
C_be0.82_average_plus_grid_loss_ep1.25_gp0.75_lf0.95_life25_dr0.05,0.82,average_plus_grid_loss,427.6959388050314,1.25,0.75,0.95,25,0.05,240.2362099230892,137.96643187259076,102.26977805049845,66.53663305648541,34.55059757110139,3751635.9184963144,-175540.48881793063
C_be0.82_average_plus_grid_loss_ep1.25_gp0.75_lf0.95_life25_dr0.07,0.82,average_plus_grid_loss,427.6959388050314,1.25,0.75,0.95,25,0.07,240.2362099230892,137.96643187259076,102.26977805049845,68.8176148491204,34.55059757110139,3323253.6875910717,-175540.48881793063
C_be0.82_average_plus_grid_loss_ep1.25_gp0.75_lf0.95_life40_dr0.01,0.82,average_plus_grid_loss,427.6959388050314,1.25,0.75,0.95,40,0.01,240.2362099230892,137.96643187259076,102.26977805049845,62.61490398949793,34.55059757110139,5143533.517000521,-175540.48881793063
C_be0.82_average_plus_grid_loss_ep1.25_gp0.75_lf0.95_life40_dr0.03,0.82,average_plus_grid_loss,427.6959388050314,1.25,0.75,0.95,40,0.03,240.2362099230892,137.96643187259076,102.26977805049845,64.46036366631378,34.55059757110139,4334290.457585766,-175540.48881793063
C_be0.82_average_plus_grid_loss_ep1.25_gp0.75_lf0.95_life40_dr0.05,0.82,average_plus_grid_loss,427.6959388050314,1.25,0.75,0.95,40,0.05,240.2362099230892,137.96643187259076,102.26977805049845,66.53663305648541,34.55059757110139,3751635.9184963144,-175540.48881793063
C_be0.82_average_plus_grid_loss_ep1.25_gp0.75_lf0.95_life40_dr0.07,0.82,average_plus_grid_loss,427.6959388050314,1.25,0.75,0.95,40,0.07,240.2362099230892,137.96643187259076,102.26977805049845,68.8176148491204,34.55059757110139,3323253.6875910717,-175540.48881793063
C_be0.82_average_plus_grid_loss_ep1.25_gp1.00_lf0.25_life15_dr0.01,0.82,average_plus_grid_loss,427.6959388050314,1.25,1.0,0.25,15,0.01,240.2362099230892,137.96643187259076,102.26977805049845,105.75823673845393,46.06746342813519,2878928.4359630174,-22744.664907245227
C_be0.82_average_plus_grid_loss_ep1.25_gp1.00_lf0.25_life15_dr0.03,0.82,average_plus_grid_loss,427.6959388050314,1.25,1.0,0.25,15,0.03,240.2362099230892,137.96643187259076,102.26977805049845,111.45821782983892,46.06746342813519,2493662.912249693,-22744.664907245227
C_be0.82_average_plus_grid_loss_ep1.25_gp1.00_lf0.25_life15_dr0.05,0.82,average_plus_grid_loss,427.6959388050314,1.25,1.0,0.25,15,0.05,240.2362099230892,137.96643187259076,102.26977805049845,117.75461587964955,46.06746342813519,2212676.908520843,-22744.664907245227
C_be0.82_average_plus_grid_loss_ep1.25_gp1.00_lf0.25_life15_dr0.07,0.82,average_plus_grid_loss,427.6959388050314,1.25,1.0,0.25,15,0.07,240.2362099230892,137.96643187259076,102.26977805049845,124.656101113953,46.06746342813519,2005687.9052407374,-22744.664907245227
C_be0.82_average_plus_grid_loss_ep1.25_gp1.00_lf0.25_life25_dr0.01,0.82,average_plus_grid_loss,427.6959388050314,1.25,1.0,0.25,25,0.01,240.2362099230892,137.96643187259076,102.26977805049845,82.9420452104231,46.06746342813519,1778487.296610727,-22744.664907245227
C_be0.82_average_plus_grid_loss_ep1.25_gp1.00_lf0.25_life25_dr0.03,0.82,average_plus_grid_loss,427.6959388050314,1.25,1.0,0.25,25,0.03,240.2362099230892,137.96643187259076,102.26977805049845,89.95479198232331,46.06746342813519,1673634.2092184895,-22744.664907245227
C_be0.82_average_plus_grid_loss_ep1.25_gp1.00_lf0.25_life25_dr0.05,0.82,average_plus_grid_loss,427.6959388050314,1.25,1.0,0.25,25,0.05,240.2362099230892,137.96643187259076,102.26977805049845,97.84461566497555,46.06746342813519,1598140.0463759778,-22744.664907245227
C_be0.82_average_plus_grid_loss_ep1.25_gp1.00_lf0.25_life25_dr0.07,0.82,average_plus_grid_loss,427.6959388050314,1.25,1.0,0.25,25,0.07,240.2362099230892,137.96643187259076,102.26977805049845,106.5123464769885,46.06746342813519,1542634.8443580908,-22744.664907245227
C_be0.82_average_plus_grid_loss_ep1.25_gp1.00_lf0.25_life40_dr0.01,0.82,average_plus_grid_loss,427.6959388050314,1.25,1.0,0.25,40,0.01,240.2362099230892,137.96643187259076,102.26977805049845,82.9420452104231,46.06746342813519,1778487.296610727,-22744.664907245227
C_be0.82_average_plus_grid_loss_ep1.25_gp1.00_lf0.25_life40_dr0.03,0.82,average_plus_grid_loss,427.6959388050314,1.25,1.0,0.25,40,0.03,240.2362099230892,137.96643187259076,102.26977805049845,89.95479198232331,46.06746342813519,1673634.2092184895,-22744.664907245227
C_be0.82_average_plus_grid_loss_ep1.25_gp1.00_lf0.25_life40_dr0.05,0.82,average_plus_grid_loss,427.6959388050314,1.25,1.0,0.25,40,0.05,240.2362099230892,137.96643187259076,102.26977805049845,97.84461566497555,46.06746342813519,1598140.0463759778,-22744.664907245227
C_be0.82_average_plus_grid_loss_ep1.25_gp1.00_lf0.25_life40_dr0.07,0.82,average_plus_grid_loss,427.6959388050314,1.25,1.0,0.25,40,0.07,240.2362099230892,137.96643187259076,102.26977805049845,106.5123464769885,46.06746342813519,1542634.8443580908,-22744.664907245227
C_be0.82_average_plus_grid_loss_ep1.25_gp1.00_lf0.50_life15_dr0.01,0.82,average_plus_grid_loss,427.6959388050314,1.25,1.0,0.5,15,0.01,240.2362099230892,137.96643187259076,102.26977805049845,80.55672371738216,46.06746342813519,3326883.0901501672,-43084.83142454887
C_be0.82_average_plus_grid_loss_ep1.25_gp1.00_lf0.50_life15_dr0.03,0.82,average_plus_grid_loss,427.6959388050314,1.25,1.0,0.5,15,0.03,240.2362099230892,137.96643187259076,102.26977805049845,83.40671426307465,46.06746342813519,2847849.2358806897,-43084.83142454887
C_be0.82_average_plus_grid_loss_ep1.25_gp1.00_lf0.50_life15_dr0.05,0.82,average_plus_grid_loss,427.6959388050314,1.25,1.0,0.5,15,0.05,240.2362099230892,137.96643187259076,102.26977805049845,86.55491328797996,46.06746342813519,2499350.0878798403,-43084.83142454887
C_be0.82_average_plus_grid_loss_ep1.25_gp1.00_lf0.50_life15_dr0.07,0.82,average_plus_grid_loss,427.6959388050314,1.25,1.0,0.5,15,0.07,240.2362099230892,137.96643187259076,102.26977805049845,90.00565590513169,46.06746342813519,2242723.727609667,-43084.83142454887
C_be0.82_average_plus_grid_loss_ep1.25_gp1.00_lf0.50_life25_dr0.01,0.82,average_plus_grid_loss,427.6959388050314,1.25,1.0,0.5,25,0.01,240.2362099230892,137.96643187259076,102.26977805049845,69.14862795336674,46.06746342813519,2226441.9507978763,-43084.83142454887
C_be0.82_average_plus_grid_loss_ep1.25_gp1.00_lf0.50_life25_dr0.03,0.82,average_plus_grid_loss,427.6959388050314,1.25,1.0,0.5,25,0.03,240.2362099230892,137.96643187259076,102.26977805049845,72.65500133931684,46.06746342813519,2027820.532849486,-43084.83142454887
C_be0.82_average_plus_grid_loss_ep1.25_gp1.00_lf0.50_life25_dr0.05,0.82,average_plus_grid_loss,427.6959388050314,1.25,1.0,0.5,25,0.05,240.2362099230892,137.96643187259076,102.26977805049845,76.59991318064296,46.06746342813519,1884813.2257349752,-43084.83142454887
C_be0.82_average_plus_grid_loss_ep1.25_gp1.00_lf0.50_life25_dr0.07,0.82,average_plus_grid_loss,427.6959388050314,1.25,1.0,0.5,25,0.07,240.2362099230892,137.96643187259076,102.26977805049845,80.93377858664944,46.06746342813519,1779670.6667270204,-43084.83142454887
C_be0.82_average_plus_grid_loss_ep1.25_gp1.00_lf0.50_life40_dr0.01,0.82,average_plus_grid_loss,427.6959388050314,1.25,1.0,0.5,40,0.01,240.2362099230892,137.96643187259076,102.26977805049845,69.14862795336674,46.06746342813519,2226441.9507978763,-43084.83142454887
C_be0.82_average_plus_grid_loss_ep1.25_gp1.00_lf0.50_life40_dr0.03,0.82,average_plus_grid_loss,427.6959388050314,1.25,1.0,0.5,40,0.03,240.2362099230892,137.96643187259076,102.26977805049845,72.65500133931684,46.06746342813519,2027820.532849486,-43084.83142454887
C_be0.82_average_plus_grid_loss_ep1.25_gp1.00_lf0.50_life40_dr0.05,0.82,average_plus_grid_loss,427.6959388050314,1.25,1.0,0.5,40,0.05,240.2362099230892,137.96643187259076,102.26977805049845,76.59991318064296,46.06746342813519,1884813.2257349752,-43084.83142454887
C_be0.82_average_plus_grid_loss_ep1.25_gp1.00_lf0.50_life40_dr0.07,0.82,average_plus_grid_loss,427.6959388050314,1.25,1.0,0.5,40,0.07,240.2362099230892,137.96643187259076,102.26977805049845,80.93377858664944,46.06746342813519,1779670.6667270204,-43084.83142454887
C_be0.82_average_plus_grid_loss_ep1.25_gp1.00_lf0.75_life15_dr0.01,0.82,average_plus_grid_loss,427.6959388050314,1.25,1.0,0.75,15,0.01,240.2362099230892,137.96643187259076,102.26977805049845,72.15621937702487,46.06746342813519,3774837.744337314,-63424.99794185243
C_be0.82_average_plus_grid_loss_ep1.25_gp1.00_lf0.75_life15_dr0.03,0.82,average_plus_grid_loss,427.6959388050314,1.25,1.0,0.75,15,0.03,240.2362099230892,137.96643187259076,102.26977805049845,74.0562130741532,46.06746342813519,3202035.559511685,-63424.99794185243
C_be0.82_average_plus_grid_loss_ep1.25_gp1.00_lf0.75_life15_dr0.05,0.82,average_plus_grid_loss,427.6959388050314,1.25,1.0,0.75,15,0.05,240.2362099230892,137.96643187259076,102.26977805049845,76.15501242409009,46.06746342813519,2786023.267238836,-63424.99794185243
C_be0.82_average_plus_grid_loss_ep1.25_gp1.00_lf0.75_life15_dr0.07,0.82,average_plus_grid_loss,427.6959388050314,1.25,1.0,0.75,15,0.07,240.2362099230892,137.96643187259076,102.26977805049845,78.45550750219124,46.06746342813519,2479759.549978595,-63424.99794185243
C_be0.82_average_plus_grid_loss_ep1.25_gp1.00_lf0.75_life25_dr0.01,0.82,average_plus_grid_loss,427.6959388050314,1.25,1.0,0.75,25,0.01,240.2362099230892,137.96643187259076,102.26977805049845,64.5508222010146,46.06746342813519,2674396.604985024,-63424.99794185243
C_be0.82_average_plus_grid_loss_ep1.25_gp1.00_lf0.75_life25_dr0.03,0.82,average_plus_grid_loss,427.6959388050314,1.25,1.0,0.75,25,0.03,240.2362099230892,137.96643187259076,102.26977805049845,66.88840445831468,46.06746342813519,2382006.856480482,-63424.99794185243
C_be0.82_average_plus_grid_loss_ep1.25_gp1.00_lf0.75_life25_dr0.05,0.82,average_plus_grid_loss,427.6959388050314,1.25,1.0,0.75,25,0.05,240.2362099230892,137.96643187259076,102.26977805049845,69.51834568586541,46.06746342813519,2171486.4050939707,-63424.99794185243
C_be0.82_average_plus_grid_loss_ep1.25_gp1.00_lf0.75_life25_dr0.07,0.82,average_plus_grid_loss,427.6959388050314,1.25,1.0,0.75,25,0.07,240.2362099230892,137.96643187259076,102.26977805049845,72.40758928986973,46.06746342813519,2016706.4890959486,-63424.99794185243
C_be0.82_average_plus_grid_loss_ep1.25_gp1.00_lf0.75_life40_dr0.01,0.82,average_plus_grid_loss,427.6959388050314,1.25,1.0,0.75,40,0.01,240.2362099230892,137.96643187259076,102.26977805049845,64.5508222010146,46.06746342813519,2674396.604985024,-63424.99794185243
C_be0.82_average_plus_grid_loss_ep1.25_gp1.00_lf0.75_life40_dr0.03,0.82,average_plus_grid_loss,427.6959388050314,1.25,1.0,0.75,40,0.03,240.2362099230892,137.96643187259076,102.26977805049845,66.88840445831468,46.06746342813519,2382006.856480482,-63424.99794185243
C_be0.82_average_plus_grid_loss_ep1.25_gp1.00_lf0.75_life40_dr0.05,0.82,average_plus_grid_loss,427.6959388050314,1.25,1.0,0.75,40,0.05,240.2362099230892,137.96643187259076,102.26977805049845,69.51834568586541,46.06746342813519,2171486.4050939707,-63424.99794185243
C_be0.82_average_plus_grid_loss_ep1.25_gp1.00_lf0.75_life40_dr0.07,0.82,average_plus_grid_loss,427.6959388050314,1.25,1.0,0.75,40,0.07,240.2362099230892,137.96643187259076,102.26977805049845,72.40758928986973,46.06746342813519,2016706.4890959486,-63424.99794185243
C_be0.82_average_plus_grid_loss_ep1.25_gp1.00_lf0.95_life15_dr0.01,0.82,average_plus_grid_loss,427.6959388050314,1.25,1.0,0.95,15,0.01,240.2362099230892,137.96643187259076,102.26977805049845,68.61916491792711,46.06746342813519,4133201.467687035,-79697.13115569536
C_be0.82_average_plus_grid_loss_ep1.25_gp1.00_lf0.95_life15_dr0.03,0.82,average_plus_grid_loss,427.6959388050314,1.25,1.0,0.95,15,0.03,240.2362099230892,137.96643187259076,102.26977805049845,70.11915994197578,46.06746342813519,3485384.6184164817,-79697.13115569536
C_be0.82_average_plus_grid_loss_ep1.25_gp1.00_lf0.95_life15_dr0.05,0.82,average_plus_grid_loss,427.6959388050314,1.25,1.0,0.95,15,0.05,240.2362099230892,137.96643187259076,102.26977805049845,71.7761067971891,46.06746342813519,3015361.8107260345,-79697.13115569536
C_be0.82_average_plus_grid_loss_ep1.25_gp1.00_lf0.95_life15_dr0.07,0.82,average_plus_grid_loss,427.6959388050314,1.25,1.0,0.95,15,0.07,240.2362099230892,137.96643187259076,102.26977805049845,73.59228712200579,46.06746342813519,2669388.2078737384,-79697.13115569536
C_be0.82_average_plus_grid_loss_ep1.25_gp1.00_lf0.95_life25_dr0.01,0.82,average_plus_grid_loss,427.6959388050314,1.25,1.0,0.95,25,0.01,240.2362099230892,137.96643187259076,102.26977805049845,62.61490398949793,46.06746342813519,3032760.328334743,-79697.13115569536
C_be0.82_average_plus_grid_loss_ep1.25_gp1.00_lf0.95_life25_dr0.03,0.82,average_plus_grid_loss,427.6959388050314,1.25,1.0,0.95,25,0.03,240.2362099230892,137.96643187259076,102.26977805049845,64.46036366631378,46.06746342813519,2665355.915385279,-79697.13115569536
C_be0.82_average_plus_grid_loss_ep1.25_gp1.00_lf0.95_life25_dr0.05,0.82,average_plus_grid_loss,427.6959388050314,1.25,1.0,0.95,25,0.05,240.2362099230892,137.96643187259076,102.26977805049845,66.53663305648541,46.06746342813519,2400824.9485811694,-79697.13115569536
C_be0.82_average_plus_grid_loss_ep1.25_gp1.00_lf0.95_life25_dr0.07,0.82,average_plus_grid_loss,427.6959388050314,1.25,1.0,0.95,25,0.07,240.2362099230892,137.96643187259076,102.26977805049845,68.8176148491204,46.06746342813519,2206335.146991092,-79697.13115569536
C_be0.82_average_plus_grid_loss_ep1.25_gp1.00_lf0.95_life40_dr0.01,0.82,average_plus_grid_loss,427.6959388050314,1.25,1.0,0.95,40,0.01,240.2362099230892,137.96643187259076,102.26977805049845,62.61490398949793,46.06746342813519,3032760.328334743,-79697.13115569536
C_be0.82_average_plus_grid_loss_ep1.25_gp1.00_lf0.95_life40_dr0.03,0.82,average_plus_grid_loss,427.6959388050314,1.25,1.0,0.95,40,0.03,240.2362099230892,137.96643187259076,102.26977805049845,64.46036366631378,46.06746342813519,2665355.915385279,-79697.13115569536
C_be0.82_average_plus_grid_loss_ep1.25_gp1.00_lf0.95_life40_dr0.05,0.82,average_plus_grid_loss,427.6959388050314,1.25,1.0,0.95,40,0.05,240.2362099230892,137.96643187259076,102.26977805049845,66.53663305648541,46.06746342813519,2400824.9485811694,-79697.13115569536
C_be0.82_average_plus_grid_loss_ep1.25_gp1.00_lf0.95_life40_dr0.07,0.82,average_plus_grid_loss,427.6959388050314,1.25,1.0,0.95,40,0.07,240.2362099230892,137.96643187259076,102.26977805049845,68.8176148491204,46.06746342813519,2206335.146991092,-79697.13115569536
C_be0.82_average_plus_grid_loss_ep1.25_gp1.25_lf0.25_life15_dr0.01,0.82,average_plus_grid_loss,427.6959388050314,1.25,1.25,0.25,15,0.01,240.2362099230892,137.96643187259076,102.26977805049845,105.75823673845393,57.58432928516899,2323461.8073667604,2477.2713196587865
C_be0.82_average_plus_grid_loss_ep1.25_gp1.25_lf0.25_life15_dr0.03,0.82,average_plus_grid_loss,427.6959388050314,1.25,1.25,0.25,15,0.03,240.2362099230892,137.96643187259076,102.26977805049845,111.45821782983892,57.58432928516899,2054469.611670618,2477.2713196587865
C_be0.82_average_plus_grid_loss_ep1.25_gp1.25_lf0.25_life15_dr0.05,0.82,average_plus_grid_loss,427.6959388050314,1.25,1.25,0.25,15,0.05,240.2362099230892,137.96643187259076,102.26977805049845,117.75461587964955,57.58432928516899,1857200.3374905416,2477.2713196587865
C_be0.82_average_plus_grid_loss_ep1.25_gp1.25_lf0.25_life15_dr0.07,0.82,average_plus_grid_loss,427.6959388050314,1.25,1.25,0.25,15,0.07,240.2362099230892,137.96643187259076,102.26977805049845,124.656101113953,57.58432928516899,1711761.9735039005,2477.2713196587865
C_be0.82_average_plus_grid_loss_ep1.25_gp1.25_lf0.25_life25_dr0.01,0.82,average_plus_grid_loss,427.6959388050314,1.25,1.25,0.25,25,0.01,240.2362099230892,137.96643187259076,102.26977805049845,82.9420452104231,57.58432928516899,1223020.66801447,2477.2713196587865
C_be0.82_average_plus_grid_loss_ep1.25_gp1.25_lf0.25_life25_dr0.03,0.82,average_plus_grid_loss,427.6959388050314,1.25,1.25,0.25,25,0.03,240.2362099230892,137.96643187259076,102.26977805049845,89.95479198232331,57.58432928516899,1234440.9086394142,2477.2713196587865
C_be0.82_average_plus_grid_loss_ep1.25_gp1.25_lf0.25_life25_dr0.05,0.82,average_plus_grid_loss,427.6959388050314,1.25,1.25,0.25,25,0.05,240.2362099230892,137.96643187259076,102.26977805049845,97.84461566497555,57.58432928516899,1242663.4753456765,2477.2713196587865
C_be0.82_average_plus_grid_loss_ep1.25_gp1.25_lf0.25_life25_dr0.07,0.82,average_plus_grid_loss,427.6959388050314,1.25,1.25,0.25,25,0.07,240.2362099230892,137.96643187259076,102.26977805049845,106.5123464769885,57.58432928516899,1248708.9126212539,2477.2713196587865
C_be0.82_average_plus_grid_loss_ep1.25_gp1.25_lf0.25_life40_dr0.01,0.82,average_plus_grid_loss,427.6959388050314,1.25,1.25,0.25,40,0.01,240.2362099230892,137.96643187259076,102.26977805049845,82.9420452104231,57.58432928516899,1223020.66801447,2477.2713196587865
C_be0.82_average_plus_grid_loss_ep1.25_gp1.25_lf0.25_life40_dr0.03,0.82,average_plus_grid_loss,427.6959388050314,1.25,1.25,0.25,40,0.03,240.2362099230892,137.96643187259076,102.26977805049845,89.95479198232331,57.58432928516899,1234440.9086394142,2477.2713196587865
C_be0.82_average_plus_grid_loss_ep1.25_gp1.25_lf0.25_life40_dr0.05,0.82,average_plus_grid_loss,427.6959388050314,1.25,1.25,0.25,40,0.05,240.2362099230892,137.96643187259076,102.26977805049845,97.84461566497555,57.58432928516899,1242663.4753456765,2477.2713196587865
C_be0.82_average_plus_grid_loss_ep1.25_gp1.25_lf0.25_life40_dr0.07,0.82,average_plus_grid_loss,427.6959388050314,1.25,1.25,0.25,40,0.07,240.2362099230892,137.96643187259076,102.26977805049845,106.5123464769885,57.58432928516899,1248708.9126212539,2477.2713196587865
C_be0.82_average_plus_grid_loss_ep1.25_gp1.25_lf0.50_life15_dr0.01,0.82,average_plus_grid_loss,427.6959388050314,1.25,1.25,0.5,15,0.01,240.2362099230892,137.96643187259076,102.26977805049845,80.55672371738216,57.58432928516899,2215949.8329576533,7359.041029259155
C_be0.82_average_plus_grid_loss_ep1.25_gp1.25_lf0.50_life15_dr0.03,0.82,average_plus_grid_loss,427.6959388050314,1.25,1.25,0.5,15,0.03,240.2362099230892,137.96643187259076,102.26977805049845,83.40671426307465,57.58432928516899,1969462.6347225392,7359.041029259155
C_be0.82_average_plus_grid_loss_ep1.25_gp1.25_lf0.50_life15_dr0.05,0.82,average_plus_grid_loss,427.6959388050314,1.25,1.25,0.5,15,0.05,240.2362099230892,137.96643187259076,102.26977805049845,86.55491328797996,57.58432928516899,1788396.9458192377,7359.041029259155
C_be0.82_average_plus_grid_loss_ep1.25_gp1.25_lf0.50_life15_dr0.07,0.82,average_plus_grid_loss,427.6959388050314,1.25,1.25,0.5,15,0.07,240.2362099230892,137.96643187259076,102.26977805049845,90.00565590513169,57.58432928516899,1654871.8641359932,7359.041029259155
C_be0.82_average_plus_grid_loss_ep1.25_gp1.25_lf0.50_life25_dr0.01,0.82,average_plus_grid_loss,427.6959388050314,1.25,1.25,0.5,25,0.01,240.2362099230892,137.96643187259076,102.26977805049845,69.14862795336674,57.58432928516899,1115508.6936053624,7359.041029259155
C_be0.82_average_plus_grid_loss_ep1.25_gp1.25_lf0.50_life25_dr0.03,0.82,average_plus_grid_loss,427.6959388050314,1.25,1.25,0.5,25,0.03,240.2362099230892,137.96643187259076,102.26977805049845,72.65500133931684,57.58432928516899,1149433.9316913355,7359.041029259155
C_be0.82_average_plus_grid_loss_ep1.25_gp1.25_lf0.50_life25_dr0.05,0.82,average_plus_grid_loss,427.6959388050314,1.25,1.25,0.5,25,0.05,240.2362099230892,137.96643187259076,102.26977805049845,76.59991318064296,57.58432928516899,1173860.0836743726,7359.041029259155
C_be0.82_average_plus_grid_loss_ep1.25_gp1.25_lf0.50_life25_dr0.07,0.82,average_plus_grid_loss,427.6959388050314,1.25,1.25,0.5,25,0.07,240.2362099230892,137.96643187259076,102.26977805049845,80.93377858664944,57.58432928516899,1191818.8032533466,7359.041029259155
C_be0.82_average_plus_grid_loss_ep1.25_gp1.25_lf0.50_life40_dr0.01,0.82,average_plus_grid_loss,427.6959388050314,1.25,1.25,0.5,40,0.01,240.2362099230892,137.96643187259076,102.26977805049845,69.14862795336674,57.58432928516899,1115508.6936053624,7359.041029259155
C_be0.82_average_plus_grid_loss_ep1.25_gp1.25_lf0.50_life40_dr0.03,0.82,average_plus_grid_loss,427.6959388050314,1.25,1.25,0.5,40,0.03,240.2362099230892,137.96643187259076,102.26977805049845,72.65500133931684,57.58432928516899,1149433.9316913355,7359.041029259155
C_be0.82_average_plus_grid_loss_ep1.25_gp1.25_lf0.50_life40_dr0.05,0.82,average_plus_grid_loss,427.6959388050314,1.25,1.25,0.5,40,0.05,240.2362099230892,137.96643187259076,102.26977805049845,76.59991318064296,57.58432928516899,1173860.0836743726,7359.041029259155
C_be0.82_average_plus_grid_loss_ep1.25_gp1.25_lf0.50_life40_dr0.07,0.82,average_plus_grid_loss,427.6959388050314,1.25,1.25,0.5,40,0.07,240.2362099230892,137.96643187259076,102.26977805049845,80.93377858664944,57.58432928516899,1191818.8032533466,7359.041029259155
C_be0.82_average_plus_grid_loss_ep1.25_gp1.25_lf0.75_life15_dr0.01,0.82,average_plus_grid_loss,427.6959388050314,1.25,1.25,0.75,15,0.01,240.2362099230892,137.96643187259076,102.26977805049845,72.15621937702487,57.58432928516899,2108437.8585485425,12240.81073885964
C_be0.82_average_plus_grid_loss_ep1.25_gp1.25_lf0.75_life15_dr0.03,0.82,average_plus_grid_loss,427.6959388050314,1.25,1.25,0.75,15,0.03,240.2362099230892,137.96643187259076,102.26977805049845,74.0562130741532,57.58432928516899,1884455.6577744577,12240.81073885964
C_be0.82_average_plus_grid_loss_ep1.25_gp1.25_lf0.75_life15_dr0.05,0.82,average_plus_grid_loss,427.6959388050314,1.25,1.25,0.75,15,0.05,240.2362099230892,137.96643187259076,102.26977805049845,76.15501242409009,57.58432928516899,1719593.5541479317,12240.81073885964
C_be0.82_average_plus_grid_loss_ep1.25_gp1.25_lf0.75_life15_dr0.07,0.82,average_plus_grid_loss,427.6959388050314,1.25,1.25,0.75,15,0.07,240.2362099230892,137.96643187259076,102.26977805049845,78.45550750219124,57.58432928516899,1597981.7547680847,12240.81073885964
C_be0.82_average_plus_grid_loss_ep1.25_gp1.25_lf0.75_life25_dr0.01,0.82,average_plus_grid_loss,427.6959388050314,1.25,1.25,0.75,25,0.01,240.2362099230892,137.96643187259076,102.26977805049845,64.5508222010146,57.58432928516899,1007996.7191962525,12240.81073885964
C_be0.82_average_plus_grid_loss_ep1.25_gp1.25_lf0.75_life25_dr0.03,0.82,average_plus_grid_loss,427.6959388050314,1.25,1.25,0.75,25,0.03,240.2362099230892,137.96643187259076,102.26977805049845,66.88840445831468,57.58432928516899,1064426.954743255,12240.81073885964
C_be0.82_average_plus_grid_loss_ep1.25_gp1.25_lf0.75_life25_dr0.05,0.82,average_plus_grid_loss,427.6959388050314,1.25,1.25,0.75,25,0.05,240.2362099230892,137.96643187259076,102.26977805049845,69.51834568586541,57.58432928516899,1105056.6920030667,12240.81073885964
C_be0.82_average_plus_grid_loss_ep1.25_gp1.25_lf0.75_life25_dr0.07,0.82,average_plus_grid_loss,427.6959388050314,1.25,1.25,0.75,25,0.07,240.2362099230892,137.96643187259076,102.26977805049845,72.40758928986973,57.58432928516899,1134928.6938854381,12240.81073885964
C_be0.82_average_plus_grid_loss_ep1.25_gp1.25_lf0.75_life40_dr0.01,0.82,average_plus_grid_loss,427.6959388050314,1.25,1.25,0.75,40,0.01,240.2362099230892,137.96643187259076,102.26977805049845,64.5508222010146,57.58432928516899,1007996.7191962525,12240.81073885964
C_be0.82_average_plus_grid_loss_ep1.25_gp1.25_lf0.75_life40_dr0.03,0.82,average_plus_grid_loss,427.6959388050314,1.25,1.25,0.75,40,0.03,240.2362099230892,137.96643187259076,102.26977805049845,66.88840445831468,57.58432928516899,1064426.954743255,12240.81073885964
C_be0.82_average_plus_grid_loss_ep1.25_gp1.25_lf0.75_life40_dr0.05,0.82,average_plus_grid_loss,427.6959388050314,1.25,1.25,0.75,40,0.05,240.2362099230892,137.96643187259076,102.26977805049845,69.51834568586541,57.58432928516899,1105056.6920030667,12240.81073885964
C_be0.82_average_plus_grid_loss_ep1.25_gp1.25_lf0.75_life40_dr0.07,0.82,average_plus_grid_loss,427.6959388050314,1.25,1.25,0.75,40,0.07,240.2362099230892,137.96643187259076,102.26977805049845,72.40758928986973,57.58432928516899,1134928.6938854381,12240.81073885964
C_be0.82_average_plus_grid_loss_ep1.25_gp1.25_lf0.95_life15_dr0.01,0.82,average_plus_grid_loss,427.6959388050314,1.25,1.25,0.95,15,0.01,240.2362099230892,137.96643187259076,102.26977805049845,68.61916491792711,57.58432928516899,2022428.2790212594,16146.226506539911
C_be0.82_average_plus_grid_loss_ep1.25_gp1.25_lf0.95_life15_dr0.03,0.82,average_plus_grid_loss,427.6959388050314,1.25,1.25,0.95,15,0.03,240.2362099230892,137.96643187259076,102.26977805049845,70.11915994197578,57.58432928516899,1816450.0762159955,16146.226506539911
C_be0.82_average_plus_grid_loss_ep1.25_gp1.25_lf0.95_life15_dr0.05,0.82,average_plus_grid_loss,427.6959388050314,1.25,1.25,0.95,15,0.05,240.2362099230892,137.96643187259076,102.26977805049845,71.7761067971891,57.58432928516899,1664550.8408108884,16146.226506539911
C_be0.82_average_plus_grid_loss_ep1.25_gp1.25_lf0.95_life15_dr0.07,0.82,average_plus_grid_loss,427.6959388050314,1.25,1.25,0.95,15,0.07,240.2362099230892,137.96643187259076,102.26977805049845,73.59228712200579,57.58432928516899,1552469.667273758,16146.226506539911
C_be0.82_average_plus_grid_loss_ep1.25_gp1.25_lf0.95_life25_dr0.01,0.82,average_plus_grid_loss,427.6959388050314,1.25,1.25,0.95,25,0.01,240.2362099230892,137.96643187259076,102.26977805049845,62.61490398949793,57.58432928516899,921987.1396689676,16146.226506539911
C_be0.82_average_plus_grid_loss_ep1.25_gp1.25_lf0.95_life25_dr0.03,0.82,average_plus_grid_loss,427.6959388050314,1.25,1.25,0.95,25,0.03,240.2362099230892,137.96643187259076,102.26977805049845,64.46036366631378,57.58432928516899,996421.3731847927,16146.226506539911
C_be0.82_average_plus_grid_loss_ep1.25_gp1.25_lf0.95_life25_dr0.05,0.82,average_plus_grid_loss,427.6959388050314,1.25,1.25,0.95,25,0.05,240.2362099230892,137.96643187259076,102.26977805049845,66.53663305648541,57.58432928516899,1050013.9786660234,16146.226506539911
C_be0.82_average_plus_grid_loss_ep1.25_gp1.25_lf0.95_life25_dr0.07,0.82,average_plus_grid_loss,427.6959388050314,1.25,1.25,0.95,25,0.07,240.2362099230892,137.96643187259076,102.26977805049845,68.8176148491204,57.58432928516899,1089416.6063911114,16146.226506539911
C_be0.82_average_plus_grid_loss_ep1.25_gp1.25_lf0.95_life40_dr0.01,0.82,average_plus_grid_loss,427.6959388050314,1.25,1.25,0.95,40,0.01,240.2362099230892,137.96643187259076,102.26977805049845,62.61490398949793,57.58432928516899,921987.1396689676,16146.226506539911
C_be0.82_average_plus_grid_loss_ep1.25_gp1.25_lf0.95_life40_dr0.03,0.82,average_plus_grid_loss,427.6959388050314,1.25,1.25,0.95,40,0.03,240.2362099230892,137.96643187259076,102.26977805049845,64.46036366631378,57.58432928516899,996421.3731847927,16146.226506539911
C_be0.82_average_plus_grid_loss_ep1.25_gp1.25_lf0.95_life40_dr0.05,0.82,average_plus_grid_loss,427.6959388050314,1.25,1.25,0.95,40,0.05,240.2362099230892,137.96643187259076,102.26977805049845,66.53663305648541,57.58432928516899,1050013.9786660234,16146.226506539911
C_be0.82_average_plus_grid_loss_ep1.25_gp1.25_lf0.95_life40_dr0.07,0.82,average_plus_grid_loss,427.6959388050314,1.25,1.25,0.95,40,0.07,240.2362099230892,137.96643187259076,102.26977805049845,68.8176148491204,57.58432928516899,1089416.6063911114,16146.226506539911
C_be0.82_nonbaseload_proxy_ep0.75_gp0.75_lf0.25_life15_dr0.01,0.82,nonbaseload_proxy,760.2244408589601,0.75,0.75,0.25,15,0.01,240.2362099230892,245.23369059966453,-4.9974806765753215,85.00452925992978,34.55059757110139,2433428.9973085965,-2515.981756181369
C_be0.82_nonbaseload_proxy_ep0.75_gp0.75_lf0.25_life15_dr0.03,0.82,nonbaseload_proxy,760.2244408589601,0.75,0.75,0.25,15,0.03,240.2362099230892,245.23369059966453,-4.9974806765753215,90.70451035131477,34.55059757110139,2141417.864940151,-2515.981756181369
C_be0.82_nonbaseload_proxy_ep0.75_gp0.75_lf0.25_life15_dr0.05,0.82,nonbaseload_proxy,760.2244408589601,0.75,0.75,0.25,15,0.05,240.2362099230892,245.23369059966453,-4.9974806765753215,97.0009084011254,34.55059757110139,1927574.9695456652,-2515.981756181369
C_be0.82_nonbaseload_proxy_ep0.75_gp0.75_lf0.25_life15_dr0.07,0.82,nonbaseload_proxy,760.2244408589601,0.75,0.75,0.25,15,0.07,240.2362099230892,245.23369059966453,-4.9974806765753215,103.90239363542885,34.55059757110139,1769951.2635532748,-2515.981756181369
C_be0.82_nonbaseload_proxy_ep0.75_gp0.75_lf0.25_life25_dr0.01,0.82,nonbaseload_proxy,760.2244408589601,0.75,0.75,0.25,25,0.01,240.2362099230892,245.23369059966453,-4.9974806765753215,62.18833773189895,34.55059757110139,1332987.8579563056,-2515.981756181369
C_be0.82_nonbaseload_proxy_ep0.75_gp0.75_lf0.25_life25_dr0.03,0.82,nonbaseload_proxy,760.2244408589601,0.75,0.75,0.25,25,0.03,240.2362099230892,245.23369059966453,-4.9974806765753215,69.20108450379917,34.55059757110139,1321389.1619089474,-2515.981756181369
C_be0.82_nonbaseload_proxy_ep0.75_gp0.75_lf0.25_life25_dr0.05,0.82,nonbaseload_proxy,760.2244408589601,0.75,0.75,0.25,25,0.05,240.2362099230892,245.23369059966453,-4.9974806765753215,77.0909081864514,34.55059757110139,1313038.1074008,-2515.981756181369
C_be0.82_nonbaseload_proxy_ep0.75_gp0.75_lf0.25_life25_dr0.07,0.82,nonbaseload_proxy,760.2244408589601,0.75,0.75,0.25,25,0.07,240.2362099230892,245.23369059966453,-4.9974806765753215,85.75863899846435,34.55059757110139,1306898.2026706282,-2515.981756181369
C_be0.82_nonbaseload_proxy_ep0.75_gp0.75_lf0.25_life40_dr0.01,0.82,nonbaseload_proxy,760.2244408589601,0.75,0.75,0.25,40,0.01,240.2362099230892,245.23369059966453,-4.9974806765753215,62.18833773189895,34.55059757110139,1332987.8579563056,-2515.981756181369
C_be0.82_nonbaseload_proxy_ep0.75_gp0.75_lf0.25_life40_dr0.03,0.82,nonbaseload_proxy,760.2244408589601,0.75,0.75,0.25,40,0.03,240.2362099230892,245.23369059966453,-4.9974806765753215,69.20108450379917,34.55059757110139,1321389.1619089474,-2515.981756181369
C_be0.82_nonbaseload_proxy_ep0.75_gp0.75_lf0.25_life40_dr0.05,0.82,nonbaseload_proxy,760.2244408589601,0.75,0.75,0.25,40,0.05,240.2362099230892,245.23369059966453,-4.9974806765753215,77.0909081864514,34.55059757110139,1313038.1074008,-2515.981756181369
C_be0.82_nonbaseload_proxy_ep0.75_gp0.75_lf0.25_life40_dr0.07,0.82,nonbaseload_proxy,760.2244408589601,0.75,0.75,0.25,40,0.07,240.2362099230892,245.23369059966453,-4.9974806765753215,85.75863899846435,34.55059757110139,1306898.2026706282,-2515.981756181369
C_be0.82_nonbaseload_proxy_ep0.75_gp0.75_lf0.50_life15_dr0.01,0.82,nonbaseload_proxy,760.2244408589601,0.75,0.75,0.5,15,0.01,240.2362099230892,245.23369059966453,-4.9974806765753215,59.80301623885801,34.55059757110139,2435884.2128413254,-2627.4651224211557
C_be0.82_nonbaseload_proxy_ep0.75_gp0.75_lf0.50_life15_dr0.03,0.82,nonbaseload_proxy,760.2244408589601,0.75,0.75,0.5,15,0.03,240.2362099230892,245.23369059966453,-4.9974806765753215,62.6530067845505,34.55059757110139,2143359.1412616055,-2627.4651224211557
C_be0.82_nonbaseload_proxy_ep0.75_gp0.75_lf0.50_life15_dr0.05,0.82,nonbaseload_proxy,760.2244408589601,0.75,0.75,0.5,15,0.05,240.2362099230892,245.23369059966453,-4.9974806765753215,65.80120580945582,34.55059757110139,1929146.2099294849,-2627.4651224211557
C_be0.82_nonbaseload_proxy_ep0.75_gp0.75_lf0.50_life15_dr0.07,0.82,nonbaseload_proxy,760.2244408589601,0.75,0.75,0.5,15,0.07,240.2362099230892,245.23369059966453,-4.9974806765753215,69.25194842660754,34.55059757110139,1771250.444234742,-2627.4651224211557
C_be0.82_nonbaseload_proxy_ep0.75_gp0.75_lf0.50_life25_dr0.01,0.82,nonbaseload_proxy,760.2244408589601,0.75,0.75,0.5,25,0.01,240.2362099230892,245.23369059966453,-4.9974806765753215,48.39492047484258,34.55059757110139,1335443.0734890336,-2627.4651224211557
C_be0.82_nonbaseload_proxy_ep0.75_gp0.75_lf0.50_life25_dr0.03,0.82,nonbaseload_proxy,760.2244408589601,0.75,0.75,0.5,25,0.03,240.2362099230892,245.23369059966453,-4.9974806765753215,51.9012938607927,34.55059757110139,1323330.4382304018,-2627.4651224211557
C_be0.82_nonbaseload_proxy_ep0.75_gp0.75_lf0.50_life25_dr0.05,0.82,nonbaseload_proxy,760.2244408589601,0.75,0.75,0.5,25,0.05,240.2362099230892,245.23369059966453,-4.9974806765753215,55.84620570211881,34.55059757110139,1314609.3477846198,-2627.4651224211557
C_be0.82_nonbaseload_proxy_ep0.75_gp0.75_lf0.50_life25_dr0.07,0.82,nonbaseload_proxy,760.2244408589601,0.75,0.75,0.5,25,0.07,240.2362099230892,245.23369059966453,-4.9974806765753215,60.18007110812529,34.55059757110139,1308197.3833520955,-2627.4651224211557
C_be0.82_nonbaseload_proxy_ep0.75_gp0.75_lf0.50_life40_dr0.01,0.82,nonbaseload_proxy,760.2244408589601,0.75,0.75,0.5,40,0.01,240.2362099230892,245.23369059966453,-4.9974806765753215,48.39492047484258,34.55059757110139,1335443.0734890336,-2627.4651224211557
C_be0.82_nonbaseload_proxy_ep0.75_gp0.75_lf0.50_life40_dr0.03,0.82,nonbaseload_proxy,760.2244408589601,0.75,0.75,0.5,40,0.03,240.2362099230892,245.23369059966453,-4.9974806765753215,51.9012938607927,34.55059757110139,1323330.4382304018,-2627.4651224211557
C_be0.82_nonbaseload_proxy_ep0.75_gp0.75_lf0.50_life40_dr0.05,0.82,nonbaseload_proxy,760.2244408589601,0.75,0.75,0.5,40,0.05,240.2362099230892,245.23369059966453,-4.9974806765753215,55.84620570211881,34.55059757110139,1314609.3477846198,-2627.4651224211557
C_be0.82_nonbaseload_proxy_ep0.75_gp0.75_lf0.50_life40_dr0.07,0.82,nonbaseload_proxy,760.2244408589601,0.75,0.75,0.5,40,0.07,240.2362099230892,245.23369059966453,-4.9974806765753215,60.18007110812529,34.55059757110139,1308197.3833520955,-2627.4651224211557
C_be0.82_nonbaseload_proxy_ep0.75_gp0.75_lf0.75_life15_dr0.01,0.82,nonbaseload_proxy,760.2244408589601,0.75,0.75,0.75,15,0.01,240.2362099230892,245.23369059966453,-4.9974806765753215,51.40251189850074,34.55059757110139,2438339.428374053,-2738.9484886609134
C_be0.82_nonbaseload_proxy_ep0.75_gp0.75_lf0.75_life15_dr0.03,0.82,nonbaseload_proxy,760.2244408589601,0.75,0.75,0.75,15,0.03,240.2362099230892,245.23369059966453,-4.9974806765753215,53.30250559562907,34.55059757110139,2145300.417583058,-2738.9484886609134
C_be0.82_nonbaseload_proxy_ep0.75_gp0.75_lf0.75_life15_dr0.05,0.82,nonbaseload_proxy,760.2244408589601,0.75,0.75,0.75,15,0.05,240.2362099230892,245.23369059966453,-4.9974806765753215,55.401304945565954,34.55059757110139,1930717.450313304,-2738.9484886609134
C_be0.82_nonbaseload_proxy_ep0.75_gp0.75_lf0.75_life15_dr0.07,0.82,nonbaseload_proxy,760.2244408589601,0.75,0.75,0.75,15,0.07,240.2362099230892,245.23369059966453,-4.9974806765753215,57.7018000236671,34.55059757110139,1772549.624916209,-2738.9484886609134
C_be0.82_nonbaseload_proxy_ep0.75_gp0.75_lf0.75_life25_dr0.01,0.82,nonbaseload_proxy,760.2244408589601,0.75,0.75,0.75,25,0.01,240.2362099230892,245.23369059966453,-4.9974806765753215,43.79711472249046,34.55059757110139,1337898.289021762,-2738.9484886609134
C_be0.82_nonbaseload_proxy_ep0.75_gp0.75_lf0.75_life25_dr0.03,0.82,nonbaseload_proxy,760.2244408589601,0.75,0.75,0.75,25,0.03,240.2362099230892,245.23369059966453,-4.9974806765753215,46.13469697979054,34.55059757110139,1325271.7145518553,-2738.9484886609134
C_be0.82_nonbaseload_proxy_ep0.75_gp0.75_lf0.75_life25_dr0.05,0.82,nonbaseload_proxy,760.2244408589601,0.75,0.75,0.75,25,0.05,240.2362099230892,245.23369059966453,-4.9974806765753215,48.764638207341285,34.55059757110139,1316180.588168439,-2738.9484886609134
C_be0.82_nonbaseload_proxy_ep0.75_gp0.75_lf0.75_life25_dr0.07,0.82,nonbaseload_proxy,760.2244408589601,0.75,0.75,0.75,25,0.07,240.2362099230892,245.23369059966453,-4.9974806765753215,51.6538818113456,34.55059757110139,1309496.5640335623,-2738.9484886609134
C_be0.82_nonbaseload_proxy_ep0.75_gp0.75_lf0.75_life40_dr0.01,0.82,nonbaseload_proxy,760.2244408589601,0.75,0.75,0.75,40,0.01,240.2362099230892,245.23369059966453,-4.9974806765753215,43.79711472249046,34.55059757110139,1337898.289021762,-2738.9484886609134
C_be0.82_nonbaseload_proxy_ep0.75_gp0.75_lf0.75_life40_dr0.03,0.82,nonbaseload_proxy,760.2244408589601,0.75,0.75,0.75,40,0.03,240.2362099230892,245.23369059966453,-4.9974806765753215,46.13469697979054,34.55059757110139,1325271.7145518553,-2738.9484886609134
C_be0.82_nonbaseload_proxy_ep0.75_gp0.75_lf0.75_life40_dr0.05,0.82,nonbaseload_proxy,760.2244408589601,0.75,0.75,0.75,40,0.05,240.2362099230892,245.23369059966453,-4.9974806765753215,48.764638207341285,34.55059757110139,1316180.588168439,-2738.9484886609134
C_be0.82_nonbaseload_proxy_ep0.75_gp0.75_lf0.75_life40_dr0.07,0.82,nonbaseload_proxy,760.2244408589601,0.75,0.75,0.75,40,0.07,240.2362099230892,245.23369059966453,-4.9974806765753215,51.6538818113456,34.55059757110139,1309496.5640335623,-2738.9484886609134
C_be0.82_nonbaseload_proxy_ep0.75_gp0.75_lf0.95_life15_dr0.01,0.82,nonbaseload_proxy,760.2244408589601,0.75,0.75,0.95,15,0.01,240.2362099230892,245.23369059966453,-4.9974806765753215,47.865457439402945,34.55059757110139,2440303.600800233,-2828.135181652673
C_be0.82_nonbaseload_proxy_ep0.75_gp0.75_lf0.95_life15_dr0.03,0.82,nonbaseload_proxy,760.2244408589601,0.75,0.75,0.95,15,0.03,240.2362099230892,245.23369059966453,-4.9974806765753215,49.36545246345163,34.55059757110139,2146853.438640222,-2828.135181652673
C_be0.82_nonbaseload_proxy_ep0.75_gp0.75_lf0.95_life15_dr0.05,0.82,nonbaseload_proxy,760.2244408589601,0.75,0.75,0.95,15,0.05,240.2362099230892,245.23369059966453,-4.9974806765753215,51.02239931866496,34.55059757110139,1931974.4426203594,-2828.135181652673
C_be0.82_nonbaseload_proxy_ep0.75_gp0.75_lf0.95_life15_dr0.07,0.82,nonbaseload_proxy,760.2244408589601,0.75,0.75,0.95,15,0.07,240.2362099230892,245.23369059966453,-4.9974806765753215,52.83857964348165,34.55059757110139,1773588.969461382,-2828.135181652673
C_be0.82_nonbaseload_proxy_ep0.75_gp0.75_lf0.95_life25_dr0.01,0.82,nonbaseload_proxy,760.2244408589601,0.75,0.75,0.95,25,0.01,240.2362099230892,245.23369059966453,-4.9974806765753215,41.861196510973784,34.55059757110139,1339862.461447943,-2828.135181652673
C_be0.82_nonbaseload_proxy_ep0.75_gp0.75_lf0.95_life25_dr0.03,0.82,nonbaseload_proxy,760.2244408589601,0.75,0.75,0.95,25,0.03,240.2362099230892,245.23369059966453,-4.9974806765753215,43.70665618778963,34.55059757110139,1326824.7356090182,-2828.135181652673
C_be0.82_nonbaseload_proxy_ep0.75_gp0.75_lf0.95_life25_dr0.05,0.82,nonbaseload_proxy,760.2244408589601,0.75,0.75,0.95,25,0.05,240.2362099230892,245.23369059966453,-4.9974806765753215,45.78292557796127,34.55059757110139,1317437.5804754943,-2828.135181652673
C_be0.82_nonbaseload_proxy_ep0.75_gp0.75_lf0.95_life25_dr0.07,0.82,nonbaseload_proxy,760.2244408589601,0.75,0.75,0.95,25,0.07,240.2362099230892,245.23369059966453,-4.9974806765753215,48.063907370596255,34.55059757110139,1310535.9085787353,-2828.135181652673
C_be0.82_nonbaseload_proxy_ep0.75_gp0.75_lf0.95_life40_dr0.01,0.82,nonbaseload_proxy,760.2244408589601,0.75,0.75,0.95,40,0.01,240.2362099230892,245.23369059966453,-4.9974806765753215,41.861196510973784,34.55059757110139,1339862.461447943,-2828.135181652673
C_be0.82_nonbaseload_proxy_ep0.75_gp0.75_lf0.95_life40_dr0.03,0.82,nonbaseload_proxy,760.2244408589601,0.75,0.75,0.95,40,0.03,240.2362099230892,245.23369059966453,-4.9974806765753215,43.70665618778963,34.55059757110139,1326824.7356090182,-2828.135181652673
C_be0.82_nonbaseload_proxy_ep0.75_gp0.75_lf0.95_life40_dr0.05,0.82,nonbaseload_proxy,760.2244408589601,0.75,0.75,0.95,40,0.05,240.2362099230892,245.23369059966453,-4.9974806765753215,45.78292557796127,34.55059757110139,1317437.5804754943,-2828.135181652673
C_be0.82_nonbaseload_proxy_ep0.75_gp0.75_lf0.95_life40_dr0.07,0.82,nonbaseload_proxy,760.2244408589601,0.75,0.75,0.95,40,0.07,240.2362099230892,245.23369059966453,-4.9974806765753215,48.063907370596255,34.55059757110139,1310535.9085787353,-2828.135181652673
C_be0.82_nonbaseload_proxy_ep0.75_gp1.00_lf0.25_life15_dr0.01,0.82,nonbaseload_proxy,760.2244408589601,0.75,1.0,0.25,15,0.01,240.2362099230892,245.23369059966453,-4.9974806765753215,85.00452925992978,46.06746342813519,1877962.368712339,22705.95447072266
C_be0.82_nonbaseload_proxy_ep0.75_gp1.00_lf0.25_life15_dr0.03,0.82,nonbaseload_proxy,760.2244408589601,0.75,1.0,0.25,15,0.03,240.2362099230892,245.23369059966453,-4.9974806765753215,90.70451035131477,46.06746342813519,1702224.5643610754,22705.95447072266
C_be0.82_nonbaseload_proxy_ep0.75_gp1.00_lf0.25_life15_dr0.05,0.82,nonbaseload_proxy,760.2244408589601,0.75,1.0,0.25,15,0.05,240.2362099230892,245.23369059966453,-4.9974806765753215,97.0009084011254,46.06746342813519,1572098.3985153637,22705.95447072266
C_be0.82_nonbaseload_proxy_ep0.75_gp1.00_lf0.25_life15_dr0.07,0.82,nonbaseload_proxy,760.2244408589601,0.75,1.0,0.25,15,0.07,240.2362099230892,245.23369059966453,-4.9974806765753215,103.90239363542885,46.06746342813519,1476025.3318164381,22705.95447072266
C_be0.82_nonbaseload_proxy_ep0.75_gp1.00_lf0.25_life25_dr0.01,0.82,nonbaseload_proxy,760.2244408589601,0.75,1.0,0.25,25,0.01,240.2362099230892,245.23369059966453,-4.9974806765753215,62.18833773189895,46.06746342813519,777521.2293600482,22705.95447072266
C_be0.82_nonbaseload_proxy_ep0.75_gp1.00_lf0.25_life25_dr0.03,0.82,nonbaseload_proxy,760.2244408589601,0.75,1.0,0.25,25,0.03,240.2362099230892,245.23369059966453,-4.9974806765753215,69.20108450379917,46.06746342813519,882195.8613298717,22705.95447072266
C_be0.82_nonbaseload_proxy_ep0.75_gp1.00_lf0.25_life25_dr0.05,0.82,nonbaseload_proxy,760.2244408589601,0.75,1.0,0.25,25,0.05,240.2362099230892,245.23369059966453,-4.9974806765753215,77.0909081864514,46.06746342813519,957561.5363704986,22705.95447072266
C_be0.82_nonbaseload_proxy_ep0.75_gp1.00_lf0.25_life25_dr0.07,0.82,nonbaseload_proxy,760.2244408589601,0.75,1.0,0.25,25,0.07,240.2362099230892,245.23369059966453,-4.9974806765753215,85.75863899846435,46.06746342813519,1012972.2709337915,22705.95447072266
C_be0.82_nonbaseload_proxy_ep0.75_gp1.00_lf0.25_life40_dr0.01,0.82,nonbaseload_proxy,760.2244408589601,0.75,1.0,0.25,40,0.01,240.2362099230892,245.23369059966453,-4.9974806765753215,62.18833773189895,46.06746342813519,777521.2293600482,22705.95447072266
C_be0.82_nonbaseload_proxy_ep0.75_gp1.00_lf0.25_life40_dr0.03,0.82,nonbaseload_proxy,760.2244408589601,0.75,1.0,0.25,40,0.03,240.2362099230892,245.23369059966453,-4.9974806765753215,69.20108450379917,46.06746342813519,882195.8613298717,22705.95447072266
C_be0.82_nonbaseload_proxy_ep0.75_gp1.00_lf0.25_life40_dr0.05,0.82,nonbaseload_proxy,760.2244408589601,0.75,1.0,0.25,40,0.05,240.2362099230892,245.23369059966453,-4.9974806765753215,77.0909081864514,46.06746342813519,957561.5363704986,22705.95447072266
C_be0.82_nonbaseload_proxy_ep0.75_gp1.00_lf0.25_life40_dr0.07,0.82,nonbaseload_proxy,760.2244408589601,0.75,1.0,0.25,40,0.07,240.2362099230892,245.23369059966453,-4.9974806765753215,85.75863899846435,46.06746342813519,1012972.2709337915,22705.95447072266
C_be0.82_nonbaseload_proxy_ep0.75_gp1.00_lf0.50_life15_dr0.01,0.82,nonbaseload_proxy,760.2244408589601,0.75,1.0,0.5,15,0.01,240.2362099230892,245.23369059966453,-4.9974806765753215,59.80301623885801,46.06746342813519,1324950.9556488106,47816.4073313869
C_be0.82_nonbaseload_proxy_ep0.75_gp1.00_lf0.50_life15_dr0.03,0.82,nonbaseload_proxy,760.2244408589601,0.75,1.0,0.5,15,0.03,240.2362099230892,245.23369059966453,-4.9974806765753215,62.6530067845505,46.06746342813519,1264972.5401034541,47816.4073313869
C_be0.82_nonbaseload_proxy_ep0.75_gp1.00_lf0.50_life15_dr0.05,0.82,nonbaseload_proxy,760.2244408589601,0.75,1.0,0.5,15,0.05,240.2362099230892,245.23369059966453,-4.9974806765753215,65.80120580945582,46.06746342813519,1218193.0678688819,47816.4073313869
C_be0.82_nonbaseload_proxy_ep0.75_gp1.00_lf0.50_life15_dr0.07,0.82,nonbaseload_proxy,760.2244408589601,0.75,1.0,0.5,15,0.07,240.2362099230892,245.23369059966453,-4.9974806765753215,69.25194842660754,46.06746342813519,1183398.5807610685,47816.4073313869
C_be0.82_nonbaseload_proxy_ep0.75_gp1.00_lf0.50_life25_dr0.01,0.82,nonbaseload_proxy,760.2244408589601,0.75,1.0,0.5,25,0.01,240.2362099230892,245.23369059966453,-4.9974806765753215,48.39492047484258,46.06746342813519,224509.81629651878,47816.4073313869
C_be0.82_nonbaseload_proxy_ep0.75_gp1.00_lf0.50_life25_dr0.03,0.82,nonbaseload_proxy,760.2244408589601,0.75,1.0,0.5,25,0.03,240.2362099230892,245.23369059966453,-4.9974806765753215,51.9012938607927,46.06746342813519,444943.83707225043,47816.4073313869
C_be0.82_nonbaseload_proxy_ep0.75_gp1.00_lf0.50_life25_dr0.05,0.82,nonbaseload_proxy,760.2244408589601,0.75,1.0,0.5,25,0.05,240.2362099230892,245.23369059966453,-4.9974806765753215,55.84620570211881,46.06746342813519,603656.2057240168,47816.4073313869
C_be0.82_nonbaseload_proxy_ep0.75_gp1.00_lf0.50_life25_dr0.07,0.82,nonbaseload_proxy,760.2244408589601,0.75,1.0,0.5,25,0.07,240.2362099230892,245.23369059966453,-4.9974806765753215,60.18007110812529,46.06746342813519,720345.5198784219,47816.4073313869
C_be0.82_nonbaseload_proxy_ep0.75_gp1.00_lf0.50_life40_dr0.01,0.82,nonbaseload_proxy,760.2244408589601,0.75,1.0,0.5,40,0.01,240.2362099230892,245.23369059966453,-4.9974806765753215,48.39492047484258,46.06746342813519,224509.81629651878,47816.4073313869
C_be0.82_nonbaseload_proxy_ep0.75_gp1.00_lf0.50_life40_dr0.03,0.82,nonbaseload_proxy,760.2244408589601,0.75,1.0,0.5,40,0.03,240.2362099230892,245.23369059966453,-4.9974806765753215,51.9012938607927,46.06746342813519,444943.83707225043,47816.4073313869
C_be0.82_nonbaseload_proxy_ep0.75_gp1.00_lf0.50_life40_dr0.05,0.82,nonbaseload_proxy,760.2244408589601,0.75,1.0,0.5,40,0.05,240.2362099230892,245.23369059966453,-4.9974806765753215,55.84620570211881,46.06746342813519,603656.2057240168,47816.4073313869
C_be0.82_nonbaseload_proxy_ep0.75_gp1.00_lf0.50_life40_dr0.07,0.82,nonbaseload_proxy,760.2244408589601,0.75,1.0,0.5,40,0.07,240.2362099230892,245.23369059966453,-4.9974806765753215,60.18007110812529,46.06746342813519,720345.5198784219,47816.4073313869
C_be0.82_nonbaseload_proxy_ep0.75_gp1.00_lf0.75_life15_dr0.01,0.82,nonbaseload_proxy,760.2244408589601,0.75,1.0,0.75,15,0.01,240.2362099230892,245.23369059966453,-4.9974806765753215,51.40251189850074,46.06746342813519,771939.5425852817,72926.86019205116
C_be0.82_nonbaseload_proxy_ep0.75_gp1.00_lf0.75_life15_dr0.03,0.82,nonbaseload_proxy,760.2244408589601,0.75,1.0,0.75,15,0.03,240.2362099230892,245.23369059966453,-4.9974806765753215,53.30250559562907,46.06746342813519,827720.5158458324,72926.86019205116
C_be0.82_nonbaseload_proxy_ep0.75_gp1.00_lf0.75_life15_dr0.05,0.82,nonbaseload_proxy,760.2244408589601,0.75,1.0,0.75,15,0.05,240.2362099230892,245.23369059966453,-4.9974806765753215,55.401304945565954,46.06746342813519,864287.7372223996,72926.86019205116
C_be0.82_nonbaseload_proxy_ep0.75_gp1.00_lf0.75_life15_dr0.07,0.82,nonbaseload_proxy,760.2244408589601,0.75,1.0,0.75,15,0.07,240.2362099230892,245.23369059966453,-4.9974806765753215,57.7018000236671,46.06746342813519,890771.8297056984,72926.86019205116
C_be0.82_nonbaseload_proxy_ep0.75_gp1.00_lf0.75_life25_dr0.01,0.82,nonbaseload_proxy,760.2244408589601,0.75,1.0,0.75,25,0.01,240.2362099230892,245.23369059966453,-4.9974806765753215,43.79711472249046,46.06746342813519,-328501.59676700924,72926.86019205116
C_be0.82_nonbaseload_proxy_ep0.75_gp1.00_lf0.75_life25_dr0.03,0.82,nonbaseload_proxy,760.2244408589601,0.75,1.0,0.75,25,0.03,240.2362099230892,245.23369059966453,-4.9974806765753215,46.13469697979054,46.06746342813519,7691.812814629637,72926.86019205116
C_be0.82_nonbaseload_proxy_ep0.75_gp1.00_lf0.75_life25_dr0.05,0.82,nonbaseload_proxy,760.2244408589601,0.75,1.0,0.75,25,0.05,240.2362099230892,245.23369059966453,-4.9974806765753215,48.764638207341285,46.06746342813519,249750.87507753447,72926.86019205116
C_be0.82_nonbaseload_proxy_ep0.75_gp1.00_lf0.75_life25_dr0.07,0.82,nonbaseload_proxy,760.2244408589601,0.75,1.0,0.75,25,0.07,240.2362099230892,245.23369059966453,-4.9974806765753215,51.6538818113456,46.06746342813519,427718.7688230518,72926.86019205116
C_be0.82_nonbaseload_proxy_ep0.75_gp1.00_lf0.75_life40_dr0.01,0.82,nonbaseload_proxy,760.2244408589601,0.75,1.0,0.75,40,0.01,240.2362099230892,245.23369059966453,-4.9974806765753215,43.79711472249046,46.06746342813519,-328501.59676700924,72926.86019205116
C_be0.82_nonbaseload_proxy_ep0.75_gp1.00_lf0.75_life40_dr0.03,0.82,nonbaseload_proxy,760.2244408589601,0.75,1.0,0.75,40,0.03,240.2362099230892,245.23369059966453,-4.9974806765753215,46.13469697979054,46.06746342813519,7691.812814629637,72926.86019205116
C_be0.82_nonbaseload_proxy_ep0.75_gp1.00_lf0.75_life40_dr0.05,0.82,nonbaseload_proxy,760.2244408589601,0.75,1.0,0.75,40,0.05,240.2362099230892,245.23369059966453,-4.9974806765753215,48.764638207341285,46.06746342813519,249750.87507753447,72926.86019205116
C_be0.82_nonbaseload_proxy_ep0.75_gp1.00_lf0.75_life40_dr0.07,0.82,nonbaseload_proxy,760.2244408589601,0.75,1.0,0.75,40,0.07,240.2362099230892,245.23369059966453,-4.9974806765753215,51.6538818113456,46.06746342813519,427718.7688230518,72926.86019205116
C_be0.82_nonbaseload_proxy_ep0.75_gp1.00_lf0.95_life15_dr0.01,0.82,nonbaseload_proxy,760.2244408589601,0.75,1.0,0.95,15,0.01,240.2362099230892,245.23369059966453,-4.9974806765753215,47.865457439402945,46.06746342813519,329530.4121344555,93015.2224805826
C_be0.82_nonbaseload_proxy_ep0.75_gp1.00_lf0.95_life15_dr0.03,0.82,nonbaseload_proxy,760.2244408589601,0.75,1.0,0.95,15,0.03,240.2362099230892,245.23369059966453,-4.9974806765753215,49.36545246345163,46.06746342813519,477918.89643973485,93015.2224805826
C_be0.82_nonbaseload_proxy_ep0.75_gp1.00_lf0.95_life15_dr0.05,0.82,nonbaseload_proxy,760.2244408589601,0.75,1.0,0.95,15,0.05,240.2362099230892,245.23369059966453,-4.9974806765753215,51.02239931866496,46.06746342813519,581163.4727052143,93015.2224805826
C_be0.82_nonbaseload_proxy_ep0.75_gp1.00_lf0.95_life15_dr0.07,0.82,nonbaseload_proxy,760.2244408589601,0.75,1.0,0.95,15,0.07,240.2362099230892,245.23369059966453,-4.9974806765753215,52.83857964348165,46.06746342813519,656670.428861402,93015.2224805826
C_be0.82_nonbaseload_proxy_ep0.75_gp1.00_lf0.95_life25_dr0.01,0.82,nonbaseload_proxy,760.2244408589601,0.75,1.0,0.95,25,0.01,240.2362099230892,245.23369059966453,-4.9974806765753215,41.861196510973784,46.06746342813519,-770910.7272178344,93015.2224805826
C_be0.82_nonbaseload_proxy_ep0.75_gp1.00_lf0.95_life25_dr0.03,0.82,nonbaseload_proxy,760.2244408589601,0.75,1.0,0.95,25,0.03,240.2362099230892,245.23369059966453,-4.9974806765753215,43.70665618778963,46.06746342813519,-342109.80659146886,93015.2224805826
C_be0.82_nonbaseload_proxy_ep0.75_gp1.00_lf0.95_life25_dr0.05,0.82,nonbaseload_proxy,760.2244408589601,0.75,1.0,0.95,25,0.05,240.2362099230892,245.23369059966453,-4.9974806765753215,45.78292557796127,46.06746342813519,-33373.38943965081,93015.2224805826
C_be0.82_nonbaseload_proxy_ep0.75_gp1.00_lf0.95_life25_dr0.07,0.82,nonbaseload_proxy,760.2244408589601,0.75,1.0,0.95,25,0.07,240.2362099230892,245.23369059966453,-4.9974806765753215,48.063907370596255,46.06746342813519,193617.36797875538,93015.2224805826
C_be0.82_nonbaseload_proxy_ep0.75_gp1.00_lf0.95_life40_dr0.01,0.82,nonbaseload_proxy,760.2244408589601,0.75,1.0,0.95,40,0.01,240.2362099230892,245.23369059966453,-4.9974806765753215,41.861196510973784,46.06746342813519,-770910.7272178344,93015.2224805826
C_be0.82_nonbaseload_proxy_ep0.75_gp1.00_lf0.95_life40_dr0.03,0.82,nonbaseload_proxy,760.2244408589601,0.75,1.0,0.95,40,0.03,240.2362099230892,245.23369059966453,-4.9974806765753215,43.70665618778963,46.06746342813519,-342109.80659146886,93015.2224805826
C_be0.82_nonbaseload_proxy_ep0.75_gp1.00_lf0.95_life40_dr0.05,0.82,nonbaseload_proxy,760.2244408589601,0.75,1.0,0.95,40,0.05,240.2362099230892,245.23369059966453,-4.9974806765753215,45.78292557796127,46.06746342813519,-33373.38943965081,93015.2224805826
C_be0.82_nonbaseload_proxy_ep0.75_gp1.00_lf0.95_life40_dr0.07,0.82,nonbaseload_proxy,760.2244408589601,0.75,1.0,0.95,40,0.07,240.2362099230892,245.23369059966453,-4.9974806765753215,48.063907370596255,46.06746342813519,193617.36797875538,93015.2224805826
C_be0.82_nonbaseload_proxy_ep0.75_gp1.25_lf0.25_life15_dr0.01,0.82,nonbaseload_proxy,760.2244408589601,0.75,1.25,0.25,15,0.01,240.2362099230892,245.23369059966453,-4.9974806765753215,85.00452925992978,57.58432928516899,1322495.7401160821,47927.89069762667
C_be0.82_nonbaseload_proxy_ep0.75_gp1.25_lf0.25_life15_dr0.03,0.82,nonbaseload_proxy,760.2244408589601,0.75,1.25,0.25,15,0.03,240.2362099230892,245.23369059966453,-4.9974806765753215,90.70451035131477,57.58432928516899,1263031.2637820002,47927.89069762667
C_be0.82_nonbaseload_proxy_ep0.75_gp1.25_lf0.25_life15_dr0.05,0.82,nonbaseload_proxy,760.2244408589601,0.75,1.25,0.25,15,0.05,240.2362099230892,245.23369059966453,-4.9974806765753215,97.0009084011254,57.58432928516899,1216621.8274850624,47927.89069762667
C_be0.82_nonbaseload_proxy_ep0.75_gp1.25_lf0.25_life15_dr0.07,0.82,nonbaseload_proxy,760.2244408589601,0.75,1.25,0.25,15,0.07,240.2362099230892,245.23369059966453,-4.9974806765753215,103.90239363542885,57.58432928516899,1182099.4000796012,47927.89069762667
C_be0.82_nonbaseload_proxy_ep0.75_gp1.25_lf0.25_life25_dr0.01,0.82,nonbaseload_proxy,760.2244408589601,0.75,1.25,0.25,25,0.01,240.2362099230892,245.23369059966453,-4.9974806765753215,62.18833773189895,57.58432928516899,222054.60076379124,47927.89069762667
C_be0.82_nonbaseload_proxy_ep0.75_gp1.25_lf0.25_life25_dr0.03,0.82,nonbaseload_proxy,760.2244408589601,0.75,1.25,0.25,25,0.03,240.2362099230892,245.23369059966453,-4.9974806765753215,69.20108450379917,57.58432928516899,443002.56075079646,47927.89069762667
C_be0.82_nonbaseload_proxy_ep0.75_gp1.25_lf0.25_life25_dr0.05,0.82,nonbaseload_proxy,760.2244408589601,0.75,1.25,0.25,25,0.05,240.2362099230892,245.23369059966453,-4.9974806765753215,77.0909081864514,57.58432928516899,602084.9653401973,47927.89069762667
C_be0.82_nonbaseload_proxy_ep0.75_gp1.25_lf0.25_life25_dr0.07,0.82,nonbaseload_proxy,760.2244408589601,0.75,1.25,0.25,25,0.07,240.2362099230892,245.23369059966453,-4.9974806765753215,85.75863899846435,57.58432928516899,719046.3391969546,47927.89069762667
C_be0.82_nonbaseload_proxy_ep0.75_gp1.25_lf0.25_life40_dr0.01,0.82,nonbaseload_proxy,760.2244408589601,0.75,1.25,0.25,40,0.01,240.2362099230892,245.23369059966453,-4.9974806765753215,62.18833773189895,57.58432928516899,222054.60076379124,47927.89069762667
C_be0.82_nonbaseload_proxy_ep0.75_gp1.25_lf0.25_life40_dr0.03,0.82,nonbaseload_proxy,760.2244408589601,0.75,1.25,0.25,40,0.03,240.2362099230892,245.23369059966453,-4.9974806765753215,69.20108450379917,57.58432928516899,443002.56075079646,47927.89069762667
C_be0.82_nonbaseload_proxy_ep0.75_gp1.25_lf0.25_life40_dr0.05,0.82,nonbaseload_proxy,760.2244408589601,0.75,1.25,0.25,40,0.05,240.2362099230892,245.23369059966453,-4.9974806765753215,77.0909081864514,57.58432928516899,602084.9653401973,47927.89069762667
C_be0.82_nonbaseload_proxy_ep0.75_gp1.25_lf0.25_life40_dr0.07,0.82,nonbaseload_proxy,760.2244408589601,0.75,1.25,0.25,40,0.07,240.2362099230892,245.23369059966453,-4.9974806765753215,85.75863899846435,57.58432928516899,719046.3391969546,47927.89069762667
C_be0.82_nonbaseload_proxy_ep0.75_gp1.25_lf0.50_life15_dr0.01,0.82,nonbaseload_proxy,760.2244408589601,0.75,1.25,0.5,15,0.01,240.2362099230892,245.23369059966453,-4.9974806765753215,59.80301623885801,57.58432928516899,214017.6984562967,98260.27978519493
C_be0.82_nonbaseload_proxy_ep0.75_gp1.25_lf0.50_life15_dr0.03,0.82,nonbaseload_proxy,760.2244408589601,0.75,1.25,0.5,15,0.03,240.2362099230892,245.23369059966453,-4.9974806765753215,62.6530067845505,57.58432928516899,386585.9389453037,98260.27978519493
C_be0.82_nonbaseload_proxy_ep0.75_gp1.25_lf0.50_life15_dr0.05,0.82,nonbaseload_proxy,760.2244408589601,0.75,1.25,0.5,15,0.05,240.2362099230892,245.23369059966453,-4.9974806765753215,65.80120580945582,57.58432928516899,507239.9258082793,98260.27978519493
C_be0.82_nonbaseload_proxy_ep0.75_gp1.25_lf0.50_life15_dr0.07,0.82,nonbaseload_proxy,760.2244408589601,0.75,1.25,0.5,15,0.07,240.2362099230892,245.23369059966453,-4.9974806765753215,69.25194842660754,57.58432928516899,595546.7172873947,98260.27978519493
C_be0.82_nonbaseload_proxy_ep0.75_gp1.25_lf0.50_life25_dr0.01,0.82,nonbaseload_proxy,760.2244408589601,0.75,1.25,0.5,25,0.01,240.2362099230892,245.23369059966453,-4.9974806765753215,48.39492047484258,57.58432928516899,-886423.4408959951,98260.27978519493
C_be0.82_nonbaseload_proxy_ep0.75_gp1.25_lf0.50_life25_dr0.03,0.82,nonbaseload_proxy,760.2244408589601,0.75,1.25,0.5,25,0.03,240.2362099230892,245.23369059966453,-4.9974806765753215,51.9012938607927,57.58432928516899,-433442.76408590004,98260.27978519493
C_be0.82_nonbaseload_proxy_ep0.75_gp1.25_lf0.50_life25_dr0.05,0.82,nonbaseload_proxy,760.2244408589601,0.75,1.25,0.5,25,0.05,240.2362099230892,245.23369059966453,-4.9974806765753215,55.84620570211881,57.58432928516899,-107296.93633658579,98260.27978519493
C_be0.82_nonbaseload_proxy_ep0.75_gp1.25_lf0.50_life25_dr0.07,0.82,nonbaseload_proxy,760.2244408589601,0.75,1.25,0.5,25,0.07,240.2362099230892,245.23369059966453,-4.9974806765753215,60.18007110812529,57.58432928516899,132493.6564047481,98260.27978519493
C_be0.82_nonbaseload_proxy_ep0.75_gp1.25_lf0.50_life40_dr0.01,0.82,nonbaseload_proxy,760.2244408589601,0.75,1.25,0.5,40,0.01,240.2362099230892,245.23369059966453,-4.9974806765753215,48.39492047484258,57.58432928516899,-886423.4408959951,98260.27978519493
C_be0.82_nonbaseload_proxy_ep0.75_gp1.25_lf0.50_life40_dr0.03,0.82,nonbaseload_proxy,760.2244408589601,0.75,1.25,0.5,40,0.03,240.2362099230892,245.23369059966453,-4.9974806765753215,51.9012938607927,57.58432928516899,-433442.76408590004,98260.27978519493
C_be0.82_nonbaseload_proxy_ep0.75_gp1.25_lf0.50_life40_dr0.05,0.82,nonbaseload_proxy,760.2244408589601,0.75,1.25,0.5,40,0.05,240.2362099230892,245.23369059966453,-4.9974806765753215,55.84620570211881,57.58432928516899,-107296.93633658579,98260.27978519493
C_be0.82_nonbaseload_proxy_ep0.75_gp1.25_lf0.50_life40_dr0.07,0.82,nonbaseload_proxy,760.2244408589601,0.75,1.25,0.5,40,0.07,240.2362099230892,245.23369059966453,-4.9974806765753215,60.18007110812529,57.58432928516899,132493.6564047481,98260.27978519493
C_be0.82_nonbaseload_proxy_ep0.75_gp1.25_lf0.75_life15_dr0.01,0.82,nonbaseload_proxy,760.2244408589601,0.75,1.25,0.75,15,0.01,240.2362099230892,245.23369059966453,-4.9974806765753215,51.40251189850074,57.58432928516899,-894460.3432034897,148592.66887276323
C_be0.82_nonbaseload_proxy_ep0.75_gp1.25_lf0.75_life15_dr0.03,0.82,nonbaseload_proxy,760.2244408589601,0.75,1.25,0.75,15,0.03,240.2362099230892,245.23369059966453,-4.9974806765753215,53.30250559562907,57.58432928516899,-489859.3858913947,148592.66887276323
C_be0.82_nonbaseload_proxy_ep0.75_gp1.25_lf0.75_life15_dr0.05,0.82,nonbaseload_proxy,760.2244408589601,0.75,1.25,0.75,15,0.05,240.2362099230892,245.23369059966453,-4.9974806765753215,55.401304945565954,57.58432928516899,-202141.9758685045,148592.66887276323
C_be0.82_nonbaseload_proxy_ep0.75_gp1.25_lf0.75_life15_dr0.07,0.82,nonbaseload_proxy,760.2244408589601,0.75,1.25,0.75,15,0.07,240.2362099230892,245.23369059966453,-4.9974806765753215,57.7018000236671,57.58432928516899,8994.034495187923,148592.66887276323
C_be0.82_nonbaseload_proxy_ep0.75_gp1.25_lf0.75_life25_dr0.01,0.82,nonbaseload_proxy,760.2244408589601,0.75,1.25,0.75,25,0.01,240.2362099230892,245.23369059966453,-4.9974806765753215,43.79711472249046,57.58432928516899,-1994901.4825557806,148592.66887276323
C_be0.82_nonbaseload_proxy_ep0.75_gp1.25_lf0.75_life25_dr0.03,0.82,nonbaseload_proxy,760.2244408589601,0.75,1.25,0.75,25,0.03,240.2362099230892,245.23369059966453,-4.9974806765753215,46.13469697979054,57.58432928516899,-1309888.0889225975,148592.66887276323
C_be0.82_nonbaseload_proxy_ep0.75_gp1.25_lf0.75_life25_dr0.05,0.82,nonbaseload_proxy,760.2244408589601,0.75,1.25,0.75,25,0.05,240.2362099230892,245.23369059966453,-4.9974806765753215,48.764638207341285,57.58432928516899,-816678.8380133696,148592.66887276323
C_be0.82_nonbaseload_proxy_ep0.75_gp1.25_lf0.75_life25_dr0.07,0.82,nonbaseload_proxy,760.2244408589601,0.75,1.25,0.75,25,0.07,240.2362099230892,245.23369059966453,-4.9974806765753215,51.6538818113456,57.58432928516899,-454059.02638745867,148592.66887276323
C_be0.82_nonbaseload_proxy_ep0.75_gp1.25_lf0.75_life40_dr0.01,0.82,nonbaseload_proxy,760.2244408589601,0.75,1.25,0.75,40,0.01,240.2362099230892,245.23369059966453,-4.9974806765753215,43.79711472249046,57.58432928516899,-1994901.4825557806,148592.66887276323
C_be0.82_nonbaseload_proxy_ep0.75_gp1.25_lf0.75_life40_dr0.03,0.82,nonbaseload_proxy,760.2244408589601,0.75,1.25,0.75,40,0.03,240.2362099230892,245.23369059966453,-4.9974806765753215,46.13469697979054,57.58432928516899,-1309888.0889225975,148592.66887276323
C_be0.82_nonbaseload_proxy_ep0.75_gp1.25_lf0.75_life40_dr0.05,0.82,nonbaseload_proxy,760.2244408589601,0.75,1.25,0.75,40,0.05,240.2362099230892,245.23369059966453,-4.9974806765753215,48.764638207341285,57.58432928516899,-816678.8380133696,148592.66887276323
C_be0.82_nonbaseload_proxy_ep0.75_gp1.25_lf0.75_life40_dr0.07,0.82,nonbaseload_proxy,760.2244408589601,0.75,1.25,0.75,40,0.07,240.2362099230892,245.23369059966453,-4.9974806765753215,51.6538818113456,57.58432928516899,-454059.02638745867,148592.66887276323
C_be0.82_nonbaseload_proxy_ep0.75_gp1.25_lf0.95_life15_dr0.01,0.82,nonbaseload_proxy,760.2244408589601,0.75,1.25,0.95,15,0.01,240.2362099230892,245.23369059966453,-4.9974806765753215,47.865457439402945,57.58432928516899,-1781242.77653132,188858.58014281787
C_be0.82_nonbaseload_proxy_ep0.75_gp1.25_lf0.95_life15_dr0.03,0.82,nonbaseload_proxy,760.2244408589601,0.75,1.25,0.95,15,0.03,240.2362099230892,245.23369059966453,-4.9974806765753215,49.36545246345163,57.58432928516899,-1191015.6457607513,188858.58014281787
C_be0.82_nonbaseload_proxy_ep0.75_gp1.25_lf0.95_life15_dr0.05,0.82,nonbaseload_proxy,760.2244408589601,0.75,1.25,0.95,15,0.05,240.2362099230892,245.23369059966453,-4.9974806765753215,51.02239931866496,57.58432928516899,-769647.4972099317,188858.58014281787
C_be0.82_nonbaseload_proxy_ep0.75_gp1.25_lf0.95_life15_dr0.07,0.82,nonbaseload_proxy,760.2244408589601,0.75,1.25,0.95,15,0.07,240.2362099230892,245.23369059966453,-4.9974806765753215,52.83857964348165,57.58432928516899,-460248.1117385784,188858.58014281787
C_be0.82_nonbaseload_proxy_ep0.75_gp1.25_lf0.95_life25_dr0.01,0.82,nonbaseload_proxy,760.2244408589601,0.75,1.25,0.95,25,0.01,240.2362099230892,245.23369059966453,-4.9974806765753215,41.861196510973784,57.58432928516899,-2881683.91588361,188858.58014281787
C_be0.82_nonbaseload_proxy_ep0.75_gp1.25_lf0.95_life25_dr0.03,0.82,nonbaseload_proxy,760.2244408589601,0.75,1.25,0.95,25,0.03,240.2362099230892,245.23369059966453,-4.9974806765753215,43.70665618778963,57.58432928516899,-2011044.348791955,188858.58014281787
C_be0.82_nonbaseload_proxy_ep0.75_gp1.25_lf0.95_life25_dr0.05,0.82,nonbaseload_proxy,760.2244408589601,0.75,1.25,0.95,25,0.05,240.2362099230892,245.23369059966453,-4.9974806765753215,45.78292557796127,57.58432928516899,-1384184.3593547968,188858.58014281787
C_be0.82_nonbaseload_proxy_ep0.75_gp1.25_lf0.95_life25_dr0.07,0.82,nonbaseload_proxy,760.2244408589601,0.75,1.25,0.95,25,0.07,240.2362099230892,245.23369059966453,-4.9974806765753215,48.063907370596255,57.58432928516899,-923301.172621225,188858.58014281787
C_be0.82_nonbaseload_proxy_ep0.75_gp1.25_lf0.95_life40_dr0.01,0.82,nonbaseload_proxy,760.2244408589601,0.75,1.25,0.95,40,0.01,240.2362099230892,245.23369059966453,-4.9974806765753215,41.861196510973784,57.58432928516899,-2881683.91588361,188858.58014281787
C_be0.82_nonbaseload_proxy_ep0.75_gp1.25_lf0.95_life40_dr0.03,0.82,nonbaseload_proxy,760.2244408589601,0.75,1.25,0.95,40,0.03,240.2362099230892,245.23369059966453,-4.9974806765753215,43.70665618778963,57.58432928516899,-2011044.348791955,188858.58014281787
C_be0.82_nonbaseload_proxy_ep0.75_gp1.25_lf0.95_life40_dr0.05,0.82,nonbaseload_proxy,760.2244408589601,0.75,1.25,0.95,40,0.05,240.2362099230892,245.23369059966453,-4.9974806765753215,45.78292557796127,57.58432928516899,-1384184.3593547968,188858.58014281787
C_be0.82_nonbaseload_proxy_ep0.75_gp1.25_lf0.95_life40_dr0.07,0.82,nonbaseload_proxy,760.2244408589601,0.75,1.25,0.95,40,0.07,240.2362099230892,245.23369059966453,-4.9974806765753215,48.063907370596255,57.58432928516899,-923301.172621225,188858.58014281787
C_be0.82_nonbaseload_proxy_ep1.00_gp0.75_lf0.25_life15_dr0.01,0.82,nonbaseload_proxy,760.2244408589601,1.0,0.75,0.25,15,0.01,240.2362099230892,245.23369059966453,-4.9974806765753215,95.38138299919186,34.55059757110139,2933912.0309339357,-25241.291445165305
C_be0.82_nonbaseload_proxy_ep1.00_gp0.75_lf0.25_life15_dr0.03,0.82,nonbaseload_proxy,760.2244408589601,1.0,0.75,0.25,15,0.03,240.2362099230892,245.23369059966453,-4.9974806765753215,101.08136409057683,34.55059757110139,2537137.0388844595,-25241.291445165305
C_be0.82_nonbaseload_proxy_ep1.00_gp0.75_lf0.25_life15_dr0.05,0.82,nonbaseload_proxy,760.2244408589601,1.0,0.75,0.25,15,0.05,240.2362099230892,245.23369059966453,-4.9974806765753215,107.37776214038749,34.55059757110139,2247864.224548405,-25241.291445165305
C_be0.82_nonbaseload_proxy_ep1.00_gp0.75_lf0.25_life15_dr0.07,0.82,nonbaseload_proxy,760.2244408589601,1.0,0.75,0.25,15,0.07,240.2362099230892,245.23369059966453,-4.9974806765753215,114.27924737469091,34.55059757110139,2034782.550265424,-25241.291445165305
C_be0.82_nonbaseload_proxy_ep1.00_gp0.75_lf0.25_life25_dr0.01,0.82,nonbaseload_proxy,760.2244408589601,1.0,0.75,0.25,25,0.01,240.2362099230892,245.23369059966453,-4.9974806765753215,72.56519147116101,34.55059757110139,1833470.8915816448,-25241.291445165305
C_be0.82_nonbaseload_proxy_ep1.00_gp0.75_lf0.25_life25_dr0.03,0.82,nonbaseload_proxy,760.2244408589601,1.0,0.75,0.25,25,0.03,240.2362099230892,245.23369059966453,-4.9974806765753215,79.57793824306123,34.55059757110139,1717108.3358532558,-25241.291445165305
C_be0.82_nonbaseload_proxy_ep1.00_gp0.75_lf0.25_life25_dr0.05,0.82,nonbaseload_proxy,760.2244408589601,1.0,0.75,0.25,25,0.05,240.2362099230892,245.23369059966453,-4.9974806765753215,87.46776192571348,34.55059757110139,1633327.36240354,-25241.291445165305
C_be0.82_nonbaseload_proxy_ep1.00_gp0.75_lf0.25_life25_dr0.07,0.82,nonbaseload_proxy,760.2244408589601,1.0,0.75,0.25,25,0.07,240.2362099230892,245.23369059966453,-4.9974806765753215,96.13549273772642,34.55059757110139,1571729.4893827778,-25241.291445165305
C_be0.82_nonbaseload_proxy_ep1.00_gp0.75_lf0.25_life40_dr0.01,0.82,nonbaseload_proxy,760.2244408589601,1.0,0.75,0.25,40,0.01,240.2362099230892,245.23369059966453,-4.9974806765753215,72.56519147116101,34.55059757110139,1833470.8915816448,-25241.291445165305
C_be0.82_nonbaseload_proxy_ep1.00_gp0.75_lf0.25_life40_dr0.03,0.82,nonbaseload_proxy,760.2244408589601,1.0,0.75,0.25,40,0.03,240.2362099230892,245.23369059966453,-4.9974806765753215,79.57793824306123,34.55059757110139,1717108.3358532558,-25241.291445165305
C_be0.82_nonbaseload_proxy_ep1.00_gp0.75_lf0.25_life40_dr0.05,0.82,nonbaseload_proxy,760.2244408589601,1.0,0.75,0.25,40,0.05,240.2362099230892,245.23369059966453,-4.9974806765753215,87.46776192571348,34.55059757110139,1633327.36240354,-25241.291445165305
C_be0.82_nonbaseload_proxy_ep1.00_gp0.75_lf0.25_life40_dr0.07,0.82,nonbaseload_proxy,760.2244408589601,1.0,0.75,0.25,40,0.07,240.2362099230892,245.23369059966453,-4.9974806765753215,96.13549273772642,34.55059757110139,1571729.4893827778,-25241.291445165305
C_be0.82_nonbaseload_proxy_ep1.00_gp0.75_lf0.50_life15_dr0.01,0.82,nonbaseload_proxy,760.2244408589601,1.0,0.75,0.5,15,0.01,240.2362099230892,245.23369059966453,-4.9974806765753215,70.17986997812007,34.55059757110139,3436850.280092003,-48078.08450038903
C_be0.82_nonbaseload_proxy_ep1.00_gp0.75_lf0.50_life15_dr0.03,0.82,nonbaseload_proxy,760.2244408589601,1.0,0.75,0.5,15,0.03,240.2362099230892,245.23369059966453,-4.9974806765753215,73.02986052381257,34.55059757110139,2934797.4891502233,-48078.08450038903
C_be0.82_nonbaseload_proxy_ep1.00_gp0.75_lf0.50_life15_dr0.05,0.82,nonbaseload_proxy,760.2244408589601,1.0,0.75,0.5,15,0.05,240.2362099230892,245.23369059966453,-4.9974806765753215,76.1780595487179,34.55059757110139,2569724.7199349646,-48078.08450038903
C_be0.82_nonbaseload_proxy_ep1.00_gp0.75_lf0.50_life15_dr0.07,0.82,nonbaseload_proxy,760.2244408589601,1.0,0.75,0.5,15,0.07,240.2362099230892,245.23369059966453,-4.9974806765753215,79.6288021658696,34.55059757110139,2300913.01765904,-48078.08450038903
C_be0.82_nonbaseload_proxy_ep1.00_gp0.75_lf0.50_life25_dr0.01,0.82,nonbaseload_proxy,760.2244408589601,1.0,0.75,0.5,25,0.01,240.2362099230892,245.23369059966453,-4.9974806765753215,58.77177421410465,34.55059757110139,2336409.140739712,-48078.08450038903
C_be0.82_nonbaseload_proxy_ep1.00_gp0.75_lf0.50_life25_dr0.03,0.82,nonbaseload_proxy,760.2244408589601,1.0,0.75,0.5,25,0.03,240.2362099230892,245.23369059966453,-4.9974806765753215,62.27814760005476,34.55059757110139,2114768.7861190187,-48078.08450038903
C_be0.82_nonbaseload_proxy_ep1.00_gp0.75_lf0.50_life25_dr0.05,0.82,nonbaseload_proxy,760.2244408589601,1.0,0.75,0.5,25,0.05,240.2362099230892,245.23369059966453,-4.9974806765753215,66.22305944138088,34.55059757110139,1955187.857790099,-48078.08450038903
C_be0.82_nonbaseload_proxy_ep1.00_gp0.75_lf0.50_life25_dr0.07,0.82,nonbaseload_proxy,760.2244408589601,1.0,0.75,0.5,25,0.07,240.2362099230892,245.23369059966453,-4.9974806765753215,70.55692484738735,34.55059757110139,1837859.9567763943,-48078.08450038903
C_be0.82_nonbaseload_proxy_ep1.00_gp0.75_lf0.50_life40_dr0.01,0.82,nonbaseload_proxy,760.2244408589601,1.0,0.75,0.5,40,0.01,240.2362099230892,245.23369059966453,-4.9974806765753215,58.77177421410465,34.55059757110139,2336409.140739712,-48078.08450038903
C_be0.82_nonbaseload_proxy_ep1.00_gp0.75_lf0.50_life40_dr0.03,0.82,nonbaseload_proxy,760.2244408589601,1.0,0.75,0.5,40,0.03,240.2362099230892,245.23369059966453,-4.9974806765753215,62.27814760005476,34.55059757110139,2114768.7861190187,-48078.08450038903
C_be0.82_nonbaseload_proxy_ep1.00_gp0.75_lf0.50_life40_dr0.05,0.82,nonbaseload_proxy,760.2244408589601,1.0,0.75,0.5,40,0.05,240.2362099230892,245.23369059966453,-4.9974806765753215,66.22305944138088,34.55059757110139,1955187.857790099,-48078.08450038903
C_be0.82_nonbaseload_proxy_ep1.00_gp0.75_lf0.50_life40_dr0.07,0.82,nonbaseload_proxy,760.2244408589601,1.0,0.75,0.5,40,0.07,240.2362099230892,245.23369059966453,-4.9974806765753215,70.55692484738735,34.55059757110139,1837859.9567763943,-48078.08450038903
C_be0.82_nonbaseload_proxy_ep1.00_gp0.75_lf0.75_life15_dr0.01,0.82,nonbaseload_proxy,760.2244408589601,1.0,0.75,0.75,15,0.01,240.2362099230892,245.23369059966453,-4.9974806765753215,61.779365637762815,34.55059757110139,3939788.5292500705,-70914.87755561271
C_be0.82_nonbaseload_proxy_ep1.00_gp0.75_lf0.75_life15_dr0.03,0.82,nonbaseload_proxy,760.2244408589601,1.0,0.75,0.75,15,0.03,240.2362099230892,245.23369059966453,-4.9974806765753215,63.679359334891146,34.55059757110139,3332457.9394159853,-70914.87755561271
C_be0.82_nonbaseload_proxy_ep1.00_gp0.75_lf0.75_life15_dr0.05,0.82,nonbaseload_proxy,760.2244408589601,1.0,0.75,0.75,15,0.05,240.2362099230892,245.23369059966453,-4.9974806765753215,65.77815868482803,34.55059757110139,2891585.2153215227,-70914.87755561271
C_be0.82_nonbaseload_proxy_ep1.00_gp0.75_lf0.75_life15_dr0.07,0.82,nonbaseload_proxy,760.2244408589601,1.0,0.75,0.75,15,0.07,240.2362099230892,245.23369059966453,-4.9974806765753215,68.07865376292916,34.55059757110139,2567043.4850526573,-70914.87755561271
C_be0.82_nonbaseload_proxy_ep1.00_gp0.75_lf0.75_life25_dr0.01,0.82,nonbaseload_proxy,760.2244408589601,1.0,0.75,0.75,25,0.01,240.2362099230892,245.23369059966453,-4.9974806765753215,54.17396846175253,34.55059757110139,2839347.3898977786,-70914.87755561271
C_be0.82_nonbaseload_proxy_ep1.00_gp0.75_lf0.75_life25_dr0.03,0.82,nonbaseload_proxy,760.2244408589601,1.0,0.75,0.75,25,0.03,240.2362099230892,245.23369059966453,-4.9974806765753215,56.511550719052615,34.55059757110139,2512429.2363847815,-70914.87755561271
C_be0.82_nonbaseload_proxy_ep1.00_gp0.75_lf0.75_life25_dr0.05,0.82,nonbaseload_proxy,760.2244408589601,1.0,0.75,0.75,25,0.05,240.2362099230892,245.23369059966453,-4.9974806765753215,59.14149194660335,34.55059757110139,2277048.3531766576,-70914.87755561271
C_be0.82_nonbaseload_proxy_ep1.00_gp0.75_lf0.75_life25_dr0.07,0.82,nonbaseload_proxy,760.2244408589601,1.0,0.75,0.75,25,0.07,240.2362099230892,245.23369059966453,-4.9974806765753215,62.030735550607666,34.55059757110139,2103990.4241700107,-70914.87755561271
C_be0.82_nonbaseload_proxy_ep1.00_gp0.75_lf0.75_life40_dr0.01,0.82,nonbaseload_proxy,760.2244408589601,1.0,0.75,0.75,40,0.01,240.2362099230892,245.23369059966453,-4.9974806765753215,54.17396846175253,34.55059757110139,2839347.3898977786,-70914.87755561271
C_be0.82_nonbaseload_proxy_ep1.00_gp0.75_lf0.75_life40_dr0.03,0.82,nonbaseload_proxy,760.2244408589601,1.0,0.75,0.75,40,0.03,240.2362099230892,245.23369059966453,-4.9974806765753215,56.511550719052615,34.55059757110139,2512429.2363847815,-70914.87755561271
C_be0.82_nonbaseload_proxy_ep1.00_gp0.75_lf0.75_life40_dr0.05,0.82,nonbaseload_proxy,760.2244408589601,1.0,0.75,0.75,40,0.05,240.2362099230892,245.23369059966453,-4.9974806765753215,59.14149194660335,34.55059757110139,2277048.3531766576,-70914.87755561271
C_be0.82_nonbaseload_proxy_ep1.00_gp0.75_lf0.75_life40_dr0.07,0.82,nonbaseload_proxy,760.2244408589601,1.0,0.75,0.75,40,0.07,240.2362099230892,245.23369059966453,-4.9974806765753215,62.030735550607666,34.55059757110139,2103990.4241700107,-70914.87755561271
C_be0.82_nonbaseload_proxy_ep1.00_gp0.75_lf0.95_life15_dr0.01,0.82,nonbaseload_proxy,760.2244408589601,1.0,0.75,0.95,15,0.01,240.2362099230892,245.23369059966453,-4.9974806765753215,58.24231117866503,34.55059757110139,4342139.128576523,-89184.31199979165
C_be0.82_nonbaseload_proxy_ep1.00_gp0.75_lf0.95_life15_dr0.03,0.82,nonbaseload_proxy,760.2244408589601,1.0,0.75,0.95,15,0.03,240.2362099230892,245.23369059966453,-4.9974806765753215,59.742306202713706,34.55059757110139,3650586.299628596,-89184.31199979165
C_be0.82_nonbaseload_proxy_ep1.00_gp0.75_lf0.95_life15_dr0.05,0.82,nonbaseload_proxy,760.2244408589601,1.0,0.75,0.95,15,0.05,240.2362099230892,245.23369059966453,-4.9974806765753215,61.39925305792703,34.55059757110139,3149073.6116307694,-89184.31199979165
C_be0.82_nonbaseload_proxy_ep1.00_gp0.75_lf0.95_life15_dr0.07,0.82,nonbaseload_proxy,760.2244408589601,1.0,0.75,0.95,15,0.07,240.2362099230892,245.23369059966453,-4.9974806765753215,63.215433382743726,34.55059757110139,2779947.8589675506,-89184.31199979165
C_be0.82_nonbaseload_proxy_ep1.00_gp0.75_lf0.95_life25_dr0.01,0.82,nonbaseload_proxy,760.2244408589601,1.0,0.75,0.95,25,0.01,240.2362099230892,245.23369059966453,-4.9974806765753215,52.23805025023585,34.55059757110139,3241697.989224231,-89184.31199979165
C_be0.82_nonbaseload_proxy_ep1.00_gp0.75_lf0.95_life25_dr0.03,0.82,nonbaseload_proxy,760.2244408589601,1.0,0.75,0.95,25,0.03,240.2362099230892,245.23369059966453,-4.9974806765753215,54.08350992705171,34.55059757110139,2830557.596597392,-89184.31199979165
C_be0.82_nonbaseload_proxy_ep1.00_gp0.75_lf0.95_life25_dr0.05,0.82,nonbaseload_proxy,760.2244408589601,1.0,0.75,0.95,25,0.05,240.2362099230892,245.23369059966453,-4.9974806765753215,56.15977931722334,34.55059757110139,2534536.7494859044,-89184.31199979165
C_be0.82_nonbaseload_proxy_ep1.00_gp0.75_lf0.95_life25_dr0.07,0.82,nonbaseload_proxy,760.2244408589601,1.0,0.75,0.95,25,0.07,240.2362099230892,245.23369059966453,-4.9974806765753215,58.44076110985833,34.55059757110139,2316894.798084904,-89184.31199979165
C_be0.82_nonbaseload_proxy_ep1.00_gp0.75_lf0.95_life40_dr0.01,0.82,nonbaseload_proxy,760.2244408589601,1.0,0.75,0.95,40,0.01,240.2362099230892,245.23369059966453,-4.9974806765753215,52.23805025023585,34.55059757110139,3241697.989224231,-89184.31199979165
C_be0.82_nonbaseload_proxy_ep1.00_gp0.75_lf0.95_life40_dr0.03,0.82,nonbaseload_proxy,760.2244408589601,1.0,0.75,0.95,40,0.03,240.2362099230892,245.23369059966453,-4.9974806765753215,54.08350992705171,34.55059757110139,2830557.596597392,-89184.31199979165
C_be0.82_nonbaseload_proxy_ep1.00_gp0.75_lf0.95_life40_dr0.05,0.82,nonbaseload_proxy,760.2244408589601,1.0,0.75,0.95,40,0.05,240.2362099230892,245.23369059966453,-4.9974806765753215,56.15977931722334,34.55059757110139,2534536.7494859044,-89184.31199979165
C_be0.82_nonbaseload_proxy_ep1.00_gp0.75_lf0.95_life40_dr0.07,0.82,nonbaseload_proxy,760.2244408589601,1.0,0.75,0.95,40,0.07,240.2362099230892,245.23369059966453,-4.9974806765753215,58.44076110985833,34.55059757110139,2316894.798084904,-89184.31199979165
C_be0.82_nonbaseload_proxy_ep1.00_gp1.00_lf0.25_life15_dr0.01,0.82,nonbaseload_proxy,760.2244408589601,1.0,1.0,0.25,15,0.01,240.2362099230892,245.23369059966453,-4.9974806765753215,95.38138299919186,46.06746342813519,2378445.4023376782,-19.355218261276605
C_be0.82_nonbaseload_proxy_ep1.00_gp1.00_lf0.25_life15_dr0.03,0.82,nonbaseload_proxy,760.2244408589601,1.0,1.0,0.25,15,0.03,240.2362099230892,245.23369059966453,-4.9974806765753215,101.08136409057683,46.06746342813519,2097943.738305384,-19.355218261276605
C_be0.82_nonbaseload_proxy_ep1.00_gp1.00_lf0.25_life15_dr0.05,0.82,nonbaseload_proxy,760.2244408589601,1.0,1.0,0.25,15,0.05,240.2362099230892,245.23369059966453,-4.9974806765753215,107.37776214038749,46.06746342813519,1892387.6535181035,-19.355218261276605
C_be0.82_nonbaseload_proxy_ep1.00_gp1.00_lf0.25_life15_dr0.07,0.82,nonbaseload_proxy,760.2244408589601,1.0,1.0,0.25,15,0.07,240.2362099230892,245.23369059966453,-4.9974806765753215,114.27924737469091,46.06746342813519,1740856.6185285873,-19.355218261276605
C_be0.82_nonbaseload_proxy_ep1.00_gp1.00_lf0.25_life25_dr0.01,0.82,nonbaseload_proxy,760.2244408589601,1.0,1.0,0.25,25,0.01,240.2362099230892,245.23369059966453,-4.9974806765753215,72.56519147116101,46.06746342813519,1278004.2629853874,-19.355218261276605
C_be0.82_nonbaseload_proxy_ep1.00_gp1.00_lf0.25_life25_dr0.03,0.82,nonbaseload_proxy,760.2244408589601,1.0,1.0,0.25,25,0.03,240.2362099230892,245.23369059966453,-4.9974806765753215,79.57793824306123,46.06746342813519,1277915.0352741801,-19.355218261276605
C_be0.82_nonbaseload_proxy_ep1.00_gp1.00_lf0.25_life25_dr0.05,0.82,nonbaseload_proxy,760.2244408589601,1.0,1.0,0.25,25,0.05,240.2362099230892,245.23369059966453,-4.9974806765753215,87.46776192571348,46.06746342813519,1277850.7913732384,-19.355218261276605
C_be0.82_nonbaseload_proxy_ep1.00_gp1.00_lf0.25_life25_dr0.07,0.82,nonbaseload_proxy,760.2244408589601,1.0,1.0,0.25,25,0.07,240.2362099230892,245.23369059966453,-4.9974806765753215,96.13549273772642,46.06746342813519,1277803.5576459412,-19.355218261276605
C_be0.82_nonbaseload_proxy_ep1.00_gp1.00_lf0.25_life40_dr0.01,0.82,nonbaseload_proxy,760.2244408589601,1.0,1.0,0.25,40,0.01,240.2362099230892,245.23369059966453,-4.9974806765753215,72.56519147116101,46.06746342813519,1278004.2629853874,-19.355218261276605
C_be0.82_nonbaseload_proxy_ep1.00_gp1.00_lf0.25_life40_dr0.03,0.82,nonbaseload_proxy,760.2244408589601,1.0,1.0,0.25,40,0.03,240.2362099230892,245.23369059966453,-4.9974806765753215,79.57793824306123,46.06746342813519,1277915.0352741801,-19.355218261276605
C_be0.82_nonbaseload_proxy_ep1.00_gp1.00_lf0.25_life40_dr0.05,0.82,nonbaseload_proxy,760.2244408589601,1.0,1.0,0.25,40,0.05,240.2362099230892,245.23369059966453,-4.9974806765753215,87.46776192571348,46.06746342813519,1277850.7913732384,-19.355218261276605
C_be0.82_nonbaseload_proxy_ep1.00_gp1.00_lf0.25_life40_dr0.07,0.82,nonbaseload_proxy,760.2244408589601,1.0,1.0,0.25,40,0.07,240.2362099230892,245.23369059966453,-4.9974806765753215,96.13549273772642,46.06746342813519,1277803.5576459412,-19.355218261276605
C_be0.82_nonbaseload_proxy_ep1.00_gp1.00_lf0.50_life15_dr0.01,0.82,nonbaseload_proxy,760.2244408589601,1.0,1.0,0.5,15,0.01,240.2362099230892,245.23369059966453,-4.9974806765753215,70.17986997812007,46.06746342813519,2325917.022899488,2365.787953419029
C_be0.82_nonbaseload_proxy_ep1.00_gp1.00_lf0.50_life15_dr0.03,0.82,nonbaseload_proxy,760.2244408589601,1.0,1.0,0.5,15,0.03,240.2362099230892,245.23369059966453,-4.9974806765753215,73.02986052381257,46.06746342813519,2056410.887992072,2365.787953419029
C_be0.82_nonbaseload_proxy_ep1.00_gp1.00_lf0.50_life15_dr0.05,0.82,nonbaseload_proxy,760.2244408589601,1.0,1.0,0.5,15,0.05,240.2362099230892,245.23369059966453,-4.9974806765753215,76.1780595487179,46.06746342813519,1858771.5778743615,2365.787953419029
C_be0.82_nonbaseload_proxy_ep1.00_gp1.00_lf0.50_life15_dr0.07,0.82,nonbaseload_proxy,760.2244408589601,1.0,1.0,0.5,15,0.07,240.2362099230892,245.23369059966453,-4.9974806765753215,79.6288021658696,46.06746342813519,1713061.1541853668,2365.787953419029
C_be0.82_nonbaseload_proxy_ep1.00_gp1.00_lf0.50_life25_dr0.01,0.82,nonbaseload_proxy,760.2244408589601,1.0,1.0,0.5,25,0.01,240.2362099230892,245.23369059966453,-4.9974806765753215,58.77177421410465,46.06746342813519,1225475.883547197,2365.787953419029
C_be0.82_nonbaseload_proxy_ep1.00_gp1.00_lf0.50_life25_dr0.03,0.82,nonbaseload_proxy,760.2244408589601,1.0,1.0,0.5,25,0.03,240.2362099230892,245.23369059966453,-4.9974806765753215,62.27814760005476,46.06746342813519,1236382.1849608673,2365.787953419029
C_be0.82_nonbaseload_proxy_ep1.00_gp1.00_lf0.50_life25_dr0.05,0.82,nonbaseload_proxy,760.2244408589601,1.0,1.0,0.5,25,0.05,240.2362099230892,245.23369059966453,-4.9974806765753215,66.22305944138088,46.06746342813519,1244234.715729496,2365.787953419029
C_be0.82_nonbaseload_proxy_ep1.00_gp1.00_lf0.50_life25_dr0.07,0.82,nonbaseload_proxy,760.2244408589601,1.0,1.0,0.5,25,0.07,240.2362099230892,245.23369059966453,-4.9974806765753215,70.55692484738735,46.06746342813519,1250008.0933027207,2365.787953419029
C_be0.82_nonbaseload_proxy_ep1.00_gp1.00_lf0.50_life40_dr0.01,0.82,nonbaseload_proxy,760.2244408589601,1.0,1.0,0.5,40,0.01,240.2362099230892,245.23369059966453,-4.9974806765753215,58.77177421410465,46.06746342813519,1225475.883547197,2365.787953419029
C_be0.82_nonbaseload_proxy_ep1.00_gp1.00_lf0.50_life40_dr0.03,0.82,nonbaseload_proxy,760.2244408589601,1.0,1.0,0.5,40,0.03,240.2362099230892,245.23369059966453,-4.9974806765753215,62.27814760005476,46.06746342813519,1236382.1849608673,2365.787953419029
C_be0.82_nonbaseload_proxy_ep1.00_gp1.00_lf0.50_life40_dr0.05,0.82,nonbaseload_proxy,760.2244408589601,1.0,1.0,0.5,40,0.05,240.2362099230892,245.23369059966453,-4.9974806765753215,66.22305944138088,46.06746342813519,1244234.715729496,2365.787953419029
C_be0.82_nonbaseload_proxy_ep1.00_gp1.00_lf0.50_life40_dr0.07,0.82,nonbaseload_proxy,760.2244408589601,1.0,1.0,0.5,40,0.07,240.2362099230892,245.23369059966453,-4.9974806765753215,70.55692484738735,46.06746342813519,1250008.0933027207,2365.787953419029
C_be0.82_nonbaseload_proxy_ep1.00_gp1.00_lf0.75_life15_dr0.01,0.82,nonbaseload_proxy,760.2244408589601,1.0,1.0,0.75,15,0.01,240.2362099230892,245.23369059966453,-4.9974806765753215,61.779365637762815,46.06746342813519,2273388.643461299,4750.931125099363
C_be0.82_nonbaseload_proxy_ep1.00_gp1.00_lf0.75_life15_dr0.03,0.82,nonbaseload_proxy,760.2244408589601,1.0,1.0,0.75,15,0.03,240.2362099230892,245.23369059966453,-4.9974806765753215,63.679359334891146,46.06746342813519,2014878.0376787595,4750.931125099363
C_be0.82_nonbaseload_proxy_ep1.00_gp1.00_lf0.75_life15_dr0.05,0.82,nonbaseload_proxy,760.2244408589601,1.0,1.0,0.75,15,0.05,240.2362099230892,245.23369059966453,-4.9974806765753215,65.77815868482803,46.06746342813519,1825155.5022306181,4750.931125099363
C_be0.82_nonbaseload_proxy_ep1.00_gp1.00_lf0.75_life15_dr0.07,0.82,nonbaseload_proxy,760.2244408589601,1.0,1.0,0.75,15,0.07,240.2362099230892,245.23369059966453,-4.9974806765753215,68.07865376292916,46.06746342813519,1685265.6898421468,4750.931125099363
C_be0.82_nonbaseload_proxy_ep1.00_gp1.00_lf0.75_life25_dr0.01,0.82,nonbaseload_proxy,760.2244408589601,1.0,1.0,0.75,25,0.01,240.2362099230892,245.23369059966453,-4.9974806765753215,54.17396846175253,46.06746342813519,1172947.5041090073,4750.931125099363
C_be0.82_nonbaseload_proxy_ep1.00_gp1.00_lf0.75_life25_dr0.03,0.82,nonbaseload_proxy,760.2244408589601,1.0,1.0,0.75,25,0.03,240.2362099230892,245.23369059966453,-4.9974806765753215,56.511550719052615,46.06746342813519,1194849.3346475558,4750.931125099363
C_be0.82_nonbaseload_proxy_ep1.00_gp1.00_lf0.75_life25_dr0.05,0.82,nonbaseload_proxy,760.2244408589601,1.0,1.0,0.75,25,0.05,240.2362099230892,245.23369059966453,-4.9974806765753215,59.14149194660335,46.06746342813519,1210618.640085753,4750.931125099363
C_be0.82_nonbaseload_proxy_ep1.00_gp1.00_lf0.75_life25_dr0.07,0.82,nonbaseload_proxy,760.2244408589601,1.0,1.0,0.75,25,0.07,240.2362099230892,245.23369059966453,-4.9974806765753215,62.030735550607666,46.06746342813519,1222212.6289595002,4750.931125099363
C_be0.82_nonbaseload_proxy_ep1.00_gp1.00_lf0.75_life40_dr0.01,0.82,nonbaseload_proxy,760.2244408589601,1.0,1.0,0.75,40,0.01,240.2362099230892,245.23369059966453,-4.9974806765753215,54.17396846175253,46.06746342813519,1172947.5041090073,4750.931125099363
C_be0.82_nonbaseload_proxy_ep1.00_gp1.00_lf0.75_life40_dr0.03,0.82,nonbaseload_proxy,760.2244408589601,1.0,1.0,0.75,40,0.03,240.2362099230892,245.23369059966453,-4.9974806765753215,56.511550719052615,46.06746342813519,1194849.3346475558,4750.931125099363
C_be0.82_nonbaseload_proxy_ep1.00_gp1.00_lf0.75_life40_dr0.05,0.82,nonbaseload_proxy,760.2244408589601,1.0,1.0,0.75,40,0.05,240.2362099230892,245.23369059966453,-4.9974806765753215,59.14149194660335,46.06746342813519,1210618.640085753,4750.931125099363
C_be0.82_nonbaseload_proxy_ep1.00_gp1.00_lf0.75_life40_dr0.07,0.82,nonbaseload_proxy,760.2244408589601,1.0,1.0,0.75,40,0.07,240.2362099230892,245.23369059966453,-4.9974806765753215,62.030735550607666,46.06746342813519,1222212.6289595002,4750.931125099363
C_be0.82_nonbaseload_proxy_ep1.00_gp1.00_lf0.95_life15_dr0.01,0.82,nonbaseload_proxy,760.2244408589601,1.0,1.0,0.95,15,0.01,240.2362099230892,245.23369059966453,-4.9974806765753215,58.24231117866503,46.06746342813519,2231365.9399107452,6659.045662443619
C_be0.82_nonbaseload_proxy_ep1.00_gp1.00_lf0.95_life15_dr0.03,0.82,nonbaseload_proxy,760.2244408589601,1.0,1.0,0.95,15,0.03,240.2362099230892,245.23369059966453,-4.9974806765753215,59.742306202713706,46.06746342813519,1981651.7574281087,6659.045662443619
C_be0.82_nonbaseload_proxy_ep1.00_gp1.00_lf0.95_life15_dr0.05,0.82,nonbaseload_proxy,760.2244408589601,1.0,1.0,0.95,15,0.05,240.2362099230892,245.23369059966453,-4.9974806765753215,61.39925305792703,46.06746342813519,1798262.6417156244,6659.045662443619
C_be0.82_nonbaseload_proxy_ep1.00_gp1.00_lf0.95_life15_dr0.07,0.82,nonbaseload_proxy,760.2244408589601,1.0,1.0,0.95,15,0.07,240.2362099230892,245.23369059966453,-4.9974806765753215,63.215433382743726,46.06746342813519,1663029.3183675706,6659.045662443619
C_be0.82_nonbaseload_proxy_ep1.00_gp1.00_lf0.95_life25_dr0.01,0.82,nonbaseload_proxy,760.2244408589601,1.0,1.0,0.95,25,0.01,240.2362099230892,245.23369059966453,-4.9974806765753215,52.23805025023585,46.06746342813519,1130924.8005584534,6659.045662443619
C_be0.82_nonbaseload_proxy_ep1.00_gp1.00_lf0.95_life25_dr0.03,0.82,nonbaseload_proxy,760.2244408589601,1.0,1.0,0.95,25,0.03,240.2362099230892,245.23369059966453,-4.9974806765753215,54.08350992705171,46.06746342813519,1161623.054396905,6659.045662443619
C_be0.82_nonbaseload_proxy_ep1.00_gp1.00_lf0.95_life25_dr0.05,0.82,nonbaseload_proxy,760.2244408589601,1.0,1.0,0.95,25,0.05,240.2362099230892,245.23369059966453,-4.9974806765753215,56.15977931722334,46.06746342813519,1183725.7795707593,6659.045662443619
C_be0.82_nonbaseload_proxy_ep1.00_gp1.00_lf0.95_life25_dr0.07,0.82,nonbaseload_proxy,760.2244408589601,1.0,1.0,0.95,25,0.07,240.2362099230892,245.23369059966453,-4.9974806765753215,58.44076110985833,46.06746342813519,1199976.257484924,6659.045662443619
C_be0.82_nonbaseload_proxy_ep1.00_gp1.00_lf0.95_life40_dr0.01,0.82,nonbaseload_proxy,760.2244408589601,1.0,1.0,0.95,40,0.01,240.2362099230892,245.23369059966453,-4.9974806765753215,52.23805025023585,46.06746342813519,1130924.8005584534,6659.045662443619
C_be0.82_nonbaseload_proxy_ep1.00_gp1.00_lf0.95_life40_dr0.03,0.82,nonbaseload_proxy,760.2244408589601,1.0,1.0,0.95,40,0.03,240.2362099230892,245.23369059966453,-4.9974806765753215,54.08350992705171,46.06746342813519,1161623.054396905,6659.045662443619
C_be0.82_nonbaseload_proxy_ep1.00_gp1.00_lf0.95_life40_dr0.05,0.82,nonbaseload_proxy,760.2244408589601,1.0,1.0,0.95,40,0.05,240.2362099230892,245.23369059966453,-4.9974806765753215,56.15977931722334,46.06746342813519,1183725.7795707593,6659.045662443619
C_be0.82_nonbaseload_proxy_ep1.00_gp1.00_lf0.95_life40_dr0.07,0.82,nonbaseload_proxy,760.2244408589601,1.0,1.0,0.95,40,0.07,240.2362099230892,245.23369059966453,-4.9974806765753215,58.44076110985833,46.06746342813519,1199976.257484924,6659.045662443619
C_be0.82_nonbaseload_proxy_ep1.00_gp1.25_lf0.25_life15_dr0.01,0.82,nonbaseload_proxy,760.2244408589601,1.0,1.25,0.25,15,0.01,240.2362099230892,245.23369059966453,-4.9974806765753215,95.38138299919186,57.58432928516899,1822978.7737414213,25202.581008642737
C_be0.82_nonbaseload_proxy_ep1.00_gp1.25_lf0.25_life15_dr0.03,0.82,nonbaseload_proxy,760.2244408589601,1.0,1.25,0.25,15,0.03,240.2362099230892,245.23369059966453,-4.9974806765753215,101.08136409057683,57.58432928516899,1658750.4377263086,25202.581008642737
C_be0.82_nonbaseload_proxy_ep1.00_gp1.25_lf0.25_life15_dr0.05,0.82,nonbaseload_proxy,760.2244408589601,1.0,1.25,0.25,15,0.05,240.2362099230892,245.23369059966453,-4.9974806765753215,107.37776214038749,57.58432928516899,1536911.0824878023,25202.581008642737
C_be0.82_nonbaseload_proxy_ep1.00_gp1.25_lf0.25_life15_dr0.07,0.82,nonbaseload_proxy,760.2244408589601,1.0,1.25,0.25,15,0.07,240.2362099230892,245.23369059966453,-4.9974806765753215,114.27924737469091,57.58432928516899,1446930.6867917504,25202.581008642737
C_be0.82_nonbaseload_proxy_ep1.00_gp1.25_lf0.25_life25_dr0.01,0.82,nonbaseload_proxy,760.2244408589601,1.0,1.25,0.25,25,0.01,240.2362099230892,245.23369059966453,-4.9974806765753215,72.56519147116101,57.58432928516899,722537.6343891304,25202.581008642737
C_be0.82_nonbaseload_proxy_ep1.00_gp1.25_lf0.25_life25_dr0.03,0.82,nonbaseload_proxy,760.2244408589601,1.0,1.25,0.25,25,0.03,240.2362099230892,245.23369059966453,-4.9974806765753215,79.57793824306123,57.58432928516899,838721.7346951049,25202.581008642737
C_be0.82_nonbaseload_proxy_ep1.00_gp1.25_lf0.25_life25_dr0.05,0.82,nonbaseload_proxy,760.2244408589601,1.0,1.25,0.25,25,0.05,240.2362099230892,245.23369059966453,-4.9974806765753215,87.46776192571348,57.58432928516899,922374.2203429372,25202.581008642737
C_be0.82_nonbaseload_proxy_ep1.00_gp1.25_lf0.25_life25_dr0.07,0.82,nonbaseload_proxy,760.2244408589601,1.0,1.25,0.25,25,0.07,240.2362099230892,245.23369059966453,-4.9974806765753215,96.13549273772642,57.58432928516899,983877.6259091042,25202.581008642737
C_be0.82_nonbaseload_proxy_ep1.00_gp1.25_lf0.25_life40_dr0.01,0.82,nonbaseload_proxy,760.2244408589601,1.0,1.25,0.25,40,0.01,240.2362099230892,245.23369059966453,-4.9974806765753215,72.56519147116101,57.58432928516899,722537.6343891304,25202.581008642737
C_be0.82_nonbaseload_proxy_ep1.00_gp1.25_lf0.25_life40_dr0.03,0.82,nonbaseload_proxy,760.2244408589601,1.0,1.25,0.25,40,0.03,240.2362099230892,245.23369059966453,-4.9974806765753215,79.57793824306123,57.58432928516899,838721.7346951049,25202.581008642737
C_be0.82_nonbaseload_proxy_ep1.00_gp1.25_lf0.25_life40_dr0.05,0.82,nonbaseload_proxy,760.2244408589601,1.0,1.25,0.25,40,0.05,240.2362099230892,245.23369059966453,-4.9974806765753215,87.46776192571348,57.58432928516899,922374.2203429372,25202.581008642737
C_be0.82_nonbaseload_proxy_ep1.00_gp1.25_lf0.25_life40_dr0.07,0.82,nonbaseload_proxy,760.2244408589601,1.0,1.25,0.25,40,0.07,240.2362099230892,245.23369059966453,-4.9974806765753215,96.13549273772642,57.58432928516899,983877.6259091042,25202.581008642737
C_be0.82_nonbaseload_proxy_ep1.00_gp1.25_lf0.50_life15_dr0.01,0.82,nonbaseload_proxy,760.2244408589601,1.0,1.25,0.5,15,0.01,240.2362099230892,245.23369059966453,-4.9974806765753215,70.17986997812007,57.58432928516899,1214983.765706974,52809.66040722706
C_be0.82_nonbaseload_proxy_ep1.00_gp1.25_lf0.50_life15_dr0.03,0.82,nonbaseload_proxy,760.2244408589601,1.0,1.25,0.5,15,0.03,240.2362099230892,245.23369059966453,-4.9974806765753215,73.02986052381257,57.58432928516899,1178024.2868339214,52809.66040722706
C_be0.82_nonbaseload_proxy_ep1.00_gp1.25_lf0.50_life15_dr0.05,0.82,nonbaseload_proxy,760.2244408589601,1.0,1.25,0.5,15,0.05,240.2362099230892,245.23369059966453,-4.9974806765753215,76.1780595487179,57.58432928516899,1147818.435813759,52809.66040722706
C_be0.82_nonbaseload_proxy_ep1.00_gp1.25_lf0.50_life15_dr0.07,0.82,nonbaseload_proxy,760.2244408589601,1.0,1.25,0.5,15,0.07,240.2362099230892,245.23369059966453,-4.9974806765753215,79.6288021658696,57.58432928516899,1125209.290711693,52809.66040722706
C_be0.82_nonbaseload_proxy_ep1.00_gp1.25_lf0.50_life25_dr0.01,0.82,nonbaseload_proxy,760.2244408589601,1.0,1.25,0.5,25,0.01,240.2362099230892,245.23369059966453,-4.9974806765753215,58.77177421410465,57.58432928516899,114542.62635468319,52809.66040722706
C_be0.82_nonbaseload_proxy_ep1.00_gp1.25_lf0.50_life25_dr0.03,0.82,nonbaseload_proxy,760.2244408589601,1.0,1.25,0.5,25,0.03,240.2362099230892,245.23369059966453,-4.9974806765753215,62.27814760005476,57.58432928516899,357995.5838027168,52809.66040722706
C_be0.82_nonbaseload_proxy_ep1.00_gp1.25_lf0.50_life25_dr0.05,0.82,nonbaseload_proxy,760.2244408589601,1.0,1.25,0.5,25,0.05,240.2362099230892,245.23369059966453,-4.9974806765753215,66.22305944138088,57.58432928516899,533281.5736688934,52809.66040722706
C_be0.82_nonbaseload_proxy_ep1.00_gp1.25_lf0.50_life25_dr0.07,0.82,nonbaseload_proxy,760.2244408589601,1.0,1.25,0.5,25,0.07,240.2362099230892,245.23369059966453,-4.9974806765753215,70.55692484738735,57.58432928516899,662156.2298290469,52809.66040722706
C_be0.82_nonbaseload_proxy_ep1.00_gp1.25_lf0.50_life40_dr0.01,0.82,nonbaseload_proxy,760.2244408589601,1.0,1.25,0.5,40,0.01,240.2362099230892,245.23369059966453,-4.9974806765753215,58.77177421410465,57.58432928516899,114542.62635468319,52809.66040722706
C_be0.82_nonbaseload_proxy_ep1.00_gp1.25_lf0.50_life40_dr0.03,0.82,nonbaseload_proxy,760.2244408589601,1.0,1.25,0.5,40,0.03,240.2362099230892,245.23369059966453,-4.9974806765753215,62.27814760005476,57.58432928516899,357995.5838027168,52809.66040722706
C_be0.82_nonbaseload_proxy_ep1.00_gp1.25_lf0.50_life40_dr0.05,0.82,nonbaseload_proxy,760.2244408589601,1.0,1.25,0.5,40,0.05,240.2362099230892,245.23369059966453,-4.9974806765753215,66.22305944138088,57.58432928516899,533281.5736688934,52809.66040722706
C_be0.82_nonbaseload_proxy_ep1.00_gp1.25_lf0.50_life40_dr0.07,0.82,nonbaseload_proxy,760.2244408589601,1.0,1.25,0.5,40,0.07,240.2362099230892,245.23369059966453,-4.9974806765753215,70.55692484738735,57.58432928516899,662156.2298290469,52809.66040722706
C_be0.82_nonbaseload_proxy_ep1.00_gp1.25_lf0.75_life15_dr0.01,0.82,nonbaseload_proxy,760.2244408589601,1.0,1.25,0.75,15,0.01,240.2362099230892,245.23369059966453,-4.9974806765753215,61.779365637762815,57.58432928516899,606988.7576725278,80416.73980581143
C_be0.82_nonbaseload_proxy_ep1.00_gp1.25_lf0.75_life15_dr0.03,0.82,nonbaseload_proxy,760.2244408589601,1.0,1.25,0.75,15,0.03,240.2362099230892,245.23369059966453,-4.9974806765753215,63.679359334891146,57.58432928516899,697298.1359415324,80416.73980581143
C_be0.82_nonbaseload_proxy_ep1.00_gp1.25_lf0.75_life15_dr0.05,0.82,nonbaseload_proxy,760.2244408589601,1.0,1.25,0.75,15,0.05,240.2362099230892,245.23369059966453,-4.9974806765753215,65.77815868482803,57.58432928516899,758725.7891397141,80416.73980581143
C_be0.82_nonbaseload_proxy_ep1.00_gp1.25_lf0.75_life15_dr0.07,0.82,nonbaseload_proxy,760.2244408589601,1.0,1.25,0.75,15,0.07,240.2362099230892,245.23369059966453,-4.9974806765753215,68.07865376292916,57.58432928516899,803487.8946316363,80416.73980581143
C_be0.82_nonbaseload_proxy_ep1.00_gp1.25_lf0.75_life25_dr0.01,0.82,nonbaseload_proxy,760.2244408589601,1.0,1.25,0.75,25,0.01,240.2362099230892,245.23369059966453,-4.9974806765753215,54.17396846175253,57.58432928516899,-493452.381679764,80416.73980581143
C_be0.82_nonbaseload_proxy_ep1.00_gp1.25_lf0.75_life25_dr0.03,0.82,nonbaseload_proxy,760.2244408589601,1.0,1.25,0.75,25,0.03,240.2362099230892,245.23369059966453,-4.9974806765753215,56.511550719052615,57.58432928516899,-122730.56708967127,80416.73980581143
C_be0.82_nonbaseload_proxy_ep1.00_gp1.25_lf0.75_life25_dr0.05,0.82,nonbaseload_proxy,760.2244408589601,1.0,1.25,0.75,25,0.05,240.2362099230892,245.23369059966453,-4.9974806765753215,59.14149194660335,57.58432928516899,144188.926994849,80416.73980581143
C_be0.82_nonbaseload_proxy_ep1.00_gp1.25_lf0.75_life25_dr0.07,0.82,nonbaseload_proxy,760.2244408589601,1.0,1.25,0.75,25,0.07,240.2362099230892,245.23369059966453,-4.9974806765753215,62.030735550607666,57.58432928516899,340434.83374898974,80416.73980581143
C_be0.82_nonbaseload_proxy_ep1.00_gp1.25_lf0.75_life40_dr0.01,0.82,nonbaseload_proxy,760.2244408589601,1.0,1.25,0.75,40,0.01,240.2362099230892,245.23369059966453,-4.9974806765753215,54.17396846175253,57.58432928516899,-493452.381679764,80416.73980581143
C_be0.82_nonbaseload_proxy_ep1.00_gp1.25_lf0.75_life40_dr0.03,0.82,nonbaseload_proxy,760.2244408589601,1.0,1.25,0.75,40,0.03,240.2362099230892,245.23369059966453,-4.9974806765753215,56.511550719052615,57.58432928516899,-122730.56708967127,80416.73980581143
C_be0.82_nonbaseload_proxy_ep1.00_gp1.25_lf0.75_life40_dr0.05,0.82,nonbaseload_proxy,760.2244408589601,1.0,1.25,0.75,40,0.05,240.2362099230892,245.23369059966453,-4.9974806765753215,59.14149194660335,57.58432928516899,144188.926994849,80416.73980581143
C_be0.82_nonbaseload_proxy_ep1.00_gp1.25_lf0.75_life40_dr0.07,0.82,nonbaseload_proxy,760.2244408589601,1.0,1.25,0.75,40,0.07,240.2362099230892,245.23369059966453,-4.9974806765753215,62.030735550607666,57.58432928516899,340434.83374898974,80416.73980581143
C_be0.82_nonbaseload_proxy_ep1.00_gp1.25_lf0.95_life15_dr0.01,0.82,nonbaseload_proxy,760.2244408589601,1.0,1.25,0.95,15,0.01,240.2362099230892,245.23369059966453,-4.9974806765753215,58.24231117866503,57.58432928516899,120592.75124496967,102502.40332467889
C_be0.82_nonbaseload_proxy_ep1.00_gp1.25_lf0.95_life15_dr0.03,0.82,nonbaseload_proxy,760.2244408589601,1.0,1.25,0.95,15,0.03,240.2362099230892,245.23369059966453,-4.9974806765753215,59.742306202713706,57.58432928516899,312717.21522762254,102502.40332467889
C_be0.82_nonbaseload_proxy_ep1.00_gp1.25_lf0.95_life15_dr0.05,0.82,nonbaseload_proxy,760.2244408589601,1.0,1.25,0.95,15,0.05,240.2362099230892,245.23369059966453,-4.9974806765753215,61.39925305792703,57.58432928516899,447451.67180047836,102502.40332467889
C_be0.82_nonbaseload_proxy_ep1.00_gp1.25_lf0.95_life15_dr0.07,0.82,nonbaseload_proxy,760.2244408589601,1.0,1.25,0.95,15,0.07,240.2362099230892,245.23369059966453,-4.9974806765753215,63.215433382743726,57.58432928516899,546110.7777675902,102502.40332467889
C_be0.82_nonbaseload_proxy_ep1.00_gp1.25_lf0.95_life25_dr0.01,0.82,nonbaseload_proxy,760.2244408589601,1.0,1.25,0.95,25,0.01,240.2362099230892,245.23369059966453,-4.9974806765753215,52.23805025023585,57.58432928516899,-979848.3881073222,102502.40332467889
C_be0.82_nonbaseload_proxy_ep1.00_gp1.25_lf0.95_life25_dr0.03,0.82,nonbaseload_proxy,760.2244408589601,1.0,1.25,0.95,25,0.03,240.2362099230892,245.23369059966453,-4.9974806765753215,54.08350992705171,57.58432928516899,-507311.48780358117,102502.40332467889
C_be0.82_nonbaseload_proxy_ep1.00_gp1.25_lf0.95_life25_dr0.05,0.82,nonbaseload_proxy,760.2244408589601,1.0,1.25,0.95,25,0.05,240.2362099230892,245.23369059966453,-4.9974806765753215,56.15977931722334,57.58432928516899,-167085.19034438673,102502.40332467889
C_be0.82_nonbaseload_proxy_ep1.00_gp1.25_lf0.95_life25_dr0.07,0.82,nonbaseload_proxy,760.2244408589601,1.0,1.25,0.95,25,0.07,240.2362099230892,245.23369059966453,-4.9974806765753215,58.44076110985833,57.58432928516899,83057.71688494366,102502.40332467889
C_be0.82_nonbaseload_proxy_ep1.00_gp1.25_lf0.95_life40_dr0.01,0.82,nonbaseload_proxy,760.2244408589601,1.0,1.25,0.95,40,0.01,240.2362099230892,245.23369059966453,-4.9974806765753215,52.23805025023585,57.58432928516899,-979848.3881073222,102502.40332467889
C_be0.82_nonbaseload_proxy_ep1.00_gp1.25_lf0.95_life40_dr0.03,0.82,nonbaseload_proxy,760.2244408589601,1.0,1.25,0.95,40,0.03,240.2362099230892,245.23369059966453,-4.9974806765753215,54.08350992705171,57.58432928516899,-507311.48780358117,102502.40332467889
C_be0.82_nonbaseload_proxy_ep1.00_gp1.25_lf0.95_life40_dr0.05,0.82,nonbaseload_proxy,760.2244408589601,1.0,1.25,0.95,40,0.05,240.2362099230892,245.23369059966453,-4.9974806765753215,56.15977931722334,57.58432928516899,-167085.19034438673,102502.40332467889
C_be0.82_nonbaseload_proxy_ep1.00_gp1.25_lf0.95_life40_dr0.07,0.82,nonbaseload_proxy,760.2244408589601,1.0,1.25,0.95,40,0.07,240.2362099230892,245.23369059966453,-4.9974806765753215,58.44076110985833,57.58432928516899,83057.71688494366,102502.40332467889
C_be0.82_nonbaseload_proxy_ep1.25_gp0.75_lf0.25_life15_dr0.01,0.82,nonbaseload_proxy,760.2244408589601,1.25,0.75,0.25,15,0.01,240.2362099230892,245.23369059966453,-4.9974806765753215,105.75823673845393,34.55059757110139,3434395.064559275,-47966.601134149256
C_be0.82_nonbaseload_proxy_ep1.25_gp0.75_lf0.25_life15_dr0.03,0.82,nonbaseload_proxy,760.2244408589601,1.25,0.75,0.25,15,0.03,240.2362099230892,245.23369059966453,-4.9974806765753215,111.45821782983892,34.55059757110139,2932856.212828769,-47966.601134149256
C_be0.82_nonbaseload_proxy_ep1.25_gp0.75_lf0.25_life15_dr0.05,0.82,nonbaseload_proxy,760.2244408589601,1.25,0.75,0.25,15,0.05,240.2362099230892,245.23369059966453,-4.9974806765753215,117.75461587964955,34.55059757110139,2568153.4795511444,-47966.601134149256
C_be0.82_nonbaseload_proxy_ep1.25_gp0.75_lf0.25_life15_dr0.07,0.82,nonbaseload_proxy,760.2244408589601,1.25,0.75,0.25,15,0.07,240.2362099230892,245.23369059966453,-4.9974806765753215,124.656101113953,34.55059757110139,2299613.836977574,-47966.601134149256
C_be0.82_nonbaseload_proxy_ep1.25_gp0.75_lf0.25_life25_dr0.01,0.82,nonbaseload_proxy,760.2244408589601,1.25,0.75,0.25,25,0.01,240.2362099230892,245.23369059966453,-4.9974806765753215,82.9420452104231,34.55059757110139,2333953.9252069844,-47966.601134149256
C_be0.82_nonbaseload_proxy_ep1.25_gp0.75_lf0.25_life25_dr0.03,0.82,nonbaseload_proxy,760.2244408589601,1.25,0.75,0.25,25,0.03,240.2362099230892,245.23369059966453,-4.9974806765753215,89.95479198232331,34.55059757110139,2112827.509797565,-47966.601134149256
C_be0.82_nonbaseload_proxy_ep1.25_gp0.75_lf0.25_life25_dr0.05,0.82,nonbaseload_proxy,760.2244408589601,1.25,0.75,0.25,25,0.05,240.2362099230892,245.23369059966453,-4.9974806765753215,97.84461566497555,34.55059757110139,1953616.6174062793,-47966.601134149256
C_be0.82_nonbaseload_proxy_ep1.25_gp0.75_lf0.25_life25_dr0.07,0.82,nonbaseload_proxy,760.2244408589601,1.25,0.75,0.25,25,0.07,240.2362099230892,245.23369059966453,-4.9974806765753215,106.5123464769885,34.55059757110139,1836560.7760949275,-47966.601134149256
C_be0.82_nonbaseload_proxy_ep1.25_gp0.75_lf0.25_life40_dr0.01,0.82,nonbaseload_proxy,760.2244408589601,1.25,0.75,0.25,40,0.01,240.2362099230892,245.23369059966453,-4.9974806765753215,82.9420452104231,34.55059757110139,2333953.9252069844,-47966.601134149256
C_be0.82_nonbaseload_proxy_ep1.25_gp0.75_lf0.25_life40_dr0.03,0.82,nonbaseload_proxy,760.2244408589601,1.25,0.75,0.25,40,0.03,240.2362099230892,245.23369059966453,-4.9974806765753215,89.95479198232331,34.55059757110139,2112827.509797565,-47966.601134149256
C_be0.82_nonbaseload_proxy_ep1.25_gp0.75_lf0.25_life40_dr0.05,0.82,nonbaseload_proxy,760.2244408589601,1.25,0.75,0.25,40,0.05,240.2362099230892,245.23369059966453,-4.9974806765753215,97.84461566497555,34.55059757110139,1953616.6174062793,-47966.601134149256
C_be0.82_nonbaseload_proxy_ep1.25_gp0.75_lf0.25_life40_dr0.07,0.82,nonbaseload_proxy,760.2244408589601,1.25,0.75,0.25,40,0.07,240.2362099230892,245.23369059966453,-4.9974806765753215,106.5123464769885,34.55059757110139,1836560.7760949275,-47966.601134149256
C_be0.82_nonbaseload_proxy_ep1.25_gp0.75_lf0.50_life15_dr0.01,0.82,nonbaseload_proxy,760.2244408589601,1.25,0.75,0.5,15,0.01,240.2362099230892,245.23369059966453,-4.9974806765753215,80.55672371738216,34.55059757110139,4437816.347342682,-93528.70387835693
C_be0.82_nonbaseload_proxy_ep1.25_gp0.75_lf0.50_life15_dr0.03,0.82,nonbaseload_proxy,760.2244408589601,1.25,0.75,0.5,15,0.03,240.2362099230892,245.23369059966453,-4.9974806765753215,83.40671426307465,34.55059757110139,3726235.837038841,-93528.70387835693
C_be0.82_nonbaseload_proxy_ep1.25_gp0.75_lf0.50_life15_dr0.05,0.82,nonbaseload_proxy,760.2244408589601,1.25,0.75,0.5,15,0.05,240.2362099230892,245.23369059966453,-4.9974806765753215,86.55491328797996,34.55059757110139,3210303.2299404433,-93528.70387835693
C_be0.82_nonbaseload_proxy_ep1.25_gp0.75_lf0.50_life15_dr0.07,0.82,nonbaseload_proxy,760.2244408589601,1.25,0.75,0.5,15,0.07,240.2362099230892,245.23369059966453,-4.9974806765753215,90.00565590513169,34.55059757110139,2830575.5910833403,-93528.70387835693
C_be0.82_nonbaseload_proxy_ep1.25_gp0.75_lf0.50_life25_dr0.01,0.82,nonbaseload_proxy,760.2244408589601,1.25,0.75,0.5,25,0.01,240.2362099230892,245.23369059966453,-4.9974806765753215,69.14862795336674,34.55059757110139,3337375.207990391,-93528.70387835693
C_be0.82_nonbaseload_proxy_ep1.25_gp0.75_lf0.50_life25_dr0.03,0.82,nonbaseload_proxy,760.2244408589601,1.25,0.75,0.5,25,0.03,240.2362099230892,245.23369059966453,-4.9974806765753215,72.65500133931684,34.55059757110139,2906207.1340076374,-93528.70387835693
C_be0.82_nonbaseload_proxy_ep1.25_gp0.75_lf0.50_life25_dr0.05,0.82,nonbaseload_proxy,760.2244408589601,1.25,0.75,0.5,25,0.05,240.2362099230892,245.23369059966453,-4.9974806765753215,76.59991318064296,34.55059757110139,2595766.367795578,-93528.70387835693
C_be0.82_nonbaseload_proxy_ep1.25_gp0.75_lf0.50_life25_dr0.07,0.82,nonbaseload_proxy,760.2244408589601,1.25,0.75,0.5,25,0.07,240.2362099230892,245.23369059966453,-4.9974806765753215,80.93377858664944,34.55059757110139,2367522.5302006938,-93528.70387835693
C_be0.82_nonbaseload_proxy_ep1.25_gp0.75_lf0.50_life40_dr0.01,0.82,nonbaseload_proxy,760.2244408589601,1.25,0.75,0.5,40,0.01,240.2362099230892,245.23369059966453,-4.9974806765753215,69.14862795336674,34.55059757110139,3337375.207990391,-93528.70387835693
C_be0.82_nonbaseload_proxy_ep1.25_gp0.75_lf0.50_life40_dr0.03,0.82,nonbaseload_proxy,760.2244408589601,1.25,0.75,0.5,40,0.03,240.2362099230892,245.23369059966453,-4.9974806765753215,72.65500133931684,34.55059757110139,2906207.1340076374,-93528.70387835693
C_be0.82_nonbaseload_proxy_ep1.25_gp0.75_lf0.50_life40_dr0.05,0.82,nonbaseload_proxy,760.2244408589601,1.25,0.75,0.5,40,0.05,240.2362099230892,245.23369059966453,-4.9974806765753215,76.59991318064296,34.55059757110139,2595766.367795578,-93528.70387835693
C_be0.82_nonbaseload_proxy_ep1.25_gp0.75_lf0.50_life40_dr0.07,0.82,nonbaseload_proxy,760.2244408589601,1.25,0.75,0.5,40,0.07,240.2362099230892,245.23369059966453,-4.9974806765753215,80.93377858664944,34.55059757110139,2367522.5302006938,-93528.70387835693
C_be0.82_nonbaseload_proxy_ep1.25_gp0.75_lf0.75_life15_dr0.01,0.82,nonbaseload_proxy,760.2244408589601,1.25,0.75,0.75,15,0.01,240.2362099230892,245.23369059966453,-4.9974806765753215,72.15621937702487,34.55059757110139,5441237.630126085,-139090.8066225645
C_be0.82_nonbaseload_proxy_ep1.25_gp0.75_lf0.75_life15_dr0.03,0.82,nonbaseload_proxy,760.2244408589601,1.25,0.75,0.75,15,0.03,240.2362099230892,245.23369059966453,-4.9974806765753215,74.0562130741532,34.55059757110139,4519615.46124891,-139090.8066225645
C_be0.82_nonbaseload_proxy_ep1.25_gp0.75_lf0.75_life15_dr0.05,0.82,nonbaseload_proxy,760.2244408589601,1.25,0.75,0.75,15,0.05,240.2362099230892,245.23369059966453,-4.9974806765753215,76.15501242409009,34.55059757110139,3852452.9803297403,-139090.8066225645
C_be0.82_nonbaseload_proxy_ep1.25_gp0.75_lf0.75_life15_dr0.07,0.82,nonbaseload_proxy,760.2244408589601,1.25,0.75,0.75,15,0.07,240.2362099230892,245.23369059966453,-4.9974806765753215,78.45550750219124,34.55059757110139,3361537.3451891057,-139090.8066225645
C_be0.82_nonbaseload_proxy_ep1.25_gp0.75_lf0.75_life25_dr0.01,0.82,nonbaseload_proxy,760.2244408589601,1.25,0.75,0.75,25,0.01,240.2362099230892,245.23369059966453,-4.9974806765753215,64.5508222010146,34.55059757110139,4340796.490773795,-139090.8066225645
C_be0.82_nonbaseload_proxy_ep1.25_gp0.75_lf0.75_life25_dr0.03,0.82,nonbaseload_proxy,760.2244408589601,1.25,0.75,0.75,25,0.03,240.2362099230892,245.23369059966453,-4.9974806765753215,66.88840445831468,34.55059757110139,3699586.7582177077,-139090.8066225645
C_be0.82_nonbaseload_proxy_ep1.25_gp0.75_lf0.75_life25_dr0.05,0.82,nonbaseload_proxy,760.2244408589601,1.25,0.75,0.75,25,0.05,240.2362099230892,245.23369059966453,-4.9974806765753215,69.51834568586541,34.55059757110139,3237916.118184875,-139090.8066225645
C_be0.82_nonbaseload_proxy_ep1.25_gp0.75_lf0.75_life25_dr0.07,0.82,nonbaseload_proxy,760.2244408589601,1.25,0.75,0.75,25,0.07,240.2362099230892,245.23369059966453,-4.9974806765753215,72.40758928986973,34.55059757110139,2898484.284306459,-139090.8066225645
C_be0.82_nonbaseload_proxy_ep1.25_gp0.75_lf0.75_life40_dr0.01,0.82,nonbaseload_proxy,760.2244408589601,1.25,0.75,0.75,40,0.01,240.2362099230892,245.23369059966453,-4.9974806765753215,64.5508222010146,34.55059757110139,4340796.490773795,-139090.8066225645
C_be0.82_nonbaseload_proxy_ep1.25_gp0.75_lf0.75_life40_dr0.03,0.82,nonbaseload_proxy,760.2244408589601,1.25,0.75,0.75,40,0.03,240.2362099230892,245.23369059966453,-4.9974806765753215,66.88840445831468,34.55059757110139,3699586.7582177077,-139090.8066225645
C_be0.82_nonbaseload_proxy_ep1.25_gp0.75_lf0.75_life40_dr0.05,0.82,nonbaseload_proxy,760.2244408589601,1.25,0.75,0.75,40,0.05,240.2362099230892,245.23369059966453,-4.9974806765753215,69.51834568586541,34.55059757110139,3237916.118184875,-139090.8066225645
C_be0.82_nonbaseload_proxy_ep1.25_gp0.75_lf0.75_life40_dr0.07,0.82,nonbaseload_proxy,760.2244408589601,1.25,0.75,0.75,40,0.07,240.2362099230892,245.23369059966453,-4.9974806765753215,72.40758928986973,34.55059757110139,2898484.284306459,-139090.8066225645
C_be0.82_nonbaseload_proxy_ep1.25_gp0.75_lf0.95_life15_dr0.01,0.82,nonbaseload_proxy,760.2244408589601,1.25,0.75,0.95,15,0.01,240.2362099230892,245.23369059966453,-4.9974806765753215,68.61916491792711,34.55059757110139,6243974.656352812,-175540.48881793063
C_be0.82_nonbaseload_proxy_ep1.25_gp0.75_lf0.95_life15_dr0.03,0.82,nonbaseload_proxy,760.2244408589601,1.25,0.75,0.95,15,0.03,240.2362099230892,245.23369059966453,-4.9974806765753215,70.11915994197578,34.55059757110139,5154319.160616969,-175540.48881793063
C_be0.82_nonbaseload_proxy_ep1.25_gp0.75_lf0.95_life15_dr0.05,0.82,nonbaseload_proxy,760.2244408589601,1.25,0.75,0.95,15,0.05,240.2362099230892,245.23369059966453,-4.9974806765753215,71.7761067971891,34.55059757110139,4366172.7806411795,-175540.48881793063
C_be0.82_nonbaseload_proxy_ep1.25_gp0.75_lf0.95_life15_dr0.07,0.82,nonbaseload_proxy,760.2244408589601,1.25,0.75,0.95,15,0.07,240.2362099230892,245.23369059966453,-4.9974806765753215,73.59228712200579,34.55059757110139,3786306.7484737183,-175540.48881793063
C_be0.82_nonbaseload_proxy_ep1.25_gp0.75_lf0.95_life25_dr0.01,0.82,nonbaseload_proxy,760.2244408589601,1.25,0.75,0.95,25,0.01,240.2362099230892,245.23369059966453,-4.9974806765753215,62.61490398949793,34.55059757110139,5143533.517000521,-175540.48881793063
C_be0.82_nonbaseload_proxy_ep1.25_gp0.75_lf0.95_life25_dr0.03,0.82,nonbaseload_proxy,760.2244408589601,1.25,0.75,0.95,25,0.03,240.2362099230892,245.23369059966453,-4.9974806765753215,64.46036366631378,34.55059757110139,4334290.457585766,-175540.48881793063
C_be0.82_nonbaseload_proxy_ep1.25_gp0.75_lf0.95_life25_dr0.05,0.82,nonbaseload_proxy,760.2244408589601,1.25,0.75,0.95,25,0.05,240.2362099230892,245.23369059966453,-4.9974806765753215,66.53663305648541,34.55059757110139,3751635.9184963144,-175540.48881793063
C_be0.82_nonbaseload_proxy_ep1.25_gp0.75_lf0.95_life25_dr0.07,0.82,nonbaseload_proxy,760.2244408589601,1.25,0.75,0.95,25,0.07,240.2362099230892,245.23369059966453,-4.9974806765753215,68.8176148491204,34.55059757110139,3323253.6875910717,-175540.48881793063
C_be0.82_nonbaseload_proxy_ep1.25_gp0.75_lf0.95_life40_dr0.01,0.82,nonbaseload_proxy,760.2244408589601,1.25,0.75,0.95,40,0.01,240.2362099230892,245.23369059966453,-4.9974806765753215,62.61490398949793,34.55059757110139,5143533.517000521,-175540.48881793063
C_be0.82_nonbaseload_proxy_ep1.25_gp0.75_lf0.95_life40_dr0.03,0.82,nonbaseload_proxy,760.2244408589601,1.25,0.75,0.95,40,0.03,240.2362099230892,245.23369059966453,-4.9974806765753215,64.46036366631378,34.55059757110139,4334290.457585766,-175540.48881793063
C_be0.82_nonbaseload_proxy_ep1.25_gp0.75_lf0.95_life40_dr0.05,0.82,nonbaseload_proxy,760.2244408589601,1.25,0.75,0.95,40,0.05,240.2362099230892,245.23369059966453,-4.9974806765753215,66.53663305648541,34.55059757110139,3751635.9184963144,-175540.48881793063
C_be0.82_nonbaseload_proxy_ep1.25_gp0.75_lf0.95_life40_dr0.07,0.82,nonbaseload_proxy,760.2244408589601,1.25,0.75,0.95,40,0.07,240.2362099230892,245.23369059966453,-4.9974806765753215,68.8176148491204,34.55059757110139,3323253.6875910717,-175540.48881793063
C_be0.82_nonbaseload_proxy_ep1.25_gp1.00_lf0.25_life15_dr0.01,0.82,nonbaseload_proxy,760.2244408589601,1.25,1.0,0.25,15,0.01,240.2362099230892,245.23369059966453,-4.9974806765753215,105.75823673845393,46.06746342813519,2878928.4359630174,-22744.664907245227
C_be0.82_nonbaseload_proxy_ep1.25_gp1.00_lf0.25_life15_dr0.03,0.82,nonbaseload_proxy,760.2244408589601,1.25,1.0,0.25,15,0.03,240.2362099230892,245.23369059966453,-4.9974806765753215,111.45821782983892,46.06746342813519,2493662.912249693,-22744.664907245227
C_be0.82_nonbaseload_proxy_ep1.25_gp1.00_lf0.25_life15_dr0.05,0.82,nonbaseload_proxy,760.2244408589601,1.25,1.0,0.25,15,0.05,240.2362099230892,245.23369059966453,-4.9974806765753215,117.75461587964955,46.06746342813519,2212676.908520843,-22744.664907245227
C_be0.82_nonbaseload_proxy_ep1.25_gp1.00_lf0.25_life15_dr0.07,0.82,nonbaseload_proxy,760.2244408589601,1.25,1.0,0.25,15,0.07,240.2362099230892,245.23369059966453,-4.9974806765753215,124.656101113953,46.06746342813519,2005687.9052407374,-22744.664907245227
C_be0.82_nonbaseload_proxy_ep1.25_gp1.00_lf0.25_life25_dr0.01,0.82,nonbaseload_proxy,760.2244408589601,1.25,1.0,0.25,25,0.01,240.2362099230892,245.23369059966453,-4.9974806765753215,82.9420452104231,46.06746342813519,1778487.296610727,-22744.664907245227
C_be0.82_nonbaseload_proxy_ep1.25_gp1.00_lf0.25_life25_dr0.03,0.82,nonbaseload_proxy,760.2244408589601,1.25,1.0,0.25,25,0.03,240.2362099230892,245.23369059966453,-4.9974806765753215,89.95479198232331,46.06746342813519,1673634.2092184895,-22744.664907245227
C_be0.82_nonbaseload_proxy_ep1.25_gp1.00_lf0.25_life25_dr0.05,0.82,nonbaseload_proxy,760.2244408589601,1.25,1.0,0.25,25,0.05,240.2362099230892,245.23369059966453,-4.9974806765753215,97.84461566497555,46.06746342813519,1598140.0463759778,-22744.664907245227
C_be0.82_nonbaseload_proxy_ep1.25_gp1.00_lf0.25_life25_dr0.07,0.82,nonbaseload_proxy,760.2244408589601,1.25,1.0,0.25,25,0.07,240.2362099230892,245.23369059966453,-4.9974806765753215,106.5123464769885,46.06746342813519,1542634.8443580908,-22744.664907245227
C_be0.82_nonbaseload_proxy_ep1.25_gp1.00_lf0.25_life40_dr0.01,0.82,nonbaseload_proxy,760.2244408589601,1.25,1.0,0.25,40,0.01,240.2362099230892,245.23369059966453,-4.9974806765753215,82.9420452104231,46.06746342813519,1778487.296610727,-22744.664907245227
C_be0.82_nonbaseload_proxy_ep1.25_gp1.00_lf0.25_life40_dr0.03,0.82,nonbaseload_proxy,760.2244408589601,1.25,1.0,0.25,40,0.03,240.2362099230892,245.23369059966453,-4.9974806765753215,89.95479198232331,46.06746342813519,1673634.2092184895,-22744.664907245227
C_be0.82_nonbaseload_proxy_ep1.25_gp1.00_lf0.25_life40_dr0.05,0.82,nonbaseload_proxy,760.2244408589601,1.25,1.0,0.25,40,0.05,240.2362099230892,245.23369059966453,-4.9974806765753215,97.84461566497555,46.06746342813519,1598140.0463759778,-22744.664907245227
C_be0.82_nonbaseload_proxy_ep1.25_gp1.00_lf0.25_life40_dr0.07,0.82,nonbaseload_proxy,760.2244408589601,1.25,1.0,0.25,40,0.07,240.2362099230892,245.23369059966453,-4.9974806765753215,106.5123464769885,46.06746342813519,1542634.8443580908,-22744.664907245227
C_be0.82_nonbaseload_proxy_ep1.25_gp1.00_lf0.50_life15_dr0.01,0.82,nonbaseload_proxy,760.2244408589601,1.25,1.0,0.5,15,0.01,240.2362099230892,245.23369059966453,-4.9974806765753215,80.55672371738216,46.06746342813519,3326883.0901501672,-43084.83142454887
C_be0.82_nonbaseload_proxy_ep1.25_gp1.00_lf0.50_life15_dr0.03,0.82,nonbaseload_proxy,760.2244408589601,1.25,1.0,0.5,15,0.03,240.2362099230892,245.23369059966453,-4.9974806765753215,83.40671426307465,46.06746342813519,2847849.2358806897,-43084.83142454887
C_be0.82_nonbaseload_proxy_ep1.25_gp1.00_lf0.50_life15_dr0.05,0.82,nonbaseload_proxy,760.2244408589601,1.25,1.0,0.5,15,0.05,240.2362099230892,245.23369059966453,-4.9974806765753215,86.55491328797996,46.06746342813519,2499350.0878798403,-43084.83142454887
C_be0.82_nonbaseload_proxy_ep1.25_gp1.00_lf0.50_life15_dr0.07,0.82,nonbaseload_proxy,760.2244408589601,1.25,1.0,0.5,15,0.07,240.2362099230892,245.23369059966453,-4.9974806765753215,90.00565590513169,46.06746342813519,2242723.727609667,-43084.83142454887
C_be0.82_nonbaseload_proxy_ep1.25_gp1.00_lf0.50_life25_dr0.01,0.82,nonbaseload_proxy,760.2244408589601,1.25,1.0,0.5,25,0.01,240.2362099230892,245.23369059966453,-4.9974806765753215,69.14862795336674,46.06746342813519,2226441.9507978763,-43084.83142454887
C_be0.82_nonbaseload_proxy_ep1.25_gp1.00_lf0.50_life25_dr0.03,0.82,nonbaseload_proxy,760.2244408589601,1.25,1.0,0.5,25,0.03,240.2362099230892,245.23369059966453,-4.9974806765753215,72.65500133931684,46.06746342813519,2027820.532849486,-43084.83142454887
C_be0.82_nonbaseload_proxy_ep1.25_gp1.00_lf0.50_life25_dr0.05,0.82,nonbaseload_proxy,760.2244408589601,1.25,1.0,0.5,25,0.05,240.2362099230892,245.23369059966453,-4.9974806765753215,76.59991318064296,46.06746342813519,1884813.2257349752,-43084.83142454887
C_be0.82_nonbaseload_proxy_ep1.25_gp1.00_lf0.50_life25_dr0.07,0.82,nonbaseload_proxy,760.2244408589601,1.25,1.0,0.5,25,0.07,240.2362099230892,245.23369059966453,-4.9974806765753215,80.93377858664944,46.06746342813519,1779670.6667270204,-43084.83142454887
C_be0.82_nonbaseload_proxy_ep1.25_gp1.00_lf0.50_life40_dr0.01,0.82,nonbaseload_proxy,760.2244408589601,1.25,1.0,0.5,40,0.01,240.2362099230892,245.23369059966453,-4.9974806765753215,69.14862795336674,46.06746342813519,2226441.9507978763,-43084.83142454887
C_be0.82_nonbaseload_proxy_ep1.25_gp1.00_lf0.50_life40_dr0.03,0.82,nonbaseload_proxy,760.2244408589601,1.25,1.0,0.5,40,0.03,240.2362099230892,245.23369059966453,-4.9974806765753215,72.65500133931684,46.06746342813519,2027820.532849486,-43084.83142454887
C_be0.82_nonbaseload_proxy_ep1.25_gp1.00_lf0.50_life40_dr0.05,0.82,nonbaseload_proxy,760.2244408589601,1.25,1.0,0.5,40,0.05,240.2362099230892,245.23369059966453,-4.9974806765753215,76.59991318064296,46.06746342813519,1884813.2257349752,-43084.83142454887
C_be0.82_nonbaseload_proxy_ep1.25_gp1.00_lf0.50_life40_dr0.07,0.82,nonbaseload_proxy,760.2244408589601,1.25,1.0,0.5,40,0.07,240.2362099230892,245.23369059966453,-4.9974806765753215,80.93377858664944,46.06746342813519,1779670.6667270204,-43084.83142454887
C_be0.82_nonbaseload_proxy_ep1.25_gp1.00_lf0.75_life15_dr0.01,0.82,nonbaseload_proxy,760.2244408589601,1.25,1.0,0.75,15,0.01,240.2362099230892,245.23369059966453,-4.9974806765753215,72.15621937702487,46.06746342813519,3774837.744337314,-63424.99794185243
C_be0.82_nonbaseload_proxy_ep1.25_gp1.00_lf0.75_life15_dr0.03,0.82,nonbaseload_proxy,760.2244408589601,1.25,1.0,0.75,15,0.03,240.2362099230892,245.23369059966453,-4.9974806765753215,74.0562130741532,46.06746342813519,3202035.559511685,-63424.99794185243
C_be0.82_nonbaseload_proxy_ep1.25_gp1.00_lf0.75_life15_dr0.05,0.82,nonbaseload_proxy,760.2244408589601,1.25,1.0,0.75,15,0.05,240.2362099230892,245.23369059966453,-4.9974806765753215,76.15501242409009,46.06746342813519,2786023.267238836,-63424.99794185243
C_be0.82_nonbaseload_proxy_ep1.25_gp1.00_lf0.75_life15_dr0.07,0.82,nonbaseload_proxy,760.2244408589601,1.25,1.0,0.75,15,0.07,240.2362099230892,245.23369059966453,-4.9974806765753215,78.45550750219124,46.06746342813519,2479759.549978595,-63424.99794185243
C_be0.82_nonbaseload_proxy_ep1.25_gp1.00_lf0.75_life25_dr0.01,0.82,nonbaseload_proxy,760.2244408589601,1.25,1.0,0.75,25,0.01,240.2362099230892,245.23369059966453,-4.9974806765753215,64.5508222010146,46.06746342813519,2674396.604985024,-63424.99794185243
C_be0.82_nonbaseload_proxy_ep1.25_gp1.00_lf0.75_life25_dr0.03,0.82,nonbaseload_proxy,760.2244408589601,1.25,1.0,0.75,25,0.03,240.2362099230892,245.23369059966453,-4.9974806765753215,66.88840445831468,46.06746342813519,2382006.856480482,-63424.99794185243
C_be0.82_nonbaseload_proxy_ep1.25_gp1.00_lf0.75_life25_dr0.05,0.82,nonbaseload_proxy,760.2244408589601,1.25,1.0,0.75,25,0.05,240.2362099230892,245.23369059966453,-4.9974806765753215,69.51834568586541,46.06746342813519,2171486.4050939707,-63424.99794185243
C_be0.82_nonbaseload_proxy_ep1.25_gp1.00_lf0.75_life25_dr0.07,0.82,nonbaseload_proxy,760.2244408589601,1.25,1.0,0.75,25,0.07,240.2362099230892,245.23369059966453,-4.9974806765753215,72.40758928986973,46.06746342813519,2016706.4890959486,-63424.99794185243
C_be0.82_nonbaseload_proxy_ep1.25_gp1.00_lf0.75_life40_dr0.01,0.82,nonbaseload_proxy,760.2244408589601,1.25,1.0,0.75,40,0.01,240.2362099230892,245.23369059966453,-4.9974806765753215,64.5508222010146,46.06746342813519,2674396.604985024,-63424.99794185243
C_be0.82_nonbaseload_proxy_ep1.25_gp1.00_lf0.75_life40_dr0.03,0.82,nonbaseload_proxy,760.2244408589601,1.25,1.0,0.75,40,0.03,240.2362099230892,245.23369059966453,-4.9974806765753215,66.88840445831468,46.06746342813519,2382006.856480482,-63424.99794185243
C_be0.82_nonbaseload_proxy_ep1.25_gp1.00_lf0.75_life40_dr0.05,0.82,nonbaseload_proxy,760.2244408589601,1.25,1.0,0.75,40,0.05,240.2362099230892,245.23369059966453,-4.9974806765753215,69.51834568586541,46.06746342813519,2171486.4050939707,-63424.99794185243
C_be0.82_nonbaseload_proxy_ep1.25_gp1.00_lf0.75_life40_dr0.07,0.82,nonbaseload_proxy,760.2244408589601,1.25,1.0,0.75,40,0.07,240.2362099230892,245.23369059966453,-4.9974806765753215,72.40758928986973,46.06746342813519,2016706.4890959486,-63424.99794185243
C_be0.82_nonbaseload_proxy_ep1.25_gp1.00_lf0.95_life15_dr0.01,0.82,nonbaseload_proxy,760.2244408589601,1.25,1.0,0.95,15,0.01,240.2362099230892,245.23369059966453,-4.9974806765753215,68.61916491792711,46.06746342813519,4133201.467687035,-79697.13115569536
C_be0.82_nonbaseload_proxy_ep1.25_gp1.00_lf0.95_life15_dr0.03,0.82,nonbaseload_proxy,760.2244408589601,1.25,1.0,0.95,15,0.03,240.2362099230892,245.23369059966453,-4.9974806765753215,70.11915994197578,46.06746342813519,3485384.6184164817,-79697.13115569536
C_be0.82_nonbaseload_proxy_ep1.25_gp1.00_lf0.95_life15_dr0.05,0.82,nonbaseload_proxy,760.2244408589601,1.25,1.0,0.95,15,0.05,240.2362099230892,245.23369059966453,-4.9974806765753215,71.7761067971891,46.06746342813519,3015361.8107260345,-79697.13115569536
C_be0.82_nonbaseload_proxy_ep1.25_gp1.00_lf0.95_life15_dr0.07,0.82,nonbaseload_proxy,760.2244408589601,1.25,1.0,0.95,15,0.07,240.2362099230892,245.23369059966453,-4.9974806765753215,73.59228712200579,46.06746342813519,2669388.2078737384,-79697.13115569536
C_be0.82_nonbaseload_proxy_ep1.25_gp1.00_lf0.95_life25_dr0.01,0.82,nonbaseload_proxy,760.2244408589601,1.25,1.0,0.95,25,0.01,240.2362099230892,245.23369059966453,-4.9974806765753215,62.61490398949793,46.06746342813519,3032760.328334743,-79697.13115569536
C_be0.82_nonbaseload_proxy_ep1.25_gp1.00_lf0.95_life25_dr0.03,0.82,nonbaseload_proxy,760.2244408589601,1.25,1.0,0.95,25,0.03,240.2362099230892,245.23369059966453,-4.9974806765753215,64.46036366631378,46.06746342813519,2665355.915385279,-79697.13115569536
C_be0.82_nonbaseload_proxy_ep1.25_gp1.00_lf0.95_life25_dr0.05,0.82,nonbaseload_proxy,760.2244408589601,1.25,1.0,0.95,25,0.05,240.2362099230892,245.23369059966453,-4.9974806765753215,66.53663305648541,46.06746342813519,2400824.9485811694,-79697.13115569536
C_be0.82_nonbaseload_proxy_ep1.25_gp1.00_lf0.95_life25_dr0.07,0.82,nonbaseload_proxy,760.2244408589601,1.25,1.0,0.95,25,0.07,240.2362099230892,245.23369059966453,-4.9974806765753215,68.8176148491204,46.06746342813519,2206335.146991092,-79697.13115569536
C_be0.82_nonbaseload_proxy_ep1.25_gp1.00_lf0.95_life40_dr0.01,0.82,nonbaseload_proxy,760.2244408589601,1.25,1.0,0.95,40,0.01,240.2362099230892,245.23369059966453,-4.9974806765753215,62.61490398949793,46.06746342813519,3032760.328334743,-79697.13115569536
C_be0.82_nonbaseload_proxy_ep1.25_gp1.00_lf0.95_life40_dr0.03,0.82,nonbaseload_proxy,760.2244408589601,1.25,1.0,0.95,40,0.03,240.2362099230892,245.23369059966453,-4.9974806765753215,64.46036366631378,46.06746342813519,2665355.915385279,-79697.13115569536
C_be0.82_nonbaseload_proxy_ep1.25_gp1.00_lf0.95_life40_dr0.05,0.82,nonbaseload_proxy,760.2244408589601,1.25,1.0,0.95,40,0.05,240.2362099230892,245.23369059966453,-4.9974806765753215,66.53663305648541,46.06746342813519,2400824.9485811694,-79697.13115569536
C_be0.82_nonbaseload_proxy_ep1.25_gp1.00_lf0.95_life40_dr0.07,0.82,nonbaseload_proxy,760.2244408589601,1.25,1.0,0.95,40,0.07,240.2362099230892,245.23369059966453,-4.9974806765753215,68.8176148491204,46.06746342813519,2206335.146991092,-79697.13115569536
C_be0.82_nonbaseload_proxy_ep1.25_gp1.25_lf0.25_life15_dr0.01,0.82,nonbaseload_proxy,760.2244408589601,1.25,1.25,0.25,15,0.01,240.2362099230892,245.23369059966453,-4.9974806765753215,105.75823673845393,57.58432928516899,2323461.8073667604,2477.2713196587865
C_be0.82_nonbaseload_proxy_ep1.25_gp1.25_lf0.25_life15_dr0.03,0.82,nonbaseload_proxy,760.2244408589601,1.25,1.25,0.25,15,0.03,240.2362099230892,245.23369059966453,-4.9974806765753215,111.45821782983892,57.58432928516899,2054469.611670618,2477.2713196587865
C_be0.82_nonbaseload_proxy_ep1.25_gp1.25_lf0.25_life15_dr0.05,0.82,nonbaseload_proxy,760.2244408589601,1.25,1.25,0.25,15,0.05,240.2362099230892,245.23369059966453,-4.9974806765753215,117.75461587964955,57.58432928516899,1857200.3374905416,2477.2713196587865
C_be0.82_nonbaseload_proxy_ep1.25_gp1.25_lf0.25_life15_dr0.07,0.82,nonbaseload_proxy,760.2244408589601,1.25,1.25,0.25,15,0.07,240.2362099230892,245.23369059966453,-4.9974806765753215,124.656101113953,57.58432928516899,1711761.9735039005,2477.2713196587865
C_be0.82_nonbaseload_proxy_ep1.25_gp1.25_lf0.25_life25_dr0.01,0.82,nonbaseload_proxy,760.2244408589601,1.25,1.25,0.25,25,0.01,240.2362099230892,245.23369059966453,-4.9974806765753215,82.9420452104231,57.58432928516899,1223020.66801447,2477.2713196587865
C_be0.82_nonbaseload_proxy_ep1.25_gp1.25_lf0.25_life25_dr0.03,0.82,nonbaseload_proxy,760.2244408589601,1.25,1.25,0.25,25,0.03,240.2362099230892,245.23369059966453,-4.9974806765753215,89.95479198232331,57.58432928516899,1234440.9086394142,2477.2713196587865
C_be0.82_nonbaseload_proxy_ep1.25_gp1.25_lf0.25_life25_dr0.05,0.82,nonbaseload_proxy,760.2244408589601,1.25,1.25,0.25,25,0.05,240.2362099230892,245.23369059966453,-4.9974806765753215,97.84461566497555,57.58432928516899,1242663.4753456765,2477.2713196587865
C_be0.82_nonbaseload_proxy_ep1.25_gp1.25_lf0.25_life25_dr0.07,0.82,nonbaseload_proxy,760.2244408589601,1.25,1.25,0.25,25,0.07,240.2362099230892,245.23369059966453,-4.9974806765753215,106.5123464769885,57.58432928516899,1248708.9126212539,2477.2713196587865
C_be0.82_nonbaseload_proxy_ep1.25_gp1.25_lf0.25_life40_dr0.01,0.82,nonbaseload_proxy,760.2244408589601,1.25,1.25,0.25,40,0.01,240.2362099230892,245.23369059966453,-4.9974806765753215,82.9420452104231,57.58432928516899,1223020.66801447,2477.2713196587865
C_be0.82_nonbaseload_proxy_ep1.25_gp1.25_lf0.25_life40_dr0.03,0.82,nonbaseload_proxy,760.2244408589601,1.25,1.25,0.25,40,0.03,240.2362099230892,245.23369059966453,-4.9974806765753215,89.95479198232331,57.58432928516899,1234440.9086394142,2477.2713196587865
C_be0.82_nonbaseload_proxy_ep1.25_gp1.25_lf0.25_life40_dr0.05,0.82,nonbaseload_proxy,760.2244408589601,1.25,1.25,0.25,40,0.05,240.2362099230892,245.23369059966453,-4.9974806765753215,97.84461566497555,57.58432928516899,1242663.4753456765,2477.2713196587865
C_be0.82_nonbaseload_proxy_ep1.25_gp1.25_lf0.25_life40_dr0.07,0.82,nonbaseload_proxy,760.2244408589601,1.25,1.25,0.25,40,0.07,240.2362099230892,245.23369059966453,-4.9974806765753215,106.5123464769885,57.58432928516899,1248708.9126212539,2477.2713196587865
C_be0.82_nonbaseload_proxy_ep1.25_gp1.25_lf0.50_life15_dr0.01,0.82,nonbaseload_proxy,760.2244408589601,1.25,1.25,0.5,15,0.01,240.2362099230892,245.23369059966453,-4.9974806765753215,80.55672371738216,57.58432928516899,2215949.8329576533,7359.041029259155
C_be0.82_nonbaseload_proxy_ep1.25_gp1.25_lf0.50_life15_dr0.03,0.82,nonbaseload_proxy,760.2244408589601,1.25,1.25,0.5,15,0.03,240.2362099230892,245.23369059966453,-4.9974806765753215,83.40671426307465,57.58432928516899,1969462.6347225392,7359.041029259155
C_be0.82_nonbaseload_proxy_ep1.25_gp1.25_lf0.50_life15_dr0.05,0.82,nonbaseload_proxy,760.2244408589601,1.25,1.25,0.5,15,0.05,240.2362099230892,245.23369059966453,-4.9974806765753215,86.55491328797996,57.58432928516899,1788396.9458192377,7359.041029259155
C_be0.82_nonbaseload_proxy_ep1.25_gp1.25_lf0.50_life15_dr0.07,0.82,nonbaseload_proxy,760.2244408589601,1.25,1.25,0.5,15,0.07,240.2362099230892,245.23369059966453,-4.9974806765753215,90.00565590513169,57.58432928516899,1654871.8641359932,7359.041029259155
C_be0.82_nonbaseload_proxy_ep1.25_gp1.25_lf0.50_life25_dr0.01,0.82,nonbaseload_proxy,760.2244408589601,1.25,1.25,0.5,25,0.01,240.2362099230892,245.23369059966453,-4.9974806765753215,69.14862795336674,57.58432928516899,1115508.6936053624,7359.041029259155
C_be0.82_nonbaseload_proxy_ep1.25_gp1.25_lf0.50_life25_dr0.03,0.82,nonbaseload_proxy,760.2244408589601,1.25,1.25,0.5,25,0.03,240.2362099230892,245.23369059966453,-4.9974806765753215,72.65500133931684,57.58432928516899,1149433.9316913355,7359.041029259155
C_be0.82_nonbaseload_proxy_ep1.25_gp1.25_lf0.50_life25_dr0.05,0.82,nonbaseload_proxy,760.2244408589601,1.25,1.25,0.5,25,0.05,240.2362099230892,245.23369059966453,-4.9974806765753215,76.59991318064296,57.58432928516899,1173860.0836743726,7359.041029259155
C_be0.82_nonbaseload_proxy_ep1.25_gp1.25_lf0.50_life25_dr0.07,0.82,nonbaseload_proxy,760.2244408589601,1.25,1.25,0.5,25,0.07,240.2362099230892,245.23369059966453,-4.9974806765753215,80.93377858664944,57.58432928516899,1191818.8032533466,7359.041029259155
C_be0.82_nonbaseload_proxy_ep1.25_gp1.25_lf0.50_life40_dr0.01,0.82,nonbaseload_proxy,760.2244408589601,1.25,1.25,0.5,40,0.01,240.2362099230892,245.23369059966453,-4.9974806765753215,69.14862795336674,57.58432928516899,1115508.6936053624,7359.041029259155
C_be0.82_nonbaseload_proxy_ep1.25_gp1.25_lf0.50_life40_dr0.03,0.82,nonbaseload_proxy,760.2244408589601,1.25,1.25,0.5,40,0.03,240.2362099230892,245.23369059966453,-4.9974806765753215,72.65500133931684,57.58432928516899,1149433.9316913355,7359.041029259155
C_be0.82_nonbaseload_proxy_ep1.25_gp1.25_lf0.50_life40_dr0.05,0.82,nonbaseload_proxy,760.2244408589601,1.25,1.25,0.5,40,0.05,240.2362099230892,245.23369059966453,-4.9974806765753215,76.59991318064296,57.58432928516899,1173860.0836743726,7359.041029259155
C_be0.82_nonbaseload_proxy_ep1.25_gp1.25_lf0.50_life40_dr0.07,0.82,nonbaseload_proxy,760.2244408589601,1.25,1.25,0.5,40,0.07,240.2362099230892,245.23369059966453,-4.9974806765753215,80.93377858664944,57.58432928516899,1191818.8032533466,7359.041029259155
C_be0.82_nonbaseload_proxy_ep1.25_gp1.25_lf0.75_life15_dr0.01,0.82,nonbaseload_proxy,760.2244408589601,1.25,1.25,0.75,15,0.01,240.2362099230892,245.23369059966453,-4.9974806765753215,72.15621937702487,57.58432928516899,2108437.8585485425,12240.81073885964
C_be0.82_nonbaseload_proxy_ep1.25_gp1.25_lf0.75_life15_dr0.03,0.82,nonbaseload_proxy,760.2244408589601,1.25,1.25,0.75,15,0.03,240.2362099230892,245.23369059966453,-4.9974806765753215,74.0562130741532,57.58432928516899,1884455.6577744577,12240.81073885964
C_be0.82_nonbaseload_proxy_ep1.25_gp1.25_lf0.75_life15_dr0.05,0.82,nonbaseload_proxy,760.2244408589601,1.25,1.25,0.75,15,0.05,240.2362099230892,245.23369059966453,-4.9974806765753215,76.15501242409009,57.58432928516899,1719593.5541479317,12240.81073885964
C_be0.82_nonbaseload_proxy_ep1.25_gp1.25_lf0.75_life15_dr0.07,0.82,nonbaseload_proxy,760.2244408589601,1.25,1.25,0.75,15,0.07,240.2362099230892,245.23369059966453,-4.9974806765753215,78.45550750219124,57.58432928516899,1597981.7547680847,12240.81073885964
C_be0.82_nonbaseload_proxy_ep1.25_gp1.25_lf0.75_life25_dr0.01,0.82,nonbaseload_proxy,760.2244408589601,1.25,1.25,0.75,25,0.01,240.2362099230892,245.23369059966453,-4.9974806765753215,64.5508222010146,57.58432928516899,1007996.7191962525,12240.81073885964
C_be0.82_nonbaseload_proxy_ep1.25_gp1.25_lf0.75_life25_dr0.03,0.82,nonbaseload_proxy,760.2244408589601,1.25,1.25,0.75,25,0.03,240.2362099230892,245.23369059966453,-4.9974806765753215,66.88840445831468,57.58432928516899,1064426.954743255,12240.81073885964
C_be0.82_nonbaseload_proxy_ep1.25_gp1.25_lf0.75_life25_dr0.05,0.82,nonbaseload_proxy,760.2244408589601,1.25,1.25,0.75,25,0.05,240.2362099230892,245.23369059966453,-4.9974806765753215,69.51834568586541,57.58432928516899,1105056.6920030667,12240.81073885964
C_be0.82_nonbaseload_proxy_ep1.25_gp1.25_lf0.75_life25_dr0.07,0.82,nonbaseload_proxy,760.2244408589601,1.25,1.25,0.75,25,0.07,240.2362099230892,245.23369059966453,-4.9974806765753215,72.40758928986973,57.58432928516899,1134928.6938854381,12240.81073885964
C_be0.82_nonbaseload_proxy_ep1.25_gp1.25_lf0.75_life40_dr0.01,0.82,nonbaseload_proxy,760.2244408589601,1.25,1.25,0.75,40,0.01,240.2362099230892,245.23369059966453,-4.9974806765753215,64.5508222010146,57.58432928516899,1007996.7191962525,12240.81073885964
C_be0.82_nonbaseload_proxy_ep1.25_gp1.25_lf0.75_life40_dr0.03,0.82,nonbaseload_proxy,760.2244408589601,1.25,1.25,0.75,40,0.03,240.2362099230892,245.23369059966453,-4.9974806765753215,66.88840445831468,57.58432928516899,1064426.954743255,12240.81073885964
C_be0.82_nonbaseload_proxy_ep1.25_gp1.25_lf0.75_life40_dr0.05,0.82,nonbaseload_proxy,760.2244408589601,1.25,1.25,0.75,40,0.05,240.2362099230892,245.23369059966453,-4.9974806765753215,69.51834568586541,57.58432928516899,1105056.6920030667,12240.81073885964
C_be0.82_nonbaseload_proxy_ep1.25_gp1.25_lf0.75_life40_dr0.07,0.82,nonbaseload_proxy,760.2244408589601,1.25,1.25,0.75,40,0.07,240.2362099230892,245.23369059966453,-4.9974806765753215,72.40758928986973,57.58432928516899,1134928.6938854381,12240.81073885964
C_be0.82_nonbaseload_proxy_ep1.25_gp1.25_lf0.95_life15_dr0.01,0.82,nonbaseload_proxy,760.2244408589601,1.25,1.25,0.95,15,0.01,240.2362099230892,245.23369059966453,-4.9974806765753215,68.61916491792711,57.58432928516899,2022428.2790212594,16146.226506539911
C_be0.82_nonbaseload_proxy_ep1.25_gp1.25_lf0.95_life15_dr0.03,0.82,nonbaseload_proxy,760.2244408589601,1.25,1.25,0.95,15,0.03,240.2362099230892,245.23369059966453,-4.9974806765753215,70.11915994197578,57.58432928516899,1816450.0762159955,16146.226506539911
C_be0.82_nonbaseload_proxy_ep1.25_gp1.25_lf0.95_life15_dr0.05,0.82,nonbaseload_proxy,760.2244408589601,1.25,1.25,0.95,15,0.05,240.2362099230892,245.23369059966453,-4.9974806765753215,71.7761067971891,57.58432928516899,1664550.8408108884,16146.226506539911
C_be0.82_nonbaseload_proxy_ep1.25_gp1.25_lf0.95_life15_dr0.07,0.82,nonbaseload_proxy,760.2244408589601,1.25,1.25,0.95,15,0.07,240.2362099230892,245.23369059966453,-4.9974806765753215,73.59228712200579,57.58432928516899,1552469.667273758,16146.226506539911
C_be0.82_nonbaseload_proxy_ep1.25_gp1.25_lf0.95_life25_dr0.01,0.82,nonbaseload_proxy,760.2244408589601,1.25,1.25,0.95,25,0.01,240.2362099230892,245.23369059966453,-4.9974806765753215,62.61490398949793,57.58432928516899,921987.1396689676,16146.226506539911
C_be0.82_nonbaseload_proxy_ep1.25_gp1.25_lf0.95_life25_dr0.03,0.82,nonbaseload_proxy,760.2244408589601,1.25,1.25,0.95,25,0.03,240.2362099230892,245.23369059966453,-4.9974806765753215,64.46036366631378,57.58432928516899,996421.3731847927,16146.226506539911
C_be0.82_nonbaseload_proxy_ep1.25_gp1.25_lf0.95_life25_dr0.05,0.82,nonbaseload_proxy,760.2244408589601,1.25,1.25,0.95,25,0.05,240.2362099230892,245.23369059966453,-4.9974806765753215,66.53663305648541,57.58432928516899,1050013.9786660234,16146.226506539911
C_be0.82_nonbaseload_proxy_ep1.25_gp1.25_lf0.95_life25_dr0.07,0.82,nonbaseload_proxy,760.2244408589601,1.25,1.25,0.95,25,0.07,240.2362099230892,245.23369059966453,-4.9974806765753215,68.8176148491204,57.58432928516899,1089416.6063911114,16146.226506539911
C_be0.82_nonbaseload_proxy_ep1.25_gp1.25_lf0.95_life40_dr0.01,0.82,nonbaseload_proxy,760.2244408589601,1.25,1.25,0.95,40,0.01,240.2362099230892,245.23369059966453,-4.9974806765753215,62.61490398949793,57.58432928516899,921987.1396689676,16146.226506539911
C_be0.82_nonbaseload_proxy_ep1.25_gp1.25_lf0.95_life40_dr0.03,0.82,nonbaseload_proxy,760.2244408589601,1.25,1.25,0.95,40,0.03,240.2362099230892,245.23369059966453,-4.9974806765753215,64.46036366631378,57.58432928516899,996421.3731847927,16146.226506539911
C_be0.82_nonbaseload_proxy_ep1.25_gp1.25_lf0.95_life40_dr0.05,0.82,nonbaseload_proxy,760.2244408589601,1.25,1.25,0.95,40,0.05,240.2362099230892,245.23369059966453,-4.9974806765753215,66.53663305648541,57.58432928516899,1050013.9786660234,16146.226506539911
C_be0.82_nonbaseload_proxy_ep1.25_gp1.25_lf0.95_life40_dr0.07,0.82,nonbaseload_proxy,760.2244408589601,1.25,1.25,0.95,40,0.07,240.2362099230892,245.23369059966453,-4.9974806765753215,68.8176148491204,57.58432928516899,1089416.6063911114,16146.226506539911
C_be0.90_average_ep0.75_gp0.75_lf0.25_life15_dr0.01,0.9,average,409.73270937522005,0.75,0.75,0.25,15,0.01,218.88188015214791,132.17184173394196,86.71003841820595,85.00452925992978,31.479433342559037,2581553.431600932,-9241.831416689121
C_be0.90_average_ep0.75_gp0.75_lf0.25_life15_dr0.03,0.9,average,409.73270937522005,0.75,0.75,0.25,15,0.03,218.88188015214791,132.17184173394196,86.71003841820595,90.70451035131477,31.479433342559037,2258536.0784279048,-9241.831416689121
C_be0.90_average_ep0.75_gp0.75_lf0.25_life15_dr0.05,0.9,average,409.73270937522005,0.75,0.75,0.25,15,0.05,218.88188015214791,132.17184173394196,86.71003841820595,97.0009084011254,31.479433342559037,2022368.7218204124,-9241.831416689121
C_be0.90_average_ep0.75_gp0.75_lf0.25_life15_dr0.07,0.9,average,409.73270937522005,0.75,0.75,0.25,15,0.07,218.88188015214791,132.17184173394196,86.71003841820595,103.90239363542885,31.479433342559037,1848331.5120164317,-9241.831416689121
C_be0.90_average_ep0.75_gp0.75_lf0.25_life25_dr0.01,0.9,average,409.73270937522005,0.75,0.75,0.25,25,0.01,218.88188015214791,132.17184173394196,86.71003841820595,62.18833773189895,31.479433342559037,1481112.2922486411,-9241.831416689121
C_be0.90_average_ep0.75_gp0.75_lf0.25_life25_dr0.03,0.9,average,409.73270937522005,0.75,0.75,0.25,25,0.03,218.88188015214791,132.17184173394196,86.71003841820595,69.20108450379917,31.479433342559037,1438507.375396701,-9241.831416689121
C_be0.90_average_ep0.75_gp0.75_lf0.25_life25_dr0.05,0.9,average,409.73270937522005,0.75,0.75,0.25,25,0.05,218.88188015214791,132.17184173394196,86.71003841820595,77.0909081864514,31.479433342559037,1407831.8596755473,-9241.831416689121
C_be0.90_average_ep0.75_gp0.75_lf0.25_life25_dr0.07,0.9,average,409.73270937522005,0.75,0.75,0.25,25,0.07,218.88188015214791,132.17184173394196,86.71003841820595,85.75863899846435,31.479433342559037,1385278.451133785,-9241.831416689121
C_be0.90_average_ep0.75_gp0.75_lf0.25_life40_dr0.01,0.9,average,409.73270937522005,0.75,0.75,0.25,40,0.01,218.88188015214791,132.17184173394196,86.71003841820595,62.18833773189895,31.479433342559037,1481112.2922486411,-9241.831416689121
C_be0.90_average_ep0.75_gp0.75_lf0.25_life40_dr0.03,0.9,average,409.73270937522005,0.75,0.75,0.25,40,0.03,218.88188015214791,132.17184173394196,86.71003841820595,69.20108450379917,31.479433342559037,1438507.375396701,-9241.831416689121
C_be0.90_average_ep0.75_gp0.75_lf0.25_life40_dr0.05,0.9,average,409.73270937522005,0.75,0.75,0.25,40,0.05,218.88188015214791,132.17184173394196,86.71003841820595,77.0909081864514,31.479433342559037,1407831.8596755473,-9241.831416689121
C_be0.90_average_ep0.75_gp0.75_lf0.25_life40_dr0.07,0.9,average,409.73270937522005,0.75,0.75,0.25,40,0.07,218.88188015214791,132.17184173394196,86.71003841820595,85.75863899846435,31.479433342559037,1385278.451133785,-9241.831416689121
C_be0.90_average_ep0.75_gp0.75_lf0.50_life15_dr0.01,0.9,average,409.73270937522005,0.75,0.75,0.5,15,0.01,218.88188015214791,132.17184173394196,86.71003841820595,59.80301623885801,31.479433342559037,2732133.0814259965,-16079.16444343666
C_be0.90_average_ep0.75_gp0.75_lf0.50_life15_dr0.03,0.9,average,409.73270937522005,0.75,0.75,0.5,15,0.03,218.88188015214791,132.17184173394196,86.71003841820595,62.6530067845505,31.479433342559037,2377595.568237113,-16079.16444343666
C_be0.90_average_ep0.75_gp0.75_lf0.50_life15_dr0.05,0.9,average,409.73270937522005,0.75,0.75,0.5,15,0.05,218.88188015214791,132.17184173394196,86.71003841820595,65.80120580945582,31.479433342559037,2118733.7144789794,-16079.16444343666
C_be0.90_average_ep0.75_gp0.75_lf0.50_life15_dr0.07,0.9,average,409.73270937522005,0.75,0.75,0.5,15,0.07,218.88188015214791,132.17184173394196,86.71003841820595,69.25194842660754,31.479433342559037,1928010.9411610556,-16079.16444343666
C_be0.90_average_ep0.75_gp0.75_lf0.50_life25_dr0.01,0.9,average,409.73270937522005,0.75,0.75,0.5,25,0.01,218.88188015214791,132.17184173394196,86.71003841820595,48.39492047484258,31.479433342559037,1631691.9420737047,-16079.16444343666
C_be0.90_average_ep0.75_gp0.75_lf0.50_life25_dr0.03,0.9,average,409.73270937522005,0.75,0.75,0.5,25,0.03,218.88188015214791,132.17184173394196,86.71003841820595,51.9012938607927,31.479433342559037,1557566.8652059091,-16079.16444343666
C_be0.90_average_ep0.75_gp0.75_lf0.50_life25_dr0.05,0.9,average,409.73270937522005,0.75,0.75,0.5,25,0.05,218.88188015214791,132.17184173394196,86.71003841820595,55.84620570211881,31.479433342559037,1504196.8523341143,-16079.16444343666
C_be0.90_average_ep0.75_gp0.75_lf0.50_life25_dr0.07,0.9,average,409.73270937522005,0.75,0.75,0.5,25,0.07,218.88188015214791,132.17184173394196,86.71003841820595,60.18007110812529,31.479433342559037,1464957.880278409,-16079.16444343666
C_be0.90_average_ep0.75_gp0.75_lf0.50_life40_dr0.01,0.9,average,409.73270937522005,0.75,0.75,0.5,40,0.01,218.88188015214791,132.17184173394196,86.71003841820595,48.39492047484258,31.479433342559037,1631691.9420737047,-16079.16444343666
C_be0.90_average_ep0.75_gp0.75_lf0.50_life40_dr0.03,0.9,average,409.73270937522005,0.75,0.75,0.5,40,0.03,218.88188015214791,132.17184173394196,86.71003841820595,51.9012938607927,31.479433342559037,1557566.8652059091,-16079.16444343666
C_be0.90_average_ep0.75_gp0.75_lf0.50_life40_dr0.05,0.9,average,409.73270937522005,0.75,0.75,0.5,40,0.05,218.88188015214791,132.17184173394196,86.71003841820595,55.84620570211881,31.479433342559037,1504196.8523341143,-16079.16444343666
C_be0.90_average_ep0.75_gp0.75_lf0.50_life40_dr0.07,0.9,average,409.73270937522005,0.75,0.75,0.5,40,0.07,218.88188015214791,132.17184173394196,86.71003841820595,60.18007110812529,31.479433342559037,1464957.880278409,-16079.16444343666
C_be0.90_average_ep0.75_gp0.75_lf0.75_life15_dr0.01,0.9,average,409.73270937522005,0.75,0.75,0.75,15,0.01,218.88188015214791,132.17184173394196,86.71003841820595,51.40251189850074,31.479433342559037,2882712.73125106,-22916.4974701842
C_be0.90_average_ep0.75_gp0.75_lf0.75_life15_dr0.03,0.9,average,409.73270937522005,0.75,0.75,0.75,15,0.03,218.88188015214791,132.17184173394196,86.71003841820595,53.30250559562907,31.479433342559037,2496655.05804632,-22916.4974701842
C_be0.90_average_ep0.75_gp0.75_lf0.75_life15_dr0.05,0.9,average,409.73270937522005,0.75,0.75,0.75,15,0.05,218.88188015214791,132.17184173394196,86.71003841820595,55.401304945565954,31.479433342559037,2215098.7071375465,-22916.4974701842
C_be0.90_average_ep0.75_gp0.75_lf0.75_life15_dr0.07,0.9,average,409.73270937522005,0.75,0.75,0.75,15,0.07,218.88188015214791,132.17184173394196,86.71003841820595,57.7018000236671,31.479433342559037,2007690.3703056793,-22916.4974701842
C_be0.90_average_ep0.75_gp0.75_lf0.75_life25_dr0.01,0.9,average,409.73270937522005,0.75,0.75,0.75,25,0.01,218.88188015214791,132.17184173394196,86.71003841820595,43.79711472249046,31.479433342559037,1782271.5918987691,-22916.4974701842
C_be0.90_average_ep0.75_gp0.75_lf0.75_life25_dr0.03,0.9,average,409.73270937522005,0.75,0.75,0.75,25,0.03,218.88188015214791,132.17184173394196,86.71003841820595,46.13469697979054,31.479433342559037,1676626.3550151172,-22916.4974701842
C_be0.90_average_ep0.75_gp0.75_lf0.75_life25_dr0.05,0.9,average,409.73270937522005,0.75,0.75,0.75,25,0.05,218.88188015214791,132.17184173394196,86.71003841820595,48.764638207341285,31.479433342559037,1600561.8449926814,-22916.4974701842
C_be0.90_average_ep0.75_gp0.75_lf0.75_life25_dr0.07,0.9,average,409.73270937522005,0.75,0.75,0.75,25,0.07,218.88188015214791,132.17184173394196,86.71003841820595,51.6538818113456,31.479433342559037,1544637.3094230327,-22916.4974701842
C_be0.90_average_ep0.75_gp0.75_lf0.75_life40_dr0.01,0.9,average,409.73270937522005,0.75,0.75,0.75,40,0.01,218.88188015214791,132.17184173394196,86.71003841820595,43.79711472249046,31.479433342559037,1782271.5918987691,-22916.4974701842
C_be0.90_average_ep0.75_gp0.75_lf0.75_life40_dr0.03,0.9,average,409.73270937522005,0.75,0.75,0.75,40,0.03,218.88188015214791,132.17184173394196,86.71003841820595,46.13469697979054,31.479433342559037,1676626.3550151172,-22916.4974701842
C_be0.90_average_ep0.75_gp0.75_lf0.75_life40_dr0.05,0.9,average,409.73270937522005,0.75,0.75,0.75,40,0.05,218.88188015214791,132.17184173394196,86.71003841820595,48.764638207341285,31.479433342559037,1600561.8449926814,-22916.4974701842
C_be0.90_average_ep0.75_gp0.75_lf0.75_life40_dr0.07,0.9,average,409.73270937522005,0.75,0.75,0.75,40,0.07,218.88188015214791,132.17184173394196,86.71003841820595,51.6538818113456,31.479433342559037,1544637.3094230327,-22916.4974701842
C_be0.90_average_ep0.75_gp0.75_lf0.95_life15_dr0.01,0.9,average,409.73270937522005,0.75,0.75,0.95,15,0.01,218.88188015214791,132.17184173394196,86.71003841820595,47.865457439402945,31.479433342559037,3003176.451111109,-28386.36389158218
C_be0.90_average_ep0.75_gp0.75_lf0.95_life15_dr0.03,0.9,average,409.73270937522005,0.75,0.75,0.95,15,0.03,218.88188015214791,132.17184173394196,86.71003841820595,49.36545246345163,31.479433342559037,2591902.649893686,-28386.36389158218
C_be0.90_average_ep0.75_gp0.75_lf0.95_life15_dr0.05,0.9,average,409.73270937522005,0.75,0.75,0.95,15,0.05,218.88188015214791,132.17184173394196,86.71003841820595,51.02239931866496,31.479433342559037,2292190.7012643996,-28386.36389158218
C_be0.90_average_ep0.75_gp0.75_lf0.95_life15_dr0.07,0.9,average,409.73270937522005,0.75,0.75,0.95,15,0.07,218.88188015214791,132.17184173394196,86.71003841820595,52.83857964348165,31.479433342559037,2071433.9136213777,-28386.36389158218
C_be0.90_average_ep0.75_gp0.75_lf0.95_life25_dr0.01,0.9,average,409.73270937522005,0.75,0.75,0.95,25,0.01,218.88188015214791,132.17184173394196,86.71003841820595,41.861196510973784,31.479433342559037,1902735.311758819,-28386.36389158218
C_be0.90_average_ep0.75_gp0.75_lf0.95_life25_dr0.03,0.9,average,409.73270937522005,0.75,0.75,0.95,25,0.03,218.88188015214791,132.17184173394196,86.71003841820595,43.70665618778963,31.479433342559037,1771873.9468624825,-28386.36389158218
C_be0.90_average_ep0.75_gp0.75_lf0.95_life25_dr0.05,0.9,average,409.73270937522005,0.75,0.75,0.95,25,0.05,218.88188015214791,132.17184173394196,86.71003841820595,45.78292557796127,31.479433342559037,1677653.8391195345,-28386.36389158218
C_be0.90_average_ep0.75_gp0.75_lf0.95_life25_dr0.07,0.9,average,409.73270937522005,0.75,0.75,0.95,25,0.07,218.88188015214791,132.17184173394196,86.71003841820595,48.063907370596255,31.479433342559037,1608380.852738731,-28386.36389158218
C_be0.90_average_ep0.75_gp0.75_lf0.95_life40_dr0.01,0.9,average,409.73270937522005,0.75,0.75,0.95,40,0.01,218.88188015214791,132.17184173394196,86.71003841820595,41.861196510973784,31.479433342559037,1902735.311758819,-28386.36389158218
C_be0.90_average_ep0.75_gp0.75_lf0.95_life40_dr0.03,0.9,average,409.73270937522005,0.75,0.75,0.95,40,0.03,218.88188015214791,132.17184173394196,86.71003841820595,43.70665618778963,31.479433342559037,1771873.9468624825,-28386.36389158218
C_be0.90_average_ep0.75_gp0.75_lf0.95_life40_dr0.05,0.9,average,409.73270937522005,0.75,0.75,0.95,40,0.05,218.88188015214791,132.17184173394196,86.71003841820595,45.78292557796127,31.479433342559037,1677653.8391195345,-28386.36389158218
C_be0.90_average_ep0.75_gp0.75_lf0.95_life40_dr0.07,0.9,average,409.73270937522005,0.75,0.75,0.95,40,0.07,218.88188015214791,132.17184173394196,86.71003841820595,48.063907370596255,31.479433342559037,1608380.852738731,-28386.36389158218
C_be0.90_average_ep0.75_gp1.00_lf0.25_life15_dr0.01,0.9,average,409.73270937522005,0.75,1.0,0.25,15,0.01,218.88188015214791,132.17184173394196,86.71003841820595,85.00452925992978,41.97257779007872,2075461.6144354534,13738.154923378985
C_be0.90_average_ep0.75_gp1.00_lf0.25_life15_dr0.03,0.9,average,409.73270937522005,0.75,1.0,0.25,15,0.03,218.88188015214791,132.17184173394196,86.71003841820595,90.70451035131477,41.97257779007872,1858382.1823447472,13738.154923378985
C_be0.90_average_ep0.75_gp1.00_lf0.25_life15_dr0.05,0.9,average,409.73270937522005,0.75,1.0,0.25,15,0.05,218.88188015214791,132.17184173394196,86.71003841820595,97.0009084011254,41.97257779007872,1698490.0682150268,13738.154923378985
C_be0.90_average_ep0.75_gp1.00_lf0.25_life15_dr0.07,0.9,average,409.73270937522005,0.75,1.0,0.25,15,0.07,218.88188015214791,132.17184173394196,86.71003841820595,103.90239363542885,41.97257779007872,1580532.3297673136,13738.154923378985
C_be0.90_average_ep0.75_gp1.00_lf0.25_life25_dr0.01,0.9,average,409.73270937522005,0.75,1.0,0.25,25,0.01,218.88188015214791,132.17184173394196,86.71003841820595,62.18833773189895,41.97257779007872,975020.4750831625,13738.154923378985
C_be0.90_average_ep0.75_gp1.00_lf0.25_life25_dr0.03,0.9,average,409.73270937522005,0.75,1.0,0.25,25,0.03,218.88188015214791,132.17184173394196,86.71003841820595,69.20108450379917,41.97257779007872,1038353.4793135435,13738.154923378985
C_be0.90_average_ep0.75_gp1.00_lf0.25_life25_dr0.05,0.9,average,409.73270937522005,0.75,1.0,0.25,25,0.05,218.88188015214791,132.17184173394196,86.71003841820595,77.0909081864514,41.97257779007872,1083953.2060701617,13738.154923378985
C_be0.90_average_ep0.75_gp1.00_lf0.25_life25_dr0.07,0.9,average,409.73270937522005,0.75,1.0,0.25,25,0.07,218.88188015214791,132.17184173394196,86.71003841820595,85.75863899846435,41.97257779007872,1117479.268884667,13738.154923378985
C_be0.90_average_ep0.75_gp1.00_lf0.25_life40_dr0.01,0.9,average,409.73270937522005,0.75,1.0,0.25,40,0.01,218.88188015214791,132.17184173394196,86.71003841820595,62.18833773189895,41.97257779007872,975020.4750831625,13738.154923378985
C_be0.90_average_ep0.75_gp1.00_lf0.25_life40_dr0.03,0.9,average,409.73270937522005,0.75,1.0,0.25,40,0.03,218.88188015214791,132.17184173394196,86.71003841820595,69.20108450379917,41.97257779007872,1038353.4793135435,13738.154923378985
C_be0.90_average_ep0.75_gp1.00_lf0.25_life40_dr0.05,0.9,average,409.73270937522005,0.75,1.0,0.25,40,0.05,218.88188015214791,132.17184173394196,86.71003841820595,77.0909081864514,41.97257779007872,1083953.2060701617,13738.154923378985
C_be0.90_average_ep0.75_gp1.00_lf0.25_life40_dr0.07,0.9,average,409.73270937522005,0.75,1.0,0.25,40,0.07,218.88188015214791,132.17184173394196,86.71003841820595,85.75863899846435,41.97257779007872,1117479.268884667,13738.154923378985
C_be0.90_average_ep0.75_gp1.00_lf0.50_life15_dr0.01,0.9,average,409.73270937522005,0.75,1.0,0.5,15,0.01,218.88188015214791,132.17184173394196,86.71003841820595,59.80301623885801,41.97257779007872,1719949.4470950393,29880.80823669955
C_be0.90_average_ep0.75_gp1.00_lf0.50_life15_dr0.03,0.9,average,409.73270937522005,0.75,1.0,0.5,15,0.03,218.88188015214791,132.17184173394196,86.71003841820595,62.6530067845505,41.97257779007872,1577287.7760707978,29880.80823669955
C_be0.90_average_ep0.75_gp1.00_lf0.50_life15_dr0.05,0.9,average,409.73270937522005,0.75,1.0,0.5,15,0.05,218.88188015214791,132.17184173394196,86.71003841820595,65.80120580945582,41.97257779007872,1470976.407268208,29880.80823669955
C_be0.90_average_ep0.75_gp1.00_lf0.50_life15_dr0.07,0.9,average,409.73270937522005,0.75,1.0,0.5,15,0.07,218.88188015214791,132.17184173394196,86.71003841820595,69.25194842660754,41.97257779007872,1392412.5766628194,29880.80823669955
C_be0.90_average_ep0.75_gp1.00_lf0.50_life25_dr0.01,0.9,average,409.73270937522005,0.75,1.0,0.5,25,0.01,218.88188015214791,132.17184173394196,86.71003841820595,48.39492047484258,41.97257779007872,619508.3077427475,29880.80823669955
C_be0.90_average_ep0.75_gp1.00_lf0.50_life25_dr0.03,0.9,average,409.73270937522005,0.75,1.0,0.5,25,0.03,218.88188015214791,132.17184173394196,86.71003841820595,51.9012938607927,41.97257779007872,757259.0730395941,29880.80823669955
C_be0.90_average_ep0.75_gp1.00_lf0.50_life25_dr0.05,0.9,average,409.73270937522005,0.75,1.0,0.5,25,0.05,218.88188015214791,132.17184173394196,86.71003841820595,55.84620570211881,41.97257779007872,856439.5451233429,29880.80823669955
C_be0.90_average_ep0.75_gp1.00_lf0.50_life25_dr0.07,0.9,average,409.73270937522005,0.75,1.0,0.5,25,0.07,218.88188015214791,132.17184173394196,86.71003841820595,60.18007110812529,41.97257779007872,929359.5157801728,29880.80823669955
C_be0.90_average_ep0.75_gp1.00_lf0.50_life40_dr0.01,0.9,average,409.73270937522005,0.75,1.0,0.5,40,0.01,218.88188015214791,132.17184173394196,86.71003841820595,48.39492047484258,41.97257779007872,619508.3077427475,29880.80823669955
C_be0.90_average_ep0.75_gp1.00_lf0.50_life40_dr0.03,0.9,average,409.73270937522005,0.75,1.0,0.5,40,0.03,218.88188015214791,132.17184173394196,86.71003841820595,51.9012938607927,41.97257779007872,757259.0730395941,29880.80823669955
C_be0.90_average_ep0.75_gp1.00_lf0.50_life40_dr0.05,0.9,average,409.73270937522005,0.75,1.0,0.5,40,0.05,218.88188015214791,132.17184173394196,86.71003841820595,55.84620570211881,41.97257779007872,856439.5451233429,29880.80823669955
C_be0.90_average_ep0.75_gp1.00_lf0.50_life40_dr0.07,0.9,average,409.73270937522005,0.75,1.0,0.5,40,0.07,218.88188015214791,132.17184173394196,86.71003841820595,60.18007110812529,41.97257779007872,929359.5157801728,29880.80823669955
C_be0.90_average_ep0.75_gp1.00_lf0.75_life15_dr0.01,0.9,average,409.73270937522005,0.75,1.0,0.75,15,0.01,218.88188015214791,132.17184173394196,86.71003841820595,51.40251189850074,41.97257779007872,1364437.2797546247,46023.46155002009
C_be0.90_average_ep0.75_gp1.00_lf0.75_life15_dr0.03,0.9,average,409.73270937522005,0.75,1.0,0.75,15,0.03,218.88188015214791,132.17184173394196,86.71003841820595,53.30250559562907,41.97257779007872,1296193.369796848,46023.46155002009
C_be0.90_average_ep0.75_gp1.00_lf0.75_life15_dr0.05,0.9,average,409.73270937522005,0.75,1.0,0.75,15,0.05,218.88188015214791,132.17184173394196,86.71003841820595,55.401304945565954,41.97257779007872,1243462.7463213895,46023.46155002009
C_be0.90_average_ep0.75_gp1.00_lf0.75_life15_dr0.07,0.9,average,409.73270937522005,0.75,1.0,0.75,15,0.07,218.88188015214791,132.17184173394196,86.71003841820595,57.7018000236671,41.97257779007872,1204292.8235583259,46023.46155002009
C_be0.90_average_ep0.75_gp1.00_lf0.75_life25_dr0.01,0.9,average,409.73270937522005,0.75,1.0,0.75,25,0.01,218.88188015214791,132.17184173394196,86.71003841820595,43.79711472249046,41.97257779007872,263996.1404023338,46023.46155002009
C_be0.90_average_ep0.75_gp1.00_lf0.75_life25_dr0.03,0.9,average,409.73270937522005,0.75,1.0,0.75,25,0.03,218.88188015214791,132.17184173394196,86.71003841820595,46.13469697979054,41.97257779007872,476164.66676564515,46023.46155002009
C_be0.90_average_ep0.75_gp1.00_lf0.75_life25_dr0.05,0.9,average,409.73270937522005,0.75,1.0,0.75,25,0.05,218.88188015214791,132.17184173394196,86.71003841820595,48.764638207341285,41.97257779007872,628925.8841765244,46023.46155002009
C_be0.90_average_ep0.75_gp1.00_lf0.75_life25_dr0.07,0.9,average,409.73270937522005,0.75,1.0,0.75,25,0.07,218.88188015214791,132.17184173394196,86.71003841820595,51.6538818113456,41.97257779007872,741239.7626756793,46023.46155002009
C_be0.90_average_ep0.75_gp1.00_lf0.75_life40_dr0.01,0.9,average,409.73270937522005,0.75,1.0,0.75,40,0.01,218.88188015214791,132.17184173394196,86.71003841820595,43.79711472249046,41.97257779007872,263996.1404023338,46023.46155002009
C_be0.90_average_ep0.75_gp1.00_lf0.75_life40_dr0.03,0.9,average,409.73270937522005,0.75,1.0,0.75,40,0.03,218.88188015214791,132.17184173394196,86.71003841820595,46.13469697979054,41.97257779007872,476164.66676564515,46023.46155002009
C_be0.90_average_ep0.75_gp1.00_lf0.75_life40_dr0.05,0.9,average,409.73270937522005,0.75,1.0,0.75,40,0.05,218.88188015214791,132.17184173394196,86.71003841820595,48.764638207341285,41.97257779007872,628925.8841765244,46023.46155002009
C_be0.90_average_ep0.75_gp1.00_lf0.75_life40_dr0.07,0.9,average,409.73270937522005,0.75,1.0,0.75,40,0.07,218.88188015214791,132.17184173394196,86.71003841820595,51.6538818113456,41.97257779007872,741239.7626756793,46023.46155002009
C_be0.90_average_ep0.75_gp1.00_lf0.95_life15_dr0.01,0.9,average,409.73270937522005,0.75,1.0,0.95,15,0.01,218.88188015214791,132.17184173394196,86.71003841820595,47.865457439402945,41.97257779007872,1080027.5458822912,58937.58420067659
C_be0.90_average_ep0.75_gp1.00_lf0.95_life15_dr0.03,0.9,average,409.73270937522005,0.75,1.0,0.95,15,0.03,218.88188015214791,132.17184173394196,86.71003841820595,49.36545246345163,41.97257779007872,1071317.8447776884,58937.58420067659
C_be0.90_average_ep0.75_gp1.00_lf0.95_life15_dr0.05,0.9,average,409.73270937522005,0.75,1.0,0.95,15,0.05,218.88188015214791,132.17184173394196,86.71003841820595,51.02239931866496,41.97257779007872,1061451.8175639343,58937.58420067659
C_be0.90_average_ep0.75_gp1.00_lf0.95_life15_dr0.07,0.9,average,409.73270937522005,0.75,1.0,0.95,15,0.07,218.88188015214791,132.17184173394196,86.71003841820595,52.83857964348165,41.97257779007872,1053797.0210747295,58937.58420067659
C_be0.90_average_ep0.75_gp1.00_lf0.95_life25_dr0.01,0.9,average,409.73270937522005,0.75,1.0,0.95,25,0.01,218.88188015214791,132.17184173394196,86.71003841820595,41.861196510973784,41.97257779007872,-20413.5934699988,58937.58420067659
C_be0.90_average_ep0.75_gp1.00_lf0.95_life25_dr0.03,0.9,average,409.73270937522005,0.75,1.0,0.95,25,0.03,218.88188015214791,132.17184173394196,86.71003841820595,43.70665618778963,41.97257779007872,251289.14174648467,58937.58420067659
C_be0.90_average_ep0.75_gp1.00_lf0.95_life25_dr0.05,0.9,average,409.73270937522005,0.75,1.0,0.95,25,0.05,218.88188015214791,132.17184173394196,86.71003841820595,45.78292557796127,41.97257779007872,446914.95541906916,58937.58420067659
C_be0.90_average_ep0.75_gp1.00_lf0.95_life25_dr0.07,0.9,average,409.73270937522005,0.75,1.0,0.95,25,0.07,218.88188015214791,132.17184173394196,86.71003841820595,48.063907370596255,41.97257779007872,590743.9601920829,58937.58420067659
C_be0.90_average_ep0.75_gp1.00_lf0.95_life40_dr0.01,0.9,average,409.73270937522005,0.75,1.0,0.95,40,0.01,218.88188015214791,132.17184173394196,86.71003841820595,41.861196510973784,41.97257779007872,-20413.5934699988,58937.58420067659
C_be0.90_average_ep0.75_gp1.00_lf0.95_life40_dr0.03,0.9,average,409.73270937522005,0.75,1.0,0.95,40,0.03,218.88188015214791,132.17184173394196,86.71003841820595,43.70665618778963,41.97257779007872,251289.14174648467,58937.58420067659
C_be0.90_average_ep0.75_gp1.00_lf0.95_life40_dr0.05,0.9,average,409.73270937522005,0.75,1.0,0.95,40,0.05,218.88188015214791,132.17184173394196,86.71003841820595,45.78292557796127,41.97257779007872,446914.95541906916,58937.58420067659
C_be0.90_average_ep0.75_gp1.00_lf0.95_life40_dr0.07,0.9,average,409.73270937522005,0.75,1.0,0.95,40,0.07,218.88188015214791,132.17184173394196,86.71003841820595,48.063907370596255,41.97257779007872,590743.9601920829,58937.58420067659
C_be0.90_average_ep0.75_gp1.25_lf0.25_life15_dr0.01,0.9,average,409.73270937522005,0.75,1.25,0.25,15,0.01,218.88188015214791,132.17184173394196,86.71003841820595,85.00452925992978,52.4657222375984,1569369.7972699748,36718.14126344709
C_be0.90_average_ep0.75_gp1.25_lf0.25_life15_dr0.03,0.9,average,409.73270937522005,0.75,1.25,0.25,15,0.03,218.88188015214791,132.17184173394196,86.71003841820595,90.70451035131477,52.4657222375984,1458228.2862615895,36718.14126344709
C_be0.90_average_ep0.75_gp1.25_lf0.25_life15_dr0.05,0.9,average,409.73270937522005,0.75,1.25,0.25,15,0.05,218.88188015214791,132.17184173394196,86.71003841820595,97.0009084011254,52.4657222375984,1374611.414609641,36718.14126344709
C_be0.90_average_ep0.75_gp1.25_lf0.25_life15_dr0.07,0.9,average,409.73270937522005,0.75,1.25,0.25,15,0.07,218.88188015214791,132.17184173394196,86.71003841820595,103.90239363542885,52.4657222375984,1312733.1475181957,36718.14126344709
C_be0.90_average_ep0.75_gp1.25_lf0.25_life25_dr0.01,0.9,average,409.73270937522005,0.75,1.25,0.25,25,0.01,218.88188015214791,132.17184173394196,86.71003841820595,62.18833773189895,52.4657222375984,468928.65791768394,36718.14126344709
C_be0.90_average_ep0.75_gp1.25_lf0.25_life25_dr0.03,0.9,average,409.73270937522005,0.75,1.25,0.25,25,0.03,218.88188015214791,132.17184173394196,86.71003841820595,69.20108450379917,52.4657222375984,638199.5832303858,36718.14126344709
C_be0.90_average_ep0.75_gp1.25_lf0.25_life25_dr0.05,0.9,average,409.73270937522005,0.75,1.25,0.25,25,0.05,218.88188015214791,132.17184173394196,86.71003841820595,77.0909081864514,52.4657222375984,760074.552464776,36718.14126344709
C_be0.90_average_ep0.75_gp1.25_lf0.25_life25_dr0.07,0.9,average,409.73270937522005,0.75,1.25,0.25,25,0.07,218.88188015214791,132.17184173394196,86.71003841820595,85.75863899846435,52.4657222375984,849680.0866355491,36718.14126344709
C_be0.90_average_ep0.75_gp1.25_lf0.25_life40_dr0.01,0.9,average,409.73270937522005,0.75,1.25,0.25,40,0.01,218.88188015214791,132.17184173394196,86.71003841820595,62.18833773189895,52.4657222375984,468928.65791768394,36718.14126344709
C_be0.90_average_ep0.75_gp1.25_lf0.25_life40_dr0.03,0.9,average,409.73270937522005,0.75,1.25,0.25,40,0.03,218.88188015214791,132.17184173394196,86.71003841820595,69.20108450379917,52.4657222375984,638199.5832303858,36718.14126344709
C_be0.90_average_ep0.75_gp1.25_lf0.25_life40_dr0.05,0.9,average,409.73270937522005,0.75,1.25,0.25,40,0.05,218.88188015214791,132.17184173394196,86.71003841820595,77.0909081864514,52.4657222375984,760074.552464776,36718.14126344709
C_be0.90_average_ep0.75_gp1.25_lf0.25_life40_dr0.07,0.9,average,409.73270937522005,0.75,1.25,0.25,40,0.07,218.88188015214791,132.17184173394196,86.71003841820595,85.75863899846435,52.4657222375984,849680.0866355491,36718.14126344709
C_be0.90_average_ep0.75_gp1.25_lf0.50_life15_dr0.01,0.9,average,409.73270937522005,0.75,1.25,0.5,15,0.01,218.88188015214791,132.17184173394196,86.71003841820595,59.80301623885801,52.4657222375984,707765.8127640821,75840.78091683576
C_be0.90_average_ep0.75_gp1.25_lf0.50_life15_dr0.03,0.9,average,409.73270937522005,0.75,1.25,0.5,15,0.03,218.88188015214791,132.17184173394196,86.71003841820595,62.6530067845505,52.4657222375984,776979.9839044823,75840.78091683576
C_be0.90_average_ep0.75_gp1.25_lf0.50_life15_dr0.05,0.9,average,409.73270937522005,0.75,1.25,0.5,15,0.05,218.88188015214791,132.17184173394196,86.71003841820595,65.80120580945582,52.4657222375984,823219.1000574366,75840.78091683576
C_be0.90_average_ep0.75_gp1.25_lf0.50_life15_dr0.07,0.9,average,409.73270937522005,0.75,1.25,0.5,15,0.07,218.88188015214791,132.17184173394196,86.71003841820595,69.25194842660754,52.4657222375984,856814.2121645836,75840.78091683576
C_be0.90_average_ep0.75_gp1.25_lf0.50_life25_dr0.01,0.9,average,409.73270937522005,0.75,1.25,0.5,25,0.01,218.88188015214791,132.17184173394196,86.71003841820595,48.39492047484258,52.4657222375984,-392675.3265882097,75840.78091683576
C_be0.90_average_ep0.75_gp1.25_lf0.50_life25_dr0.03,0.9,average,409.73270937522005,0.75,1.25,0.5,25,0.03,218.88188015214791,132.17184173394196,86.71003841820595,51.9012938607927,52.4657222375984,-43048.71912672138,75840.78091683576
C_be0.90_average_ep0.75_gp1.25_lf0.50_life25_dr0.05,0.9,average,409.73270937522005,0.75,1.25,0.5,25,0.05,218.88188015214791,132.17184173394196,86.71003841820595,55.84620570211881,52.4657222375984,208682.23791257152,75840.78091683576
C_be0.90_average_ep0.75_gp1.25_lf0.50_life25_dr0.07,0.9,average,409.73270937522005,0.75,1.25,0.5,25,0.07,218.88188015214791,132.17184173394196,86.71003841820595,60.18007110812529,52.4657222375984,393761.151281937,75840.78091683576
C_be0.90_average_ep0.75_gp1.25_lf0.50_life40_dr0.01,0.9,average,409.73270937522005,0.75,1.25,0.5,40,0.01,218.88188015214791,132.17184173394196,86.71003841820595,48.39492047484258,52.4657222375984,-392675.3265882097,75840.78091683576
C_be0.90_average_ep0.75_gp1.25_lf0.50_life40_dr0.03,0.9,average,409.73270937522005,0.75,1.25,0.5,40,0.03,218.88188015214791,132.17184173394196,86.71003841820595,51.9012938607927,52.4657222375984,-43048.71912672138,75840.78091683576
C_be0.90_average_ep0.75_gp1.25_lf0.50_life40_dr0.05,0.9,average,409.73270937522005,0.75,1.25,0.5,40,0.05,218.88188015214791,132.17184173394196,86.71003841820595,55.84620570211881,52.4657222375984,208682.23791257152,75840.78091683576
C_be0.90_average_ep0.75_gp1.25_lf0.50_life40_dr0.07,0.9,average,409.73270937522005,0.75,1.25,0.5,40,0.07,218.88188015214791,132.17184173394196,86.71003841820595,60.18007110812529,52.4657222375984,393761.151281937,75840.78091683576
C_be0.90_average_ep0.75_gp1.25_lf0.75_life15_dr0.01,0.9,average,409.73270937522005,0.75,1.25,0.75,15,0.01,218.88188015214791,132.17184173394196,86.71003841820595,51.40251189850074,52.4657222375984,-153838.17174181156,114963.4205702244
C_be0.90_average_ep0.75_gp1.25_lf0.75_life15_dr0.03,0.9,average,409.73270937522005,0.75,1.25,0.75,15,0.03,218.88188015214791,132.17184173394196,86.71003841820595,53.30250559562907,52.4657222375984,95731.6815473754,114963.4205702244
C_be0.90_average_ep0.75_gp1.25_lf0.75_life15_dr0.05,0.9,average,409.73270937522005,0.75,1.25,0.75,15,0.05,218.88188015214791,132.17184173394196,86.71003841820595,55.401304945565954,52.4657222375984,271826.7855052324,114963.4205702244
C_be0.90_average_ep0.75_gp1.25_lf0.75_life15_dr0.07,0.9,average,409.73270937522005,0.75,1.25,0.75,15,0.07,218.88188015214791,132.17184173394196,86.71003841820595,57.7018000236671,52.4657222375984,400895.27681097155,114963.4205702244
C_be0.90_average_ep0.75_gp1.25_lf0.75_life25_dr0.01,0.9,average,409.73270937522005,0.75,1.25,0.75,25,0.01,218.88188015214791,132.17184173394196,86.71003841820595,43.79711472249046,52.4657222375984,-1254279.3110941024,114963.4205702244
C_be0.90_average_ep0.75_gp1.25_lf0.75_life25_dr0.03,0.9,average,409.73270937522005,0.75,1.25,0.75,25,0.03,218.88188015214791,132.17184173394196,86.71003841820595,46.13469697979054,52.4657222375984,-724297.0214838274,114963.4205702244
C_be0.90_average_ep0.75_gp1.25_lf0.75_life25_dr0.05,0.9,average,409.73270937522005,0.75,1.25,0.75,25,0.05,218.88188015214791,132.17184173394196,86.71003841820595,48.764638207341285,52.4657222375984,-342710.0766396327,114963.4205702244
C_be0.90_average_ep0.75_gp1.25_lf0.75_life25_dr0.07,0.9,average,409.73270937522005,0.75,1.25,0.75,25,0.07,218.88188015214791,132.17184173394196,86.71003841820595,51.6538818113456,52.4657222375984,-62157.784071675036,114963.4205702244
C_be0.90_average_ep0.75_gp1.25_lf0.75_life40_dr0.01,0.9,average,409.73270937522005,0.75,1.25,0.75,40,0.01,218.88188015214791,132.17184173394196,86.71003841820595,43.79711472249046,52.4657222375984,-1254279.3110941024,114963.4205702244
C_be0.90_average_ep0.75_gp1.25_lf0.75_life40_dr0.03,0.9,average,409.73270937522005,0.75,1.25,0.75,40,0.03,218.88188015214791,132.17184173394196,86.71003841820595,46.13469697979054,52.4657222375984,-724297.0214838274,114963.4205702244
C_be0.90_average_ep0.75_gp1.25_lf0.75_life40_dr0.05,0.9,average,409.73270937522005,0.75,1.25,0.75,40,0.05,218.88188015214791,132.17184173394196,86.71003841820595,48.764638207341285,52.4657222375984,-342710.0766396327,114963.4205702244
C_be0.90_average_ep0.75_gp1.25_lf0.75_life40_dr0.07,0.9,average,409.73270937522005,0.75,1.25,0.75,40,0.07,218.88188015214791,132.17184173394196,86.71003841820595,51.6538818113456,52.4657222375984,-62157.784071675036,114963.4205702244
C_be0.90_average_ep0.75_gp1.25_lf0.95_life15_dr0.01,0.9,average,409.73270937522005,0.75,1.25,0.95,15,0.01,218.88188015214791,132.17184173394196,86.71003841820595,47.865457439402945,52.4657222375984,-843121.3593465276,146261.53229293542
C_be0.90_average_ep0.75_gp1.25_lf0.95_life15_dr0.03,0.9,average,409.73270937522005,0.75,1.25,0.95,15,0.03,218.88188015214791,132.17184173394196,86.71003841820595,49.36545246345163,52.4657222375984,-449266.96033831127,146261.53229293542
C_be0.90_average_ep0.75_gp1.25_lf0.95_life15_dr0.05,0.9,average,409.73270937522005,0.75,1.25,0.95,15,0.05,218.88188015214791,132.17184173394196,86.71003841820595,51.02239931866496,52.4657222375984,-169287.06613653153,146261.53229293542
C_be0.90_average_ep0.75_gp1.25_lf0.95_life15_dr0.07,0.9,average,409.73270937522005,0.75,1.25,0.95,15,0.07,218.88188015214791,132.17184173394196,86.71003841820595,52.83857964348165,52.4657222375984,36160.12852808088,146261.53229293542
C_be0.90_average_ep0.75_gp1.25_lf0.95_life25_dr0.01,0.9,average,409.73270937522005,0.75,1.25,0.95,25,0.01,218.88188015214791,132.17184173394196,86.71003841820595,41.861196510973784,52.4657222375984,-1943562.4986988176,146261.53229293542
C_be0.90_average_ep0.75_gp1.25_lf0.95_life25_dr0.03,0.9,average,409.73270937522005,0.75,1.25,0.95,25,0.03,218.88188015214791,132.17184173394196,86.71003841820595,43.70665618778963,52.4657222375984,-1269295.663369515,146261.53229293542
C_be0.90_average_ep0.75_gp1.25_lf0.95_life25_dr0.05,0.9,average,409.73270937522005,0.75,1.25,0.95,25,0.05,218.88188015214791,132.17184173394196,86.71003841820595,45.78292557796127,52.4657222375984,-783823.9282813966,146261.53229293542
C_be0.90_average_ep0.75_gp1.25_lf0.95_life25_dr0.07,0.9,average,409.73270937522005,0.75,1.25,0.95,25,0.07,218.88188015214791,132.17184173394196,86.71003841820595,48.063907370596255,52.4657222375984,-426892.9323545657,146261.53229293542
C_be0.90_average_ep0.75_gp1.25_lf0.95_life40_dr0.01,0.9,average,409.73270937522005,0.75,1.25,0.95,40,0.01,218.88188015214791,132.17184173394196,86.71003841820595,41.861196510973784,52.4657222375984,-1943562.4986988176,146261.53229293542
C_be0.90_average_ep0.75_gp1.25_lf0.95_life40_dr0.03,0.9,average,409.73270937522005,0.75,1.25,0.95,40,0.03,218.88188015214791,132.17184173394196,86.71003841820595,43.70665618778963,52.4657222375984,-1269295.663369515,146261.53229293542
C_be0.90_average_ep0.75_gp1.25_lf0.95_life40_dr0.05,0.9,average,409.73270937522005,0.75,1.25,0.95,40,0.05,218.88188015214791,132.17184173394196,86.71003841820595,45.78292557796127,52.4657222375984,-783823.9282813966,146261.53229293542
C_be0.90_average_ep0.75_gp1.25_lf0.95_life40_dr0.07,0.9,average,409.73270937522005,0.75,1.25,0.95,40,0.07,218.88188015214791,132.17184173394196,86.71003841820595,48.063907370596255,52.4657222375984,-426892.9323545657,146261.53229293542
C_be0.90_average_ep1.00_gp0.75_lf0.25_life15_dr0.01,0.9,average,409.73270937522005,1.0,0.75,0.25,15,0.01,218.88188015214791,132.17184173394196,86.71003841820595,95.38138299919186,31.479433342559037,3082036.465226271,-31967.141105673058
C_be0.90_average_ep1.00_gp0.75_lf0.25_life15_dr0.03,0.9,average,409.73270937522005,1.0,0.75,0.25,15,0.03,218.88188015214791,132.17184173394196,86.71003841820595,101.08136409057683,31.479433342559037,2654255.252372213,-31967.141105673058
C_be0.90_average_ep1.00_gp0.75_lf0.25_life15_dr0.05,0.9,average,409.73270937522005,1.0,0.75,0.25,15,0.05,218.88188015214791,132.17184173394196,86.71003841820595,107.37776214038749,31.479433342559037,2342657.976823152,-31967.141105673058
C_be0.90_average_ep1.00_gp0.75_lf0.25_life15_dr0.07,0.9,average,409.73270937522005,1.0,0.75,0.25,15,0.07,218.88188015214791,132.17184173394196,86.71003841820595,114.27924737469091,31.479433342559037,2113162.7987285806,-31967.141105673058
C_be0.90_average_ep1.00_gp0.75_lf0.25_life25_dr0.01,0.9,average,409.73270937522005,1.0,0.75,0.25,25,0.01,218.88188015214791,132.17184173394196,86.71003841820595,72.56519147116101,31.479433342559037,1981595.3258739803,-31967.141105673058
C_be0.90_average_ep1.00_gp0.75_lf0.25_life25_dr0.03,0.9,average,409.73270937522005,1.0,0.75,0.25,25,0.03,218.88188015214791,132.17184173394196,86.71003841820595,79.57793824306123,31.479433342559037,1834226.5493410095,-31967.141105673058
C_be0.90_average_ep1.00_gp0.75_lf0.25_life25_dr0.05,0.9,average,409.73270937522005,1.0,0.75,0.25,25,0.05,218.88188015214791,132.17184173394196,86.71003841820595,87.46776192571348,31.479433342559037,1728121.1146782872,-31967.141105673058
C_be0.90_average_ep1.00_gp0.75_lf0.25_life25_dr0.07,0.9,average,409.73270937522005,1.0,0.75,0.25,25,0.07,218.88188015214791,132.17184173394196,86.71003841820595,96.13549273772642,31.479433342559037,1650109.7378459347,-31967.141105673058
C_be0.90_average_ep1.00_gp0.75_lf0.25_life40_dr0.01,0.9,average,409.73270937522005,1.0,0.75,0.25,40,0.01,218.88188015214791,132.17184173394196,86.71003841820595,72.56519147116101,31.479433342559037,1981595.3258739803,-31967.141105673058
C_be0.90_average_ep1.00_gp0.75_lf0.25_life40_dr0.03,0.9,average,409.73270937522005,1.0,0.75,0.25,40,0.03,218.88188015214791,132.17184173394196,86.71003841820595,79.57793824306123,31.479433342559037,1834226.5493410095,-31967.141105673058
C_be0.90_average_ep1.00_gp0.75_lf0.25_life40_dr0.05,0.9,average,409.73270937522005,1.0,0.75,0.25,40,0.05,218.88188015214791,132.17184173394196,86.71003841820595,87.46776192571348,31.479433342559037,1728121.1146782872,-31967.141105673058
C_be0.90_average_ep1.00_gp0.75_lf0.25_life40_dr0.07,0.9,average,409.73270937522005,1.0,0.75,0.25,40,0.07,218.88188015214791,132.17184173394196,86.71003841820595,96.13549273772642,31.479433342559037,1650109.7378459347,-31967.141105673058
C_be0.90_average_ep1.00_gp0.75_lf0.50_life15_dr0.01,0.9,average,409.73270937522005,1.0,0.75,0.5,15,0.01,218.88188015214791,132.17184173394196,86.71003841820595,70.17986997812007,31.479433342559037,3733099.148676674,-61529.78382140453
C_be0.90_average_ep1.00_gp0.75_lf0.50_life15_dr0.03,0.9,average,409.73270937522005,1.0,0.75,0.5,15,0.03,218.88188015214791,132.17184173394196,86.71003841820595,73.02986052381257,31.479433342559037,3169033.9161257306,-61529.78382140453
C_be0.90_average_ep1.00_gp0.75_lf0.50_life15_dr0.05,0.9,average,409.73270937522005,1.0,0.75,0.5,15,0.05,218.88188015214791,132.17184173394196,86.71003841820595,76.1780595487179,31.479433342559037,2759312.224484459,-61529.78382140453
C_be0.90_average_ep1.00_gp0.75_lf0.50_life15_dr0.07,0.9,average,409.73270937522005,1.0,0.75,0.5,15,0.07,218.88188015214791,132.17184173394196,86.71003841820595,79.6288021658696,31.479433342559037,2457673.514585354,-61529.78382140453
C_be0.90_average_ep1.00_gp0.75_lf0.50_life25_dr0.01,0.9,average,409.73270937522005,1.0,0.75,0.5,25,0.01,218.88188015214791,132.17184173394196,86.71003841820595,58.77177421410465,31.479433342559037,2632658.009324383,-61529.78382140453
C_be0.90_average_ep1.00_gp0.75_lf0.50_life25_dr0.03,0.9,average,409.73270937522005,1.0,0.75,0.5,25,0.03,218.88188015214791,132.17184173394196,86.71003841820595,62.27814760005476,31.479433342559037,2349005.213094526,-61529.78382140453
C_be0.90_average_ep1.00_gp0.75_lf0.50_life25_dr0.05,0.9,average,409.73270937522005,1.0,0.75,0.5,25,0.05,218.88188015214791,132.17184173394196,86.71003841820595,66.22305944138088,31.479433342559037,2144775.3623395935,-61529.78382140453
C_be0.90_average_ep1.00_gp0.75_lf0.50_life25_dr0.07,0.9,average,409.73270937522005,1.0,0.75,0.5,25,0.07,218.88188015214791,132.17184173394196,86.71003841820595,70.55692484738735,31.479433342559037,1994620.4537027078,-61529.78382140453
C_be0.90_average_ep1.00_gp0.75_lf0.50_life40_dr0.01,0.9,average,409.73270937522005,1.0,0.75,0.5,40,0.01,218.88188015214791,132.17184173394196,86.71003841820595,58.77177421410465,31.479433342559037,2632658.009324383,-61529.78382140453
C_be0.90_average_ep1.00_gp0.75_lf0.50_life40_dr0.03,0.9,average,409.73270937522005,1.0,0.75,0.5,40,0.03,218.88188015214791,132.17184173394196,86.71003841820595,62.27814760005476,31.479433342559037,2349005.213094526,-61529.78382140453
C_be0.90_average_ep1.00_gp0.75_lf0.50_life40_dr0.05,0.9,average,409.73270937522005,1.0,0.75,0.5,40,0.05,218.88188015214791,132.17184173394196,86.71003841820595,66.22305944138088,31.479433342559037,2144775.3623395935,-61529.78382140453
C_be0.90_average_ep1.00_gp0.75_lf0.50_life40_dr0.07,0.9,average,409.73270937522005,1.0,0.75,0.5,40,0.07,218.88188015214791,132.17184173394196,86.71003841820595,70.55692484738735,31.479433342559037,1994620.4537027078,-61529.78382140453
C_be0.90_average_ep1.00_gp0.75_lf0.75_life15_dr0.01,0.9,average,409.73270937522005,1.0,0.75,0.75,15,0.01,218.88188015214791,132.17184173394196,86.71003841820595,61.779365637762815,31.479433342559037,4384161.8321270775,-91092.426537136
C_be0.90_average_ep1.00_gp0.75_lf0.75_life15_dr0.03,0.9,average,409.73270937522005,1.0,0.75,0.75,15,0.03,218.88188015214791,132.17184173394196,86.71003841820595,63.679359334891146,31.479433342559037,3683812.579879247,-91092.426537136
C_be0.90_average_ep1.00_gp0.75_lf0.75_life15_dr0.05,0.9,average,409.73270937522005,1.0,0.75,0.75,15,0.05,218.88188015214791,132.17184173394196,86.71003841820595,65.77815868482803,31.479433342559037,3175966.472145765,-91092.426537136
C_be0.90_average_ep1.00_gp0.75_lf0.75_life15_dr0.07,0.9,average,409.73270937522005,1.0,0.75,0.75,15,0.07,218.88188015214791,132.17184173394196,86.71003841820595,68.07865376292916,31.479433342559037,2802184.2304421277,-91092.426537136
C_be0.90_average_ep1.00_gp0.75_lf0.75_life25_dr0.01,0.9,average,409.73270937522005,1.0,0.75,0.75,25,0.01,218.88188015214791,132.17184173394196,86.71003841820595,54.17396846175253,31.479433342559037,3283720.6927747857,-91092.426537136
C_be0.90_average_ep1.00_gp0.75_lf0.75_life25_dr0.03,0.9,average,409.73270937522005,1.0,0.75,0.75,25,0.03,218.88188015214791,132.17184173394196,86.71003841820595,56.511550719052615,31.479433342559037,2863783.8768480434,-91092.426537136
C_be0.90_average_ep1.00_gp0.75_lf0.75_life25_dr0.05,0.9,average,409.73270937522005,1.0,0.75,0.75,25,0.05,218.88188015214791,132.17184173394196,86.71003841820595,59.14149194660335,31.479433342559037,2561429.6100009,-91092.426537136
C_be0.90_average_ep1.00_gp0.75_lf0.75_life25_dr0.07,0.9,average,409.73270937522005,1.0,0.75,0.75,25,0.07,218.88188015214791,132.17184173394196,86.71003841820595,62.030735550607666,31.479433342559037,2339131.169559481,-91092.426537136
C_be0.90_average_ep1.00_gp0.75_lf0.75_life40_dr0.01,0.9,average,409.73270937522005,1.0,0.75,0.75,40,0.01,218.88188015214791,132.17184173394196,86.71003841820595,54.17396846175253,31.479433342559037,3283720.6927747857,-91092.426537136
C_be0.90_average_ep1.00_gp0.75_lf0.75_life40_dr0.03,0.9,average,409.73270937522005,1.0,0.75,0.75,40,0.03,218.88188015214791,132.17184173394196,86.71003841820595,56.511550719052615,31.479433342559037,2863783.8768480434,-91092.426537136
C_be0.90_average_ep1.00_gp0.75_lf0.75_life40_dr0.05,0.9,average,409.73270937522005,1.0,0.75,0.75,40,0.05,218.88188015214791,132.17184173394196,86.71003841820595,59.14149194660335,31.479433342559037,2561429.6100009,-91092.426537136
C_be0.90_average_ep1.00_gp0.75_lf0.75_life40_dr0.07,0.9,average,409.73270937522005,1.0,0.75,0.75,40,0.07,218.88188015214791,132.17184173394196,86.71003841820595,62.030735550607666,31.479433342559037,2339131.169559481,-91092.426537136
C_be0.90_average_ep1.00_gp0.75_lf0.95_life15_dr0.01,0.9,average,409.73270937522005,1.0,0.75,0.95,15,0.01,218.88188015214791,132.17184173394196,86.71003841820595,58.24231117866503,31.479433342559037,4905011.978887399,-114742.54070972116
C_be0.90_average_ep1.00_gp0.75_lf0.95_life15_dr0.03,0.9,average,409.73270937522005,1.0,0.75,0.95,15,0.03,218.88188015214791,132.17184173394196,86.71003841820595,59.742306202713706,31.479433342559037,4095635.51088206,-114742.54070972116
C_be0.90_average_ep1.00_gp0.75_lf0.95_life15_dr0.05,0.9,average,409.73270937522005,1.0,0.75,0.95,15,0.05,218.88188015214791,132.17184173394196,86.71003841820595,61.39925305792703,31.479433342559037,3509289.8702748097,-114742.54070972116
C_be0.90_average_ep1.00_gp0.75_lf0.95_life15_dr0.07,0.9,average,409.73270937522005,1.0,0.75,0.95,15,0.07,218.88188015214791,132.17184173394196,86.71003841820595,63.215433382743726,31.479433342559037,3077792.8031275463,-114742.54070972116
C_be0.90_average_ep1.00_gp0.75_lf0.95_life25_dr0.01,0.9,average,409.73270937522005,1.0,0.75,0.95,25,0.01,218.88188015214791,132.17184173394196,86.71003841820595,52.23805025023585,31.479433342559037,3804570.839535107,-114742.54070972116
C_be0.90_average_ep1.00_gp0.75_lf0.95_life25_dr0.03,0.9,average,409.73270937522005,1.0,0.75,0.95,25,0.03,218.88188015214791,132.17184173394196,86.71003841820595,54.08350992705171,31.479433342559037,3275606.8078508563,-114742.54070972116
C_be0.90_average_ep1.00_gp0.75_lf0.95_life25_dr0.05,0.9,average,409.73270937522005,1.0,0.75,0.95,25,0.05,218.88188015214791,132.17184173394196,86.71003841820595,56.15977931722334,31.479433342559037,2894753.0081299446,-114742.54070972116
C_be0.90_average_ep1.00_gp0.75_lf0.95_life25_dr0.07,0.9,average,409.73270937522005,1.0,0.75,0.95,25,0.07,218.88188015214791,132.17184173394196,86.71003841820595,58.44076110985833,31.479433342559037,2614739.7422448997,-114742.54070972116
C_be0.90_average_ep1.00_gp0.75_lf0.95_life40_dr0.01,0.9,average,409.73270937522005,1.0,0.75,0.95,40,0.01,218.88188015214791,132.17184173394196,86.71003841820595,52.23805025023585,31.479433342559037,3804570.839535107,-114742.54070972116
C_be0.90_average_ep1.00_gp0.75_lf0.95_life40_dr0.03,0.9,average,409.73270937522005,1.0,0.75,0.95,40,0.03,218.88188015214791,132.17184173394196,86.71003841820595,54.08350992705171,31.479433342559037,3275606.8078508563,-114742.54070972116
C_be0.90_average_ep1.00_gp0.75_lf0.95_life40_dr0.05,0.9,average,409.73270937522005,1.0,0.75,0.95,40,0.05,218.88188015214791,132.17184173394196,86.71003841820595,56.15977931722334,31.479433342559037,2894753.0081299446,-114742.54070972116
C_be0.90_average_ep1.00_gp0.75_lf0.95_life40_dr0.07,0.9,average,409.73270937522005,1.0,0.75,0.95,40,0.07,218.88188015214791,132.17184173394196,86.71003841820595,58.44076110985833,31.479433342559037,2614739.7422448997,-114742.54070972116
C_be0.90_average_ep1.00_gp1.00_lf0.25_life15_dr0.01,0.9,average,409.73270937522005,1.0,1.0,0.25,15,0.01,218.88188015214791,132.17184173394196,86.71003841820595,95.38138299919186,41.97257779007872,2575944.6480607926,-8987.154765604952
C_be0.90_average_ep1.00_gp1.00_lf0.25_life15_dr0.03,0.9,average,409.73270937522005,1.0,1.0,0.25,15,0.03,218.88188015214791,132.17184173394196,86.71003841820595,101.08136409057683,41.97257779007872,2254101.3562890557,-8987.154765604952
C_be0.90_average_ep1.00_gp1.00_lf0.25_life15_dr0.05,0.9,average,409.73270937522005,1.0,1.0,0.25,15,0.05,218.88188015214791,132.17184173394196,86.71003841820595,107.37776214038749,41.97257779007872,2018779.3232177666,-8987.154765604952
C_be0.90_average_ep1.00_gp1.00_lf0.25_life15_dr0.07,0.9,average,409.73270937522005,1.0,1.0,0.25,15,0.07,218.88188015214791,132.17184173394196,86.71003841820595,114.27924737469091,41.97257779007872,1845363.6164794627,-8987.154765604952
C_be0.90_average_ep1.00_gp1.00_lf0.25_life25_dr0.01,0.9,average,409.73270937522005,1.0,1.0,0.25,25,0.01,218.88188015214791,132.17184173394196,86.71003841820595,72.56519147116101,41.97257779007872,1475503.5087085017,-8987.154765604952
C_be0.90_average_ep1.00_gp1.00_lf0.25_life25_dr0.03,0.9,average,409.73270937522005,1.0,1.0,0.25,25,0.03,218.88188015214791,132.17184173394196,86.71003841820595,79.57793824306123,41.97257779007872,1434072.653257852,-8987.154765604952
C_be0.90_average_ep1.00_gp1.00_lf0.25_life25_dr0.05,0.9,average,409.73270937522005,1.0,1.0,0.25,25,0.05,218.88188015214791,132.17184173394196,86.71003841820595,87.46776192571348,41.97257779007872,1404242.4610729015,-8987.154765604952
C_be0.90_average_ep1.00_gp1.00_lf0.25_life25_dr0.07,0.9,average,409.73270937522005,1.0,1.0,0.25,25,0.07,218.88188015214791,132.17184173394196,86.71003841820595,96.13549273772642,41.97257779007872,1382310.5555968166,-8987.154765604952
C_be0.90_average_ep1.00_gp1.00_lf0.25_life40_dr0.01,0.9,average,409.73270937522005,1.0,1.0,0.25,40,0.01,218.88188015214791,132.17184173394196,86.71003841820595,72.56519147116101,41.97257779007872,1475503.5087085017,-8987.154765604952
C_be0.90_average_ep1.00_gp1.00_lf0.25_life40_dr0.03,0.9,average,409.73270937522005,1.0,1.0,0.25,40,0.03,218.88188015214791,132.17184173394196,86.71003841820595,79.57793824306123,41.97257779007872,1434072.653257852,-8987.154765604952
C_be0.90_average_ep1.00_gp1.00_lf0.25_life40_dr0.05,0.9,average,409.73270937522005,1.0,1.0,0.25,40,0.05,218.88188015214791,132.17184173394196,86.71003841820595,87.46776192571348,41.97257779007872,1404242.4610729015,-8987.154765604952
C_be0.90_average_ep1.00_gp1.00_lf0.25_life40_dr0.07,0.9,average,409.73270937522005,1.0,1.0,0.25,40,0.07,218.88188015214791,132.17184173394196,86.71003841820595,96.13549273772642,41.97257779007872,1382310.5555968166,-8987.154765604952
C_be0.90_average_ep1.00_gp1.00_lf0.50_life15_dr0.01,0.9,average,409.73270937522005,1.0,1.0,0.5,15,0.01,218.88188015214791,132.17184173394196,86.71003841820595,70.17986997812007,41.97257779007872,2720915.5143457167,-15569.811141268321
C_be0.90_average_ep1.00_gp1.00_lf0.50_life15_dr0.03,0.9,average,409.73270937522005,1.0,1.0,0.5,15,0.03,218.88188015214791,132.17184173394196,86.71003841820595,73.02986052381257,41.97257779007872,2368726.1239594156,-15569.811141268321
C_be0.90_average_ep1.00_gp1.00_lf0.50_life15_dr0.05,0.9,average,409.73270937522005,1.0,1.0,0.5,15,0.05,218.88188015214791,132.17184173394196,86.71003841820595,76.1780595487179,41.97257779007872,2111554.9172736877,-15569.811141268321
C_be0.90_average_ep1.00_gp1.00_lf0.50_life15_dr0.07,0.9,average,409.73270937522005,1.0,1.0,0.5,15,0.07,218.88188015214791,132.17184173394196,86.71003841820595,79.6288021658696,41.97257779007872,1922075.1500871177,-15569.811141268321
C_be0.90_average_ep1.00_gp1.00_lf0.50_life25_dr0.01,0.9,average,409.73270937522005,1.0,1.0,0.5,25,0.01,218.88188015214791,132.17184173394196,86.71003841820595,58.77177421410465,41.97257779007872,1620474.3749934258,-15569.811141268321
C_be0.90_average_ep1.00_gp1.00_lf0.50_life25_dr0.03,0.9,average,409.73270937522005,1.0,1.0,0.5,25,0.03,218.88188015214791,132.17184173394196,86.71003841820595,62.27814760005476,41.97257779007872,1548697.420928211,-15569.811141268321
C_be0.90_average_ep1.00_gp1.00_lf0.50_life25_dr0.05,0.9,average,409.73270937522005,1.0,1.0,0.5,25,0.05,218.88188015214791,132.17184173394196,86.71003841820595,66.22305944138088,41.97257779007872,1497018.055128822,-15569.811141268321
C_be0.90_average_ep1.00_gp1.00_lf0.50_life25_dr0.07,0.9,average,409.73270937522005,1.0,1.0,0.5,25,0.07,218.88188015214791,132.17184173394196,86.71003841820595,70.55692484738735,41.97257779007872,1459022.0892044716,-15569.811141268321
C_be0.90_average_ep1.00_gp1.00_lf0.50_life40_dr0.01,0.9,average,409.73270937522005,1.0,1.0,0.5,40,0.01,218.88188015214791,132.17184173394196,86.71003841820595,58.77177421410465,41.97257779007872,1620474.3749934258,-15569.811141268321
C_be0.90_average_ep1.00_gp1.00_lf0.50_life40_dr0.03,0.9,average,409.73270937522005,1.0,1.0,0.5,40,0.03,218.88188015214791,132.17184173394196,86.71003841820595,62.27814760005476,41.97257779007872,1548697.420928211,-15569.811141268321
C_be0.90_average_ep1.00_gp1.00_lf0.50_life40_dr0.05,0.9,average,409.73270937522005,1.0,1.0,0.5,40,0.05,218.88188015214791,132.17184173394196,86.71003841820595,66.22305944138088,41.97257779007872,1497018.055128822,-15569.811141268321
C_be0.90_average_ep1.00_gp1.00_lf0.50_life40_dr0.07,0.9,average,409.73270937522005,1.0,1.0,0.5,40,0.07,218.88188015214791,132.17184173394196,86.71003841820595,70.55692484738735,41.97257779007872,1459022.0892044716,-15569.811141268321
C_be0.90_average_ep1.00_gp1.00_lf0.75_life15_dr0.01,0.9,average,409.73270937522005,1.0,1.0,0.75,15,0.01,218.88188015214791,132.17184173394196,86.71003841820595,61.779365637762815,41.97257779007872,2865886.380630642,-22152.467516931705
C_be0.90_average_ep1.00_gp1.00_lf0.75_life15_dr0.03,0.9,average,409.73270937522005,1.0,1.0,0.75,15,0.03,218.88188015214791,132.17184173394196,86.71003841820595,63.679359334891146,41.97257779007872,2483350.891629775,-22152.467516931705
C_be0.90_average_ep1.00_gp1.00_lf0.75_life15_dr0.05,0.9,average,409.73270937522005,1.0,1.0,0.75,15,0.05,218.88188015214791,132.17184173394196,86.71003841820595,65.77815868482803,41.97257779007872,2204330.511329608,-22152.467516931705
C_be0.90_average_ep1.00_gp1.00_lf0.75_life15_dr0.07,0.9,average,409.73270937522005,1.0,1.0,0.75,15,0.07,218.88188015214791,132.17184173394196,86.71003841820595,68.07865376292916,41.97257779007872,1998786.6836947743,-22152.467516931705
C_be0.90_average_ep1.00_gp1.00_lf0.75_life25_dr0.01,0.9,average,409.73270937522005,1.0,1.0,0.75,25,0.01,218.88188015214791,132.17184173394196,86.71003841820595,54.17396846175253,41.97257779007872,1765445.2412783504,-22152.467516931705
C_be0.90_average_ep1.00_gp1.00_lf0.75_life25_dr0.03,0.9,average,409.73270937522005,1.0,1.0,0.75,25,0.03,218.88188015214791,132.17184173394196,86.71003841820595,56.511550719052615,41.97257779007872,1663322.1885985713,-22152.467516931705
C_be0.90_average_ep1.00_gp1.00_lf0.75_life25_dr0.05,0.9,average,409.73270937522005,1.0,1.0,0.75,25,0.05,218.88188015214791,132.17184173394196,86.71003841820595,59.14149194660335,41.97257779007872,1589793.649184743,-22152.467516931705
C_be0.90_average_ep1.00_gp1.00_lf0.75_life25_dr0.07,0.9,average,409.73270937522005,1.0,1.0,0.75,25,0.07,218.88188015214791,132.17184173394196,86.71003841820595,62.030735550607666,41.97257779007872,1535733.6228121277,-22152.467516931705
C_be0.90_average_ep1.00_gp1.00_lf0.75_life40_dr0.01,0.9,average,409.73270937522005,1.0,1.0,0.75,40,0.01,218.88188015214791,132.17184173394196,86.71003841820595,54.17396846175253,41.97257779007872,1765445.2412783504,-22152.467516931705
C_be0.90_average_ep1.00_gp1.00_lf0.75_life40_dr0.03,0.9,average,409.73270937522005,1.0,1.0,0.75,40,0.03,218.88188015214791,132.17184173394196,86.71003841820595,56.511550719052615,41.97257779007872,1663322.1885985713,-22152.467516931705
C_be0.90_average_ep1.00_gp1.00_lf0.75_life40_dr0.05,0.9,average,409.73270937522005,1.0,1.0,0.75,40,0.05,218.88188015214791,132.17184173394196,86.71003841820595,59.14149194660335,41.97257779007872,1589793.649184743,-22152.467516931705
C_be0.90_average_ep1.00_gp1.00_lf0.75_life40_dr0.07,0.9,average,409.73270937522005,1.0,1.0,0.75,40,0.07,218.88188015214791,132.17184173394196,86.71003841820595,62.030735550607666,41.97257779007872,1535733.6228121277,-22152.467516931705
C_be0.90_average_ep1.00_gp1.00_lf0.95_life15_dr0.01,0.9,average,409.73270937522005,1.0,1.0,0.95,15,0.01,218.88188015214791,132.17184173394196,86.71003841820595,58.24231117866503,41.97257779007872,2981863.073658581,-27418.59261746239
C_be0.90_average_ep1.00_gp1.00_lf0.95_life15_dr0.03,0.9,average,409.73270937522005,1.0,1.0,0.95,15,0.03,218.88188015214791,132.17184173394196,86.71003841820595,59.742306202713706,41.97257779007872,2575050.7057660623,-27418.59261746239
C_be0.90_average_ep1.00_gp1.00_lf0.95_life15_dr0.05,0.9,average,409.73270937522005,1.0,1.0,0.95,15,0.05,218.88188015214791,132.17184173394196,86.71003841820595,61.39925305792703,41.97257779007872,2278550.9865743443,-27418.59261746239
C_be0.90_average_ep1.00_gp1.00_lf0.95_life15_dr0.07,0.9,average,409.73270937522005,1.0,1.0,0.95,15,0.07,218.88188015214791,132.17184173394196,86.71003841820595,63.215433382743726,41.97257779007872,2060155.9105808982,-27418.59261746239
C_be0.90_average_ep1.00_gp1.00_lf0.95_life25_dr0.01,0.9,average,409.73270937522005,1.0,1.0,0.95,25,0.01,218.88188015214791,132.17184173394196,86.71003841820595,52.23805025023585,41.97257779007872,1881421.934306289,-27418.59261746239
C_be0.90_average_ep1.00_gp1.00_lf0.95_life25_dr0.03,0.9,average,409.73270937522005,1.0,1.0,0.95,25,0.03,218.88188015214791,132.17184173394196,86.71003841820595,54.08350992705171,41.97257779007872,1755022.0027348585,-27418.59261746239
C_be0.90_average_ep1.00_gp1.00_lf0.95_life25_dr0.05,0.9,average,409.73270937522005,1.0,1.0,0.95,25,0.05,218.88188015214791,132.17184173394196,86.71003841820595,56.15977931722334,41.97257779007872,1664014.1244294792,-27418.59261746239
C_be0.90_average_ep1.00_gp1.00_lf0.95_life25_dr0.07,0.9,average,409.73270937522005,1.0,1.0,0.95,25,0.07,218.88188015214791,132.17184173394196,86.71003841820595,58.44076110985833,41.97257779007872,1597102.8496982516,-27418.59261746239
C_be0.90_average_ep1.00_gp1.00_lf0.95_life40_dr0.01,0.9,average,409.73270937522005,1.0,1.0,0.95,40,0.01,218.88188015214791,132.17184173394196,86.71003841820595,52.23805025023585,41.97257779007872,1881421.934306289,-27418.59261746239
C_be0.90_average_ep1.00_gp1.00_lf0.95_life40_dr0.03,0.9,average,409.73270937522005,1.0,1.0,0.95,40,0.03,218.88188015214791,132.17184173394196,86.71003841820595,54.08350992705171,41.97257779007872,1755022.0027348585,-27418.59261746239
C_be0.90_average_ep1.00_gp1.00_lf0.95_life40_dr0.05,0.9,average,409.73270937522005,1.0,1.0,0.95,40,0.05,218.88188015214791,132.17184173394196,86.71003841820595,56.15977931722334,41.97257779007872,1664014.1244294792,-27418.59261746239
C_be0.90_average_ep1.00_gp1.00_lf0.95_life40_dr0.07,0.9,average,409.73270937522005,1.0,1.0,0.95,40,0.07,218.88188015214791,132.17184173394196,86.71003841820595,58.44076110985833,41.97257779007872,1597102.8496982516,-27418.59261746239
C_be0.90_average_ep1.00_gp1.25_lf0.25_life15_dr0.01,0.9,average,409.73270937522005,1.0,1.25,0.25,15,0.01,218.88188015214791,132.17184173394196,86.71003841820595,95.38138299919186,52.4657222375984,2069852.830895314,13992.831574463155
C_be0.90_average_ep1.00_gp1.25_lf0.25_life15_dr0.03,0.9,average,409.73270937522005,1.0,1.25,0.25,15,0.03,218.88188015214791,132.17184173394196,86.71003841820595,101.08136409057683,52.4657222375984,1853947.460205898,13992.831574463155
C_be0.90_average_ep1.00_gp1.25_lf0.25_life15_dr0.05,0.9,average,409.73270937522005,1.0,1.25,0.25,15,0.05,218.88188015214791,132.17184173394196,86.71003841820595,107.37776214038749,52.4657222375984,1694900.669612381,13992.831574463155
C_be0.90_average_ep1.00_gp1.25_lf0.25_life15_dr0.07,0.9,average,409.73270937522005,1.0,1.25,0.25,15,0.07,218.88188015214791,132.17184173394196,86.71003841820595,114.27924737469091,52.4657222375984,1577564.4342303448,13992.831574463155
C_be0.90_average_ep1.00_gp1.25_lf0.25_life25_dr0.01,0.9,average,409.73270937522005,1.0,1.25,0.25,25,0.01,218.88188015214791,132.17184173394196,86.71003841820595,72.56519147116101,52.4657222375984,969411.6915430231,13992.831574463155
C_be0.90_average_ep1.00_gp1.25_lf0.25_life25_dr0.03,0.9,average,409.73270937522005,1.0,1.25,0.25,25,0.03,218.88188015214791,132.17184173394196,86.71003841820595,79.57793824306123,52.4657222375984,1033918.7571746942,13992.831574463155
C_be0.90_average_ep1.00_gp1.25_lf0.25_life25_dr0.05,0.9,average,409.73270937522005,1.0,1.25,0.25,25,0.05,218.88188015214791,132.17184173394196,86.71003841820595,87.46776192571348,52.4657222375984,1080363.8074675158,13992.831574463155
C_be0.90_average_ep1.00_gp1.25_lf0.25_life25_dr0.07,0.9,average,409.73270937522005,1.0,1.25,0.25,25,0.07,218.88188015214791,132.17184173394196,86.71003841820595,96.13549273772642,52.4657222375984,1114511.3733476987,13992.831574463155
C_be0.90_average_ep1.00_gp1.25_lf0.25_life40_dr0.01,0.9,average,409.73270937522005,1.0,1.25,0.25,40,0.01,218.88188015214791,132.17184173394196,86.71003841820595,72.56519147116101,52.4657222375984,969411.6915430231,13992.831574463155
C_be0.90_average_ep1.00_gp1.25_lf0.25_life40_dr0.03,0.9,average,409.73270937522005,1.0,1.25,0.25,40,0.03,218.88188015214791,132.17184173394196,86.71003841820595,79.57793824306123,52.4657222375984,1033918.7571746942,13992.831574463155
C_be0.90_average_ep1.00_gp1.25_lf0.25_life40_dr0.05,0.9,average,409.73270937522005,1.0,1.25,0.25,40,0.05,218.88188015214791,132.17184173394196,86.71003841820595,87.46776192571348,52.4657222375984,1080363.8074675158,13992.831574463155
C_be0.90_average_ep1.00_gp1.25_lf0.25_life40_dr0.07,0.9,average,409.73270937522005,1.0,1.25,0.25,40,0.07,218.88188015214791,132.17184173394196,86.71003841820595,96.13549273772642,52.4657222375984,1114511.3733476987,13992.831574463155
C_be0.90_average_ep1.00_gp1.25_lf0.50_life15_dr0.01,0.9,average,409.73270937522005,1.0,1.25,0.5,15,0.01,218.88188015214791,132.17184173394196,86.71003841820595,70.17986997812007,52.4657222375984,1708731.8800147595,30390.16153886789
C_be0.90_average_ep1.00_gp1.25_lf0.50_life15_dr0.03,0.9,average,409.73270937522005,1.0,1.25,0.5,15,0.03,218.88188015214791,132.17184173394196,86.71003841820595,73.02986052381257,52.4657222375984,1568418.3317931,30390.16153886789
C_be0.90_average_ep1.00_gp1.25_lf0.50_life15_dr0.05,0.9,average,409.73270937522005,1.0,1.25,0.5,15,0.05,218.88188015214791,132.17184173394196,86.71003841820595,76.1780595487179,52.4657222375984,1463797.6100629163,30390.16153886789
C_be0.90_average_ep1.00_gp1.25_lf0.50_life15_dr0.07,0.9,average,409.73270937522005,1.0,1.25,0.5,15,0.07,218.88188015214791,132.17184173394196,86.71003841820595,79.6288021658696,52.4657222375984,1386476.785588882,30390.16153886789
C_be0.90_average_ep1.00_gp1.25_lf0.50_life25_dr0.01,0.9,average,409.73270937522005,1.0,1.25,0.5,25,0.01,218.88188015214791,132.17184173394196,86.71003841820595,58.77177421410465,52.4657222375984,608290.7406624686,30390.16153886789
C_be0.90_average_ep1.00_gp1.25_lf0.50_life25_dr0.03,0.9,average,409.73270937522005,1.0,1.25,0.5,25,0.03,218.88188015214791,132.17184173394196,86.71003841820595,62.27814760005476,52.4657222375984,748389.6287618955,30390.16153886789
C_be0.90_average_ep1.00_gp1.25_lf0.50_life25_dr0.05,0.9,average,409.73270937522005,1.0,1.25,0.5,25,0.05,218.88188015214791,132.17184173394196,86.71003841820595,66.22305944138088,52.4657222375984,849260.7479180507,30390.16153886789
C_be0.90_average_ep1.00_gp1.25_lf0.50_life25_dr0.07,0.9,average,409.73270937522005,1.0,1.25,0.5,25,0.07,218.88188015214791,132.17184173394196,86.71003841820595,70.55692484738735,52.4657222375984,923423.7247062358,30390.16153886789
C_be0.90_average_ep1.00_gp1.25_lf0.50_life40_dr0.01,0.9,average,409.73270937522005,1.0,1.25,0.5,40,0.01,218.88188015214791,132.17184173394196,86.71003841820595,58.77177421410465,52.4657222375984,608290.7406624686,30390.16153886789
C_be0.90_average_ep1.00_gp1.25_lf0.50_life40_dr0.03,0.9,average,409.73270937522005,1.0,1.25,0.5,40,0.03,218.88188015214791,132.17184173394196,86.71003841820595,62.27814760005476,52.4657222375984,748389.6287618955,30390.16153886789
C_be0.90_average_ep1.00_gp1.25_lf0.50_life40_dr0.05,0.9,average,409.73270937522005,1.0,1.25,0.5,40,0.05,218.88188015214791,132.17184173394196,86.71003841820595,66.22305944138088,52.4657222375984,849260.7479180507,30390.16153886789
C_be0.90_average_ep1.00_gp1.25_lf0.50_life40_dr0.07,0.9,average,409.73270937522005,1.0,1.25,0.5,40,0.07,218.88188015214791,132.17184173394196,86.71003841820595,70.55692484738735,52.4657222375984,923423.7247062358,30390.16153886789
C_be0.90_average_ep1.00_gp1.25_lf0.75_life15_dr0.01,0.9,average,409.73270937522005,1.0,1.25,0.75,15,0.01,218.88188015214791,132.17184173394196,86.71003841820595,61.779365637762815,52.4657222375984,1347610.929134206,46787.49150327261
C_be0.90_average_ep1.00_gp1.25_lf0.75_life15_dr0.03,0.9,average,409.73270937522005,1.0,1.25,0.75,15,0.03,218.88188015214791,132.17184173394196,86.71003841820595,63.679359334891146,52.4657222375984,1282889.2033803025,46787.49150327261
C_be0.90_average_ep1.00_gp1.25_lf0.75_life15_dr0.05,0.9,average,409.73270937522005,1.0,1.25,0.75,15,0.05,218.88188015214791,132.17184173394196,86.71003841820595,65.77815868482803,52.4657222375984,1232694.550513451,46787.49150327261
C_be0.90_average_ep1.00_gp1.25_lf0.75_life15_dr0.07,0.9,average,409.73270937522005,1.0,1.25,0.75,15,0.07,218.88188015214791,132.17184173394196,86.71003841820595,68.07865376292916,52.4657222375984,1195389.13694742,46787.49150327261
C_be0.90_average_ep1.00_gp1.25_lf0.75_life25_dr0.01,0.9,average,409.73270937522005,1.0,1.25,0.75,25,0.01,218.88188015214791,132.17184173394196,86.71003841820595,54.17396846175253,52.4657222375984,247169.7897819141,46787.49150327261
C_be0.90_average_ep1.00_gp1.25_lf0.75_life25_dr0.03,0.9,average,409.73270937522005,1.0,1.25,0.75,25,0.03,218.88188015214791,132.17184173394196,86.71003841820595,56.511550719052615,52.4657222375984,462860.5003490988,46787.49150327261
C_be0.90_average_ep1.00_gp1.25_lf0.75_life25_dr0.05,0.9,average,409.73270937522005,1.0,1.25,0.75,25,0.05,218.88188015214791,132.17184173394196,86.71003841820595,59.14149194660335,52.4657222375984,618157.6883685859,46787.49150327261
C_be0.90_average_ep1.00_gp1.25_lf0.75_life25_dr0.07,0.9,average,409.73270937522005,1.0,1.25,0.75,25,0.07,218.88188015214791,132.17184173394196,86.71003841820595,62.030735550607666,52.4657222375984,732336.0760647734,46787.49150327261
C_be0.90_average_ep1.00_gp1.25_lf0.75_life40_dr0.01,0.9,average,409.73270937522005,1.0,1.25,0.75,40,0.01,218.88188015214791,132.17184173394196,86.71003841820595,54.17396846175253,52.4657222375984,247169.7897819141,46787.49150327261
C_be0.90_average_ep1.00_gp1.25_lf0.75_life40_dr0.03,0.9,average,409.73270937522005,1.0,1.25,0.75,40,0.03,218.88188015214791,132.17184173394196,86.71003841820595,56.511550719052615,52.4657222375984,462860.5003490988,46787.49150327261
C_be0.90_average_ep1.00_gp1.25_lf0.75_life40_dr0.05,0.9,average,409.73270937522005,1.0,1.25,0.75,40,0.05,218.88188015214791,132.17184173394196,86.71003841820595,59.14149194660335,52.4657222375984,618157.6883685859,46787.49150327261
C_be0.90_average_ep1.00_gp1.25_lf0.75_life40_dr0.07,0.9,average,409.73270937522005,1.0,1.25,0.75,40,0.07,218.88188015214791,132.17184173394196,86.71003841820595,62.030735550607666,52.4657222375984,732336.0760647734,46787.49150327261
C_be0.90_average_ep1.00_gp1.25_lf0.95_life15_dr0.01,0.9,average,409.73270937522005,1.0,1.25,0.95,15,0.01,218.88188015214791,132.17184173394196,86.71003841820595,58.24231117866503,52.4657222375984,1058714.1684297621,59905.35547479644
C_be0.90_average_ep1.00_gp1.25_lf0.95_life15_dr0.03,0.9,average,409.73270937522005,1.0,1.25,0.95,15,0.03,218.88188015214791,132.17184173394196,86.71003841820595,59.742306202713706,52.4657222375984,1054465.9006500626,59905.35547479644
C_be0.90_average_ep1.00_gp1.25_lf0.95_life15_dr0.05,0.9,average,409.73270937522005,1.0,1.25,0.95,15,0.05,218.88188015214791,132.17184173394196,86.71003841820595,61.39925305792703,52.4657222375984,1047812.1028738786,59905.35547479644
C_be0.90_average_ep1.00_gp1.25_lf0.95_life15_dr0.07,0.9,average,409.73270937522005,1.0,1.25,0.95,15,0.07,218.88188015214791,132.17184173394196,86.71003841820595,63.215433382743726,52.4657222375984,1042519.0180342495,59905.35547479644
C_be0.90_average_ep1.00_gp1.25_lf0.95_life25_dr0.01,0.9,average,409.73270937522005,1.0,1.25,0.95,25,0.01,218.88188015214791,132.17184173394196,86.71003841820595,52.23805025023585,52.4657222375984,-41726.9709225297,59905.35547479644
C_be0.90_average_ep1.00_gp1.25_lf0.95_life25_dr0.03,0.9,average,409.73270937522005,1.0,1.25,0.95,25,0.03,218.88188015214791,132.17184173394196,86.71003841820595,54.08350992705171,52.4657222375984,234437.1976188589,59905.35547479644
C_be0.90_average_ep1.00_gp1.25_lf0.95_life25_dr0.05,0.9,average,409.73270937522005,1.0,1.25,0.95,25,0.05,218.88188015214791,132.17184173394196,86.71003841820595,56.15977931722334,52.4657222375984,433275.24072901346,59905.35547479644
C_be0.90_average_ep1.00_gp1.25_lf0.95_life25_dr0.07,0.9,average,409.73270937522005,1.0,1.25,0.95,25,0.07,218.88188015214791,132.17184173394196,86.71003841820595,58.44076110985833,52.4657222375984,579465.957151603,59905.35547479644
C_be0.90_average_ep1.00_gp1.25_lf0.95_life40_dr0.01,0.9,average,409.73270937522005,1.0,1.25,0.95,40,0.01,218.88188015214791,132.17184173394196,86.71003841820595,52.23805025023585,52.4657222375984,-41726.9709225297,59905.35547479644
C_be0.90_average_ep1.00_gp1.25_lf0.95_life40_dr0.03,0.9,average,409.73270937522005,1.0,1.25,0.95,40,0.03,218.88188015214791,132.17184173394196,86.71003841820595,54.08350992705171,52.4657222375984,234437.1976188589,59905.35547479644
C_be0.90_average_ep1.00_gp1.25_lf0.95_life40_dr0.05,0.9,average,409.73270937522005,1.0,1.25,0.95,40,0.05,218.88188015214791,132.17184173394196,86.71003841820595,56.15977931722334,52.4657222375984,433275.24072901346,59905.35547479644
C_be0.90_average_ep1.00_gp1.25_lf0.95_life40_dr0.07,0.9,average,409.73270937522005,1.0,1.25,0.95,40,0.07,218.88188015214791,132.17184173394196,86.71003841820595,58.44076110985833,52.4657222375984,579465.957151603,59905.35547479644
C_be0.90_average_ep1.25_gp0.75_lf0.25_life15_dr0.01,0.9,average,409.73270937522005,1.25,0.75,0.25,15,0.01,218.88188015214791,132.17184173394196,86.71003841820595,105.75823673845393,31.479433342559037,3582519.4988516103,-54692.45079465701
C_be0.90_average_ep1.25_gp0.75_lf0.25_life15_dr0.03,0.9,average,409.73270937522005,1.25,0.75,0.25,15,0.03,218.88188015214791,132.17184173394196,86.71003841820595,111.45821782983892,31.479433342559037,3049974.4263165225,-54692.45079465701
C_be0.90_average_ep1.25_gp0.75_lf0.25_life15_dr0.05,0.9,average,409.73270937522005,1.25,0.75,0.25,15,0.05,218.88188015214791,132.17184173394196,86.71003841820595,117.75461587964955,31.479433342559037,2662947.231825892,-54692.45079465701
C_be0.90_average_ep1.25_gp0.75_lf0.25_life15_dr0.07,0.9,average,409.73270937522005,1.25,0.75,0.25,15,0.07,218.88188015214791,132.17184173394196,86.71003841820595,124.656101113953,31.479433342559037,2377994.0854407307,-54692.45079465701
C_be0.90_average_ep1.25_gp0.75_lf0.25_life25_dr0.01,0.9,average,409.73270937522005,1.25,0.75,0.25,25,0.01,218.88188015214791,132.17184173394196,86.71003841820595,82.9420452104231,31.479433342559037,2482078.35949932,-54692.45079465701
C_be0.90_average_ep1.25_gp0.75_lf0.25_life25_dr0.03,0.9,average,409.73270937522005,1.25,0.75,0.25,25,0.03,218.88188015214791,132.17184173394196,86.71003841820595,89.95479198232331,31.479433342559037,2229945.723285319,-54692.45079465701
C_be0.90_average_ep1.25_gp0.75_lf0.25_life25_dr0.05,0.9,average,409.73270937522005,1.25,0.75,0.25,25,0.05,218.88188015214791,132.17184173394196,86.71003841820595,97.84461566497555,31.479433342559037,2048410.3696810266,-54692.45079465701
C_be0.90_average_ep1.25_gp0.75_lf0.25_life25_dr0.07,0.9,average,409.73270937522005,1.25,0.75,0.25,25,0.07,218.88188015214791,132.17184173394196,86.71003841820595,106.5123464769885,31.479433342559037,1914941.0245580843,-54692.45079465701
C_be0.90_average_ep1.25_gp0.75_lf0.25_life40_dr0.01,0.9,average,409.73270937522005,1.25,0.75,0.25,40,0.01,218.88188015214791,132.17184173394196,86.71003841820595,82.9420452104231,31.479433342559037,2482078.35949932,-54692.45079465701
C_be0.90_average_ep1.25_gp0.75_lf0.25_life40_dr0.03,0.9,average,409.73270937522005,1.25,0.75,0.25,40,0.03,218.88188015214791,132.17184173394196,86.71003841820595,89.95479198232331,31.479433342559037,2229945.723285319,-54692.45079465701
C_be0.90_average_ep1.25_gp0.75_lf0.25_life40_dr0.05,0.9,average,409.73270937522005,1.25,0.75,0.25,40,0.05,218.88188015214791,132.17184173394196,86.71003841820595,97.84461566497555,31.479433342559037,2048410.3696810266,-54692.45079465701
C_be0.90_average_ep1.25_gp0.75_lf0.25_life40_dr0.07,0.9,average,409.73270937522005,1.25,0.75,0.25,40,0.07,218.88188015214791,132.17184173394196,86.71003841820595,106.5123464769885,31.479433342559037,1914941.0245580843,-54692.45079465701
C_be0.90_average_ep1.25_gp0.75_lf0.50_life15_dr0.01,0.9,average,409.73270937522005,1.25,0.75,0.5,15,0.01,218.88188015214791,132.17184173394196,86.71003841820595,80.55672371738216,31.479433342559037,4734065.215927353,-106980.40319937243
C_be0.90_average_ep1.25_gp0.75_lf0.50_life15_dr0.03,0.9,average,409.73270937522005,1.25,0.75,0.5,15,0.03,218.88188015214791,132.17184173394196,86.71003841820595,83.40671426307465,31.479433342559037,3960472.2640143484,-106980.40319937243
C_be0.90_average_ep1.25_gp0.75_lf0.50_life15_dr0.05,0.9,average,409.73270937522005,1.25,0.75,0.5,15,0.05,218.88188015214791,132.17184173394196,86.71003841820595,86.55491328797996,31.479433342559037,3399890.734489938,-106980.40319937243
C_be0.90_average_ep1.25_gp0.75_lf0.50_life15_dr0.07,0.9,average,409.73270937522005,1.25,0.75,0.5,15,0.07,218.88188015214791,132.17184173394196,86.71003841820595,90.00565590513169,31.479433342559037,2987336.088009654,-106980.40319937243
C_be0.90_average_ep1.25_gp0.75_lf0.50_life25_dr0.01,0.9,average,409.73270937522005,1.25,0.75,0.5,25,0.01,218.88188015214791,132.17184173394196,86.71003841820595,69.14862795336674,31.479433342559037,3633624.0765750622,-106980.40319937243
C_be0.90_average_ep1.25_gp0.75_lf0.50_life25_dr0.03,0.9,average,409.73270937522005,1.25,0.75,0.5,25,0.03,218.88188015214791,132.17184173394196,86.71003841820595,72.65500133931684,31.479433342559037,3140443.5609831447,-106980.40319937243
C_be0.90_average_ep1.25_gp0.75_lf0.50_life25_dr0.05,0.9,average,409.73270937522005,1.25,0.75,0.5,25,0.05,218.88188015214791,132.17184173394196,86.71003841820595,76.59991318064296,31.479433342559037,2785353.8723450727,-106980.40319937243
C_be0.90_average_ep1.25_gp0.75_lf0.50_life25_dr0.07,0.9,average,409.73270937522005,1.25,0.75,0.5,25,0.07,218.88188015214791,132.17184173394196,86.71003841820595,80.93377858664944,31.479433342559037,2524283.0271270075,-106980.40319937243
C_be0.90_average_ep1.25_gp0.75_lf0.50_life40_dr0.01,0.9,average,409.73270937522005,1.25,0.75,0.5,40,0.01,218.88188015214791,132.17184173394196,86.71003841820595,69.14862795336674,31.479433342559037,3633624.0765750622,-106980.40319937243
C_be0.90_average_ep1.25_gp0.75_lf0.50_life40_dr0.03,0.9,average,409.73270937522005,1.25,0.75,0.5,40,0.03,218.88188015214791,132.17184173394196,86.71003841820595,72.65500133931684,31.479433342559037,3140443.5609831447,-106980.40319937243
C_be0.90_average_ep1.25_gp0.75_lf0.50_life40_dr0.05,0.9,average,409.73270937522005,1.25,0.75,0.5,40,0.05,218.88188015214791,132.17184173394196,86.71003841820595,76.59991318064296,31.479433342559037,2785353.8723450727,-106980.40319937243
C_be0.90_average_ep1.25_gp0.75_lf0.50_life40_dr0.07,0.9,average,409.73270937522005,1.25,0.75,0.5,40,0.07,218.88188015214791,132.17184173394196,86.71003841820595,80.93377858664944,31.479433342559037,2524283.0271270075,-106980.40319937243
C_be0.90_average_ep1.25_gp0.75_lf0.75_life15_dr0.01,0.9,average,409.73270937522005,1.25,0.75,0.75,15,0.01,218.88188015214791,132.17184173394196,86.71003841820595,72.15621937702487,31.479433342559037,5885610.933003092,-159268.3556040878
C_be0.90_average_ep1.25_gp0.75_lf0.75_life15_dr0.03,0.9,average,409.73270937522005,1.25,0.75,0.75,15,0.03,218.88188015214791,132.17184173394196,86.71003841820595,74.0562130741532,31.479433342559037,4870970.101712173,-159268.3556040878
C_be0.90_average_ep1.25_gp0.75_lf0.75_life15_dr0.05,0.9,average,409.73270937522005,1.25,0.75,0.75,15,0.05,218.88188015214791,132.17184173394196,86.71003841820595,76.15501242409009,31.479433342559037,4136834.2371539827,-159268.3556040878
C_be0.90_average_ep1.25_gp0.75_lf0.75_life15_dr0.07,0.9,average,409.73270937522005,1.25,0.75,0.75,15,0.07,218.88188015214791,132.17184173394196,86.71003841820595,78.45550750219124,31.479433342559037,3596678.090578576,-159268.3556040878
C_be0.90_average_ep1.25_gp0.75_lf0.75_life25_dr0.01,0.9,average,409.73270937522005,1.25,0.75,0.75,25,0.01,218.88188015214791,132.17184173394196,86.71003841820595,64.5508222010146,31.479433342559037,4785169.793650802,-159268.3556040878
C_be0.90_average_ep1.25_gp0.75_lf0.75_life25_dr0.03,0.9,average,409.73270937522005,1.25,0.75,0.75,25,0.03,218.88188015214791,132.17184173394196,86.71003841820595,66.88840445831468,31.479433342559037,4050941.3986809696,-159268.3556040878
C_be0.90_average_ep1.25_gp0.75_lf0.75_life25_dr0.05,0.9,average,409.73270937522005,1.25,0.75,0.75,25,0.05,218.88188015214791,132.17184173394196,86.71003841820595,69.51834568586541,31.479433342559037,3522297.3750091176,-159268.3556040878
C_be0.90_average_ep1.25_gp0.75_lf0.75_life25_dr0.07,0.9,average,409.73270937522005,1.25,0.75,0.75,25,0.07,218.88188015214791,132.17184173394196,86.71003841820595,72.40758928986973,31.479433342559037,3133625.0296959295,-159268.3556040878
C_be0.90_average_ep1.25_gp0.75_lf0.75_life40_dr0.01,0.9,average,409.73270937522005,1.25,0.75,0.75,40,0.01,218.88188015214791,132.17184173394196,86.71003841820595,64.5508222010146,31.479433342559037,4785169.793650802,-159268.3556040878
C_be0.90_average_ep1.25_gp0.75_lf0.75_life40_dr0.03,0.9,average,409.73270937522005,1.25,0.75,0.75,40,0.03,218.88188015214791,132.17184173394196,86.71003841820595,66.88840445831468,31.479433342559037,4050941.3986809696,-159268.3556040878
C_be0.90_average_ep1.25_gp0.75_lf0.75_life40_dr0.05,0.9,average,409.73270937522005,1.25,0.75,0.75,40,0.05,218.88188015214791,132.17184173394196,86.71003841820595,69.51834568586541,31.479433342559037,3522297.3750091176,-159268.3556040878
C_be0.90_average_ep1.25_gp0.75_lf0.75_life40_dr0.07,0.9,average,409.73270937522005,1.25,0.75,0.75,40,0.07,218.88188015214791,132.17184173394196,86.71003841820595,72.40758928986973,31.479433342559037,3133625.0296959295,-159268.3556040878
C_be0.90_average_ep1.25_gp0.75_lf0.95_life15_dr0.01,0.9,average,409.73270937522005,1.25,0.75,0.95,15,0.01,218.88188015214791,132.17184173394196,86.71003841820595,68.61916491792711,31.479433342559037,6806847.506663688,-201098.71752786014
C_be0.90_average_ep1.25_gp0.75_lf0.95_life15_dr0.03,0.9,average,409.73270937522005,1.25,0.75,0.95,15,0.03,218.88188015214791,132.17184173394196,86.71003841820595,70.11915994197578,31.479433342559037,5599368.371870433,-201098.71752786014
C_be0.90_average_ep1.25_gp0.75_lf0.95_life15_dr0.05,0.9,average,409.73270937522005,1.25,0.75,0.95,15,0.05,218.88188015214791,132.17184173394196,86.71003841820595,71.7761067971891,31.479433342559037,4726389.03928522,-201098.71752786014
C_be0.90_average_ep1.25_gp0.75_lf0.95_life15_dr0.07,0.9,average,409.73270937522005,1.25,0.75,0.95,15,0.07,218.88188015214791,132.17184173394196,86.71003841820595,73.59228712200579,31.479433342559037,4084151.692633714,-201098.71752786014
C_be0.90_average_ep1.25_gp0.75_lf0.95_life25_dr0.01,0.9,average,409.73270937522005,1.25,0.75,0.95,25,0.01,218.88188015214791,132.17184173394196,86.71003841820595,62.61490398949793,31.479433342559037,5706406.367311397,-201098.71752786014
C_be0.90_average_ep1.25_gp0.75_lf0.95_life25_dr0.03,0.9,average,409.73270937522005,1.25,0.75,0.95,25,0.03,218.88188015214791,132.17184173394196,86.71003841820595,64.46036366631378,31.479433342559037,4779339.66883923,-201098.71752786014
C_be0.90_average_ep1.25_gp0.75_lf0.95_life25_dr0.05,0.9,average,409.73270937522005,1.25,0.75,0.95,25,0.05,218.88188015214791,132.17184173394196,86.71003841820595,66.53663305648541,31.479433342559037,4111852.1771403546,-201098.71752786014
C_be0.90_average_ep1.25_gp0.75_lf0.95_life25_dr0.07,0.9,average,409.73270937522005,1.25,0.75,0.95,25,0.07,218.88188015214791,132.17184173394196,86.71003841820595,68.8176148491204,31.479433342559037,3621098.6317510675,-201098.71752786014
C_be0.90_average_ep1.25_gp0.75_lf0.95_life40_dr0.01,0.9,average,409.73270937522005,1.25,0.75,0.95,40,0.01,218.88188015214791,132.17184173394196,86.71003841820595,62.61490398949793,31.479433342559037,5706406.367311397,-201098.71752786014
C_be0.90_average_ep1.25_gp0.75_lf0.95_life40_dr0.03,0.9,average,409.73270937522005,1.25,0.75,0.95,40,0.03,218.88188015214791,132.17184173394196,86.71003841820595,64.46036366631378,31.479433342559037,4779339.66883923,-201098.71752786014
C_be0.90_average_ep1.25_gp0.75_lf0.95_life40_dr0.05,0.9,average,409.73270937522005,1.25,0.75,0.95,40,0.05,218.88188015214791,132.17184173394196,86.71003841820595,66.53663305648541,31.479433342559037,4111852.1771403546,-201098.71752786014
C_be0.90_average_ep1.25_gp0.75_lf0.95_life40_dr0.07,0.9,average,409.73270937522005,1.25,0.75,0.95,40,0.07,218.88188015214791,132.17184173394196,86.71003841820595,68.8176148491204,31.479433342559037,3621098.6317510675,-201098.71752786014
C_be0.90_average_ep1.25_gp1.00_lf0.25_life15_dr0.01,0.9,average,409.73270937522005,1.25,1.0,0.25,15,0.01,218.88188015214791,132.17184173394196,86.71003841820595,105.75823673845393,41.97257779007872,3076427.6816861317,-31712.464454588902
C_be0.90_average_ep1.25_gp1.00_lf0.25_life15_dr0.03,0.9,average,409.73270937522005,1.25,1.0,0.25,15,0.03,218.88188015214791,132.17184173394196,86.71003841820595,111.45821782983892,41.97257779007872,2649820.530233365,-31712.464454588902
C_be0.90_average_ep1.25_gp1.00_lf0.25_life15_dr0.05,0.9,average,409.73270937522005,1.25,1.0,0.25,15,0.05,218.88188015214791,132.17184173394196,86.71003841820595,117.75461587964955,41.97257779007872,2339068.578220506,-31712.464454588902
C_be0.90_average_ep1.25_gp1.00_lf0.25_life15_dr0.07,0.9,average,409.73270937522005,1.25,1.0,0.25,15,0.07,218.88188015214791,132.17184173394196,86.71003841820595,124.656101113953,41.97257779007872,2110194.903191613,-31712.464454588902
C_be0.90_average_ep1.25_gp1.00_lf0.25_life25_dr0.01,0.9,average,409.73270937522005,1.25,1.0,0.25,25,0.01,218.88188015214791,132.17184173394196,86.71003841820595,82.9420452104231,41.97257779007872,1975986.5423338413,-31712.464454588902
C_be0.90_average_ep1.25_gp1.00_lf0.25_life25_dr0.03,0.9,average,409.73270937522005,1.25,1.0,0.25,25,0.03,218.88188015214791,132.17184173394196,86.71003841820595,89.95479198232331,41.97257779007872,1829791.8272021613,-31712.464454588902
C_be0.90_average_ep1.25_gp1.00_lf0.25_life25_dr0.05,0.9,average,409.73270937522005,1.25,1.0,0.25,25,0.05,218.88188015214791,132.17184173394196,86.71003841820595,97.84461566497555,41.97257779007872,1724531.7160756409,-31712.464454588902
C_be0.90_average_ep1.25_gp1.00_lf0.25_life25_dr0.07,0.9,average,409.73270937522005,1.25,1.0,0.25,25,0.07,218.88188015214791,132.17184173394196,86.71003841820595,106.5123464769885,41.97257779007872,1647141.8423089662,-31712.464454588902
C_be0.90_average_ep1.25_gp1.00_lf0.25_life40_dr0.01,0.9,average,409.73270937522005,1.25,1.0,0.25,40,0.01,218.88188015214791,132.17184173394196,86.71003841820595,82.9420452104231,41.97257779007872,1975986.5423338413,-31712.464454588902
C_be0.90_average_ep1.25_gp1.00_lf0.25_life40_dr0.03,0.9,average,409.73270937522005,1.25,1.0,0.25,40,0.03,218.88188015214791,132.17184173394196,86.71003841820595,89.95479198232331,41.97257779007872,1829791.8272021613,-31712.464454588902
C_be0.90_average_ep1.25_gp1.00_lf0.25_life40_dr0.05,0.9,average,409.73270937522005,1.25,1.0,0.25,40,0.05,218.88188015214791,132.17184173394196,86.71003841820595,97.84461566497555,41.97257779007872,1724531.7160756409,-31712.464454588902
C_be0.90_average_ep1.25_gp1.00_lf0.25_life40_dr0.07,0.9,average,409.73270937522005,1.25,1.0,0.25,40,0.07,218.88188015214791,132.17184173394196,86.71003841820595,106.5123464769885,41.97257779007872,1647141.8423089662,-31712.464454588902
C_be0.90_average_ep1.25_gp1.00_lf0.50_life15_dr0.01,0.9,average,409.73270937522005,1.25,1.0,0.5,15,0.01,218.88188015214791,132.17184173394196,86.71003841820595,80.55672371738216,41.97257779007872,3721881.581596396,-61020.43051923622
C_be0.90_average_ep1.25_gp1.00_lf0.50_life15_dr0.03,0.9,average,409.73270937522005,1.25,1.0,0.5,15,0.03,218.88188015214791,132.17184173394196,86.71003841820595,83.40671426307465,41.97257779007872,3160164.4718480334,-61020.43051923622
C_be0.90_average_ep1.25_gp1.00_lf0.50_life15_dr0.05,0.9,average,409.73270937522005,1.25,1.0,0.5,15,0.05,218.88188015214791,132.17184173394196,86.71003841820595,86.55491328797996,41.97257779007872,2752133.4272791664,-61020.43051923622
C_be0.90_average_ep1.25_gp1.00_lf0.50_life15_dr0.07,0.9,average,409.73270937522005,1.25,1.0,0.5,15,0.07,218.88188015214791,132.17184173394196,86.71003841820595,90.00565590513169,41.97257779007872,2451737.723511418,-61020.43051923622
C_be0.90_average_ep1.25_gp1.00_lf0.50_life25_dr0.01,0.9,average,409.73270937522005,1.25,1.0,0.5,25,0.01,218.88188015214791,132.17184173394196,86.71003841820595,69.14862795336674,41.97257779007872,2621440.442244105,-61020.43051923622
C_be0.90_average_ep1.25_gp1.00_lf0.50_life25_dr0.03,0.9,average,409.73270937522005,1.25,1.0,0.5,25,0.03,218.88188015214791,132.17184173394196,86.71003841820595,72.65500133931684,41.97257779007872,2340135.7688168297,-61020.43051923622
C_be0.90_average_ep1.25_gp1.00_lf0.50_life25_dr0.05,0.9,average,409.73270937522005,1.25,1.0,0.5,25,0.05,218.88188015214791,132.17184173394196,86.71003841820595,76.59991318064296,41.97257779007872,2137596.5651343013,-61020.43051923622
C_be0.90_average_ep1.25_gp1.00_lf0.50_life25_dr0.07,0.9,average,409.73270937522005,1.25,1.0,0.5,25,0.07,218.88188015214791,132.17184173394196,86.71003841820595,80.93377858664944,41.97257779007872,1988684.6626287713,-61020.43051923622
C_be0.90_average_ep1.25_gp1.00_lf0.50_life40_dr0.01,0.9,average,409.73270937522005,1.25,1.0,0.5,40,0.01,218.88188015214791,132.17184173394196,86.71003841820595,69.14862795336674,41.97257779007872,2621440.442244105,-61020.43051923622
C_be0.90_average_ep1.25_gp1.00_lf0.50_life40_dr0.03,0.9,average,409.73270937522005,1.25,1.0,0.5,40,0.03,218.88188015214791,132.17184173394196,86.71003841820595,72.65500133931684,41.97257779007872,2340135.7688168297,-61020.43051923622
C_be0.90_average_ep1.25_gp1.00_lf0.50_life40_dr0.05,0.9,average,409.73270937522005,1.25,1.0,0.5,40,0.05,218.88188015214791,132.17184173394196,86.71003841820595,76.59991318064296,41.97257779007872,2137596.5651343013,-61020.43051923622
C_be0.90_average_ep1.25_gp1.00_lf0.50_life40_dr0.07,0.9,average,409.73270937522005,1.25,1.0,0.5,40,0.07,218.88188015214791,132.17184173394196,86.71003841820595,80.93377858664944,41.97257779007872,1988684.6626287713,-61020.43051923622
C_be0.90_average_ep1.25_gp1.00_lf0.75_life15_dr0.01,0.9,average,409.73270937522005,1.25,1.0,0.75,15,0.01,218.88188015214791,132.17184173394196,86.71003841820595,72.15621937702487,41.97257779007872,4367335.481506657,-90328.3965838835
C_be0.90_average_ep1.25_gp1.00_lf0.75_life15_dr0.03,0.9,average,409.73270937522005,1.25,1.0,0.75,15,0.03,218.88188015214791,132.17184173394196,86.71003841820595,74.0562130741532,41.97257779007872,3670508.4134627003,-90328.3965838835
C_be0.90_average_ep1.25_gp1.00_lf0.75_life15_dr0.05,0.9,average,409.73270937522005,1.25,1.0,0.75,15,0.05,218.88188015214791,132.17184173394196,86.71003841820595,76.15501242409009,41.97257779007872,3165198.2763378257,-90328.3965838835
C_be0.90_average_ep1.25_gp1.00_lf0.75_life15_dr0.07,0.9,average,409.73270937522005,1.25,1.0,0.75,15,0.07,218.88188015214791,132.17184173394196,86.71003841820595,78.45550750219124,41.97257779007872,2793280.5438312227,-90328.3965838835
C_be0.90_average_ep1.25_gp1.00_lf0.75_life25_dr0.01,0.9,average,409.73270937522005,1.25,1.0,0.75,25,0.01,218.88188015214791,132.17184173394196,86.71003841820595,64.5508222010146,41.97257779007872,3266894.342154367,-90328.3965838835
C_be0.90_average_ep1.25_gp1.00_lf0.75_life25_dr0.03,0.9,average,409.73270937522005,1.25,1.0,0.75,25,0.03,218.88188015214791,132.17184173394196,86.71003841820595,66.88840445831468,41.97257779007872,2850479.7104314975,-90328.3965838835
C_be0.90_average_ep1.25_gp1.00_lf0.75_life25_dr0.05,0.9,average,409.73270937522005,1.25,1.0,0.75,25,0.05,218.88188015214791,132.17184173394196,86.71003841820595,69.51834568586541,41.97257779007872,2550661.4141929606,-90328.3965838835
C_be0.90_average_ep1.25_gp1.00_lf0.75_life25_dr0.07,0.9,average,409.73270937522005,1.25,1.0,0.75,25,0.07,218.88188015214791,132.17184173394196,86.71003841820595,72.40758928986973,41.97257779007872,2330227.482948576,-90328.3965838835
C_be0.90_average_ep1.25_gp1.00_lf0.75_life40_dr0.01,0.9,average,409.73270937522005,1.25,1.0,0.75,40,0.01,218.88188015214791,132.17184173394196,86.71003841820595,64.5508222010146,41.97257779007872,3266894.342154367,-90328.3965838835
C_be0.90_average_ep1.25_gp1.00_lf0.75_life40_dr0.03,0.9,average,409.73270937522005,1.25,1.0,0.75,40,0.03,218.88188015214791,132.17184173394196,86.71003841820595,66.88840445831468,41.97257779007872,2850479.7104314975,-90328.3965838835
C_be0.90_average_ep1.25_gp1.00_lf0.75_life40_dr0.05,0.9,average,409.73270937522005,1.25,1.0,0.75,40,0.05,218.88188015214791,132.17184173394196,86.71003841820595,69.51834568586541,41.97257779007872,2550661.4141929606,-90328.3965838835
C_be0.90_average_ep1.25_gp1.00_lf0.75_life40_dr0.07,0.9,average,409.73270937522005,1.25,1.0,0.75,40,0.07,218.88188015214791,132.17184173394196,86.71003841820595,72.40758928986973,41.97257779007872,2330227.482948576,-90328.3965838835
C_be0.90_average_ep1.25_gp1.00_lf0.95_life15_dr0.01,0.9,average,409.73270937522005,1.25,1.0,0.95,15,0.01,218.88188015214791,132.17184173394196,86.71003841820595,68.61916491792711,41.97257779007872,4883698.601434871,-113774.76943560137
C_be0.90_average_ep1.25_gp1.00_lf0.95_life15_dr0.03,0.9,average,409.73270937522005,1.25,1.0,0.95,15,0.03,218.88188015214791,132.17184173394196,86.71003841820595,70.11915994197578,41.97257779007872,4078783.566754435,-113774.76943560137
C_be0.90_average_ep1.25_gp1.00_lf0.95_life15_dr0.05,0.9,average,409.73270937522005,1.25,1.0,0.95,15,0.05,218.88188015214791,132.17184173394196,86.71003841820595,71.7761067971891,41.97257779007872,3495650.1555847544,-113774.76943560137
C_be0.90_average_ep1.25_gp1.00_lf0.95_life15_dr0.07,0.9,average,409.73270937522005,1.25,1.0,0.95,15,0.07,218.88188015214791,132.17184173394196,86.71003841820595,73.59228712200579,41.97257779007872,3066514.800087066,-113774.76943560137
C_be0.90_average_ep1.25_gp1.00_lf0.95_life25_dr0.01,0.9,average,409.73270937522005,1.25,1.0,0.95,25,0.01,218.88188015214791,132.17184173394196,86.71003841820595,62.61490398949793,41.97257779007872,3783257.462082579,-113774.76943560137
C_be0.90_average_ep1.25_gp1.00_lf0.95_life25_dr0.03,0.9,average,409.73270937522005,1.25,1.0,0.95,25,0.03,218.88188015214791,132.17184173394196,86.71003841820595,64.46036366631378,41.97257779007872,3258754.8637232324,-113774.76943560137
C_be0.90_average_ep1.25_gp1.00_lf0.95_life25_dr0.05,0.9,average,409.73270937522005,1.25,1.0,0.95,25,0.05,218.88188015214791,132.17184173394196,86.71003841820595,66.53663305648541,41.97257779007872,2881113.2934398893,-113774.76943560137
C_be0.90_average_ep1.25_gp1.00_lf0.95_life25_dr0.07,0.9,average,409.73270937522005,1.25,1.0,0.95,25,0.07,218.88188015214791,132.17184173394196,86.71003841820595,68.8176148491204,41.97257779007872,2603461.7392044193,-113774.76943560137
C_be0.90_average_ep1.25_gp1.00_lf0.95_life40_dr0.01,0.9,average,409.73270937522005,1.25,1.0,0.95,40,0.01,218.88188015214791,132.17184173394196,86.71003841820595,62.61490398949793,41.97257779007872,3783257.462082579,-113774.76943560137
C_be0.90_average_ep1.25_gp1.00_lf0.95_life40_dr0.03,0.9,average,409.73270937522005,1.25,1.0,0.95,40,0.03,218.88188015214791,132.17184173394196,86.71003841820595,64.46036366631378,41.97257779007872,3258754.8637232324,-113774.76943560137
C_be0.90_average_ep1.25_gp1.00_lf0.95_life40_dr0.05,0.9,average,409.73270937522005,1.25,1.0,0.95,40,0.05,218.88188015214791,132.17184173394196,86.71003841820595,66.53663305648541,41.97257779007872,2881113.2934398893,-113774.76943560137
C_be0.90_average_ep1.25_gp1.00_lf0.95_life40_dr0.07,0.9,average,409.73270937522005,1.25,1.0,0.95,40,0.07,218.88188015214791,132.17184173394196,86.71003841820595,68.8176148491204,41.97257779007872,2603461.7392044193,-113774.76943560137
C_be0.90_average_ep1.25_gp1.25_lf0.25_life15_dr0.01,0.9,average,409.73270937522005,1.25,1.25,0.25,15,0.01,218.88188015214791,132.17184173394196,86.71003841820595,105.75823673845393,52.4657222375984,2570335.864520653,-8732.478114520796
C_be0.90_average_ep1.25_gp1.25_lf0.25_life15_dr0.03,0.9,average,409.73270937522005,1.25,1.25,0.25,15,0.03,218.88188015214791,132.17184173394196,86.71003841820595,111.45821782983892,52.4657222375984,2249666.634150207,-8732.478114520796
C_be0.90_average_ep1.25_gp1.25_lf0.25_life15_dr0.05,0.9,average,409.73270937522005,1.25,1.25,0.25,15,0.05,218.88188015214791,132.17184173394196,86.71003841820595,117.75461587964955,52.4657222375984,2015189.9246151203,-8732.478114520796
C_be0.90_average_ep1.25_gp1.25_lf0.25_life15_dr0.07,0.9,average,409.73270937522005,1.25,1.25,0.25,15,0.07,218.88188015214791,132.17184173394196,86.71003841820595,124.656101113953,52.4657222375984,1842395.720942495,-8732.478114520796
C_be0.90_average_ep1.25_gp1.25_lf0.25_life25_dr0.01,0.9,average,409.73270937522005,1.25,1.25,0.25,25,0.01,218.88188015214791,132.17184173394196,86.71003841820595,82.9420452104231,52.4657222375984,1469894.7251683627,-8732.478114520796
C_be0.90_average_ep1.25_gp1.25_lf0.25_life25_dr0.03,0.9,average,409.73270937522005,1.25,1.25,0.25,25,0.03,218.88188015214791,132.17184173394196,86.71003841820595,89.95479198232331,52.4657222375984,1429637.9311190036,-8732.478114520796
C_be0.90_average_ep1.25_gp1.25_lf0.25_life25_dr0.05,0.9,average,409.73270937522005,1.25,1.25,0.25,25,0.05,218.88188015214791,132.17184173394196,86.71003841820595,97.84461566497555,52.4657222375984,1400653.0624702552,-8732.478114520796
C_be0.90_average_ep1.25_gp1.25_lf0.25_life25_dr0.07,0.9,average,409.73270937522005,1.25,1.25,0.25,25,0.07,218.88188015214791,132.17184173394196,86.71003841820595,106.5123464769885,52.4657222375984,1379342.6600598483,-8732.478114520796
C_be0.90_average_ep1.25_gp1.25_lf0.25_life40_dr0.01,0.9,average,409.73270937522005,1.25,1.25,0.25,40,0.01,218.88188015214791,132.17184173394196,86.71003841820595,82.9420452104231,52.4657222375984,1469894.7251683627,-8732.478114520796
C_be0.90_average_ep1.25_gp1.25_lf0.25_life40_dr0.03,0.9,average,409.73270937522005,1.25,1.25,0.25,40,0.03,218.88188015214791,132.17184173394196,86.71003841820595,89.95479198232331,52.4657222375984,1429637.9311190036,-8732.478114520796
C_be0.90_average_ep1.25_gp1.25_lf0.25_life40_dr0.05,0.9,average,409.73270937522005,1.25,1.25,0.25,40,0.05,218.88188015214791,132.17184173394196,86.71003841820595,97.84461566497555,52.4657222375984,1400653.0624702552,-8732.478114520796
C_be0.90_average_ep1.25_gp1.25_lf0.25_life40_dr0.07,0.9,average,409.73270937522005,1.25,1.25,0.25,40,0.07,218.88188015214791,132.17184173394196,86.71003841820595,106.5123464769885,52.4657222375984,1379342.6600598483,-8732.478114520796
C_be0.90_average_ep1.25_gp1.25_lf0.50_life15_dr0.01,0.9,average,409.73270937522005,1.25,1.25,0.5,15,0.01,218.88188015214791,132.17184173394196,86.71003841820595,80.55672371738216,52.4657222375984,2709697.9472654387,-15060.45783910001
C_be0.90_average_ep1.25_gp1.25_lf0.50_life15_dr0.03,0.9,average,409.73270937522005,1.25,1.25,0.5,15,0.03,218.88188015214791,132.17184173394196,86.71003841820595,83.40671426307465,52.4657222375984,2359856.679681718,-15060.45783910001
C_be0.90_average_ep1.25_gp1.25_lf0.50_life15_dr0.05,0.9,average,409.73270937522005,1.25,1.25,0.5,15,0.05,218.88188015214791,132.17184173394196,86.71003841820595,86.55491328797996,52.4657222375984,2104376.120068395,-15060.45783910001
C_be0.90_average_ep1.25_gp1.25_lf0.50_life15_dr0.07,0.9,average,409.73270937522005,1.25,1.25,0.5,15,0.07,218.88188015214791,132.17184173394196,86.71003841820595,90.00565590513169,52.4657222375984,1916139.359013182,-15060.45783910001
C_be0.90_average_ep1.25_gp1.25_lf0.50_life25_dr0.01,0.9,average,409.73270937522005,1.25,1.25,0.5,25,0.01,218.88188015214791,132.17184173394196,86.71003841820595,69.14862795336674,52.4657222375984,1609256.8079131478,-15060.45783910001
C_be0.90_average_ep1.25_gp1.25_lf0.50_life25_dr0.03,0.9,average,409.73270937522005,1.25,1.25,0.5,25,0.03,218.88188015214791,132.17184173394196,86.71003841820595,72.65500133931684,52.4657222375984,1539827.9766505142,-15060.45783910001
C_be0.90_average_ep1.25_gp1.25_lf0.50_life25_dr0.05,0.9,average,409.73270937522005,1.25,1.25,0.5,25,0.05,218.88188015214791,132.17184173394196,86.71003841820595,76.59991318064296,52.4657222375984,1489839.25792353,-15060.45783910001
C_be0.90_average_ep1.25_gp1.25_lf0.50_life25_dr0.07,0.9,average,409.73270937522005,1.25,1.25,0.5,25,0.07,218.88188015214791,132.17184173394196,86.71003841820595,80.93377858664944,52.4657222375984,1453086.2981305355,-15060.45783910001
C_be0.90_average_ep1.25_gp1.25_lf0.50_life40_dr0.01,0.9,average,409.73270937522005,1.25,1.25,0.5,40,0.01,218.88188015214791,132.17184173394196,86.71003841820595,69.14862795336674,52.4657222375984,1609256.8079131478,-15060.45783910001
C_be0.90_average_ep1.25_gp1.25_lf0.50_life40_dr0.03,0.9,average,409.73270937522005,1.25,1.25,0.5,40,0.03,218.88188015214791,132.17184173394196,86.71003841820595,72.65500133931684,52.4657222375984,1539827.9766505142,-15060.45783910001
C_be0.90_average_ep1.25_gp1.25_lf0.50_life40_dr0.05,0.9,average,409.73270937522005,1.25,1.25,0.5,40,0.05,218.88188015214791,132.17184173394196,86.71003841820595,76.59991318064296,52.4657222375984,1489839.25792353,-15060.45783910001
C_be0.90_average_ep1.25_gp1.25_lf0.50_life40_dr0.07,0.9,average,409.73270937522005,1.25,1.25,0.5,40,0.07,218.88188015214791,132.17184173394196,86.71003841820595,80.93377858664944,52.4657222375984,1453086.2981305355,-15060.45783910001
C_be0.90_average_ep1.25_gp1.25_lf0.75_life15_dr0.01,0.9,average,409.73270937522005,1.25,1.25,0.75,15,0.01,218.88188015214791,132.17184173394196,86.71003841820595,72.15621937702487,52.4657222375984,2849060.0300102206,-21388.43756367918
C_be0.90_average_ep1.25_gp1.25_lf0.75_life15_dr0.03,0.9,average,409.73270937522005,1.25,1.25,0.75,15,0.03,218.88188015214791,132.17184173394196,86.71003841820595,74.0562130741532,52.4657222375984,2470046.725213228,-21388.43756367918
C_be0.90_average_ep1.25_gp1.25_lf0.75_life15_dr0.05,0.9,average,409.73270937522005,1.25,1.25,0.75,15,0.05,218.88188015214791,132.17184173394196,86.71003841820595,76.15501242409009,52.4657222375984,2193562.3155216686,-21388.43756367918
C_be0.90_average_ep1.25_gp1.25_lf0.75_life15_dr0.07,0.9,average,409.73270937522005,1.25,1.25,0.75,15,0.07,218.88188015214791,132.17184173394196,86.71003841820595,78.45550750219124,52.4657222375984,1989882.9970838684,-21388.43756367918
C_be0.90_average_ep1.25_gp1.25_lf0.75_life25_dr0.01,0.9,average,409.73270937522005,1.25,1.25,0.75,25,0.01,218.88188015214791,132.17184173394196,86.71003841820595,64.5508222010146,52.4657222375984,1748618.8906579306,-21388.43756367918
C_be0.90_average_ep1.25_gp1.25_lf0.75_life25_dr0.03,0.9,average,409.73270937522005,1.25,1.25,0.75,25,0.03,218.88188015214791,132.17184173394196,86.71003841820595,66.88840445831468,52.4657222375984,1650018.022182025,-21388.43756367918
C_be0.90_average_ep1.25_gp1.25_lf0.75_life25_dr0.05,0.9,average,409.73270937522005,1.25,1.25,0.75,25,0.05,218.88188015214791,132.17184173394196,86.71003841820595,69.51834568586541,52.4657222375984,1579025.4533768035,-21388.43756367918
C_be0.90_average_ep1.25_gp1.25_lf0.75_life25_dr0.07,0.9,average,409.73270937522005,1.25,1.25,0.75,25,0.07,218.88188015214791,132.17184173394196,86.71003841820595,72.40758928986973,52.4657222375984,1526829.9362012218,-21388.43756367918
C_be0.90_average_ep1.25_gp1.25_lf0.75_life40_dr0.01,0.9,average,409.73270937522005,1.25,1.25,0.75,40,0.01,218.88188015214791,132.17184173394196,86.71003841820595,64.5508222010146,52.4657222375984,1748618.8906579306,-21388.43756367918
C_be0.90_average_ep1.25_gp1.25_lf0.75_life40_dr0.03,0.9,average,409.73270937522005,1.25,1.25,0.75,40,0.03,218.88188015214791,132.17184173394196,86.71003841820595,66.88840445831468,52.4657222375984,1650018.022182025,-21388.43756367918
C_be0.90_average_ep1.25_gp1.25_lf0.75_life40_dr0.05,0.9,average,409.73270937522005,1.25,1.25,0.75,40,0.05,218.88188015214791,132.17184173394196,86.71003841820595,69.51834568586541,52.4657222375984,1579025.4533768035,-21388.43756367918
C_be0.90_average_ep1.25_gp1.25_lf0.75_life40_dr0.07,0.9,average,409.73270937522005,1.25,1.25,0.75,40,0.07,218.88188015214791,132.17184173394196,86.71003841820595,72.40758928986973,52.4657222375984,1526829.9362012218,-21388.43756367918
C_be0.90_average_ep1.25_gp1.25_lf0.95_life15_dr0.01,0.9,average,409.73270937522005,1.25,1.25,0.95,15,0.01,218.88188015214791,132.17184173394196,86.71003841820595,68.61916491792711,52.4657222375984,2960549.696206052,-26450.82134334254
C_be0.90_average_ep1.25_gp1.25_lf0.95_life15_dr0.03,0.9,average,409.73270937522005,1.25,1.25,0.95,15,0.03,218.88188015214791,132.17184173394196,86.71003841820595,70.11915994197578,52.4657222375984,2558198.7616384355,-26450.82134334254
C_be0.90_average_ep1.25_gp1.25_lf0.95_life15_dr0.05,0.9,average,409.73270937522005,1.25,1.25,0.95,15,0.05,218.88188015214791,132.17184173394196,86.71003841820595,71.7761067971891,52.4657222375984,2264911.2718842886,-26450.82134334254
C_be0.90_average_ep1.25_gp1.25_lf0.95_life15_dr0.07,0.9,average,409.73270937522005,1.25,1.25,0.95,15,0.07,218.88188015214791,132.17184173394196,86.71003841820595,73.59228712200579,52.4657222375984,2048877.9075404173,-26450.82134334254
C_be0.90_average_ep1.25_gp1.25_lf0.95_life25_dr0.01,0.9,average,409.73270937522005,1.25,1.25,0.95,25,0.01,218.88188015214791,132.17184173394196,86.71003841820595,62.61490398949793,52.4657222375984,1860108.55685376,-26450.82134334254
C_be0.90_average_ep1.25_gp1.25_lf0.95_life25_dr0.03,0.9,average,409.73270937522005,1.25,1.25,0.95,25,0.03,218.88188015214791,132.17184173394196,86.71003841820595,64.46036366631378,52.4657222375984,1738170.0586072328,-26450.82134334254
C_be0.90_average_ep1.25_gp1.25_lf0.95_life25_dr0.05,0.9,average,409.73270937522005,1.25,1.25,0.95,25,0.05,218.88188015214791,132.17184173394196,86.71003841820595,66.53663305648541,52.4657222375984,1650374.4097394235,-26450.82134334254
C_be0.90_average_ep1.25_gp1.25_lf0.95_life25_dr0.07,0.9,average,409.73270937522005,1.25,1.25,0.95,25,0.07,218.88188015214791,132.17184173394196,86.71003841820595,68.8176148491204,52.4657222375984,1585824.8466577707,-26450.82134334254
C_be0.90_average_ep1.25_gp1.25_lf0.95_life40_dr0.01,0.9,average,409.73270937522005,1.25,1.25,0.95,40,0.01,218.88188015214791,132.17184173394196,86.71003841820595,62.61490398949793,52.4657222375984,1860108.55685376,-26450.82134334254
C_be0.90_average_ep1.25_gp1.25_lf0.95_life40_dr0.03,0.9,average,409.73270937522005,1.25,1.25,0.95,40,0.03,218.88188015214791,132.17184173394196,86.71003841820595,64.46036366631378,52.4657222375984,1738170.0586072328,-26450.82134334254
C_be0.90_average_ep1.25_gp1.25_lf0.95_life40_dr0.05,0.9,average,409.73270937522005,1.25,1.25,0.95,40,0.05,218.88188015214791,132.17184173394196,86.71003841820595,66.53663305648541,52.4657222375984,1650374.4097394235,-26450.82134334254
C_be0.90_average_ep1.25_gp1.25_lf0.95_life40_dr0.07,0.9,average,409.73270937522005,1.25,1.25,0.95,40,0.07,218.88188015214791,132.17184173394196,86.71003841820595,68.8176148491204,52.4657222375984,1585824.8466577707,-26450.82134334254
C_be0.90_average_plus_grid_loss_ep0.75_gp0.75_lf0.25_life15_dr0.01,0.9,average_plus_grid_loss,427.6959388050314,0.75,0.75,0.25,15,0.01,218.88188015214791,137.96643187259076,80.91544827955715,85.00452925992978,31.479433342559037,2581553.431600932,-9241.831416689121
C_be0.90_average_plus_grid_loss_ep0.75_gp0.75_lf0.25_life15_dr0.03,0.9,average_plus_grid_loss,427.6959388050314,0.75,0.75,0.25,15,0.03,218.88188015214791,137.96643187259076,80.91544827955715,90.70451035131477,31.479433342559037,2258536.0784279048,-9241.831416689121
C_be0.90_average_plus_grid_loss_ep0.75_gp0.75_lf0.25_life15_dr0.05,0.9,average_plus_grid_loss,427.6959388050314,0.75,0.75,0.25,15,0.05,218.88188015214791,137.96643187259076,80.91544827955715,97.0009084011254,31.479433342559037,2022368.7218204124,-9241.831416689121
C_be0.90_average_plus_grid_loss_ep0.75_gp0.75_lf0.25_life15_dr0.07,0.9,average_plus_grid_loss,427.6959388050314,0.75,0.75,0.25,15,0.07,218.88188015214791,137.96643187259076,80.91544827955715,103.90239363542885,31.479433342559037,1848331.5120164317,-9241.831416689121
C_be0.90_average_plus_grid_loss_ep0.75_gp0.75_lf0.25_life25_dr0.01,0.9,average_plus_grid_loss,427.6959388050314,0.75,0.75,0.25,25,0.01,218.88188015214791,137.96643187259076,80.91544827955715,62.18833773189895,31.479433342559037,1481112.2922486411,-9241.831416689121
C_be0.90_average_plus_grid_loss_ep0.75_gp0.75_lf0.25_life25_dr0.03,0.9,average_plus_grid_loss,427.6959388050314,0.75,0.75,0.25,25,0.03,218.88188015214791,137.96643187259076,80.91544827955715,69.20108450379917,31.479433342559037,1438507.375396701,-9241.831416689121
C_be0.90_average_plus_grid_loss_ep0.75_gp0.75_lf0.25_life25_dr0.05,0.9,average_plus_grid_loss,427.6959388050314,0.75,0.75,0.25,25,0.05,218.88188015214791,137.96643187259076,80.91544827955715,77.0909081864514,31.479433342559037,1407831.8596755473,-9241.831416689121
C_be0.90_average_plus_grid_loss_ep0.75_gp0.75_lf0.25_life25_dr0.07,0.9,average_plus_grid_loss,427.6959388050314,0.75,0.75,0.25,25,0.07,218.88188015214791,137.96643187259076,80.91544827955715,85.75863899846435,31.479433342559037,1385278.451133785,-9241.831416689121
C_be0.90_average_plus_grid_loss_ep0.75_gp0.75_lf0.25_life40_dr0.01,0.9,average_plus_grid_loss,427.6959388050314,0.75,0.75,0.25,40,0.01,218.88188015214791,137.96643187259076,80.91544827955715,62.18833773189895,31.479433342559037,1481112.2922486411,-9241.831416689121
C_be0.90_average_plus_grid_loss_ep0.75_gp0.75_lf0.25_life40_dr0.03,0.9,average_plus_grid_loss,427.6959388050314,0.75,0.75,0.25,40,0.03,218.88188015214791,137.96643187259076,80.91544827955715,69.20108450379917,31.479433342559037,1438507.375396701,-9241.831416689121
C_be0.90_average_plus_grid_loss_ep0.75_gp0.75_lf0.25_life40_dr0.05,0.9,average_plus_grid_loss,427.6959388050314,0.75,0.75,0.25,40,0.05,218.88188015214791,137.96643187259076,80.91544827955715,77.0909081864514,31.479433342559037,1407831.8596755473,-9241.831416689121
C_be0.90_average_plus_grid_loss_ep0.75_gp0.75_lf0.25_life40_dr0.07,0.9,average_plus_grid_loss,427.6959388050314,0.75,0.75,0.25,40,0.07,218.88188015214791,137.96643187259076,80.91544827955715,85.75863899846435,31.479433342559037,1385278.451133785,-9241.831416689121
C_be0.90_average_plus_grid_loss_ep0.75_gp0.75_lf0.50_life15_dr0.01,0.9,average_plus_grid_loss,427.6959388050314,0.75,0.75,0.5,15,0.01,218.88188015214791,137.96643187259076,80.91544827955715,59.80301623885801,31.479433342559037,2732133.0814259965,-16079.16444343666
C_be0.90_average_plus_grid_loss_ep0.75_gp0.75_lf0.50_life15_dr0.03,0.9,average_plus_grid_loss,427.6959388050314,0.75,0.75,0.5,15,0.03,218.88188015214791,137.96643187259076,80.91544827955715,62.6530067845505,31.479433342559037,2377595.568237113,-16079.16444343666
C_be0.90_average_plus_grid_loss_ep0.75_gp0.75_lf0.50_life15_dr0.05,0.9,average_plus_grid_loss,427.6959388050314,0.75,0.75,0.5,15,0.05,218.88188015214791,137.96643187259076,80.91544827955715,65.80120580945582,31.479433342559037,2118733.7144789794,-16079.16444343666
C_be0.90_average_plus_grid_loss_ep0.75_gp0.75_lf0.50_life15_dr0.07,0.9,average_plus_grid_loss,427.6959388050314,0.75,0.75,0.5,15,0.07,218.88188015214791,137.96643187259076,80.91544827955715,69.25194842660754,31.479433342559037,1928010.9411610556,-16079.16444343666
C_be0.90_average_plus_grid_loss_ep0.75_gp0.75_lf0.50_life25_dr0.01,0.9,average_plus_grid_loss,427.6959388050314,0.75,0.75,0.5,25,0.01,218.88188015214791,137.96643187259076,80.91544827955715,48.39492047484258,31.479433342559037,1631691.9420737047,-16079.16444343666
C_be0.90_average_plus_grid_loss_ep0.75_gp0.75_lf0.50_life25_dr0.03,0.9,average_plus_grid_loss,427.6959388050314,0.75,0.75,0.5,25,0.03,218.88188015214791,137.96643187259076,80.91544827955715,51.9012938607927,31.479433342559037,1557566.8652059091,-16079.16444343666
C_be0.90_average_plus_grid_loss_ep0.75_gp0.75_lf0.50_life25_dr0.05,0.9,average_plus_grid_loss,427.6959388050314,0.75,0.75,0.5,25,0.05,218.88188015214791,137.96643187259076,80.91544827955715,55.84620570211881,31.479433342559037,1504196.8523341143,-16079.16444343666
C_be0.90_average_plus_grid_loss_ep0.75_gp0.75_lf0.50_life25_dr0.07,0.9,average_plus_grid_loss,427.6959388050314,0.75,0.75,0.5,25,0.07,218.88188015214791,137.96643187259076,80.91544827955715,60.18007110812529,31.479433342559037,1464957.880278409,-16079.16444343666
C_be0.90_average_plus_grid_loss_ep0.75_gp0.75_lf0.50_life40_dr0.01,0.9,average_plus_grid_loss,427.6959388050314,0.75,0.75,0.5,40,0.01,218.88188015214791,137.96643187259076,80.91544827955715,48.39492047484258,31.479433342559037,1631691.9420737047,-16079.16444343666
C_be0.90_average_plus_grid_loss_ep0.75_gp0.75_lf0.50_life40_dr0.03,0.9,average_plus_grid_loss,427.6959388050314,0.75,0.75,0.5,40,0.03,218.88188015214791,137.96643187259076,80.91544827955715,51.9012938607927,31.479433342559037,1557566.8652059091,-16079.16444343666
C_be0.90_average_plus_grid_loss_ep0.75_gp0.75_lf0.50_life40_dr0.05,0.9,average_plus_grid_loss,427.6959388050314,0.75,0.75,0.5,40,0.05,218.88188015214791,137.96643187259076,80.91544827955715,55.84620570211881,31.479433342559037,1504196.8523341143,-16079.16444343666
C_be0.90_average_plus_grid_loss_ep0.75_gp0.75_lf0.50_life40_dr0.07,0.9,average_plus_grid_loss,427.6959388050314,0.75,0.75,0.5,40,0.07,218.88188015214791,137.96643187259076,80.91544827955715,60.18007110812529,31.479433342559037,1464957.880278409,-16079.16444343666
C_be0.90_average_plus_grid_loss_ep0.75_gp0.75_lf0.75_life15_dr0.01,0.9,average_plus_grid_loss,427.6959388050314,0.75,0.75,0.75,15,0.01,218.88188015214791,137.96643187259076,80.91544827955715,51.40251189850074,31.479433342559037,2882712.73125106,-22916.4974701842
C_be0.90_average_plus_grid_loss_ep0.75_gp0.75_lf0.75_life15_dr0.03,0.9,average_plus_grid_loss,427.6959388050314,0.75,0.75,0.75,15,0.03,218.88188015214791,137.96643187259076,80.91544827955715,53.30250559562907,31.479433342559037,2496655.05804632,-22916.4974701842
C_be0.90_average_plus_grid_loss_ep0.75_gp0.75_lf0.75_life15_dr0.05,0.9,average_plus_grid_loss,427.6959388050314,0.75,0.75,0.75,15,0.05,218.88188015214791,137.96643187259076,80.91544827955715,55.401304945565954,31.479433342559037,2215098.7071375465,-22916.4974701842
C_be0.90_average_plus_grid_loss_ep0.75_gp0.75_lf0.75_life15_dr0.07,0.9,average_plus_grid_loss,427.6959388050314,0.75,0.75,0.75,15,0.07,218.88188015214791,137.96643187259076,80.91544827955715,57.7018000236671,31.479433342559037,2007690.3703056793,-22916.4974701842
C_be0.90_average_plus_grid_loss_ep0.75_gp0.75_lf0.75_life25_dr0.01,0.9,average_plus_grid_loss,427.6959388050314,0.75,0.75,0.75,25,0.01,218.88188015214791,137.96643187259076,80.91544827955715,43.79711472249046,31.479433342559037,1782271.5918987691,-22916.4974701842
C_be0.90_average_plus_grid_loss_ep0.75_gp0.75_lf0.75_life25_dr0.03,0.9,average_plus_grid_loss,427.6959388050314,0.75,0.75,0.75,25,0.03,218.88188015214791,137.96643187259076,80.91544827955715,46.13469697979054,31.479433342559037,1676626.3550151172,-22916.4974701842
C_be0.90_average_plus_grid_loss_ep0.75_gp0.75_lf0.75_life25_dr0.05,0.9,average_plus_grid_loss,427.6959388050314,0.75,0.75,0.75,25,0.05,218.88188015214791,137.96643187259076,80.91544827955715,48.764638207341285,31.479433342559037,1600561.8449926814,-22916.4974701842
C_be0.90_average_plus_grid_loss_ep0.75_gp0.75_lf0.75_life25_dr0.07,0.9,average_plus_grid_loss,427.6959388050314,0.75,0.75,0.75,25,0.07,218.88188015214791,137.96643187259076,80.91544827955715,51.6538818113456,31.479433342559037,1544637.3094230327,-22916.4974701842
C_be0.90_average_plus_grid_loss_ep0.75_gp0.75_lf0.75_life40_dr0.01,0.9,average_plus_grid_loss,427.6959388050314,0.75,0.75,0.75,40,0.01,218.88188015214791,137.96643187259076,80.91544827955715,43.79711472249046,31.479433342559037,1782271.5918987691,-22916.4974701842
C_be0.90_average_plus_grid_loss_ep0.75_gp0.75_lf0.75_life40_dr0.03,0.9,average_plus_grid_loss,427.6959388050314,0.75,0.75,0.75,40,0.03,218.88188015214791,137.96643187259076,80.91544827955715,46.13469697979054,31.479433342559037,1676626.3550151172,-22916.4974701842
C_be0.90_average_plus_grid_loss_ep0.75_gp0.75_lf0.75_life40_dr0.05,0.9,average_plus_grid_loss,427.6959388050314,0.75,0.75,0.75,40,0.05,218.88188015214791,137.96643187259076,80.91544827955715,48.764638207341285,31.479433342559037,1600561.8449926814,-22916.4974701842
C_be0.90_average_plus_grid_loss_ep0.75_gp0.75_lf0.75_life40_dr0.07,0.9,average_plus_grid_loss,427.6959388050314,0.75,0.75,0.75,40,0.07,218.88188015214791,137.96643187259076,80.91544827955715,51.6538818113456,31.479433342559037,1544637.3094230327,-22916.4974701842
C_be0.90_average_plus_grid_loss_ep0.75_gp0.75_lf0.95_life15_dr0.01,0.9,average_plus_grid_loss,427.6959388050314,0.75,0.75,0.95,15,0.01,218.88188015214791,137.96643187259076,80.91544827955715,47.865457439402945,31.479433342559037,3003176.451111109,-28386.36389158218
C_be0.90_average_plus_grid_loss_ep0.75_gp0.75_lf0.95_life15_dr0.03,0.9,average_plus_grid_loss,427.6959388050314,0.75,0.75,0.95,15,0.03,218.88188015214791,137.96643187259076,80.91544827955715,49.36545246345163,31.479433342559037,2591902.649893686,-28386.36389158218
C_be0.90_average_plus_grid_loss_ep0.75_gp0.75_lf0.95_life15_dr0.05,0.9,average_plus_grid_loss,427.6959388050314,0.75,0.75,0.95,15,0.05,218.88188015214791,137.96643187259076,80.91544827955715,51.02239931866496,31.479433342559037,2292190.7012643996,-28386.36389158218
C_be0.90_average_plus_grid_loss_ep0.75_gp0.75_lf0.95_life15_dr0.07,0.9,average_plus_grid_loss,427.6959388050314,0.75,0.75,0.95,15,0.07,218.88188015214791,137.96643187259076,80.91544827955715,52.83857964348165,31.479433342559037,2071433.9136213777,-28386.36389158218
C_be0.90_average_plus_grid_loss_ep0.75_gp0.75_lf0.95_life25_dr0.01,0.9,average_plus_grid_loss,427.6959388050314,0.75,0.75,0.95,25,0.01,218.88188015214791,137.96643187259076,80.91544827955715,41.861196510973784,31.479433342559037,1902735.311758819,-28386.36389158218
C_be0.90_average_plus_grid_loss_ep0.75_gp0.75_lf0.95_life25_dr0.03,0.9,average_plus_grid_loss,427.6959388050314,0.75,0.75,0.95,25,0.03,218.88188015214791,137.96643187259076,80.91544827955715,43.70665618778963,31.479433342559037,1771873.9468624825,-28386.36389158218
C_be0.90_average_plus_grid_loss_ep0.75_gp0.75_lf0.95_life25_dr0.05,0.9,average_plus_grid_loss,427.6959388050314,0.75,0.75,0.95,25,0.05,218.88188015214791,137.96643187259076,80.91544827955715,45.78292557796127,31.479433342559037,1677653.8391195345,-28386.36389158218
C_be0.90_average_plus_grid_loss_ep0.75_gp0.75_lf0.95_life25_dr0.07,0.9,average_plus_grid_loss,427.6959388050314,0.75,0.75,0.95,25,0.07,218.88188015214791,137.96643187259076,80.91544827955715,48.063907370596255,31.479433342559037,1608380.852738731,-28386.36389158218
C_be0.90_average_plus_grid_loss_ep0.75_gp0.75_lf0.95_life40_dr0.01,0.9,average_plus_grid_loss,427.6959388050314,0.75,0.75,0.95,40,0.01,218.88188015214791,137.96643187259076,80.91544827955715,41.861196510973784,31.479433342559037,1902735.311758819,-28386.36389158218
C_be0.90_average_plus_grid_loss_ep0.75_gp0.75_lf0.95_life40_dr0.03,0.9,average_plus_grid_loss,427.6959388050314,0.75,0.75,0.95,40,0.03,218.88188015214791,137.96643187259076,80.91544827955715,43.70665618778963,31.479433342559037,1771873.9468624825,-28386.36389158218
C_be0.90_average_plus_grid_loss_ep0.75_gp0.75_lf0.95_life40_dr0.05,0.9,average_plus_grid_loss,427.6959388050314,0.75,0.75,0.95,40,0.05,218.88188015214791,137.96643187259076,80.91544827955715,45.78292557796127,31.479433342559037,1677653.8391195345,-28386.36389158218
C_be0.90_average_plus_grid_loss_ep0.75_gp0.75_lf0.95_life40_dr0.07,0.9,average_plus_grid_loss,427.6959388050314,0.75,0.75,0.95,40,0.07,218.88188015214791,137.96643187259076,80.91544827955715,48.063907370596255,31.479433342559037,1608380.852738731,-28386.36389158218
C_be0.90_average_plus_grid_loss_ep0.75_gp1.00_lf0.25_life15_dr0.01,0.9,average_plus_grid_loss,427.6959388050314,0.75,1.0,0.25,15,0.01,218.88188015214791,137.96643187259076,80.91544827955715,85.00452925992978,41.97257779007872,2075461.6144354534,13738.154923378985
C_be0.90_average_plus_grid_loss_ep0.75_gp1.00_lf0.25_life15_dr0.03,0.9,average_plus_grid_loss,427.6959388050314,0.75,1.0,0.25,15,0.03,218.88188015214791,137.96643187259076,80.91544827955715,90.70451035131477,41.97257779007872,1858382.1823447472,13738.154923378985
C_be0.90_average_plus_grid_loss_ep0.75_gp1.00_lf0.25_life15_dr0.05,0.9,average_plus_grid_loss,427.6959388050314,0.75,1.0,0.25,15,0.05,218.88188015214791,137.96643187259076,80.91544827955715,97.0009084011254,41.97257779007872,1698490.0682150268,13738.154923378985
C_be0.90_average_plus_grid_loss_ep0.75_gp1.00_lf0.25_life15_dr0.07,0.9,average_plus_grid_loss,427.6959388050314,0.75,1.0,0.25,15,0.07,218.88188015214791,137.96643187259076,80.91544827955715,103.90239363542885,41.97257779007872,1580532.3297673136,13738.154923378985
C_be0.90_average_plus_grid_loss_ep0.75_gp1.00_lf0.25_life25_dr0.01,0.9,average_plus_grid_loss,427.6959388050314,0.75,1.0,0.25,25,0.01,218.88188015214791,137.96643187259076,80.91544827955715,62.18833773189895,41.97257779007872,975020.4750831625,13738.154923378985
C_be0.90_average_plus_grid_loss_ep0.75_gp1.00_lf0.25_life25_dr0.03,0.9,average_plus_grid_loss,427.6959388050314,0.75,1.0,0.25,25,0.03,218.88188015214791,137.96643187259076,80.91544827955715,69.20108450379917,41.97257779007872,1038353.4793135435,13738.154923378985
C_be0.90_average_plus_grid_loss_ep0.75_gp1.00_lf0.25_life25_dr0.05,0.9,average_plus_grid_loss,427.6959388050314,0.75,1.0,0.25,25,0.05,218.88188015214791,137.96643187259076,80.91544827955715,77.0909081864514,41.97257779007872,1083953.2060701617,13738.154923378985
C_be0.90_average_plus_grid_loss_ep0.75_gp1.00_lf0.25_life25_dr0.07,0.9,average_plus_grid_loss,427.6959388050314,0.75,1.0,0.25,25,0.07,218.88188015214791,137.96643187259076,80.91544827955715,85.75863899846435,41.97257779007872,1117479.268884667,13738.154923378985
C_be0.90_average_plus_grid_loss_ep0.75_gp1.00_lf0.25_life40_dr0.01,0.9,average_plus_grid_loss,427.6959388050314,0.75,1.0,0.25,40,0.01,218.88188015214791,137.96643187259076,80.91544827955715,62.18833773189895,41.97257779007872,975020.4750831625,13738.154923378985
C_be0.90_average_plus_grid_loss_ep0.75_gp1.00_lf0.25_life40_dr0.03,0.9,average_plus_grid_loss,427.6959388050314,0.75,1.0,0.25,40,0.03,218.88188015214791,137.96643187259076,80.91544827955715,69.20108450379917,41.97257779007872,1038353.4793135435,13738.154923378985
C_be0.90_average_plus_grid_loss_ep0.75_gp1.00_lf0.25_life40_dr0.05,0.9,average_plus_grid_loss,427.6959388050314,0.75,1.0,0.25,40,0.05,218.88188015214791,137.96643187259076,80.91544827955715,77.0909081864514,41.97257779007872,1083953.2060701617,13738.154923378985
C_be0.90_average_plus_grid_loss_ep0.75_gp1.00_lf0.25_life40_dr0.07,0.9,average_plus_grid_loss,427.6959388050314,0.75,1.0,0.25,40,0.07,218.88188015214791,137.96643187259076,80.91544827955715,85.75863899846435,41.97257779007872,1117479.268884667,13738.154923378985
C_be0.90_average_plus_grid_loss_ep0.75_gp1.00_lf0.50_life15_dr0.01,0.9,average_plus_grid_loss,427.6959388050314,0.75,1.0,0.5,15,0.01,218.88188015214791,137.96643187259076,80.91544827955715,59.80301623885801,41.97257779007872,1719949.4470950393,29880.80823669955
C_be0.90_average_plus_grid_loss_ep0.75_gp1.00_lf0.50_life15_dr0.03,0.9,average_plus_grid_loss,427.6959388050314,0.75,1.0,0.5,15,0.03,218.88188015214791,137.96643187259076,80.91544827955715,62.6530067845505,41.97257779007872,1577287.7760707978,29880.80823669955
C_be0.90_average_plus_grid_loss_ep0.75_gp1.00_lf0.50_life15_dr0.05,0.9,average_plus_grid_loss,427.6959388050314,0.75,1.0,0.5,15,0.05,218.88188015214791,137.96643187259076,80.91544827955715,65.80120580945582,41.97257779007872,1470976.407268208,29880.80823669955
C_be0.90_average_plus_grid_loss_ep0.75_gp1.00_lf0.50_life15_dr0.07,0.9,average_plus_grid_loss,427.6959388050314,0.75,1.0,0.5,15,0.07,218.88188015214791,137.96643187259076,80.91544827955715,69.25194842660754,41.97257779007872,1392412.5766628194,29880.80823669955
C_be0.90_average_plus_grid_loss_ep0.75_gp1.00_lf0.50_life25_dr0.01,0.9,average_plus_grid_loss,427.6959388050314,0.75,1.0,0.5,25,0.01,218.88188015214791,137.96643187259076,80.91544827955715,48.39492047484258,41.97257779007872,619508.3077427475,29880.80823669955
C_be0.90_average_plus_grid_loss_ep0.75_gp1.00_lf0.50_life25_dr0.03,0.9,average_plus_grid_loss,427.6959388050314,0.75,1.0,0.5,25,0.03,218.88188015214791,137.96643187259076,80.91544827955715,51.9012938607927,41.97257779007872,757259.0730395941,29880.80823669955
C_be0.90_average_plus_grid_loss_ep0.75_gp1.00_lf0.50_life25_dr0.05,0.9,average_plus_grid_loss,427.6959388050314,0.75,1.0,0.5,25,0.05,218.88188015214791,137.96643187259076,80.91544827955715,55.84620570211881,41.97257779007872,856439.5451233429,29880.80823669955
C_be0.90_average_plus_grid_loss_ep0.75_gp1.00_lf0.50_life25_dr0.07,0.9,average_plus_grid_loss,427.6959388050314,0.75,1.0,0.5,25,0.07,218.88188015214791,137.96643187259076,80.91544827955715,60.18007110812529,41.97257779007872,929359.5157801728,29880.80823669955
C_be0.90_average_plus_grid_loss_ep0.75_gp1.00_lf0.50_life40_dr0.01,0.9,average_plus_grid_loss,427.6959388050314,0.75,1.0,0.5,40,0.01,218.88188015214791,137.96643187259076,80.91544827955715,48.39492047484258,41.97257779007872,619508.3077427475,29880.80823669955
C_be0.90_average_plus_grid_loss_ep0.75_gp1.00_lf0.50_life40_dr0.03,0.9,average_plus_grid_loss,427.6959388050314,0.75,1.0,0.5,40,0.03,218.88188015214791,137.96643187259076,80.91544827955715,51.9012938607927,41.97257779007872,757259.0730395941,29880.80823669955
C_be0.90_average_plus_grid_loss_ep0.75_gp1.00_lf0.50_life40_dr0.05,0.9,average_plus_grid_loss,427.6959388050314,0.75,1.0,0.5,40,0.05,218.88188015214791,137.96643187259076,80.91544827955715,55.84620570211881,41.97257779007872,856439.5451233429,29880.80823669955
C_be0.90_average_plus_grid_loss_ep0.75_gp1.00_lf0.50_life40_dr0.07,0.9,average_plus_grid_loss,427.6959388050314,0.75,1.0,0.5,40,0.07,218.88188015214791,137.96643187259076,80.91544827955715,60.18007110812529,41.97257779007872,929359.5157801728,29880.80823669955
C_be0.90_average_plus_grid_loss_ep0.75_gp1.00_lf0.75_life15_dr0.01,0.9,average_plus_grid_loss,427.6959388050314,0.75,1.0,0.75,15,0.01,218.88188015214791,137.96643187259076,80.91544827955715,51.40251189850074,41.97257779007872,1364437.2797546247,46023.46155002009
C_be0.90_average_plus_grid_loss_ep0.75_gp1.00_lf0.75_life15_dr0.03,0.9,average_plus_grid_loss,427.6959388050314,0.75,1.0,0.75,15,0.03,218.88188015214791,137.96643187259076,80.91544827955715,53.30250559562907,41.97257779007872,1296193.369796848,46023.46155002009
C_be0.90_average_plus_grid_loss_ep0.75_gp1.00_lf0.75_life15_dr0.05,0.9,average_plus_grid_loss,427.6959388050314,0.75,1.0,0.75,15,0.05,218.88188015214791,137.96643187259076,80.91544827955715,55.401304945565954,41.97257779007872,1243462.7463213895,46023.46155002009
C_be0.90_average_plus_grid_loss_ep0.75_gp1.00_lf0.75_life15_dr0.07,0.9,average_plus_grid_loss,427.6959388050314,0.75,1.0,0.75,15,0.07,218.88188015214791,137.96643187259076,80.91544827955715,57.7018000236671,41.97257779007872,1204292.8235583259,46023.46155002009
C_be0.90_average_plus_grid_loss_ep0.75_gp1.00_lf0.75_life25_dr0.01,0.9,average_plus_grid_loss,427.6959388050314,0.75,1.0,0.75,25,0.01,218.88188015214791,137.96643187259076,80.91544827955715,43.79711472249046,41.97257779007872,263996.1404023338,46023.46155002009
C_be0.90_average_plus_grid_loss_ep0.75_gp1.00_lf0.75_life25_dr0.03,0.9,average_plus_grid_loss,427.6959388050314,0.75,1.0,0.75,25,0.03,218.88188015214791,137.96643187259076,80.91544827955715,46.13469697979054,41.97257779007872,476164.66676564515,46023.46155002009
C_be0.90_average_plus_grid_loss_ep0.75_gp1.00_lf0.75_life25_dr0.05,0.9,average_plus_grid_loss,427.6959388050314,0.75,1.0,0.75,25,0.05,218.88188015214791,137.96643187259076,80.91544827955715,48.764638207341285,41.97257779007872,628925.8841765244,46023.46155002009
C_be0.90_average_plus_grid_loss_ep0.75_gp1.00_lf0.75_life25_dr0.07,0.9,average_plus_grid_loss,427.6959388050314,0.75,1.0,0.75,25,0.07,218.88188015214791,137.96643187259076,80.91544827955715,51.6538818113456,41.97257779007872,741239.7626756793,46023.46155002009
C_be0.90_average_plus_grid_loss_ep0.75_gp1.00_lf0.75_life40_dr0.01,0.9,average_plus_grid_loss,427.6959388050314,0.75,1.0,0.75,40,0.01,218.88188015214791,137.96643187259076,80.91544827955715,43.79711472249046,41.97257779007872,263996.1404023338,46023.46155002009
C_be0.90_average_plus_grid_loss_ep0.75_gp1.00_lf0.75_life40_dr0.03,0.9,average_plus_grid_loss,427.6959388050314,0.75,1.0,0.75,40,0.03,218.88188015214791,137.96643187259076,80.91544827955715,46.13469697979054,41.97257779007872,476164.66676564515,46023.46155002009
C_be0.90_average_plus_grid_loss_ep0.75_gp1.00_lf0.75_life40_dr0.05,0.9,average_plus_grid_loss,427.6959388050314,0.75,1.0,0.75,40,0.05,218.88188015214791,137.96643187259076,80.91544827955715,48.764638207341285,41.97257779007872,628925.8841765244,46023.46155002009
C_be0.90_average_plus_grid_loss_ep0.75_gp1.00_lf0.75_life40_dr0.07,0.9,average_plus_grid_loss,427.6959388050314,0.75,1.0,0.75,40,0.07,218.88188015214791,137.96643187259076,80.91544827955715,51.6538818113456,41.97257779007872,741239.7626756793,46023.46155002009
C_be0.90_average_plus_grid_loss_ep0.75_gp1.00_lf0.95_life15_dr0.01,0.9,average_plus_grid_loss,427.6959388050314,0.75,1.0,0.95,15,0.01,218.88188015214791,137.96643187259076,80.91544827955715,47.865457439402945,41.97257779007872,1080027.5458822912,58937.58420067659
C_be0.90_average_plus_grid_loss_ep0.75_gp1.00_lf0.95_life15_dr0.03,0.9,average_plus_grid_loss,427.6959388050314,0.75,1.0,0.95,15,0.03,218.88188015214791,137.96643187259076,80.91544827955715,49.36545246345163,41.97257779007872,1071317.8447776884,58937.58420067659
C_be0.90_average_plus_grid_loss_ep0.75_gp1.00_lf0.95_life15_dr0.05,0.9,average_plus_grid_loss,427.6959388050314,0.75,1.0,0.95,15,0.05,218.88188015214791,137.96643187259076,80.91544827955715,51.02239931866496,41.97257779007872,1061451.8175639343,58937.58420067659
C_be0.90_average_plus_grid_loss_ep0.75_gp1.00_lf0.95_life15_dr0.07,0.9,average_plus_grid_loss,427.6959388050314,0.75,1.0,0.95,15,0.07,218.88188015214791,137.96643187259076,80.91544827955715,52.83857964348165,41.97257779007872,1053797.0210747295,58937.58420067659
C_be0.90_average_plus_grid_loss_ep0.75_gp1.00_lf0.95_life25_dr0.01,0.9,average_plus_grid_loss,427.6959388050314,0.75,1.0,0.95,25,0.01,218.88188015214791,137.96643187259076,80.91544827955715,41.861196510973784,41.97257779007872,-20413.5934699988,58937.58420067659
C_be0.90_average_plus_grid_loss_ep0.75_gp1.00_lf0.95_life25_dr0.03,0.9,average_plus_grid_loss,427.6959388050314,0.75,1.0,0.95,25,0.03,218.88188015214791,137.96643187259076,80.91544827955715,43.70665618778963,41.97257779007872,251289.14174648467,58937.58420067659
C_be0.90_average_plus_grid_loss_ep0.75_gp1.00_lf0.95_life25_dr0.05,0.9,average_plus_grid_loss,427.6959388050314,0.75,1.0,0.95,25,0.05,218.88188015214791,137.96643187259076,80.91544827955715,45.78292557796127,41.97257779007872,446914.95541906916,58937.58420067659
C_be0.90_average_plus_grid_loss_ep0.75_gp1.00_lf0.95_life25_dr0.07,0.9,average_plus_grid_loss,427.6959388050314,0.75,1.0,0.95,25,0.07,218.88188015214791,137.96643187259076,80.91544827955715,48.063907370596255,41.97257779007872,590743.9601920829,58937.58420067659
C_be0.90_average_plus_grid_loss_ep0.75_gp1.00_lf0.95_life40_dr0.01,0.9,average_plus_grid_loss,427.6959388050314,0.75,1.0,0.95,40,0.01,218.88188015214791,137.96643187259076,80.91544827955715,41.861196510973784,41.97257779007872,-20413.5934699988,58937.58420067659
C_be0.90_average_plus_grid_loss_ep0.75_gp1.00_lf0.95_life40_dr0.03,0.9,average_plus_grid_loss,427.6959388050314,0.75,1.0,0.95,40,0.03,218.88188015214791,137.96643187259076,80.91544827955715,43.70665618778963,41.97257779007872,251289.14174648467,58937.58420067659
C_be0.90_average_plus_grid_loss_ep0.75_gp1.00_lf0.95_life40_dr0.05,0.9,average_plus_grid_loss,427.6959388050314,0.75,1.0,0.95,40,0.05,218.88188015214791,137.96643187259076,80.91544827955715,45.78292557796127,41.97257779007872,446914.95541906916,58937.58420067659
C_be0.90_average_plus_grid_loss_ep0.75_gp1.00_lf0.95_life40_dr0.07,0.9,average_plus_grid_loss,427.6959388050314,0.75,1.0,0.95,40,0.07,218.88188015214791,137.96643187259076,80.91544827955715,48.063907370596255,41.97257779007872,590743.9601920829,58937.58420067659
C_be0.90_average_plus_grid_loss_ep0.75_gp1.25_lf0.25_life15_dr0.01,0.9,average_plus_grid_loss,427.6959388050314,0.75,1.25,0.25,15,0.01,218.88188015214791,137.96643187259076,80.91544827955715,85.00452925992978,52.4657222375984,1569369.7972699748,36718.14126344709
C_be0.90_average_plus_grid_loss_ep0.75_gp1.25_lf0.25_life15_dr0.03,0.9,average_plus_grid_loss,427.6959388050314,0.75,1.25,0.25,15,0.03,218.88188015214791,137.96643187259076,80.91544827955715,90.70451035131477,52.4657222375984,1458228.2862615895,36718.14126344709
C_be0.90_average_plus_grid_loss_ep0.75_gp1.25_lf0.25_life15_dr0.05,0.9,average_plus_grid_loss,427.6959388050314,0.75,1.25,0.25,15,0.05,218.88188015214791,137.96643187259076,80.91544827955715,97.0009084011254,52.4657222375984,1374611.414609641,36718.14126344709
C_be0.90_average_plus_grid_loss_ep0.75_gp1.25_lf0.25_life15_dr0.07,0.9,average_plus_grid_loss,427.6959388050314,0.75,1.25,0.25,15,0.07,218.88188015214791,137.96643187259076,80.91544827955715,103.90239363542885,52.4657222375984,1312733.1475181957,36718.14126344709
C_be0.90_average_plus_grid_loss_ep0.75_gp1.25_lf0.25_life25_dr0.01,0.9,average_plus_grid_loss,427.6959388050314,0.75,1.25,0.25,25,0.01,218.88188015214791,137.96643187259076,80.91544827955715,62.18833773189895,52.4657222375984,468928.65791768394,36718.14126344709
C_be0.90_average_plus_grid_loss_ep0.75_gp1.25_lf0.25_life25_dr0.03,0.9,average_plus_grid_loss,427.6959388050314,0.75,1.25,0.25,25,0.03,218.88188015214791,137.96643187259076,80.91544827955715,69.20108450379917,52.4657222375984,638199.5832303858,36718.14126344709
C_be0.90_average_plus_grid_loss_ep0.75_gp1.25_lf0.25_life25_dr0.05,0.9,average_plus_grid_loss,427.6959388050314,0.75,1.25,0.25,25,0.05,218.88188015214791,137.96643187259076,80.91544827955715,77.0909081864514,52.4657222375984,760074.552464776,36718.14126344709
C_be0.90_average_plus_grid_loss_ep0.75_gp1.25_lf0.25_life25_dr0.07,0.9,average_plus_grid_loss,427.6959388050314,0.75,1.25,0.25,25,0.07,218.88188015214791,137.96643187259076,80.91544827955715,85.75863899846435,52.4657222375984,849680.0866355491,36718.14126344709
C_be0.90_average_plus_grid_loss_ep0.75_gp1.25_lf0.25_life40_dr0.01,0.9,average_plus_grid_loss,427.6959388050314,0.75,1.25,0.25,40,0.01,218.88188015214791,137.96643187259076,80.91544827955715,62.18833773189895,52.4657222375984,468928.65791768394,36718.14126344709
C_be0.90_average_plus_grid_loss_ep0.75_gp1.25_lf0.25_life40_dr0.03,0.9,average_plus_grid_loss,427.6959388050314,0.75,1.25,0.25,40,0.03,218.88188015214791,137.96643187259076,80.91544827955715,69.20108450379917,52.4657222375984,638199.5832303858,36718.14126344709
C_be0.90_average_plus_grid_loss_ep0.75_gp1.25_lf0.25_life40_dr0.05,0.9,average_plus_grid_loss,427.6959388050314,0.75,1.25,0.25,40,0.05,218.88188015214791,137.96643187259076,80.91544827955715,77.0909081864514,52.4657222375984,760074.552464776,36718.14126344709
C_be0.90_average_plus_grid_loss_ep0.75_gp1.25_lf0.25_life40_dr0.07,0.9,average_plus_grid_loss,427.6959388050314,0.75,1.25,0.25,40,0.07,218.88188015214791,137.96643187259076,80.91544827955715,85.75863899846435,52.4657222375984,849680.0866355491,36718.14126344709
C_be0.90_average_plus_grid_loss_ep0.75_gp1.25_lf0.50_life15_dr0.01,0.9,average_plus_grid_loss,427.6959388050314,0.75,1.25,0.5,15,0.01,218.88188015214791,137.96643187259076,80.91544827955715,59.80301623885801,52.4657222375984,707765.8127640821,75840.78091683576
C_be0.90_average_plus_grid_loss_ep0.75_gp1.25_lf0.50_life15_dr0.03,0.9,average_plus_grid_loss,427.6959388050314,0.75,1.25,0.5,15,0.03,218.88188015214791,137.96643187259076,80.91544827955715,62.6530067845505,52.4657222375984,776979.9839044823,75840.78091683576
C_be0.90_average_plus_grid_loss_ep0.75_gp1.25_lf0.50_life15_dr0.05,0.9,average_plus_grid_loss,427.6959388050314,0.75,1.25,0.5,15,0.05,218.88188015214791,137.96643187259076,80.91544827955715,65.80120580945582,52.4657222375984,823219.1000574366,75840.78091683576
C_be0.90_average_plus_grid_loss_ep0.75_gp1.25_lf0.50_life15_dr0.07,0.9,average_plus_grid_loss,427.6959388050314,0.75,1.25,0.5,15,0.07,218.88188015214791,137.96643187259076,80.91544827955715,69.25194842660754,52.4657222375984,856814.2121645836,75840.78091683576
C_be0.90_average_plus_grid_loss_ep0.75_gp1.25_lf0.50_life25_dr0.01,0.9,average_plus_grid_loss,427.6959388050314,0.75,1.25,0.5,25,0.01,218.88188015214791,137.96643187259076,80.91544827955715,48.39492047484258,52.4657222375984,-392675.3265882097,75840.78091683576
C_be0.90_average_plus_grid_loss_ep0.75_gp1.25_lf0.50_life25_dr0.03,0.9,average_plus_grid_loss,427.6959388050314,0.75,1.25,0.5,25,0.03,218.88188015214791,137.96643187259076,80.91544827955715,51.9012938607927,52.4657222375984,-43048.71912672138,75840.78091683576
C_be0.90_average_plus_grid_loss_ep0.75_gp1.25_lf0.50_life25_dr0.05,0.9,average_plus_grid_loss,427.6959388050314,0.75,1.25,0.5,25,0.05,218.88188015214791,137.96643187259076,80.91544827955715,55.84620570211881,52.4657222375984,208682.23791257152,75840.78091683576
C_be0.90_average_plus_grid_loss_ep0.75_gp1.25_lf0.50_life25_dr0.07,0.9,average_plus_grid_loss,427.6959388050314,0.75,1.25,0.5,25,0.07,218.88188015214791,137.96643187259076,80.91544827955715,60.18007110812529,52.4657222375984,393761.151281937,75840.78091683576
C_be0.90_average_plus_grid_loss_ep0.75_gp1.25_lf0.50_life40_dr0.01,0.9,average_plus_grid_loss,427.6959388050314,0.75,1.25,0.5,40,0.01,218.88188015214791,137.96643187259076,80.91544827955715,48.39492047484258,52.4657222375984,-392675.3265882097,75840.78091683576
C_be0.90_average_plus_grid_loss_ep0.75_gp1.25_lf0.50_life40_dr0.03,0.9,average_plus_grid_loss,427.6959388050314,0.75,1.25,0.5,40,0.03,218.88188015214791,137.96643187259076,80.91544827955715,51.9012938607927,52.4657222375984,-43048.71912672138,75840.78091683576
C_be0.90_average_plus_grid_loss_ep0.75_gp1.25_lf0.50_life40_dr0.05,0.9,average_plus_grid_loss,427.6959388050314,0.75,1.25,0.5,40,0.05,218.88188015214791,137.96643187259076,80.91544827955715,55.84620570211881,52.4657222375984,208682.23791257152,75840.78091683576
C_be0.90_average_plus_grid_loss_ep0.75_gp1.25_lf0.50_life40_dr0.07,0.9,average_plus_grid_loss,427.6959388050314,0.75,1.25,0.5,40,0.07,218.88188015214791,137.96643187259076,80.91544827955715,60.18007110812529,52.4657222375984,393761.151281937,75840.78091683576
C_be0.90_average_plus_grid_loss_ep0.75_gp1.25_lf0.75_life15_dr0.01,0.9,average_plus_grid_loss,427.6959388050314,0.75,1.25,0.75,15,0.01,218.88188015214791,137.96643187259076,80.91544827955715,51.40251189850074,52.4657222375984,-153838.17174181156,114963.4205702244
C_be0.90_average_plus_grid_loss_ep0.75_gp1.25_lf0.75_life15_dr0.03,0.9,average_plus_grid_loss,427.6959388050314,0.75,1.25,0.75,15,0.03,218.88188015214791,137.96643187259076,80.91544827955715,53.30250559562907,52.4657222375984,95731.6815473754,114963.4205702244
C_be0.90_average_plus_grid_loss_ep0.75_gp1.25_lf0.75_life15_dr0.05,0.9,average_plus_grid_loss,427.6959388050314,0.75,1.25,0.75,15,0.05,218.88188015214791,137.96643187259076,80.91544827955715,55.401304945565954,52.4657222375984,271826.7855052324,114963.4205702244
C_be0.90_average_plus_grid_loss_ep0.75_gp1.25_lf0.75_life15_dr0.07,0.9,average_plus_grid_loss,427.6959388050314,0.75,1.25,0.75,15,0.07,218.88188015214791,137.96643187259076,80.91544827955715,57.7018000236671,52.4657222375984,400895.27681097155,114963.4205702244
C_be0.90_average_plus_grid_loss_ep0.75_gp1.25_lf0.75_life25_dr0.01,0.9,average_plus_grid_loss,427.6959388050314,0.75,1.25,0.75,25,0.01,218.88188015214791,137.96643187259076,80.91544827955715,43.79711472249046,52.4657222375984,-1254279.3110941024,114963.4205702244
C_be0.90_average_plus_grid_loss_ep0.75_gp1.25_lf0.75_life25_dr0.03,0.9,average_plus_grid_loss,427.6959388050314,0.75,1.25,0.75,25,0.03,218.88188015214791,137.96643187259076,80.91544827955715,46.13469697979054,52.4657222375984,-724297.0214838274,114963.4205702244
C_be0.90_average_plus_grid_loss_ep0.75_gp1.25_lf0.75_life25_dr0.05,0.9,average_plus_grid_loss,427.6959388050314,0.75,1.25,0.75,25,0.05,218.88188015214791,137.96643187259076,80.91544827955715,48.764638207341285,52.4657222375984,-342710.0766396327,114963.4205702244
C_be0.90_average_plus_grid_loss_ep0.75_gp1.25_lf0.75_life25_dr0.07,0.9,average_plus_grid_loss,427.6959388050314,0.75,1.25,0.75,25,0.07,218.88188015214791,137.96643187259076,80.91544827955715,51.6538818113456,52.4657222375984,-62157.784071675036,114963.4205702244
C_be0.90_average_plus_grid_loss_ep0.75_gp1.25_lf0.75_life40_dr0.01,0.9,average_plus_grid_loss,427.6959388050314,0.75,1.25,0.75,40,0.01,218.88188015214791,137.96643187259076,80.91544827955715,43.79711472249046,52.4657222375984,-1254279.3110941024,114963.4205702244
C_be0.90_average_plus_grid_loss_ep0.75_gp1.25_lf0.75_life40_dr0.03,0.9,average_plus_grid_loss,427.6959388050314,0.75,1.25,0.75,40,0.03,218.88188015214791,137.96643187259076,80.91544827955715,46.13469697979054,52.4657222375984,-724297.0214838274,114963.4205702244
C_be0.90_average_plus_grid_loss_ep0.75_gp1.25_lf0.75_life40_dr0.05,0.9,average_plus_grid_loss,427.6959388050314,0.75,1.25,0.75,40,0.05,218.88188015214791,137.96643187259076,80.91544827955715,48.764638207341285,52.4657222375984,-342710.0766396327,114963.4205702244
C_be0.90_average_plus_grid_loss_ep0.75_gp1.25_lf0.75_life40_dr0.07,0.9,average_plus_grid_loss,427.6959388050314,0.75,1.25,0.75,40,0.07,218.88188015214791,137.96643187259076,80.91544827955715,51.6538818113456,52.4657222375984,-62157.784071675036,114963.4205702244
C_be0.90_average_plus_grid_loss_ep0.75_gp1.25_lf0.95_life15_dr0.01,0.9,average_plus_grid_loss,427.6959388050314,0.75,1.25,0.95,15,0.01,218.88188015214791,137.96643187259076,80.91544827955715,47.865457439402945,52.4657222375984,-843121.3593465276,146261.53229293542
C_be0.90_average_plus_grid_loss_ep0.75_gp1.25_lf0.95_life15_dr0.03,0.9,average_plus_grid_loss,427.6959388050314,0.75,1.25,0.95,15,0.03,218.88188015214791,137.96643187259076,80.91544827955715,49.36545246345163,52.4657222375984,-449266.96033831127,146261.53229293542
C_be0.90_average_plus_grid_loss_ep0.75_gp1.25_lf0.95_life15_dr0.05,0.9,average_plus_grid_loss,427.6959388050314,0.75,1.25,0.95,15,0.05,218.88188015214791,137.96643187259076,80.91544827955715,51.02239931866496,52.4657222375984,-169287.06613653153,146261.53229293542
C_be0.90_average_plus_grid_loss_ep0.75_gp1.25_lf0.95_life15_dr0.07,0.9,average_plus_grid_loss,427.6959388050314,0.75,1.25,0.95,15,0.07,218.88188015214791,137.96643187259076,80.91544827955715,52.83857964348165,52.4657222375984,36160.12852808088,146261.53229293542
C_be0.90_average_plus_grid_loss_ep0.75_gp1.25_lf0.95_life25_dr0.01,0.9,average_plus_grid_loss,427.6959388050314,0.75,1.25,0.95,25,0.01,218.88188015214791,137.96643187259076,80.91544827955715,41.861196510973784,52.4657222375984,-1943562.4986988176,146261.53229293542
C_be0.90_average_plus_grid_loss_ep0.75_gp1.25_lf0.95_life25_dr0.03,0.9,average_plus_grid_loss,427.6959388050314,0.75,1.25,0.95,25,0.03,218.88188015214791,137.96643187259076,80.91544827955715,43.70665618778963,52.4657222375984,-1269295.663369515,146261.53229293542
C_be0.90_average_plus_grid_loss_ep0.75_gp1.25_lf0.95_life25_dr0.05,0.9,average_plus_grid_loss,427.6959388050314,0.75,1.25,0.95,25,0.05,218.88188015214791,137.96643187259076,80.91544827955715,45.78292557796127,52.4657222375984,-783823.9282813966,146261.53229293542
C_be0.90_average_plus_grid_loss_ep0.75_gp1.25_lf0.95_life25_dr0.07,0.9,average_plus_grid_loss,427.6959388050314,0.75,1.25,0.95,25,0.07,218.88188015214791,137.96643187259076,80.91544827955715,48.063907370596255,52.4657222375984,-426892.9323545657,146261.53229293542
C_be0.90_average_plus_grid_loss_ep0.75_gp1.25_lf0.95_life40_dr0.01,0.9,average_plus_grid_loss,427.6959388050314,0.75,1.25,0.95,40,0.01,218.88188015214791,137.96643187259076,80.91544827955715,41.861196510973784,52.4657222375984,-1943562.4986988176,146261.53229293542
C_be0.90_average_plus_grid_loss_ep0.75_gp1.25_lf0.95_life40_dr0.03,0.9,average_plus_grid_loss,427.6959388050314,0.75,1.25,0.95,40,0.03,218.88188015214791,137.96643187259076,80.91544827955715,43.70665618778963,52.4657222375984,-1269295.663369515,146261.53229293542
C_be0.90_average_plus_grid_loss_ep0.75_gp1.25_lf0.95_life40_dr0.05,0.9,average_plus_grid_loss,427.6959388050314,0.75,1.25,0.95,40,0.05,218.88188015214791,137.96643187259076,80.91544827955715,45.78292557796127,52.4657222375984,-783823.9282813966,146261.53229293542
C_be0.90_average_plus_grid_loss_ep0.75_gp1.25_lf0.95_life40_dr0.07,0.9,average_plus_grid_loss,427.6959388050314,0.75,1.25,0.95,40,0.07,218.88188015214791,137.96643187259076,80.91544827955715,48.063907370596255,52.4657222375984,-426892.9323545657,146261.53229293542
C_be0.90_average_plus_grid_loss_ep1.00_gp0.75_lf0.25_life15_dr0.01,0.9,average_plus_grid_loss,427.6959388050314,1.0,0.75,0.25,15,0.01,218.88188015214791,137.96643187259076,80.91544827955715,95.38138299919186,31.479433342559037,3082036.465226271,-31967.141105673058
C_be0.90_average_plus_grid_loss_ep1.00_gp0.75_lf0.25_life15_dr0.03,0.9,average_plus_grid_loss,427.6959388050314,1.0,0.75,0.25,15,0.03,218.88188015214791,137.96643187259076,80.91544827955715,101.08136409057683,31.479433342559037,2654255.252372213,-31967.141105673058
C_be0.90_average_plus_grid_loss_ep1.00_gp0.75_lf0.25_life15_dr0.05,0.9,average_plus_grid_loss,427.6959388050314,1.0,0.75,0.25,15,0.05,218.88188015214791,137.96643187259076,80.91544827955715,107.37776214038749,31.479433342559037,2342657.976823152,-31967.141105673058
C_be0.90_average_plus_grid_loss_ep1.00_gp0.75_lf0.25_life15_dr0.07,0.9,average_plus_grid_loss,427.6959388050314,1.0,0.75,0.25,15,0.07,218.88188015214791,137.96643187259076,80.91544827955715,114.27924737469091,31.479433342559037,2113162.7987285806,-31967.141105673058
C_be0.90_average_plus_grid_loss_ep1.00_gp0.75_lf0.25_life25_dr0.01,0.9,average_plus_grid_loss,427.6959388050314,1.0,0.75,0.25,25,0.01,218.88188015214791,137.96643187259076,80.91544827955715,72.56519147116101,31.479433342559037,1981595.3258739803,-31967.141105673058
C_be0.90_average_plus_grid_loss_ep1.00_gp0.75_lf0.25_life25_dr0.03,0.9,average_plus_grid_loss,427.6959388050314,1.0,0.75,0.25,25,0.03,218.88188015214791,137.96643187259076,80.91544827955715,79.57793824306123,31.479433342559037,1834226.5493410095,-31967.141105673058
C_be0.90_average_plus_grid_loss_ep1.00_gp0.75_lf0.25_life25_dr0.05,0.9,average_plus_grid_loss,427.6959388050314,1.0,0.75,0.25,25,0.05,218.88188015214791,137.96643187259076,80.91544827955715,87.46776192571348,31.479433342559037,1728121.1146782872,-31967.141105673058
C_be0.90_average_plus_grid_loss_ep1.00_gp0.75_lf0.25_life25_dr0.07,0.9,average_plus_grid_loss,427.6959388050314,1.0,0.75,0.25,25,0.07,218.88188015214791,137.96643187259076,80.91544827955715,96.13549273772642,31.479433342559037,1650109.7378459347,-31967.141105673058
C_be0.90_average_plus_grid_loss_ep1.00_gp0.75_lf0.25_life40_dr0.01,0.9,average_plus_grid_loss,427.6959388050314,1.0,0.75,0.25,40,0.01,218.88188015214791,137.96643187259076,80.91544827955715,72.56519147116101,31.479433342559037,1981595.3258739803,-31967.141105673058
C_be0.90_average_plus_grid_loss_ep1.00_gp0.75_lf0.25_life40_dr0.03,0.9,average_plus_grid_loss,427.6959388050314,1.0,0.75,0.25,40,0.03,218.88188015214791,137.96643187259076,80.91544827955715,79.57793824306123,31.479433342559037,1834226.5493410095,-31967.141105673058
C_be0.90_average_plus_grid_loss_ep1.00_gp0.75_lf0.25_life40_dr0.05,0.9,average_plus_grid_loss,427.6959388050314,1.0,0.75,0.25,40,0.05,218.88188015214791,137.96643187259076,80.91544827955715,87.46776192571348,31.479433342559037,1728121.1146782872,-31967.141105673058
C_be0.90_average_plus_grid_loss_ep1.00_gp0.75_lf0.25_life40_dr0.07,0.9,average_plus_grid_loss,427.6959388050314,1.0,0.75,0.25,40,0.07,218.88188015214791,137.96643187259076,80.91544827955715,96.13549273772642,31.479433342559037,1650109.7378459347,-31967.141105673058
C_be0.90_average_plus_grid_loss_ep1.00_gp0.75_lf0.50_life15_dr0.01,0.9,average_plus_grid_loss,427.6959388050314,1.0,0.75,0.5,15,0.01,218.88188015214791,137.96643187259076,80.91544827955715,70.17986997812007,31.479433342559037,3733099.148676674,-61529.78382140453
C_be0.90_average_plus_grid_loss_ep1.00_gp0.75_lf0.50_life15_dr0.03,0.9,average_plus_grid_loss,427.6959388050314,1.0,0.75,0.5,15,0.03,218.88188015214791,137.96643187259076,80.91544827955715,73.02986052381257,31.479433342559037,3169033.9161257306,-61529.78382140453
C_be0.90_average_plus_grid_loss_ep1.00_gp0.75_lf0.50_life15_dr0.05,0.9,average_plus_grid_loss,427.6959388050314,1.0,0.75,0.5,15,0.05,218.88188015214791,137.96643187259076,80.91544827955715,76.1780595487179,31.479433342559037,2759312.224484459,-61529.78382140453
C_be0.90_average_plus_grid_loss_ep1.00_gp0.75_lf0.50_life15_dr0.07,0.9,average_plus_grid_loss,427.6959388050314,1.0,0.75,0.5,15,0.07,218.88188015214791,137.96643187259076,80.91544827955715,79.6288021658696,31.479433342559037,2457673.514585354,-61529.78382140453
C_be0.90_average_plus_grid_loss_ep1.00_gp0.75_lf0.50_life25_dr0.01,0.9,average_plus_grid_loss,427.6959388050314,1.0,0.75,0.5,25,0.01,218.88188015214791,137.96643187259076,80.91544827955715,58.77177421410465,31.479433342559037,2632658.009324383,-61529.78382140453
C_be0.90_average_plus_grid_loss_ep1.00_gp0.75_lf0.50_life25_dr0.03,0.9,average_plus_grid_loss,427.6959388050314,1.0,0.75,0.5,25,0.03,218.88188015214791,137.96643187259076,80.91544827955715,62.27814760005476,31.479433342559037,2349005.213094526,-61529.78382140453
C_be0.90_average_plus_grid_loss_ep1.00_gp0.75_lf0.50_life25_dr0.05,0.9,average_plus_grid_loss,427.6959388050314,1.0,0.75,0.5,25,0.05,218.88188015214791,137.96643187259076,80.91544827955715,66.22305944138088,31.479433342559037,2144775.3623395935,-61529.78382140453
C_be0.90_average_plus_grid_loss_ep1.00_gp0.75_lf0.50_life25_dr0.07,0.9,average_plus_grid_loss,427.6959388050314,1.0,0.75,0.5,25,0.07,218.88188015214791,137.96643187259076,80.91544827955715,70.55692484738735,31.479433342559037,1994620.4537027078,-61529.78382140453
C_be0.90_average_plus_grid_loss_ep1.00_gp0.75_lf0.50_life40_dr0.01,0.9,average_plus_grid_loss,427.6959388050314,1.0,0.75,0.5,40,0.01,218.88188015214791,137.96643187259076,80.91544827955715,58.77177421410465,31.479433342559037,2632658.009324383,-61529.78382140453
C_be0.90_average_plus_grid_loss_ep1.00_gp0.75_lf0.50_life40_dr0.03,0.9,average_plus_grid_loss,427.6959388050314,1.0,0.75,0.5,40,0.03,218.88188015214791,137.96643187259076,80.91544827955715,62.27814760005476,31.479433342559037,2349005.213094526,-61529.78382140453
C_be0.90_average_plus_grid_loss_ep1.00_gp0.75_lf0.50_life40_dr0.05,0.9,average_plus_grid_loss,427.6959388050314,1.0,0.75,0.5,40,0.05,218.88188015214791,137.96643187259076,80.91544827955715,66.22305944138088,31.479433342559037,2144775.3623395935,-61529.78382140453
C_be0.90_average_plus_grid_loss_ep1.00_gp0.75_lf0.50_life40_dr0.07,0.9,average_plus_grid_loss,427.6959388050314,1.0,0.75,0.5,40,0.07,218.88188015214791,137.96643187259076,80.91544827955715,70.55692484738735,31.479433342559037,1994620.4537027078,-61529.78382140453
C_be0.90_average_plus_grid_loss_ep1.00_gp0.75_lf0.75_life15_dr0.01,0.9,average_plus_grid_loss,427.6959388050314,1.0,0.75,0.75,15,0.01,218.88188015214791,137.96643187259076,80.91544827955715,61.779365637762815,31.479433342559037,4384161.8321270775,-91092.426537136
C_be0.90_average_plus_grid_loss_ep1.00_gp0.75_lf0.75_life15_dr0.03,0.9,average_plus_grid_loss,427.6959388050314,1.0,0.75,0.75,15,0.03,218.88188015214791,137.96643187259076,80.91544827955715,63.679359334891146,31.479433342559037,3683812.579879247,-91092.426537136
C_be0.90_average_plus_grid_loss_ep1.00_gp0.75_lf0.75_life15_dr0.05,0.9,average_plus_grid_loss,427.6959388050314,1.0,0.75,0.75,15,0.05,218.88188015214791,137.96643187259076,80.91544827955715,65.77815868482803,31.479433342559037,3175966.472145765,-91092.426537136
C_be0.90_average_plus_grid_loss_ep1.00_gp0.75_lf0.75_life15_dr0.07,0.9,average_plus_grid_loss,427.6959388050314,1.0,0.75,0.75,15,0.07,218.88188015214791,137.96643187259076,80.91544827955715,68.07865376292916,31.479433342559037,2802184.2304421277,-91092.426537136
C_be0.90_average_plus_grid_loss_ep1.00_gp0.75_lf0.75_life25_dr0.01,0.9,average_plus_grid_loss,427.6959388050314,1.0,0.75,0.75,25,0.01,218.88188015214791,137.96643187259076,80.91544827955715,54.17396846175253,31.479433342559037,3283720.6927747857,-91092.426537136
C_be0.90_average_plus_grid_loss_ep1.00_gp0.75_lf0.75_life25_dr0.03,0.9,average_plus_grid_loss,427.6959388050314,1.0,0.75,0.75,25,0.03,218.88188015214791,137.96643187259076,80.91544827955715,56.511550719052615,31.479433342559037,2863783.8768480434,-91092.426537136
C_be0.90_average_plus_grid_loss_ep1.00_gp0.75_lf0.75_life25_dr0.05,0.9,average_plus_grid_loss,427.6959388050314,1.0,0.75,0.75,25,0.05,218.88188015214791,137.96643187259076,80.91544827955715,59.14149194660335,31.479433342559037,2561429.6100009,-91092.426537136
C_be0.90_average_plus_grid_loss_ep1.00_gp0.75_lf0.75_life25_dr0.07,0.9,average_plus_grid_loss,427.6959388050314,1.0,0.75,0.75,25,0.07,218.88188015214791,137.96643187259076,80.91544827955715,62.030735550607666,31.479433342559037,2339131.169559481,-91092.426537136
C_be0.90_average_plus_grid_loss_ep1.00_gp0.75_lf0.75_life40_dr0.01,0.9,average_plus_grid_loss,427.6959388050314,1.0,0.75,0.75,40,0.01,218.88188015214791,137.96643187259076,80.91544827955715,54.17396846175253,31.479433342559037,3283720.6927747857,-91092.426537136
C_be0.90_average_plus_grid_loss_ep1.00_gp0.75_lf0.75_life40_dr0.03,0.9,average_plus_grid_loss,427.6959388050314,1.0,0.75,0.75,40,0.03,218.88188015214791,137.96643187259076,80.91544827955715,56.511550719052615,31.479433342559037,2863783.8768480434,-91092.426537136
C_be0.90_average_plus_grid_loss_ep1.00_gp0.75_lf0.75_life40_dr0.05,0.9,average_plus_grid_loss,427.6959388050314,1.0,0.75,0.75,40,0.05,218.88188015214791,137.96643187259076,80.91544827955715,59.14149194660335,31.479433342559037,2561429.6100009,-91092.426537136
C_be0.90_average_plus_grid_loss_ep1.00_gp0.75_lf0.75_life40_dr0.07,0.9,average_plus_grid_loss,427.6959388050314,1.0,0.75,0.75,40,0.07,218.88188015214791,137.96643187259076,80.91544827955715,62.030735550607666,31.479433342559037,2339131.169559481,-91092.426537136
C_be0.90_average_plus_grid_loss_ep1.00_gp0.75_lf0.95_life15_dr0.01,0.9,average_plus_grid_loss,427.6959388050314,1.0,0.75,0.95,15,0.01,218.88188015214791,137.96643187259076,80.91544827955715,58.24231117866503,31.479433342559037,4905011.978887399,-114742.54070972116
C_be0.90_average_plus_grid_loss_ep1.00_gp0.75_lf0.95_life15_dr0.03,0.9,average_plus_grid_loss,427.6959388050314,1.0,0.75,0.95,15,0.03,218.88188015214791,137.96643187259076,80.91544827955715,59.742306202713706,31.479433342559037,4095635.51088206,-114742.54070972116
C_be0.90_average_plus_grid_loss_ep1.00_gp0.75_lf0.95_life15_dr0.05,0.9,average_plus_grid_loss,427.6959388050314,1.0,0.75,0.95,15,0.05,218.88188015214791,137.96643187259076,80.91544827955715,61.39925305792703,31.479433342559037,3509289.8702748097,-114742.54070972116
C_be0.90_average_plus_grid_loss_ep1.00_gp0.75_lf0.95_life15_dr0.07,0.9,average_plus_grid_loss,427.6959388050314,1.0,0.75,0.95,15,0.07,218.88188015214791,137.96643187259076,80.91544827955715,63.215433382743726,31.479433342559037,3077792.8031275463,-114742.54070972116
C_be0.90_average_plus_grid_loss_ep1.00_gp0.75_lf0.95_life25_dr0.01,0.9,average_plus_grid_loss,427.6959388050314,1.0,0.75,0.95,25,0.01,218.88188015214791,137.96643187259076,80.91544827955715,52.23805025023585,31.479433342559037,3804570.839535107,-114742.54070972116
C_be0.90_average_plus_grid_loss_ep1.00_gp0.75_lf0.95_life25_dr0.03,0.9,average_plus_grid_loss,427.6959388050314,1.0,0.75,0.95,25,0.03,218.88188015214791,137.96643187259076,80.91544827955715,54.08350992705171,31.479433342559037,3275606.8078508563,-114742.54070972116
C_be0.90_average_plus_grid_loss_ep1.00_gp0.75_lf0.95_life25_dr0.05,0.9,average_plus_grid_loss,427.6959388050314,1.0,0.75,0.95,25,0.05,218.88188015214791,137.96643187259076,80.91544827955715,56.15977931722334,31.479433342559037,2894753.0081299446,-114742.54070972116
C_be0.90_average_plus_grid_loss_ep1.00_gp0.75_lf0.95_life25_dr0.07,0.9,average_plus_grid_loss,427.6959388050314,1.0,0.75,0.95,25,0.07,218.88188015214791,137.96643187259076,80.91544827955715,58.44076110985833,31.479433342559037,2614739.7422448997,-114742.54070972116
C_be0.90_average_plus_grid_loss_ep1.00_gp0.75_lf0.95_life40_dr0.01,0.9,average_plus_grid_loss,427.6959388050314,1.0,0.75,0.95,40,0.01,218.88188015214791,137.96643187259076,80.91544827955715,52.23805025023585,31.479433342559037,3804570.839535107,-114742.54070972116
C_be0.90_average_plus_grid_loss_ep1.00_gp0.75_lf0.95_life40_dr0.03,0.9,average_plus_grid_loss,427.6959388050314,1.0,0.75,0.95,40,0.03,218.88188015214791,137.96643187259076,80.91544827955715,54.08350992705171,31.479433342559037,3275606.8078508563,-114742.54070972116
C_be0.90_average_plus_grid_loss_ep1.00_gp0.75_lf0.95_life40_dr0.05,0.9,average_plus_grid_loss,427.6959388050314,1.0,0.75,0.95,40,0.05,218.88188015214791,137.96643187259076,80.91544827955715,56.15977931722334,31.479433342559037,2894753.0081299446,-114742.54070972116
C_be0.90_average_plus_grid_loss_ep1.00_gp0.75_lf0.95_life40_dr0.07,0.9,average_plus_grid_loss,427.6959388050314,1.0,0.75,0.95,40,0.07,218.88188015214791,137.96643187259076,80.91544827955715,58.44076110985833,31.479433342559037,2614739.7422448997,-114742.54070972116
C_be0.90_average_plus_grid_loss_ep1.00_gp1.00_lf0.25_life15_dr0.01,0.9,average_plus_grid_loss,427.6959388050314,1.0,1.0,0.25,15,0.01,218.88188015214791,137.96643187259076,80.91544827955715,95.38138299919186,41.97257779007872,2575944.6480607926,-8987.154765604952
C_be0.90_average_plus_grid_loss_ep1.00_gp1.00_lf0.25_life15_dr0.03,0.9,average_plus_grid_loss,427.6959388050314,1.0,1.0,0.25,15,0.03,218.88188015214791,137.96643187259076,80.91544827955715,101.08136409057683,41.97257779007872,2254101.3562890557,-8987.154765604952
C_be0.90_average_plus_grid_loss_ep1.00_gp1.00_lf0.25_life15_dr0.05,0.9,average_plus_grid_loss,427.6959388050314,1.0,1.0,0.25,15,0.05,218.88188015214791,137.96643187259076,80.91544827955715,107.37776214038749,41.97257779007872,2018779.3232177666,-8987.154765604952
C_be0.90_average_plus_grid_loss_ep1.00_gp1.00_lf0.25_life15_dr0.07,0.9,average_plus_grid_loss,427.6959388050314,1.0,1.0,0.25,15,0.07,218.88188015214791,137.96643187259076,80.91544827955715,114.27924737469091,41.97257779007872,1845363.6164794627,-8987.154765604952
C_be0.90_average_plus_grid_loss_ep1.00_gp1.00_lf0.25_life25_dr0.01,0.9,average_plus_grid_loss,427.6959388050314,1.0,1.0,0.25,25,0.01,218.88188015214791,137.96643187259076,80.91544827955715,72.56519147116101,41.97257779007872,1475503.5087085017,-8987.154765604952
C_be0.90_average_plus_grid_loss_ep1.00_gp1.00_lf0.25_life25_dr0.03,0.9,average_plus_grid_loss,427.6959388050314,1.0,1.0,0.25,25,0.03,218.88188015214791,137.96643187259076,80.91544827955715,79.57793824306123,41.97257779007872,1434072.653257852,-8987.154765604952
C_be0.90_average_plus_grid_loss_ep1.00_gp1.00_lf0.25_life25_dr0.05,0.9,average_plus_grid_loss,427.6959388050314,1.0,1.0,0.25,25,0.05,218.88188015214791,137.96643187259076,80.91544827955715,87.46776192571348,41.97257779007872,1404242.4610729015,-8987.154765604952
C_be0.90_average_plus_grid_loss_ep1.00_gp1.00_lf0.25_life25_dr0.07,0.9,average_plus_grid_loss,427.6959388050314,1.0,1.0,0.25,25,0.07,218.88188015214791,137.96643187259076,80.91544827955715,96.13549273772642,41.97257779007872,1382310.5555968166,-8987.154765604952
C_be0.90_average_plus_grid_loss_ep1.00_gp1.00_lf0.25_life40_dr0.01,0.9,average_plus_grid_loss,427.6959388050314,1.0,1.0,0.25,40,0.01,218.88188015214791,137.96643187259076,80.91544827955715,72.56519147116101,41.97257779007872,1475503.5087085017,-8987.154765604952
C_be0.90_average_plus_grid_loss_ep1.00_gp1.00_lf0.25_life40_dr0.03,0.9,average_plus_grid_loss,427.6959388050314,1.0,1.0,0.25,40,0.03,218.88188015214791,137.96643187259076,80.91544827955715,79.57793824306123,41.97257779007872,1434072.653257852,-8987.154765604952
C_be0.90_average_plus_grid_loss_ep1.00_gp1.00_lf0.25_life40_dr0.05,0.9,average_plus_grid_loss,427.6959388050314,1.0,1.0,0.25,40,0.05,218.88188015214791,137.96643187259076,80.91544827955715,87.46776192571348,41.97257779007872,1404242.4610729015,-8987.154765604952
C_be0.90_average_plus_grid_loss_ep1.00_gp1.00_lf0.25_life40_dr0.07,0.9,average_plus_grid_loss,427.6959388050314,1.0,1.0,0.25,40,0.07,218.88188015214791,137.96643187259076,80.91544827955715,96.13549273772642,41.97257779007872,1382310.5555968166,-8987.154765604952
C_be0.90_average_plus_grid_loss_ep1.00_gp1.00_lf0.50_life15_dr0.01,0.9,average_plus_grid_loss,427.6959388050314,1.0,1.0,0.5,15,0.01,218.88188015214791,137.96643187259076,80.91544827955715,70.17986997812007,41.97257779007872,2720915.5143457167,-15569.811141268321
C_be0.90_average_plus_grid_loss_ep1.00_gp1.00_lf0.50_life15_dr0.03,0.9,average_plus_grid_loss,427.6959388050314,1.0,1.0,0.5,15,0.03,218.88188015214791,137.96643187259076,80.91544827955715,73.02986052381257,41.97257779007872,2368726.1239594156,-15569.811141268321
C_be0.90_average_plus_grid_loss_ep1.00_gp1.00_lf0.50_life15_dr0.05,0.9,average_plus_grid_loss,427.6959388050314,1.0,1.0,0.5,15,0.05,218.88188015214791,137.96643187259076,80.91544827955715,76.1780595487179,41.97257779007872,2111554.9172736877,-15569.811141268321
C_be0.90_average_plus_grid_loss_ep1.00_gp1.00_lf0.50_life15_dr0.07,0.9,average_plus_grid_loss,427.6959388050314,1.0,1.0,0.5,15,0.07,218.88188015214791,137.96643187259076,80.91544827955715,79.6288021658696,41.97257779007872,1922075.1500871177,-15569.811141268321
C_be0.90_average_plus_grid_loss_ep1.00_gp1.00_lf0.50_life25_dr0.01,0.9,average_plus_grid_loss,427.6959388050314,1.0,1.0,0.5,25,0.01,218.88188015214791,137.96643187259076,80.91544827955715,58.77177421410465,41.97257779007872,1620474.3749934258,-15569.811141268321
C_be0.90_average_plus_grid_loss_ep1.00_gp1.00_lf0.50_life25_dr0.03,0.9,average_plus_grid_loss,427.6959388050314,1.0,1.0,0.5,25,0.03,218.88188015214791,137.96643187259076,80.91544827955715,62.27814760005476,41.97257779007872,1548697.420928211,-15569.811141268321
C_be0.90_average_plus_grid_loss_ep1.00_gp1.00_lf0.50_life25_dr0.05,0.9,average_plus_grid_loss,427.6959388050314,1.0,1.0,0.5,25,0.05,218.88188015214791,137.96643187259076,80.91544827955715,66.22305944138088,41.97257779007872,1497018.055128822,-15569.811141268321
C_be0.90_average_plus_grid_loss_ep1.00_gp1.00_lf0.50_life25_dr0.07,0.9,average_plus_grid_loss,427.6959388050314,1.0,1.0,0.5,25,0.07,218.88188015214791,137.96643187259076,80.91544827955715,70.55692484738735,41.97257779007872,1459022.0892044716,-15569.811141268321
C_be0.90_average_plus_grid_loss_ep1.00_gp1.00_lf0.50_life40_dr0.01,0.9,average_plus_grid_loss,427.6959388050314,1.0,1.0,0.5,40,0.01,218.88188015214791,137.96643187259076,80.91544827955715,58.77177421410465,41.97257779007872,1620474.3749934258,-15569.811141268321
C_be0.90_average_plus_grid_loss_ep1.00_gp1.00_lf0.50_life40_dr0.03,0.9,average_plus_grid_loss,427.6959388050314,1.0,1.0,0.5,40,0.03,218.88188015214791,137.96643187259076,80.91544827955715,62.27814760005476,41.97257779007872,1548697.420928211,-15569.811141268321
C_be0.90_average_plus_grid_loss_ep1.00_gp1.00_lf0.50_life40_dr0.05,0.9,average_plus_grid_loss,427.6959388050314,1.0,1.0,0.5,40,0.05,218.88188015214791,137.96643187259076,80.91544827955715,66.22305944138088,41.97257779007872,1497018.055128822,-15569.811141268321
C_be0.90_average_plus_grid_loss_ep1.00_gp1.00_lf0.50_life40_dr0.07,0.9,average_plus_grid_loss,427.6959388050314,1.0,1.0,0.5,40,0.07,218.88188015214791,137.96643187259076,80.91544827955715,70.55692484738735,41.97257779007872,1459022.0892044716,-15569.811141268321
C_be0.90_average_plus_grid_loss_ep1.00_gp1.00_lf0.75_life15_dr0.01,0.9,average_plus_grid_loss,427.6959388050314,1.0,1.0,0.75,15,0.01,218.88188015214791,137.96643187259076,80.91544827955715,61.779365637762815,41.97257779007872,2865886.380630642,-22152.467516931705
C_be0.90_average_plus_grid_loss_ep1.00_gp1.00_lf0.75_life15_dr0.03,0.9,average_plus_grid_loss,427.6959388050314,1.0,1.0,0.75,15,0.03,218.88188015214791,137.96643187259076,80.91544827955715,63.679359334891146,41.97257779007872,2483350.891629775,-22152.467516931705
C_be0.90_average_plus_grid_loss_ep1.00_gp1.00_lf0.75_life15_dr0.05,0.9,average_plus_grid_loss,427.6959388050314,1.0,1.0,0.75,15,0.05,218.88188015214791,137.96643187259076,80.91544827955715,65.77815868482803,41.97257779007872,2204330.511329608,-22152.467516931705
C_be0.90_average_plus_grid_loss_ep1.00_gp1.00_lf0.75_life15_dr0.07,0.9,average_plus_grid_loss,427.6959388050314,1.0,1.0,0.75,15,0.07,218.88188015214791,137.96643187259076,80.91544827955715,68.07865376292916,41.97257779007872,1998786.6836947743,-22152.467516931705
C_be0.90_average_plus_grid_loss_ep1.00_gp1.00_lf0.75_life25_dr0.01,0.9,average_plus_grid_loss,427.6959388050314,1.0,1.0,0.75,25,0.01,218.88188015214791,137.96643187259076,80.91544827955715,54.17396846175253,41.97257779007872,1765445.2412783504,-22152.467516931705
C_be0.90_average_plus_grid_loss_ep1.00_gp1.00_lf0.75_life25_dr0.03,0.9,average_plus_grid_loss,427.6959388050314,1.0,1.0,0.75,25,0.03,218.88188015214791,137.96643187259076,80.91544827955715,56.511550719052615,41.97257779007872,1663322.1885985713,-22152.467516931705
C_be0.90_average_plus_grid_loss_ep1.00_gp1.00_lf0.75_life25_dr0.05,0.9,average_plus_grid_loss,427.6959388050314,1.0,1.0,0.75,25,0.05,218.88188015214791,137.96643187259076,80.91544827955715,59.14149194660335,41.97257779007872,1589793.649184743,-22152.467516931705
C_be0.90_average_plus_grid_loss_ep1.00_gp1.00_lf0.75_life25_dr0.07,0.9,average_plus_grid_loss,427.6959388050314,1.0,1.0,0.75,25,0.07,218.88188015214791,137.96643187259076,80.91544827955715,62.030735550607666,41.97257779007872,1535733.6228121277,-22152.467516931705
C_be0.90_average_plus_grid_loss_ep1.00_gp1.00_lf0.75_life40_dr0.01,0.9,average_plus_grid_loss,427.6959388050314,1.0,1.0,0.75,40,0.01,218.88188015214791,137.96643187259076,80.91544827955715,54.17396846175253,41.97257779007872,1765445.2412783504,-22152.467516931705
C_be0.90_average_plus_grid_loss_ep1.00_gp1.00_lf0.75_life40_dr0.03,0.9,average_plus_grid_loss,427.6959388050314,1.0,1.0,0.75,40,0.03,218.88188015214791,137.96643187259076,80.91544827955715,56.511550719052615,41.97257779007872,1663322.1885985713,-22152.467516931705
C_be0.90_average_plus_grid_loss_ep1.00_gp1.00_lf0.75_life40_dr0.05,0.9,average_plus_grid_loss,427.6959388050314,1.0,1.0,0.75,40,0.05,218.88188015214791,137.96643187259076,80.91544827955715,59.14149194660335,41.97257779007872,1589793.649184743,-22152.467516931705
C_be0.90_average_plus_grid_loss_ep1.00_gp1.00_lf0.75_life40_dr0.07,0.9,average_plus_grid_loss,427.6959388050314,1.0,1.0,0.75,40,0.07,218.88188015214791,137.96643187259076,80.91544827955715,62.030735550607666,41.97257779007872,1535733.6228121277,-22152.467516931705
C_be0.90_average_plus_grid_loss_ep1.00_gp1.00_lf0.95_life15_dr0.01,0.9,average_plus_grid_loss,427.6959388050314,1.0,1.0,0.95,15,0.01,218.88188015214791,137.96643187259076,80.91544827955715,58.24231117866503,41.97257779007872,2981863.073658581,-27418.59261746239
C_be0.90_average_plus_grid_loss_ep1.00_gp1.00_lf0.95_life15_dr0.03,0.9,average_plus_grid_loss,427.6959388050314,1.0,1.0,0.95,15,0.03,218.88188015214791,137.96643187259076,80.91544827955715,59.742306202713706,41.97257779007872,2575050.7057660623,-27418.59261746239
C_be0.90_average_plus_grid_loss_ep1.00_gp1.00_lf0.95_life15_dr0.05,0.9,average_plus_grid_loss,427.6959388050314,1.0,1.0,0.95,15,0.05,218.88188015214791,137.96643187259076,80.91544827955715,61.39925305792703,41.97257779007872,2278550.9865743443,-27418.59261746239
C_be0.90_average_plus_grid_loss_ep1.00_gp1.00_lf0.95_life15_dr0.07,0.9,average_plus_grid_loss,427.6959388050314,1.0,1.0,0.95,15,0.07,218.88188015214791,137.96643187259076,80.91544827955715,63.215433382743726,41.97257779007872,2060155.9105808982,-27418.59261746239
C_be0.90_average_plus_grid_loss_ep1.00_gp1.00_lf0.95_life25_dr0.01,0.9,average_plus_grid_loss,427.6959388050314,1.0,1.0,0.95,25,0.01,218.88188015214791,137.96643187259076,80.91544827955715,52.23805025023585,41.97257779007872,1881421.934306289,-27418.59261746239
C_be0.90_average_plus_grid_loss_ep1.00_gp1.00_lf0.95_life25_dr0.03,0.9,average_plus_grid_loss,427.6959388050314,1.0,1.0,0.95,25,0.03,218.88188015214791,137.96643187259076,80.91544827955715,54.08350992705171,41.97257779007872,1755022.0027348585,-27418.59261746239
C_be0.90_average_plus_grid_loss_ep1.00_gp1.00_lf0.95_life25_dr0.05,0.9,average_plus_grid_loss,427.6959388050314,1.0,1.0,0.95,25,0.05,218.88188015214791,137.96643187259076,80.91544827955715,56.15977931722334,41.97257779007872,1664014.1244294792,-27418.59261746239
C_be0.90_average_plus_grid_loss_ep1.00_gp1.00_lf0.95_life25_dr0.07,0.9,average_plus_grid_loss,427.6959388050314,1.0,1.0,0.95,25,0.07,218.88188015214791,137.96643187259076,80.91544827955715,58.44076110985833,41.97257779007872,1597102.8496982516,-27418.59261746239
C_be0.90_average_plus_grid_loss_ep1.00_gp1.00_lf0.95_life40_dr0.01,0.9,average_plus_grid_loss,427.6959388050314,1.0,1.0,0.95,40,0.01,218.88188015214791,137.96643187259076,80.91544827955715,52.23805025023585,41.97257779007872,1881421.934306289,-27418.59261746239
C_be0.90_average_plus_grid_loss_ep1.00_gp1.00_lf0.95_life40_dr0.03,0.9,average_plus_grid_loss,427.6959388050314,1.0,1.0,0.95,40,0.03,218.88188015214791,137.96643187259076,80.91544827955715,54.08350992705171,41.97257779007872,1755022.0027348585,-27418.59261746239
C_be0.90_average_plus_grid_loss_ep1.00_gp1.00_lf0.95_life40_dr0.05,0.9,average_plus_grid_loss,427.6959388050314,1.0,1.0,0.95,40,0.05,218.88188015214791,137.96643187259076,80.91544827955715,56.15977931722334,41.97257779007872,1664014.1244294792,-27418.59261746239
C_be0.90_average_plus_grid_loss_ep1.00_gp1.00_lf0.95_life40_dr0.07,0.9,average_plus_grid_loss,427.6959388050314,1.0,1.0,0.95,40,0.07,218.88188015214791,137.96643187259076,80.91544827955715,58.44076110985833,41.97257779007872,1597102.8496982516,-27418.59261746239
C_be0.90_average_plus_grid_loss_ep1.00_gp1.25_lf0.25_life15_dr0.01,0.9,average_plus_grid_loss,427.6959388050314,1.0,1.25,0.25,15,0.01,218.88188015214791,137.96643187259076,80.91544827955715,95.38138299919186,52.4657222375984,2069852.830895314,13992.831574463155
C_be0.90_average_plus_grid_loss_ep1.00_gp1.25_lf0.25_life15_dr0.03,0.9,average_plus_grid_loss,427.6959388050314,1.0,1.25,0.25,15,0.03,218.88188015214791,137.96643187259076,80.91544827955715,101.08136409057683,52.4657222375984,1853947.460205898,13992.831574463155
C_be0.90_average_plus_grid_loss_ep1.00_gp1.25_lf0.25_life15_dr0.05,0.9,average_plus_grid_loss,427.6959388050314,1.0,1.25,0.25,15,0.05,218.88188015214791,137.96643187259076,80.91544827955715,107.37776214038749,52.4657222375984,1694900.669612381,13992.831574463155
C_be0.90_average_plus_grid_loss_ep1.00_gp1.25_lf0.25_life15_dr0.07,0.9,average_plus_grid_loss,427.6959388050314,1.0,1.25,0.25,15,0.07,218.88188015214791,137.96643187259076,80.91544827955715,114.27924737469091,52.4657222375984,1577564.4342303448,13992.831574463155
C_be0.90_average_plus_grid_loss_ep1.00_gp1.25_lf0.25_life25_dr0.01,0.9,average_plus_grid_loss,427.6959388050314,1.0,1.25,0.25,25,0.01,218.88188015214791,137.96643187259076,80.91544827955715,72.56519147116101,52.4657222375984,969411.6915430231,13992.831574463155
C_be0.90_average_plus_grid_loss_ep1.00_gp1.25_lf0.25_life25_dr0.03,0.9,average_plus_grid_loss,427.6959388050314,1.0,1.25,0.25,25,0.03,218.88188015214791,137.96643187259076,80.91544827955715,79.57793824306123,52.4657222375984,1033918.7571746942,13992.831574463155
C_be0.90_average_plus_grid_loss_ep1.00_gp1.25_lf0.25_life25_dr0.05,0.9,average_plus_grid_loss,427.6959388050314,1.0,1.25,0.25,25,0.05,218.88188015214791,137.96643187259076,80.91544827955715,87.46776192571348,52.4657222375984,1080363.8074675158,13992.831574463155
C_be0.90_average_plus_grid_loss_ep1.00_gp1.25_lf0.25_life25_dr0.07,0.9,average_plus_grid_loss,427.6959388050314,1.0,1.25,0.25,25,0.07,218.88188015214791,137.96643187259076,80.91544827955715,96.13549273772642,52.4657222375984,1114511.3733476987,13992.831574463155
C_be0.90_average_plus_grid_loss_ep1.00_gp1.25_lf0.25_life40_dr0.01,0.9,average_plus_grid_loss,427.6959388050314,1.0,1.25,0.25,40,0.01,218.88188015214791,137.96643187259076,80.91544827955715,72.56519147116101,52.4657222375984,969411.6915430231,13992.831574463155
C_be0.90_average_plus_grid_loss_ep1.00_gp1.25_lf0.25_life40_dr0.03,0.9,average_plus_grid_loss,427.6959388050314,1.0,1.25,0.25,40,0.03,218.88188015214791,137.96643187259076,80.91544827955715,79.57793824306123,52.4657222375984,1033918.7571746942,13992.831574463155
C_be0.90_average_plus_grid_loss_ep1.00_gp1.25_lf0.25_life40_dr0.05,0.9,average_plus_grid_loss,427.6959388050314,1.0,1.25,0.25,40,0.05,218.88188015214791,137.96643187259076,80.91544827955715,87.46776192571348,52.4657222375984,1080363.8074675158,13992.831574463155
C_be0.90_average_plus_grid_loss_ep1.00_gp1.25_lf0.25_life40_dr0.07,0.9,average_plus_grid_loss,427.6959388050314,1.0,1.25,0.25,40,0.07,218.88188015214791,137.96643187259076,80.91544827955715,96.13549273772642,52.4657222375984,1114511.3733476987,13992.831574463155
C_be0.90_average_plus_grid_loss_ep1.00_gp1.25_lf0.50_life15_dr0.01,0.9,average_plus_grid_loss,427.6959388050314,1.0,1.25,0.5,15,0.01,218.88188015214791,137.96643187259076,80.91544827955715,70.17986997812007,52.4657222375984,1708731.8800147595,30390.16153886789
C_be0.90_average_plus_grid_loss_ep1.00_gp1.25_lf0.50_life15_dr0.03,0.9,average_plus_grid_loss,427.6959388050314,1.0,1.25,0.5,15,0.03,218.88188015214791,137.96643187259076,80.91544827955715,73.02986052381257,52.4657222375984,1568418.3317931,30390.16153886789
C_be0.90_average_plus_grid_loss_ep1.00_gp1.25_lf0.50_life15_dr0.05,0.9,average_plus_grid_loss,427.6959388050314,1.0,1.25,0.5,15,0.05,218.88188015214791,137.96643187259076,80.91544827955715,76.1780595487179,52.4657222375984,1463797.6100629163,30390.16153886789
C_be0.90_average_plus_grid_loss_ep1.00_gp1.25_lf0.50_life15_dr0.07,0.9,average_plus_grid_loss,427.6959388050314,1.0,1.25,0.5,15,0.07,218.88188015214791,137.96643187259076,80.91544827955715,79.6288021658696,52.4657222375984,1386476.785588882,30390.16153886789
C_be0.90_average_plus_grid_loss_ep1.00_gp1.25_lf0.50_life25_dr0.01,0.9,average_plus_grid_loss,427.6959388050314,1.0,1.25,0.5,25,0.01,218.88188015214791,137.96643187259076,80.91544827955715,58.77177421410465,52.4657222375984,608290.7406624686,30390.16153886789
C_be0.90_average_plus_grid_loss_ep1.00_gp1.25_lf0.50_life25_dr0.03,0.9,average_plus_grid_loss,427.6959388050314,1.0,1.25,0.5,25,0.03,218.88188015214791,137.96643187259076,80.91544827955715,62.27814760005476,52.4657222375984,748389.6287618955,30390.16153886789
C_be0.90_average_plus_grid_loss_ep1.00_gp1.25_lf0.50_life25_dr0.05,0.9,average_plus_grid_loss,427.6959388050314,1.0,1.25,0.5,25,0.05,218.88188015214791,137.96643187259076,80.91544827955715,66.22305944138088,52.4657222375984,849260.7479180507,30390.16153886789
C_be0.90_average_plus_grid_loss_ep1.00_gp1.25_lf0.50_life25_dr0.07,0.9,average_plus_grid_loss,427.6959388050314,1.0,1.25,0.5,25,0.07,218.88188015214791,137.96643187259076,80.91544827955715,70.55692484738735,52.4657222375984,923423.7247062358,30390.16153886789
C_be0.90_average_plus_grid_loss_ep1.00_gp1.25_lf0.50_life40_dr0.01,0.9,average_plus_grid_loss,427.6959388050314,1.0,1.25,0.5,40,0.01,218.88188015214791,137.96643187259076,80.91544827955715,58.77177421410465,52.4657222375984,608290.7406624686,30390.16153886789
C_be0.90_average_plus_grid_loss_ep1.00_gp1.25_lf0.50_life40_dr0.03,0.9,average_plus_grid_loss,427.6959388050314,1.0,1.25,0.5,40,0.03,218.88188015214791,137.96643187259076,80.91544827955715,62.27814760005476,52.4657222375984,748389.6287618955,30390.16153886789
C_be0.90_average_plus_grid_loss_ep1.00_gp1.25_lf0.50_life40_dr0.05,0.9,average_plus_grid_loss,427.6959388050314,1.0,1.25,0.5,40,0.05,218.88188015214791,137.96643187259076,80.91544827955715,66.22305944138088,52.4657222375984,849260.7479180507,30390.16153886789
C_be0.90_average_plus_grid_loss_ep1.00_gp1.25_lf0.50_life40_dr0.07,0.9,average_plus_grid_loss,427.6959388050314,1.0,1.25,0.5,40,0.07,218.88188015214791,137.96643187259076,80.91544827955715,70.55692484738735,52.4657222375984,923423.7247062358,30390.16153886789
C_be0.90_average_plus_grid_loss_ep1.00_gp1.25_lf0.75_life15_dr0.01,0.9,average_plus_grid_loss,427.6959388050314,1.0,1.25,0.75,15,0.01,218.88188015214791,137.96643187259076,80.91544827955715,61.779365637762815,52.4657222375984,1347610.929134206,46787.49150327261
C_be0.90_average_plus_grid_loss_ep1.00_gp1.25_lf0.75_life15_dr0.03,0.9,average_plus_grid_loss,427.6959388050314,1.0,1.25,0.75,15,0.03,218.88188015214791,137.96643187259076,80.91544827955715,63.679359334891146,52.4657222375984,1282889.2033803025,46787.49150327261
C_be0.90_average_plus_grid_loss_ep1.00_gp1.25_lf0.75_life15_dr0.05,0.9,average_plus_grid_loss,427.6959388050314,1.0,1.25,0.75,15,0.05,218.88188015214791,137.96643187259076,80.91544827955715,65.77815868482803,52.4657222375984,1232694.550513451,46787.49150327261
C_be0.90_average_plus_grid_loss_ep1.00_gp1.25_lf0.75_life15_dr0.07,0.9,average_plus_grid_loss,427.6959388050314,1.0,1.25,0.75,15,0.07,218.88188015214791,137.96643187259076,80.91544827955715,68.07865376292916,52.4657222375984,1195389.13694742,46787.49150327261
C_be0.90_average_plus_grid_loss_ep1.00_gp1.25_lf0.75_life25_dr0.01,0.9,average_plus_grid_loss,427.6959388050314,1.0,1.25,0.75,25,0.01,218.88188015214791,137.96643187259076,80.91544827955715,54.17396846175253,52.4657222375984,247169.7897819141,46787.49150327261
C_be0.90_average_plus_grid_loss_ep1.00_gp1.25_lf0.75_life25_dr0.03,0.9,average_plus_grid_loss,427.6959388050314,1.0,1.25,0.75,25,0.03,218.88188015214791,137.96643187259076,80.91544827955715,56.511550719052615,52.4657222375984,462860.5003490988,46787.49150327261
C_be0.90_average_plus_grid_loss_ep1.00_gp1.25_lf0.75_life25_dr0.05,0.9,average_plus_grid_loss,427.6959388050314,1.0,1.25,0.75,25,0.05,218.88188015214791,137.96643187259076,80.91544827955715,59.14149194660335,52.4657222375984,618157.6883685859,46787.49150327261
C_be0.90_average_plus_grid_loss_ep1.00_gp1.25_lf0.75_life25_dr0.07,0.9,average_plus_grid_loss,427.6959388050314,1.0,1.25,0.75,25,0.07,218.88188015214791,137.96643187259076,80.91544827955715,62.030735550607666,52.4657222375984,732336.0760647734,46787.49150327261
C_be0.90_average_plus_grid_loss_ep1.00_gp1.25_lf0.75_life40_dr0.01,0.9,average_plus_grid_loss,427.6959388050314,1.0,1.25,0.75,40,0.01,218.88188015214791,137.96643187259076,80.91544827955715,54.17396846175253,52.4657222375984,247169.7897819141,46787.49150327261
C_be0.90_average_plus_grid_loss_ep1.00_gp1.25_lf0.75_life40_dr0.03,0.9,average_plus_grid_loss,427.6959388050314,1.0,1.25,0.75,40,0.03,218.88188015214791,137.96643187259076,80.91544827955715,56.511550719052615,52.4657222375984,462860.5003490988,46787.49150327261
C_be0.90_average_plus_grid_loss_ep1.00_gp1.25_lf0.75_life40_dr0.05,0.9,average_plus_grid_loss,427.6959388050314,1.0,1.25,0.75,40,0.05,218.88188015214791,137.96643187259076,80.91544827955715,59.14149194660335,52.4657222375984,618157.6883685859,46787.49150327261
C_be0.90_average_plus_grid_loss_ep1.00_gp1.25_lf0.75_life40_dr0.07,0.9,average_plus_grid_loss,427.6959388050314,1.0,1.25,0.75,40,0.07,218.88188015214791,137.96643187259076,80.91544827955715,62.030735550607666,52.4657222375984,732336.0760647734,46787.49150327261
C_be0.90_average_plus_grid_loss_ep1.00_gp1.25_lf0.95_life15_dr0.01,0.9,average_plus_grid_loss,427.6959388050314,1.0,1.25,0.95,15,0.01,218.88188015214791,137.96643187259076,80.91544827955715,58.24231117866503,52.4657222375984,1058714.1684297621,59905.35547479644
C_be0.90_average_plus_grid_loss_ep1.00_gp1.25_lf0.95_life15_dr0.03,0.9,average_plus_grid_loss,427.6959388050314,1.0,1.25,0.95,15,0.03,218.88188015214791,137.96643187259076,80.91544827955715,59.742306202713706,52.4657222375984,1054465.9006500626,59905.35547479644
C_be0.90_average_plus_grid_loss_ep1.00_gp1.25_lf0.95_life15_dr0.05,0.9,average_plus_grid_loss,427.6959388050314,1.0,1.25,0.95,15,0.05,218.88188015214791,137.96643187259076,80.91544827955715,61.39925305792703,52.4657222375984,1047812.1028738786,59905.35547479644
C_be0.90_average_plus_grid_loss_ep1.00_gp1.25_lf0.95_life15_dr0.07,0.9,average_plus_grid_loss,427.6959388050314,1.0,1.25,0.95,15,0.07,218.88188015214791,137.96643187259076,80.91544827955715,63.215433382743726,52.4657222375984,1042519.0180342495,59905.35547479644
C_be0.90_average_plus_grid_loss_ep1.00_gp1.25_lf0.95_life25_dr0.01,0.9,average_plus_grid_loss,427.6959388050314,1.0,1.25,0.95,25,0.01,218.88188015214791,137.96643187259076,80.91544827955715,52.23805025023585,52.4657222375984,-41726.9709225297,59905.35547479644
C_be0.90_average_plus_grid_loss_ep1.00_gp1.25_lf0.95_life25_dr0.03,0.9,average_plus_grid_loss,427.6959388050314,1.0,1.25,0.95,25,0.03,218.88188015214791,137.96643187259076,80.91544827955715,54.08350992705171,52.4657222375984,234437.1976188589,59905.35547479644
C_be0.90_average_plus_grid_loss_ep1.00_gp1.25_lf0.95_life25_dr0.05,0.9,average_plus_grid_loss,427.6959388050314,1.0,1.25,0.95,25,0.05,218.88188015214791,137.96643187259076,80.91544827955715,56.15977931722334,52.4657222375984,433275.24072901346,59905.35547479644
C_be0.90_average_plus_grid_loss_ep1.00_gp1.25_lf0.95_life25_dr0.07,0.9,average_plus_grid_loss,427.6959388050314,1.0,1.25,0.95,25,0.07,218.88188015214791,137.96643187259076,80.91544827955715,58.44076110985833,52.4657222375984,579465.957151603,59905.35547479644
C_be0.90_average_plus_grid_loss_ep1.00_gp1.25_lf0.95_life40_dr0.01,0.9,average_plus_grid_loss,427.6959388050314,1.0,1.25,0.95,40,0.01,218.88188015214791,137.96643187259076,80.91544827955715,52.23805025023585,52.4657222375984,-41726.9709225297,59905.35547479644
C_be0.90_average_plus_grid_loss_ep1.00_gp1.25_lf0.95_life40_dr0.03,0.9,average_plus_grid_loss,427.6959388050314,1.0,1.25,0.95,40,0.03,218.88188015214791,137.96643187259076,80.91544827955715,54.08350992705171,52.4657222375984,234437.1976188589,59905.35547479644
C_be0.90_average_plus_grid_loss_ep1.00_gp1.25_lf0.95_life40_dr0.05,0.9,average_plus_grid_loss,427.6959388050314,1.0,1.25,0.95,40,0.05,218.88188015214791,137.96643187259076,80.91544827955715,56.15977931722334,52.4657222375984,433275.24072901346,59905.35547479644
C_be0.90_average_plus_grid_loss_ep1.00_gp1.25_lf0.95_life40_dr0.07,0.9,average_plus_grid_loss,427.6959388050314,1.0,1.25,0.95,40,0.07,218.88188015214791,137.96643187259076,80.91544827955715,58.44076110985833,52.4657222375984,579465.957151603,59905.35547479644
C_be0.90_average_plus_grid_loss_ep1.25_gp0.75_lf0.25_life15_dr0.01,0.9,average_plus_grid_loss,427.6959388050314,1.25,0.75,0.25,15,0.01,218.88188015214791,137.96643187259076,80.91544827955715,105.75823673845393,31.479433342559037,3582519.4988516103,-54692.45079465701
C_be0.90_average_plus_grid_loss_ep1.25_gp0.75_lf0.25_life15_dr0.03,0.9,average_plus_grid_loss,427.6959388050314,1.25,0.75,0.25,15,0.03,218.88188015214791,137.96643187259076,80.91544827955715,111.45821782983892,31.479433342559037,3049974.4263165225,-54692.45079465701
C_be0.90_average_plus_grid_loss_ep1.25_gp0.75_lf0.25_life15_dr0.05,0.9,average_plus_grid_loss,427.6959388050314,1.25,0.75,0.25,15,0.05,218.88188015214791,137.96643187259076,80.91544827955715,117.75461587964955,31.479433342559037,2662947.231825892,-54692.45079465701
C_be0.90_average_plus_grid_loss_ep1.25_gp0.75_lf0.25_life15_dr0.07,0.9,average_plus_grid_loss,427.6959388050314,1.25,0.75,0.25,15,0.07,218.88188015214791,137.96643187259076,80.91544827955715,124.656101113953,31.479433342559037,2377994.0854407307,-54692.45079465701
C_be0.90_average_plus_grid_loss_ep1.25_gp0.75_lf0.25_life25_dr0.01,0.9,average_plus_grid_loss,427.6959388050314,1.25,0.75,0.25,25,0.01,218.88188015214791,137.96643187259076,80.91544827955715,82.9420452104231,31.479433342559037,2482078.35949932,-54692.45079465701
C_be0.90_average_plus_grid_loss_ep1.25_gp0.75_lf0.25_life25_dr0.03,0.9,average_plus_grid_loss,427.6959388050314,1.25,0.75,0.25,25,0.03,218.88188015214791,137.96643187259076,80.91544827955715,89.95479198232331,31.479433342559037,2229945.723285319,-54692.45079465701
C_be0.90_average_plus_grid_loss_ep1.25_gp0.75_lf0.25_life25_dr0.05,0.9,average_plus_grid_loss,427.6959388050314,1.25,0.75,0.25,25,0.05,218.88188015214791,137.96643187259076,80.91544827955715,97.84461566497555,31.479433342559037,2048410.3696810266,-54692.45079465701
C_be0.90_average_plus_grid_loss_ep1.25_gp0.75_lf0.25_life25_dr0.07,0.9,average_plus_grid_loss,427.6959388050314,1.25,0.75,0.25,25,0.07,218.88188015214791,137.96643187259076,80.91544827955715,106.5123464769885,31.479433342559037,1914941.0245580843,-54692.45079465701
C_be0.90_average_plus_grid_loss_ep1.25_gp0.75_lf0.25_life40_dr0.01,0.9,average_plus_grid_loss,427.6959388050314,1.25,0.75,0.25,40,0.01,218.88188015214791,137.96643187259076,80.91544827955715,82.9420452104231,31.479433342559037,2482078.35949932,-54692.45079465701
C_be0.90_average_plus_grid_loss_ep1.25_gp0.75_lf0.25_life40_dr0.03,0.9,average_plus_grid_loss,427.6959388050314,1.25,0.75,0.25,40,0.03,218.88188015214791,137.96643187259076,80.91544827955715,89.95479198232331,31.479433342559037,2229945.723285319,-54692.45079465701
C_be0.90_average_plus_grid_loss_ep1.25_gp0.75_lf0.25_life40_dr0.05,0.9,average_plus_grid_loss,427.6959388050314,1.25,0.75,0.25,40,0.05,218.88188015214791,137.96643187259076,80.91544827955715,97.84461566497555,31.479433342559037,2048410.3696810266,-54692.45079465701
C_be0.90_average_plus_grid_loss_ep1.25_gp0.75_lf0.25_life40_dr0.07,0.9,average_plus_grid_loss,427.6959388050314,1.25,0.75,0.25,40,0.07,218.88188015214791,137.96643187259076,80.91544827955715,106.5123464769885,31.479433342559037,1914941.0245580843,-54692.45079465701
C_be0.90_average_plus_grid_loss_ep1.25_gp0.75_lf0.50_life15_dr0.01,0.9,average_plus_grid_loss,427.6959388050314,1.25,0.75,0.5,15,0.01,218.88188015214791,137.96643187259076,80.91544827955715,80.55672371738216,31.479433342559037,4734065.215927353,-106980.40319937243
C_be0.90_average_plus_grid_loss_ep1.25_gp0.75_lf0.50_life15_dr0.03,0.9,average_plus_grid_loss,427.6959388050314,1.25,0.75,0.5,15,0.03,218.88188015214791,137.96643187259076,80.91544827955715,83.40671426307465,31.479433342559037,3960472.2640143484,-106980.40319937243
C_be0.90_average_plus_grid_loss_ep1.25_gp0.75_lf0.50_life15_dr0.05,0.9,average_plus_grid_loss,427.6959388050314,1.25,0.75,0.5,15,0.05,218.88188015214791,137.96643187259076,80.91544827955715,86.55491328797996,31.479433342559037,3399890.734489938,-106980.40319937243
C_be0.90_average_plus_grid_loss_ep1.25_gp0.75_lf0.50_life15_dr0.07,0.9,average_plus_grid_loss,427.6959388050314,1.25,0.75,0.5,15,0.07,218.88188015214791,137.96643187259076,80.91544827955715,90.00565590513169,31.479433342559037,2987336.088009654,-106980.40319937243
C_be0.90_average_plus_grid_loss_ep1.25_gp0.75_lf0.50_life25_dr0.01,0.9,average_plus_grid_loss,427.6959388050314,1.25,0.75,0.5,25,0.01,218.88188015214791,137.96643187259076,80.91544827955715,69.14862795336674,31.479433342559037,3633624.0765750622,-106980.40319937243
C_be0.90_average_plus_grid_loss_ep1.25_gp0.75_lf0.50_life25_dr0.03,0.9,average_plus_grid_loss,427.6959388050314,1.25,0.75,0.5,25,0.03,218.88188015214791,137.96643187259076,80.91544827955715,72.65500133931684,31.479433342559037,3140443.5609831447,-106980.40319937243
C_be0.90_average_plus_grid_loss_ep1.25_gp0.75_lf0.50_life25_dr0.05,0.9,average_plus_grid_loss,427.6959388050314,1.25,0.75,0.5,25,0.05,218.88188015214791,137.96643187259076,80.91544827955715,76.59991318064296,31.479433342559037,2785353.8723450727,-106980.40319937243
C_be0.90_average_plus_grid_loss_ep1.25_gp0.75_lf0.50_life25_dr0.07,0.9,average_plus_grid_loss,427.6959388050314,1.25,0.75,0.5,25,0.07,218.88188015214791,137.96643187259076,80.91544827955715,80.93377858664944,31.479433342559037,2524283.0271270075,-106980.40319937243
C_be0.90_average_plus_grid_loss_ep1.25_gp0.75_lf0.50_life40_dr0.01,0.9,average_plus_grid_loss,427.6959388050314,1.25,0.75,0.5,40,0.01,218.88188015214791,137.96643187259076,80.91544827955715,69.14862795336674,31.479433342559037,3633624.0765750622,-106980.40319937243
C_be0.90_average_plus_grid_loss_ep1.25_gp0.75_lf0.50_life40_dr0.03,0.9,average_plus_grid_loss,427.6959388050314,1.25,0.75,0.5,40,0.03,218.88188015214791,137.96643187259076,80.91544827955715,72.65500133931684,31.479433342559037,3140443.5609831447,-106980.40319937243
C_be0.90_average_plus_grid_loss_ep1.25_gp0.75_lf0.50_life40_dr0.05,0.9,average_plus_grid_loss,427.6959388050314,1.25,0.75,0.5,40,0.05,218.88188015214791,137.96643187259076,80.91544827955715,76.59991318064296,31.479433342559037,2785353.8723450727,-106980.40319937243
C_be0.90_average_plus_grid_loss_ep1.25_gp0.75_lf0.50_life40_dr0.07,0.9,average_plus_grid_loss,427.6959388050314,1.25,0.75,0.5,40,0.07,218.88188015214791,137.96643187259076,80.91544827955715,80.93377858664944,31.479433342559037,2524283.0271270075,-106980.40319937243
C_be0.90_average_plus_grid_loss_ep1.25_gp0.75_lf0.75_life15_dr0.01,0.9,average_plus_grid_loss,427.6959388050314,1.25,0.75,0.75,15,0.01,218.88188015214791,137.96643187259076,80.91544827955715,72.15621937702487,31.479433342559037,5885610.933003092,-159268.3556040878
C_be0.90_average_plus_grid_loss_ep1.25_gp0.75_lf0.75_life15_dr0.03,0.9,average_plus_grid_loss,427.6959388050314,1.25,0.75,0.75,15,0.03,218.88188015214791,137.96643187259076,80.91544827955715,74.0562130741532,31.479433342559037,4870970.101712173,-159268.3556040878
C_be0.90_average_plus_grid_loss_ep1.25_gp0.75_lf0.75_life15_dr0.05,0.9,average_plus_grid_loss,427.6959388050314,1.25,0.75,0.75,15,0.05,218.88188015214791,137.96643187259076,80.91544827955715,76.15501242409009,31.479433342559037,4136834.2371539827,-159268.3556040878
C_be0.90_average_plus_grid_loss_ep1.25_gp0.75_lf0.75_life15_dr0.07,0.9,average_plus_grid_loss,427.6959388050314,1.25,0.75,0.75,15,0.07,218.88188015214791,137.96643187259076,80.91544827955715,78.45550750219124,31.479433342559037,3596678.090578576,-159268.3556040878
C_be0.90_average_plus_grid_loss_ep1.25_gp0.75_lf0.75_life25_dr0.01,0.9,average_plus_grid_loss,427.6959388050314,1.25,0.75,0.75,25,0.01,218.88188015214791,137.96643187259076,80.91544827955715,64.5508222010146,31.479433342559037,4785169.793650802,-159268.3556040878
C_be0.90_average_plus_grid_loss_ep1.25_gp0.75_lf0.75_life25_dr0.03,0.9,average_plus_grid_loss,427.6959388050314,1.25,0.75,0.75,25,0.03,218.88188015214791,137.96643187259076,80.91544827955715,66.88840445831468,31.479433342559037,4050941.3986809696,-159268.3556040878
C_be0.90_average_plus_grid_loss_ep1.25_gp0.75_lf0.75_life25_dr0.05,0.9,average_plus_grid_loss,427.6959388050314,1.25,0.75,0.75,25,0.05,218.88188015214791,137.96643187259076,80.91544827955715,69.51834568586541,31.479433342559037,3522297.3750091176,-159268.3556040878
C_be0.90_average_plus_grid_loss_ep1.25_gp0.75_lf0.75_life25_dr0.07,0.9,average_plus_grid_loss,427.6959388050314,1.25,0.75,0.75,25,0.07,218.88188015214791,137.96643187259076,80.91544827955715,72.40758928986973,31.479433342559037,3133625.0296959295,-159268.3556040878
C_be0.90_average_plus_grid_loss_ep1.25_gp0.75_lf0.75_life40_dr0.01,0.9,average_plus_grid_loss,427.6959388050314,1.25,0.75,0.75,40,0.01,218.88188015214791,137.96643187259076,80.91544827955715,64.5508222010146,31.479433342559037,4785169.793650802,-159268.3556040878
C_be0.90_average_plus_grid_loss_ep1.25_gp0.75_lf0.75_life40_dr0.03,0.9,average_plus_grid_loss,427.6959388050314,1.25,0.75,0.75,40,0.03,218.88188015214791,137.96643187259076,80.91544827955715,66.88840445831468,31.479433342559037,4050941.3986809696,-159268.3556040878
C_be0.90_average_plus_grid_loss_ep1.25_gp0.75_lf0.75_life40_dr0.05,0.9,average_plus_grid_loss,427.6959388050314,1.25,0.75,0.75,40,0.05,218.88188015214791,137.96643187259076,80.91544827955715,69.51834568586541,31.479433342559037,3522297.3750091176,-159268.3556040878
C_be0.90_average_plus_grid_loss_ep1.25_gp0.75_lf0.75_life40_dr0.07,0.9,average_plus_grid_loss,427.6959388050314,1.25,0.75,0.75,40,0.07,218.88188015214791,137.96643187259076,80.91544827955715,72.40758928986973,31.479433342559037,3133625.0296959295,-159268.3556040878
C_be0.90_average_plus_grid_loss_ep1.25_gp0.75_lf0.95_life15_dr0.01,0.9,average_plus_grid_loss,427.6959388050314,1.25,0.75,0.95,15,0.01,218.88188015214791,137.96643187259076,80.91544827955715,68.61916491792711,31.479433342559037,6806847.506663688,-201098.71752786014
C_be0.90_average_plus_grid_loss_ep1.25_gp0.75_lf0.95_life15_dr0.03,0.9,average_plus_grid_loss,427.6959388050314,1.25,0.75,0.95,15,0.03,218.88188015214791,137.96643187259076,80.91544827955715,70.11915994197578,31.479433342559037,5599368.371870433,-201098.71752786014
C_be0.90_average_plus_grid_loss_ep1.25_gp0.75_lf0.95_life15_dr0.05,0.9,average_plus_grid_loss,427.6959388050314,1.25,0.75,0.95,15,0.05,218.88188015214791,137.96643187259076,80.91544827955715,71.7761067971891,31.479433342559037,4726389.03928522,-201098.71752786014
C_be0.90_average_plus_grid_loss_ep1.25_gp0.75_lf0.95_life15_dr0.07,0.9,average_plus_grid_loss,427.6959388050314,1.25,0.75,0.95,15,0.07,218.88188015214791,137.96643187259076,80.91544827955715,73.59228712200579,31.479433342559037,4084151.692633714,-201098.71752786014
C_be0.90_average_plus_grid_loss_ep1.25_gp0.75_lf0.95_life25_dr0.01,0.9,average_plus_grid_loss,427.6959388050314,1.25,0.75,0.95,25,0.01,218.88188015214791,137.96643187259076,80.91544827955715,62.61490398949793,31.479433342559037,5706406.367311397,-201098.71752786014
C_be0.90_average_plus_grid_loss_ep1.25_gp0.75_lf0.95_life25_dr0.03,0.9,average_plus_grid_loss,427.6959388050314,1.25,0.75,0.95,25,0.03,218.88188015214791,137.96643187259076,80.91544827955715,64.46036366631378,31.479433342559037,4779339.66883923,-201098.71752786014
C_be0.90_average_plus_grid_loss_ep1.25_gp0.75_lf0.95_life25_dr0.05,0.9,average_plus_grid_loss,427.6959388050314,1.25,0.75,0.95,25,0.05,218.88188015214791,137.96643187259076,80.91544827955715,66.53663305648541,31.479433342559037,4111852.1771403546,-201098.71752786014
C_be0.90_average_plus_grid_loss_ep1.25_gp0.75_lf0.95_life25_dr0.07,0.9,average_plus_grid_loss,427.6959388050314,1.25,0.75,0.95,25,0.07,218.88188015214791,137.96643187259076,80.91544827955715,68.8176148491204,31.479433342559037,3621098.6317510675,-201098.71752786014
C_be0.90_average_plus_grid_loss_ep1.25_gp0.75_lf0.95_life40_dr0.01,0.9,average_plus_grid_loss,427.6959388050314,1.25,0.75,0.95,40,0.01,218.88188015214791,137.96643187259076,80.91544827955715,62.61490398949793,31.479433342559037,5706406.367311397,-201098.71752786014
C_be0.90_average_plus_grid_loss_ep1.25_gp0.75_lf0.95_life40_dr0.03,0.9,average_plus_grid_loss,427.6959388050314,1.25,0.75,0.95,40,0.03,218.88188015214791,137.96643187259076,80.91544827955715,64.46036366631378,31.479433342559037,4779339.66883923,-201098.71752786014
C_be0.90_average_plus_grid_loss_ep1.25_gp0.75_lf0.95_life40_dr0.05,0.9,average_plus_grid_loss,427.6959388050314,1.25,0.75,0.95,40,0.05,218.88188015214791,137.96643187259076,80.91544827955715,66.53663305648541,31.479433342559037,4111852.1771403546,-201098.71752786014
C_be0.90_average_plus_grid_loss_ep1.25_gp0.75_lf0.95_life40_dr0.07,0.9,average_plus_grid_loss,427.6959388050314,1.25,0.75,0.95,40,0.07,218.88188015214791,137.96643187259076,80.91544827955715,68.8176148491204,31.479433342559037,3621098.6317510675,-201098.71752786014
C_be0.90_average_plus_grid_loss_ep1.25_gp1.00_lf0.25_life15_dr0.01,0.9,average_plus_grid_loss,427.6959388050314,1.25,1.0,0.25,15,0.01,218.88188015214791,137.96643187259076,80.91544827955715,105.75823673845393,41.97257779007872,3076427.6816861317,-31712.464454588902
C_be0.90_average_plus_grid_loss_ep1.25_gp1.00_lf0.25_life15_dr0.03,0.9,average_plus_grid_loss,427.6959388050314,1.25,1.0,0.25,15,0.03,218.88188015214791,137.96643187259076,80.91544827955715,111.45821782983892,41.97257779007872,2649820.530233365,-31712.464454588902
C_be0.90_average_plus_grid_loss_ep1.25_gp1.00_lf0.25_life15_dr0.05,0.9,average_plus_grid_loss,427.6959388050314,1.25,1.0,0.25,15,0.05,218.88188015214791,137.96643187259076,80.91544827955715,117.75461587964955,41.97257779007872,2339068.578220506,-31712.464454588902
C_be0.90_average_plus_grid_loss_ep1.25_gp1.00_lf0.25_life15_dr0.07,0.9,average_plus_grid_loss,427.6959388050314,1.25,1.0,0.25,15,0.07,218.88188015214791,137.96643187259076,80.91544827955715,124.656101113953,41.97257779007872,2110194.903191613,-31712.464454588902
C_be0.90_average_plus_grid_loss_ep1.25_gp1.00_lf0.25_life25_dr0.01,0.9,average_plus_grid_loss,427.6959388050314,1.25,1.0,0.25,25,0.01,218.88188015214791,137.96643187259076,80.91544827955715,82.9420452104231,41.97257779007872,1975986.5423338413,-31712.464454588902
C_be0.90_average_plus_grid_loss_ep1.25_gp1.00_lf0.25_life25_dr0.03,0.9,average_plus_grid_loss,427.6959388050314,1.25,1.0,0.25,25,0.03,218.88188015214791,137.96643187259076,80.91544827955715,89.95479198232331,41.97257779007872,1829791.8272021613,-31712.464454588902
C_be0.90_average_plus_grid_loss_ep1.25_gp1.00_lf0.25_life25_dr0.05,0.9,average_plus_grid_loss,427.6959388050314,1.25,1.0,0.25,25,0.05,218.88188015214791,137.96643187259076,80.91544827955715,97.84461566497555,41.97257779007872,1724531.7160756409,-31712.464454588902
C_be0.90_average_plus_grid_loss_ep1.25_gp1.00_lf0.25_life25_dr0.07,0.9,average_plus_grid_loss,427.6959388050314,1.25,1.0,0.25,25,0.07,218.88188015214791,137.96643187259076,80.91544827955715,106.5123464769885,41.97257779007872,1647141.8423089662,-31712.464454588902
C_be0.90_average_plus_grid_loss_ep1.25_gp1.00_lf0.25_life40_dr0.01,0.9,average_plus_grid_loss,427.6959388050314,1.25,1.0,0.25,40,0.01,218.88188015214791,137.96643187259076,80.91544827955715,82.9420452104231,41.97257779007872,1975986.5423338413,-31712.464454588902
C_be0.90_average_plus_grid_loss_ep1.25_gp1.00_lf0.25_life40_dr0.03,0.9,average_plus_grid_loss,427.6959388050314,1.25,1.0,0.25,40,0.03,218.88188015214791,137.96643187259076,80.91544827955715,89.95479198232331,41.97257779007872,1829791.8272021613,-31712.464454588902
C_be0.90_average_plus_grid_loss_ep1.25_gp1.00_lf0.25_life40_dr0.05,0.9,average_plus_grid_loss,427.6959388050314,1.25,1.0,0.25,40,0.05,218.88188015214791,137.96643187259076,80.91544827955715,97.84461566497555,41.97257779007872,1724531.7160756409,-31712.464454588902
C_be0.90_average_plus_grid_loss_ep1.25_gp1.00_lf0.25_life40_dr0.07,0.9,average_plus_grid_loss,427.6959388050314,1.25,1.0,0.25,40,0.07,218.88188015214791,137.96643187259076,80.91544827955715,106.5123464769885,41.97257779007872,1647141.8423089662,-31712.464454588902
C_be0.90_average_plus_grid_loss_ep1.25_gp1.00_lf0.50_life15_dr0.01,0.9,average_plus_grid_loss,427.6959388050314,1.25,1.0,0.5,15,0.01,218.88188015214791,137.96643187259076,80.91544827955715,80.55672371738216,41.97257779007872,3721881.581596396,-61020.43051923622
C_be0.90_average_plus_grid_loss_ep1.25_gp1.00_lf0.50_life15_dr0.03,0.9,average_plus_grid_loss,427.6959388050314,1.25,1.0,0.5,15,0.03,218.88188015214791,137.96643187259076,80.91544827955715,83.40671426307465,41.97257779007872,3160164.4718480334,-61020.43051923622
C_be0.90_average_plus_grid_loss_ep1.25_gp1.00_lf0.50_life15_dr0.05,0.9,average_plus_grid_loss,427.6959388050314,1.25,1.0,0.5,15,0.05,218.88188015214791,137.96643187259076,80.91544827955715,86.55491328797996,41.97257779007872,2752133.4272791664,-61020.43051923622
C_be0.90_average_plus_grid_loss_ep1.25_gp1.00_lf0.50_life15_dr0.07,0.9,average_plus_grid_loss,427.6959388050314,1.25,1.0,0.5,15,0.07,218.88188015214791,137.96643187259076,80.91544827955715,90.00565590513169,41.97257779007872,2451737.723511418,-61020.43051923622
C_be0.90_average_plus_grid_loss_ep1.25_gp1.00_lf0.50_life25_dr0.01,0.9,average_plus_grid_loss,427.6959388050314,1.25,1.0,0.5,25,0.01,218.88188015214791,137.96643187259076,80.91544827955715,69.14862795336674,41.97257779007872,2621440.442244105,-61020.43051923622
C_be0.90_average_plus_grid_loss_ep1.25_gp1.00_lf0.50_life25_dr0.03,0.9,average_plus_grid_loss,427.6959388050314,1.25,1.0,0.5,25,0.03,218.88188015214791,137.96643187259076,80.91544827955715,72.65500133931684,41.97257779007872,2340135.7688168297,-61020.43051923622
C_be0.90_average_plus_grid_loss_ep1.25_gp1.00_lf0.50_life25_dr0.05,0.9,average_plus_grid_loss,427.6959388050314,1.25,1.0,0.5,25,0.05,218.88188015214791,137.96643187259076,80.91544827955715,76.59991318064296,41.97257779007872,2137596.5651343013,-61020.43051923622
C_be0.90_average_plus_grid_loss_ep1.25_gp1.00_lf0.50_life25_dr0.07,0.9,average_plus_grid_loss,427.6959388050314,1.25,1.0,0.5,25,0.07,218.88188015214791,137.96643187259076,80.91544827955715,80.93377858664944,41.97257779007872,1988684.6626287713,-61020.43051923622
C_be0.90_average_plus_grid_loss_ep1.25_gp1.00_lf0.50_life40_dr0.01,0.9,average_plus_grid_loss,427.6959388050314,1.25,1.0,0.5,40,0.01,218.88188015214791,137.96643187259076,80.91544827955715,69.14862795336674,41.97257779007872,2621440.442244105,-61020.43051923622
C_be0.90_average_plus_grid_loss_ep1.25_gp1.00_lf0.50_life40_dr0.03,0.9,average_plus_grid_loss,427.6959388050314,1.25,1.0,0.5,40,0.03,218.88188015214791,137.96643187259076,80.91544827955715,72.65500133931684,41.97257779007872,2340135.7688168297,-61020.43051923622
C_be0.90_average_plus_grid_loss_ep1.25_gp1.00_lf0.50_life40_dr0.05,0.9,average_plus_grid_loss,427.6959388050314,1.25,1.0,0.5,40,0.05,218.88188015214791,137.96643187259076,80.91544827955715,76.59991318064296,41.97257779007872,2137596.5651343013,-61020.43051923622
C_be0.90_average_plus_grid_loss_ep1.25_gp1.00_lf0.50_life40_dr0.07,0.9,average_plus_grid_loss,427.6959388050314,1.25,1.0,0.5,40,0.07,218.88188015214791,137.96643187259076,80.91544827955715,80.93377858664944,41.97257779007872,1988684.6626287713,-61020.43051923622
C_be0.90_average_plus_grid_loss_ep1.25_gp1.00_lf0.75_life15_dr0.01,0.9,average_plus_grid_loss,427.6959388050314,1.25,1.0,0.75,15,0.01,218.88188015214791,137.96643187259076,80.91544827955715,72.15621937702487,41.97257779007872,4367335.481506657,-90328.3965838835
C_be0.90_average_plus_grid_loss_ep1.25_gp1.00_lf0.75_life15_dr0.03,0.9,average_plus_grid_loss,427.6959388050314,1.25,1.0,0.75,15,0.03,218.88188015214791,137.96643187259076,80.91544827955715,74.0562130741532,41.97257779007872,3670508.4134627003,-90328.3965838835
C_be0.90_average_plus_grid_loss_ep1.25_gp1.00_lf0.75_life15_dr0.05,0.9,average_plus_grid_loss,427.6959388050314,1.25,1.0,0.75,15,0.05,218.88188015214791,137.96643187259076,80.91544827955715,76.15501242409009,41.97257779007872,3165198.2763378257,-90328.3965838835
C_be0.90_average_plus_grid_loss_ep1.25_gp1.00_lf0.75_life15_dr0.07,0.9,average_plus_grid_loss,427.6959388050314,1.25,1.0,0.75,15,0.07,218.88188015214791,137.96643187259076,80.91544827955715,78.45550750219124,41.97257779007872,2793280.5438312227,-90328.3965838835
C_be0.90_average_plus_grid_loss_ep1.25_gp1.00_lf0.75_life25_dr0.01,0.9,average_plus_grid_loss,427.6959388050314,1.25,1.0,0.75,25,0.01,218.88188015214791,137.96643187259076,80.91544827955715,64.5508222010146,41.97257779007872,3266894.342154367,-90328.3965838835
C_be0.90_average_plus_grid_loss_ep1.25_gp1.00_lf0.75_life25_dr0.03,0.9,average_plus_grid_loss,427.6959388050314,1.25,1.0,0.75,25,0.03,218.88188015214791,137.96643187259076,80.91544827955715,66.88840445831468,41.97257779007872,2850479.7104314975,-90328.3965838835
C_be0.90_average_plus_grid_loss_ep1.25_gp1.00_lf0.75_life25_dr0.05,0.9,average_plus_grid_loss,427.6959388050314,1.25,1.0,0.75,25,0.05,218.88188015214791,137.96643187259076,80.91544827955715,69.51834568586541,41.97257779007872,2550661.4141929606,-90328.3965838835
C_be0.90_average_plus_grid_loss_ep1.25_gp1.00_lf0.75_life25_dr0.07,0.9,average_plus_grid_loss,427.6959388050314,1.25,1.0,0.75,25,0.07,218.88188015214791,137.96643187259076,80.91544827955715,72.40758928986973,41.97257779007872,2330227.482948576,-90328.3965838835
C_be0.90_average_plus_grid_loss_ep1.25_gp1.00_lf0.75_life40_dr0.01,0.9,average_plus_grid_loss,427.6959388050314,1.25,1.0,0.75,40,0.01,218.88188015214791,137.96643187259076,80.91544827955715,64.5508222010146,41.97257779007872,3266894.342154367,-90328.3965838835
C_be0.90_average_plus_grid_loss_ep1.25_gp1.00_lf0.75_life40_dr0.03,0.9,average_plus_grid_loss,427.6959388050314,1.25,1.0,0.75,40,0.03,218.88188015214791,137.96643187259076,80.91544827955715,66.88840445831468,41.97257779007872,2850479.7104314975,-90328.3965838835
C_be0.90_average_plus_grid_loss_ep1.25_gp1.00_lf0.75_life40_dr0.05,0.9,average_plus_grid_loss,427.6959388050314,1.25,1.0,0.75,40,0.05,218.88188015214791,137.96643187259076,80.91544827955715,69.51834568586541,41.97257779007872,2550661.4141929606,-90328.3965838835
C_be0.90_average_plus_grid_loss_ep1.25_gp1.00_lf0.75_life40_dr0.07,0.9,average_plus_grid_loss,427.6959388050314,1.25,1.0,0.75,40,0.07,218.88188015214791,137.96643187259076,80.91544827955715,72.40758928986973,41.97257779007872,2330227.482948576,-90328.3965838835
C_be0.90_average_plus_grid_loss_ep1.25_gp1.00_lf0.95_life15_dr0.01,0.9,average_plus_grid_loss,427.6959388050314,1.25,1.0,0.95,15,0.01,218.88188015214791,137.96643187259076,80.91544827955715,68.61916491792711,41.97257779007872,4883698.601434871,-113774.76943560137
C_be0.90_average_plus_grid_loss_ep1.25_gp1.00_lf0.95_life15_dr0.03,0.9,average_plus_grid_loss,427.6959388050314,1.25,1.0,0.95,15,0.03,218.88188015214791,137.96643187259076,80.91544827955715,70.11915994197578,41.97257779007872,4078783.566754435,-113774.76943560137
C_be0.90_average_plus_grid_loss_ep1.25_gp1.00_lf0.95_life15_dr0.05,0.9,average_plus_grid_loss,427.6959388050314,1.25,1.0,0.95,15,0.05,218.88188015214791,137.96643187259076,80.91544827955715,71.7761067971891,41.97257779007872,3495650.1555847544,-113774.76943560137
C_be0.90_average_plus_grid_loss_ep1.25_gp1.00_lf0.95_life15_dr0.07,0.9,average_plus_grid_loss,427.6959388050314,1.25,1.0,0.95,15,0.07,218.88188015214791,137.96643187259076,80.91544827955715,73.59228712200579,41.97257779007872,3066514.800087066,-113774.76943560137
C_be0.90_average_plus_grid_loss_ep1.25_gp1.00_lf0.95_life25_dr0.01,0.9,average_plus_grid_loss,427.6959388050314,1.25,1.0,0.95,25,0.01,218.88188015214791,137.96643187259076,80.91544827955715,62.61490398949793,41.97257779007872,3783257.462082579,-113774.76943560137
C_be0.90_average_plus_grid_loss_ep1.25_gp1.00_lf0.95_life25_dr0.03,0.9,average_plus_grid_loss,427.6959388050314,1.25,1.0,0.95,25,0.03,218.88188015214791,137.96643187259076,80.91544827955715,64.46036366631378,41.97257779007872,3258754.8637232324,-113774.76943560137
C_be0.90_average_plus_grid_loss_ep1.25_gp1.00_lf0.95_life25_dr0.05,0.9,average_plus_grid_loss,427.6959388050314,1.25,1.0,0.95,25,0.05,218.88188015214791,137.96643187259076,80.91544827955715,66.53663305648541,41.97257779007872,2881113.2934398893,-113774.76943560137
C_be0.90_average_plus_grid_loss_ep1.25_gp1.00_lf0.95_life25_dr0.07,0.9,average_plus_grid_loss,427.6959388050314,1.25,1.0,0.95,25,0.07,218.88188015214791,137.96643187259076,80.91544827955715,68.8176148491204,41.97257779007872,2603461.7392044193,-113774.76943560137
C_be0.90_average_plus_grid_loss_ep1.25_gp1.00_lf0.95_life40_dr0.01,0.9,average_plus_grid_loss,427.6959388050314,1.25,1.0,0.95,40,0.01,218.88188015214791,137.96643187259076,80.91544827955715,62.61490398949793,41.97257779007872,3783257.462082579,-113774.76943560137
C_be0.90_average_plus_grid_loss_ep1.25_gp1.00_lf0.95_life40_dr0.03,0.9,average_plus_grid_loss,427.6959388050314,1.25,1.0,0.95,40,0.03,218.88188015214791,137.96643187259076,80.91544827955715,64.46036366631378,41.97257779007872,3258754.8637232324,-113774.76943560137
C_be0.90_average_plus_grid_loss_ep1.25_gp1.00_lf0.95_life40_dr0.05,0.9,average_plus_grid_loss,427.6959388050314,1.25,1.0,0.95,40,0.05,218.88188015214791,137.96643187259076,80.91544827955715,66.53663305648541,41.97257779007872,2881113.2934398893,-113774.76943560137
C_be0.90_average_plus_grid_loss_ep1.25_gp1.00_lf0.95_life40_dr0.07,0.9,average_plus_grid_loss,427.6959388050314,1.25,1.0,0.95,40,0.07,218.88188015214791,137.96643187259076,80.91544827955715,68.8176148491204,41.97257779007872,2603461.7392044193,-113774.76943560137
C_be0.90_average_plus_grid_loss_ep1.25_gp1.25_lf0.25_life15_dr0.01,0.9,average_plus_grid_loss,427.6959388050314,1.25,1.25,0.25,15,0.01,218.88188015214791,137.96643187259076,80.91544827955715,105.75823673845393,52.4657222375984,2570335.864520653,-8732.478114520796
C_be0.90_average_plus_grid_loss_ep1.25_gp1.25_lf0.25_life15_dr0.03,0.9,average_plus_grid_loss,427.6959388050314,1.25,1.25,0.25,15,0.03,218.88188015214791,137.96643187259076,80.91544827955715,111.45821782983892,52.4657222375984,2249666.634150207,-8732.478114520796
C_be0.90_average_plus_grid_loss_ep1.25_gp1.25_lf0.25_life15_dr0.05,0.9,average_plus_grid_loss,427.6959388050314,1.25,1.25,0.25,15,0.05,218.88188015214791,137.96643187259076,80.91544827955715,117.75461587964955,52.4657222375984,2015189.9246151203,-8732.478114520796
C_be0.90_average_plus_grid_loss_ep1.25_gp1.25_lf0.25_life15_dr0.07,0.9,average_plus_grid_loss,427.6959388050314,1.25,1.25,0.25,15,0.07,218.88188015214791,137.96643187259076,80.91544827955715,124.656101113953,52.4657222375984,1842395.720942495,-8732.478114520796
C_be0.90_average_plus_grid_loss_ep1.25_gp1.25_lf0.25_life25_dr0.01,0.9,average_plus_grid_loss,427.6959388050314,1.25,1.25,0.25,25,0.01,218.88188015214791,137.96643187259076,80.91544827955715,82.9420452104231,52.4657222375984,1469894.7251683627,-8732.478114520796
C_be0.90_average_plus_grid_loss_ep1.25_gp1.25_lf0.25_life25_dr0.03,0.9,average_plus_grid_loss,427.6959388050314,1.25,1.25,0.25,25,0.03,218.88188015214791,137.96643187259076,80.91544827955715,89.95479198232331,52.4657222375984,1429637.9311190036,-8732.478114520796
C_be0.90_average_plus_grid_loss_ep1.25_gp1.25_lf0.25_life25_dr0.05,0.9,average_plus_grid_loss,427.6959388050314,1.25,1.25,0.25,25,0.05,218.88188015214791,137.96643187259076,80.91544827955715,97.84461566497555,52.4657222375984,1400653.0624702552,-8732.478114520796
C_be0.90_average_plus_grid_loss_ep1.25_gp1.25_lf0.25_life25_dr0.07,0.9,average_plus_grid_loss,427.6959388050314,1.25,1.25,0.25,25,0.07,218.88188015214791,137.96643187259076,80.91544827955715,106.5123464769885,52.4657222375984,1379342.6600598483,-8732.478114520796
C_be0.90_average_plus_grid_loss_ep1.25_gp1.25_lf0.25_life40_dr0.01,0.9,average_plus_grid_loss,427.6959388050314,1.25,1.25,0.25,40,0.01,218.88188015214791,137.96643187259076,80.91544827955715,82.9420452104231,52.4657222375984,1469894.7251683627,-8732.478114520796
C_be0.90_average_plus_grid_loss_ep1.25_gp1.25_lf0.25_life40_dr0.03,0.9,average_plus_grid_loss,427.6959388050314,1.25,1.25,0.25,40,0.03,218.88188015214791,137.96643187259076,80.91544827955715,89.95479198232331,52.4657222375984,1429637.9311190036,-8732.478114520796
C_be0.90_average_plus_grid_loss_ep1.25_gp1.25_lf0.25_life40_dr0.05,0.9,average_plus_grid_loss,427.6959388050314,1.25,1.25,0.25,40,0.05,218.88188015214791,137.96643187259076,80.91544827955715,97.84461566497555,52.4657222375984,1400653.0624702552,-8732.478114520796
C_be0.90_average_plus_grid_loss_ep1.25_gp1.25_lf0.25_life40_dr0.07,0.9,average_plus_grid_loss,427.6959388050314,1.25,1.25,0.25,40,0.07,218.88188015214791,137.96643187259076,80.91544827955715,106.5123464769885,52.4657222375984,1379342.6600598483,-8732.478114520796
C_be0.90_average_plus_grid_loss_ep1.25_gp1.25_lf0.50_life15_dr0.01,0.9,average_plus_grid_loss,427.6959388050314,1.25,1.25,0.5,15,0.01,218.88188015214791,137.96643187259076,80.91544827955715,80.55672371738216,52.4657222375984,2709697.9472654387,-15060.45783910001
C_be0.90_average_plus_grid_loss_ep1.25_gp1.25_lf0.50_life15_dr0.03,0.9,average_plus_grid_loss,427.6959388050314,1.25,1.25,0.5,15,0.03,218.88188015214791,137.96643187259076,80.91544827955715,83.40671426307465,52.4657222375984,2359856.679681718,-15060.45783910001
C_be0.90_average_plus_grid_loss_ep1.25_gp1.25_lf0.50_life15_dr0.05,0.9,average_plus_grid_loss,427.6959388050314,1.25,1.25,0.5,15,0.05,218.88188015214791,137.96643187259076,80.91544827955715,86.55491328797996,52.4657222375984,2104376.120068395,-15060.45783910001
C_be0.90_average_plus_grid_loss_ep1.25_gp1.25_lf0.50_life15_dr0.07,0.9,average_plus_grid_loss,427.6959388050314,1.25,1.25,0.5,15,0.07,218.88188015214791,137.96643187259076,80.91544827955715,90.00565590513169,52.4657222375984,1916139.359013182,-15060.45783910001
C_be0.90_average_plus_grid_loss_ep1.25_gp1.25_lf0.50_life25_dr0.01,0.9,average_plus_grid_loss,427.6959388050314,1.25,1.25,0.5,25,0.01,218.88188015214791,137.96643187259076,80.91544827955715,69.14862795336674,52.4657222375984,1609256.8079131478,-15060.45783910001
C_be0.90_average_plus_grid_loss_ep1.25_gp1.25_lf0.50_life25_dr0.03,0.9,average_plus_grid_loss,427.6959388050314,1.25,1.25,0.5,25,0.03,218.88188015214791,137.96643187259076,80.91544827955715,72.65500133931684,52.4657222375984,1539827.9766505142,-15060.45783910001
C_be0.90_average_plus_grid_loss_ep1.25_gp1.25_lf0.50_life25_dr0.05,0.9,average_plus_grid_loss,427.6959388050314,1.25,1.25,0.5,25,0.05,218.88188015214791,137.96643187259076,80.91544827955715,76.59991318064296,52.4657222375984,1489839.25792353,-15060.45783910001
C_be0.90_average_plus_grid_loss_ep1.25_gp1.25_lf0.50_life25_dr0.07,0.9,average_plus_grid_loss,427.6959388050314,1.25,1.25,0.5,25,0.07,218.88188015214791,137.96643187259076,80.91544827955715,80.93377858664944,52.4657222375984,1453086.2981305355,-15060.45783910001
C_be0.90_average_plus_grid_loss_ep1.25_gp1.25_lf0.50_life40_dr0.01,0.9,average_plus_grid_loss,427.6959388050314,1.25,1.25,0.5,40,0.01,218.88188015214791,137.96643187259076,80.91544827955715,69.14862795336674,52.4657222375984,1609256.8079131478,-15060.45783910001
C_be0.90_average_plus_grid_loss_ep1.25_gp1.25_lf0.50_life40_dr0.03,0.9,average_plus_grid_loss,427.6959388050314,1.25,1.25,0.5,40,0.03,218.88188015214791,137.96643187259076,80.91544827955715,72.65500133931684,52.4657222375984,1539827.9766505142,-15060.45783910001
C_be0.90_average_plus_grid_loss_ep1.25_gp1.25_lf0.50_life40_dr0.05,0.9,average_plus_grid_loss,427.6959388050314,1.25,1.25,0.5,40,0.05,218.88188015214791,137.96643187259076,80.91544827955715,76.59991318064296,52.4657222375984,1489839.25792353,-15060.45783910001
C_be0.90_average_plus_grid_loss_ep1.25_gp1.25_lf0.50_life40_dr0.07,0.9,average_plus_grid_loss,427.6959388050314,1.25,1.25,0.5,40,0.07,218.88188015214791,137.96643187259076,80.91544827955715,80.93377858664944,52.4657222375984,1453086.2981305355,-15060.45783910001
C_be0.90_average_plus_grid_loss_ep1.25_gp1.25_lf0.75_life15_dr0.01,0.9,average_plus_grid_loss,427.6959388050314,1.25,1.25,0.75,15,0.01,218.88188015214791,137.96643187259076,80.91544827955715,72.15621937702487,52.4657222375984,2849060.0300102206,-21388.43756367918
C_be0.90_average_plus_grid_loss_ep1.25_gp1.25_lf0.75_life15_dr0.03,0.9,average_plus_grid_loss,427.6959388050314,1.25,1.25,0.75,15,0.03,218.88188015214791,137.96643187259076,80.91544827955715,74.0562130741532,52.4657222375984,2470046.725213228,-21388.43756367918
C_be0.90_average_plus_grid_loss_ep1.25_gp1.25_lf0.75_life15_dr0.05,0.9,average_plus_grid_loss,427.6959388050314,1.25,1.25,0.75,15,0.05,218.88188015214791,137.96643187259076,80.91544827955715,76.15501242409009,52.4657222375984,2193562.3155216686,-21388.43756367918
C_be0.90_average_plus_grid_loss_ep1.25_gp1.25_lf0.75_life15_dr0.07,0.9,average_plus_grid_loss,427.6959388050314,1.25,1.25,0.75,15,0.07,218.88188015214791,137.96643187259076,80.91544827955715,78.45550750219124,52.4657222375984,1989882.9970838684,-21388.43756367918
C_be0.90_average_plus_grid_loss_ep1.25_gp1.25_lf0.75_life25_dr0.01,0.9,average_plus_grid_loss,427.6959388050314,1.25,1.25,0.75,25,0.01,218.88188015214791,137.96643187259076,80.91544827955715,64.5508222010146,52.4657222375984,1748618.8906579306,-21388.43756367918
C_be0.90_average_plus_grid_loss_ep1.25_gp1.25_lf0.75_life25_dr0.03,0.9,average_plus_grid_loss,427.6959388050314,1.25,1.25,0.75,25,0.03,218.88188015214791,137.96643187259076,80.91544827955715,66.88840445831468,52.4657222375984,1650018.022182025,-21388.43756367918
C_be0.90_average_plus_grid_loss_ep1.25_gp1.25_lf0.75_life25_dr0.05,0.9,average_plus_grid_loss,427.6959388050314,1.25,1.25,0.75,25,0.05,218.88188015214791,137.96643187259076,80.91544827955715,69.51834568586541,52.4657222375984,1579025.4533768035,-21388.43756367918
C_be0.90_average_plus_grid_loss_ep1.25_gp1.25_lf0.75_life25_dr0.07,0.9,average_plus_grid_loss,427.6959388050314,1.25,1.25,0.75,25,0.07,218.88188015214791,137.96643187259076,80.91544827955715,72.40758928986973,52.4657222375984,1526829.9362012218,-21388.43756367918
C_be0.90_average_plus_grid_loss_ep1.25_gp1.25_lf0.75_life40_dr0.01,0.9,average_plus_grid_loss,427.6959388050314,1.25,1.25,0.75,40,0.01,218.88188015214791,137.96643187259076,80.91544827955715,64.5508222010146,52.4657222375984,1748618.8906579306,-21388.43756367918
C_be0.90_average_plus_grid_loss_ep1.25_gp1.25_lf0.75_life40_dr0.03,0.9,average_plus_grid_loss,427.6959388050314,1.25,1.25,0.75,40,0.03,218.88188015214791,137.96643187259076,80.91544827955715,66.88840445831468,52.4657222375984,1650018.022182025,-21388.43756367918
C_be0.90_average_plus_grid_loss_ep1.25_gp1.25_lf0.75_life40_dr0.05,0.9,average_plus_grid_loss,427.6959388050314,1.25,1.25,0.75,40,0.05,218.88188015214791,137.96643187259076,80.91544827955715,69.51834568586541,52.4657222375984,1579025.4533768035,-21388.43756367918
C_be0.90_average_plus_grid_loss_ep1.25_gp1.25_lf0.75_life40_dr0.07,0.9,average_plus_grid_loss,427.6959388050314,1.25,1.25,0.75,40,0.07,218.88188015214791,137.96643187259076,80.91544827955715,72.40758928986973,52.4657222375984,1526829.9362012218,-21388.43756367918
C_be0.90_average_plus_grid_loss_ep1.25_gp1.25_lf0.95_life15_dr0.01,0.9,average_plus_grid_loss,427.6959388050314,1.25,1.25,0.95,15,0.01,218.88188015214791,137.96643187259076,80.91544827955715,68.61916491792711,52.4657222375984,2960549.696206052,-26450.82134334254
C_be0.90_average_plus_grid_loss_ep1.25_gp1.25_lf0.95_life15_dr0.03,0.9,average_plus_grid_loss,427.6959388050314,1.25,1.25,0.95,15,0.03,218.88188015214791,137.96643187259076,80.91544827955715,70.11915994197578,52.4657222375984,2558198.7616384355,-26450.82134334254
C_be0.90_average_plus_grid_loss_ep1.25_gp1.25_lf0.95_life15_dr0.05,0.9,average_plus_grid_loss,427.6959388050314,1.25,1.25,0.95,15,0.05,218.88188015214791,137.96643187259076,80.91544827955715,71.7761067971891,52.4657222375984,2264911.2718842886,-26450.82134334254
C_be0.90_average_plus_grid_loss_ep1.25_gp1.25_lf0.95_life15_dr0.07,0.9,average_plus_grid_loss,427.6959388050314,1.25,1.25,0.95,15,0.07,218.88188015214791,137.96643187259076,80.91544827955715,73.59228712200579,52.4657222375984,2048877.9075404173,-26450.82134334254
C_be0.90_average_plus_grid_loss_ep1.25_gp1.25_lf0.95_life25_dr0.01,0.9,average_plus_grid_loss,427.6959388050314,1.25,1.25,0.95,25,0.01,218.88188015214791,137.96643187259076,80.91544827955715,62.61490398949793,52.4657222375984,1860108.55685376,-26450.82134334254
C_be0.90_average_plus_grid_loss_ep1.25_gp1.25_lf0.95_life25_dr0.03,0.9,average_plus_grid_loss,427.6959388050314,1.25,1.25,0.95,25,0.03,218.88188015214791,137.96643187259076,80.91544827955715,64.46036366631378,52.4657222375984,1738170.0586072328,-26450.82134334254
C_be0.90_average_plus_grid_loss_ep1.25_gp1.25_lf0.95_life25_dr0.05,0.9,average_plus_grid_loss,427.6959388050314,1.25,1.25,0.95,25,0.05,218.88188015214791,137.96643187259076,80.91544827955715,66.53663305648541,52.4657222375984,1650374.4097394235,-26450.82134334254
C_be0.90_average_plus_grid_loss_ep1.25_gp1.25_lf0.95_life25_dr0.07,0.9,average_plus_grid_loss,427.6959388050314,1.25,1.25,0.95,25,0.07,218.88188015214791,137.96643187259076,80.91544827955715,68.8176148491204,52.4657222375984,1585824.8466577707,-26450.82134334254
C_be0.90_average_plus_grid_loss_ep1.25_gp1.25_lf0.95_life40_dr0.01,0.9,average_plus_grid_loss,427.6959388050314,1.25,1.25,0.95,40,0.01,218.88188015214791,137.96643187259076,80.91544827955715,62.61490398949793,52.4657222375984,1860108.55685376,-26450.82134334254
C_be0.90_average_plus_grid_loss_ep1.25_gp1.25_lf0.95_life40_dr0.03,0.9,average_plus_grid_loss,427.6959388050314,1.25,1.25,0.95,40,0.03,218.88188015214791,137.96643187259076,80.91544827955715,64.46036366631378,52.4657222375984,1738170.0586072328,-26450.82134334254
C_be0.90_average_plus_grid_loss_ep1.25_gp1.25_lf0.95_life40_dr0.05,0.9,average_plus_grid_loss,427.6959388050314,1.25,1.25,0.95,40,0.05,218.88188015214791,137.96643187259076,80.91544827955715,66.53663305648541,52.4657222375984,1650374.4097394235,-26450.82134334254
C_be0.90_average_plus_grid_loss_ep1.25_gp1.25_lf0.95_life40_dr0.07,0.9,average_plus_grid_loss,427.6959388050314,1.25,1.25,0.95,40,0.07,218.88188015214791,137.96643187259076,80.91544827955715,68.8176148491204,52.4657222375984,1585824.8466577707,-26450.82134334254
C_be0.90_nonbaseload_proxy_ep0.75_gp0.75_lf0.25_life15_dr0.01,0.9,nonbaseload_proxy,760.2244408589601,0.75,0.75,0.25,15,0.01,218.88188015214791,245.23369059966453,-26.351810447516613,85.00452925992978,31.479433342559037,2581553.431600932,-9241.831416689121
C_be0.90_nonbaseload_proxy_ep0.75_gp0.75_lf0.25_life15_dr0.03,0.9,nonbaseload_proxy,760.2244408589601,0.75,0.75,0.25,15,0.03,218.88188015214791,245.23369059966453,-26.351810447516613,90.70451035131477,31.479433342559037,2258536.0784279048,-9241.831416689121
C_be0.90_nonbaseload_proxy_ep0.75_gp0.75_lf0.25_life15_dr0.05,0.9,nonbaseload_proxy,760.2244408589601,0.75,0.75,0.25,15,0.05,218.88188015214791,245.23369059966453,-26.351810447516613,97.0009084011254,31.479433342559037,2022368.7218204124,-9241.831416689121
C_be0.90_nonbaseload_proxy_ep0.75_gp0.75_lf0.25_life15_dr0.07,0.9,nonbaseload_proxy,760.2244408589601,0.75,0.75,0.25,15,0.07,218.88188015214791,245.23369059966453,-26.351810447516613,103.90239363542885,31.479433342559037,1848331.5120164317,-9241.831416689121
C_be0.90_nonbaseload_proxy_ep0.75_gp0.75_lf0.25_life25_dr0.01,0.9,nonbaseload_proxy,760.2244408589601,0.75,0.75,0.25,25,0.01,218.88188015214791,245.23369059966453,-26.351810447516613,62.18833773189895,31.479433342559037,1481112.2922486411,-9241.831416689121
C_be0.90_nonbaseload_proxy_ep0.75_gp0.75_lf0.25_life25_dr0.03,0.9,nonbaseload_proxy,760.2244408589601,0.75,0.75,0.25,25,0.03,218.88188015214791,245.23369059966453,-26.351810447516613,69.20108450379917,31.479433342559037,1438507.375396701,-9241.831416689121
C_be0.90_nonbaseload_proxy_ep0.75_gp0.75_lf0.25_life25_dr0.05,0.9,nonbaseload_proxy,760.2244408589601,0.75,0.75,0.25,25,0.05,218.88188015214791,245.23369059966453,-26.351810447516613,77.0909081864514,31.479433342559037,1407831.8596755473,-9241.831416689121
C_be0.90_nonbaseload_proxy_ep0.75_gp0.75_lf0.25_life25_dr0.07,0.9,nonbaseload_proxy,760.2244408589601,0.75,0.75,0.25,25,0.07,218.88188015214791,245.23369059966453,-26.351810447516613,85.75863899846435,31.479433342559037,1385278.451133785,-9241.831416689121
C_be0.90_nonbaseload_proxy_ep0.75_gp0.75_lf0.25_life40_dr0.01,0.9,nonbaseload_proxy,760.2244408589601,0.75,0.75,0.25,40,0.01,218.88188015214791,245.23369059966453,-26.351810447516613,62.18833773189895,31.479433342559037,1481112.2922486411,-9241.831416689121
C_be0.90_nonbaseload_proxy_ep0.75_gp0.75_lf0.25_life40_dr0.03,0.9,nonbaseload_proxy,760.2244408589601,0.75,0.75,0.25,40,0.03,218.88188015214791,245.23369059966453,-26.351810447516613,69.20108450379917,31.479433342559037,1438507.375396701,-9241.831416689121
C_be0.90_nonbaseload_proxy_ep0.75_gp0.75_lf0.25_life40_dr0.05,0.9,nonbaseload_proxy,760.2244408589601,0.75,0.75,0.25,40,0.05,218.88188015214791,245.23369059966453,-26.351810447516613,77.0909081864514,31.479433342559037,1407831.8596755473,-9241.831416689121
C_be0.90_nonbaseload_proxy_ep0.75_gp0.75_lf0.25_life40_dr0.07,0.9,nonbaseload_proxy,760.2244408589601,0.75,0.75,0.25,40,0.07,218.88188015214791,245.23369059966453,-26.351810447516613,85.75863899846435,31.479433342559037,1385278.451133785,-9241.831416689121
C_be0.90_nonbaseload_proxy_ep0.75_gp0.75_lf0.50_life15_dr0.01,0.9,nonbaseload_proxy,760.2244408589601,0.75,0.75,0.5,15,0.01,218.88188015214791,245.23369059966453,-26.351810447516613,59.80301623885801,31.479433342559037,2732133.0814259965,-16079.16444343666
C_be0.90_nonbaseload_proxy_ep0.75_gp0.75_lf0.50_life15_dr0.03,0.9,nonbaseload_proxy,760.2244408589601,0.75,0.75,0.5,15,0.03,218.88188015214791,245.23369059966453,-26.351810447516613,62.6530067845505,31.479433342559037,2377595.568237113,-16079.16444343666
C_be0.90_nonbaseload_proxy_ep0.75_gp0.75_lf0.50_life15_dr0.05,0.9,nonbaseload_proxy,760.2244408589601,0.75,0.75,0.5,15,0.05,218.88188015214791,245.23369059966453,-26.351810447516613,65.80120580945582,31.479433342559037,2118733.7144789794,-16079.16444343666
C_be0.90_nonbaseload_proxy_ep0.75_gp0.75_lf0.50_life15_dr0.07,0.9,nonbaseload_proxy,760.2244408589601,0.75,0.75,0.5,15,0.07,218.88188015214791,245.23369059966453,-26.351810447516613,69.25194842660754,31.479433342559037,1928010.9411610556,-16079.16444343666
C_be0.90_nonbaseload_proxy_ep0.75_gp0.75_lf0.50_life25_dr0.01,0.9,nonbaseload_proxy,760.2244408589601,0.75,0.75,0.5,25,0.01,218.88188015214791,245.23369059966453,-26.351810447516613,48.39492047484258,31.479433342559037,1631691.9420737047,-16079.16444343666
C_be0.90_nonbaseload_proxy_ep0.75_gp0.75_lf0.50_life25_dr0.03,0.9,nonbaseload_proxy,760.2244408589601,0.75,0.75,0.5,25,0.03,218.88188015214791,245.23369059966453,-26.351810447516613,51.9012938607927,31.479433342559037,1557566.8652059091,-16079.16444343666
C_be0.90_nonbaseload_proxy_ep0.75_gp0.75_lf0.50_life25_dr0.05,0.9,nonbaseload_proxy,760.2244408589601,0.75,0.75,0.5,25,0.05,218.88188015214791,245.23369059966453,-26.351810447516613,55.84620570211881,31.479433342559037,1504196.8523341143,-16079.16444343666
C_be0.90_nonbaseload_proxy_ep0.75_gp0.75_lf0.50_life25_dr0.07,0.9,nonbaseload_proxy,760.2244408589601,0.75,0.75,0.5,25,0.07,218.88188015214791,245.23369059966453,-26.351810447516613,60.18007110812529,31.479433342559037,1464957.880278409,-16079.16444343666
C_be0.90_nonbaseload_proxy_ep0.75_gp0.75_lf0.50_life40_dr0.01,0.9,nonbaseload_proxy,760.2244408589601,0.75,0.75,0.5,40,0.01,218.88188015214791,245.23369059966453,-26.351810447516613,48.39492047484258,31.479433342559037,1631691.9420737047,-16079.16444343666
C_be0.90_nonbaseload_proxy_ep0.75_gp0.75_lf0.50_life40_dr0.03,0.9,nonbaseload_proxy,760.2244408589601,0.75,0.75,0.5,40,0.03,218.88188015214791,245.23369059966453,-26.351810447516613,51.9012938607927,31.479433342559037,1557566.8652059091,-16079.16444343666
C_be0.90_nonbaseload_proxy_ep0.75_gp0.75_lf0.50_life40_dr0.05,0.9,nonbaseload_proxy,760.2244408589601,0.75,0.75,0.5,40,0.05,218.88188015214791,245.23369059966453,-26.351810447516613,55.84620570211881,31.479433342559037,1504196.8523341143,-16079.16444343666
C_be0.90_nonbaseload_proxy_ep0.75_gp0.75_lf0.50_life40_dr0.07,0.9,nonbaseload_proxy,760.2244408589601,0.75,0.75,0.5,40,0.07,218.88188015214791,245.23369059966453,-26.351810447516613,60.18007110812529,31.479433342559037,1464957.880278409,-16079.16444343666
C_be0.90_nonbaseload_proxy_ep0.75_gp0.75_lf0.75_life15_dr0.01,0.9,nonbaseload_proxy,760.2244408589601,0.75,0.75,0.75,15,0.01,218.88188015214791,245.23369059966453,-26.351810447516613,51.40251189850074,31.479433342559037,2882712.73125106,-22916.4974701842
C_be0.90_nonbaseload_proxy_ep0.75_gp0.75_lf0.75_life15_dr0.03,0.9,nonbaseload_proxy,760.2244408589601,0.75,0.75,0.75,15,0.03,218.88188015214791,245.23369059966453,-26.351810447516613,53.30250559562907,31.479433342559037,2496655.05804632,-22916.4974701842
C_be0.90_nonbaseload_proxy_ep0.75_gp0.75_lf0.75_life15_dr0.05,0.9,nonbaseload_proxy,760.2244408589601,0.75,0.75,0.75,15,0.05,218.88188015214791,245.23369059966453,-26.351810447516613,55.401304945565954,31.479433342559037,2215098.7071375465,-22916.4974701842
C_be0.90_nonbaseload_proxy_ep0.75_gp0.75_lf0.75_life15_dr0.07,0.9,nonbaseload_proxy,760.2244408589601,0.75,0.75,0.75,15,0.07,218.88188015214791,245.23369059966453,-26.351810447516613,57.7018000236671,31.479433342559037,2007690.3703056793,-22916.4974701842
C_be0.90_nonbaseload_proxy_ep0.75_gp0.75_lf0.75_life25_dr0.01,0.9,nonbaseload_proxy,760.2244408589601,0.75,0.75,0.75,25,0.01,218.88188015214791,245.23369059966453,-26.351810447516613,43.79711472249046,31.479433342559037,1782271.5918987691,-22916.4974701842
C_be0.90_nonbaseload_proxy_ep0.75_gp0.75_lf0.75_life25_dr0.03,0.9,nonbaseload_proxy,760.2244408589601,0.75,0.75,0.75,25,0.03,218.88188015214791,245.23369059966453,-26.351810447516613,46.13469697979054,31.479433342559037,1676626.3550151172,-22916.4974701842
C_be0.90_nonbaseload_proxy_ep0.75_gp0.75_lf0.75_life25_dr0.05,0.9,nonbaseload_proxy,760.2244408589601,0.75,0.75,0.75,25,0.05,218.88188015214791,245.23369059966453,-26.351810447516613,48.764638207341285,31.479433342559037,1600561.8449926814,-22916.4974701842
C_be0.90_nonbaseload_proxy_ep0.75_gp0.75_lf0.75_life25_dr0.07,0.9,nonbaseload_proxy,760.2244408589601,0.75,0.75,0.75,25,0.07,218.88188015214791,245.23369059966453,-26.351810447516613,51.6538818113456,31.479433342559037,1544637.3094230327,-22916.4974701842
C_be0.90_nonbaseload_proxy_ep0.75_gp0.75_lf0.75_life40_dr0.01,0.9,nonbaseload_proxy,760.2244408589601,0.75,0.75,0.75,40,0.01,218.88188015214791,245.23369059966453,-26.351810447516613,43.79711472249046,31.479433342559037,1782271.5918987691,-22916.4974701842
C_be0.90_nonbaseload_proxy_ep0.75_gp0.75_lf0.75_life40_dr0.03,0.9,nonbaseload_proxy,760.2244408589601,0.75,0.75,0.75,40,0.03,218.88188015214791,245.23369059966453,-26.351810447516613,46.13469697979054,31.479433342559037,1676626.3550151172,-22916.4974701842
C_be0.90_nonbaseload_proxy_ep0.75_gp0.75_lf0.75_life40_dr0.05,0.9,nonbaseload_proxy,760.2244408589601,0.75,0.75,0.75,40,0.05,218.88188015214791,245.23369059966453,-26.351810447516613,48.764638207341285,31.479433342559037,1600561.8449926814,-22916.4974701842
C_be0.90_nonbaseload_proxy_ep0.75_gp0.75_lf0.75_life40_dr0.07,0.9,nonbaseload_proxy,760.2244408589601,0.75,0.75,0.75,40,0.07,218.88188015214791,245.23369059966453,-26.351810447516613,51.6538818113456,31.479433342559037,1544637.3094230327,-22916.4974701842
C_be0.90_nonbaseload_proxy_ep0.75_gp0.75_lf0.95_life15_dr0.01,0.9,nonbaseload_proxy,760.2244408589601,0.75,0.75,0.95,15,0.01,218.88188015214791,245.23369059966453,-26.351810447516613,47.865457439402945,31.479433342559037,3003176.451111109,-28386.36389158218
C_be0.90_nonbaseload_proxy_ep0.75_gp0.75_lf0.95_life15_dr0.03,0.9,nonbaseload_proxy,760.2244408589601,0.75,0.75,0.95,15,0.03,218.88188015214791,245.23369059966453,-26.351810447516613,49.36545246345163,31.479433342559037,2591902.649893686,-28386.36389158218
C_be0.90_nonbaseload_proxy_ep0.75_gp0.75_lf0.95_life15_dr0.05,0.9,nonbaseload_proxy,760.2244408589601,0.75,0.75,0.95,15,0.05,218.88188015214791,245.23369059966453,-26.351810447516613,51.02239931866496,31.479433342559037,2292190.7012643996,-28386.36389158218
C_be0.90_nonbaseload_proxy_ep0.75_gp0.75_lf0.95_life15_dr0.07,0.9,nonbaseload_proxy,760.2244408589601,0.75,0.75,0.95,15,0.07,218.88188015214791,245.23369059966453,-26.351810447516613,52.83857964348165,31.479433342559037,2071433.9136213777,-28386.36389158218
C_be0.90_nonbaseload_proxy_ep0.75_gp0.75_lf0.95_life25_dr0.01,0.9,nonbaseload_proxy,760.2244408589601,0.75,0.75,0.95,25,0.01,218.88188015214791,245.23369059966453,-26.351810447516613,41.861196510973784,31.479433342559037,1902735.311758819,-28386.36389158218
C_be0.90_nonbaseload_proxy_ep0.75_gp0.75_lf0.95_life25_dr0.03,0.9,nonbaseload_proxy,760.2244408589601,0.75,0.75,0.95,25,0.03,218.88188015214791,245.23369059966453,-26.351810447516613,43.70665618778963,31.479433342559037,1771873.9468624825,-28386.36389158218
C_be0.90_nonbaseload_proxy_ep0.75_gp0.75_lf0.95_life25_dr0.05,0.9,nonbaseload_proxy,760.2244408589601,0.75,0.75,0.95,25,0.05,218.88188015214791,245.23369059966453,-26.351810447516613,45.78292557796127,31.479433342559037,1677653.8391195345,-28386.36389158218
C_be0.90_nonbaseload_proxy_ep0.75_gp0.75_lf0.95_life25_dr0.07,0.9,nonbaseload_proxy,760.2244408589601,0.75,0.75,0.95,25,0.07,218.88188015214791,245.23369059966453,-26.351810447516613,48.063907370596255,31.479433342559037,1608380.852738731,-28386.36389158218
C_be0.90_nonbaseload_proxy_ep0.75_gp0.75_lf0.95_life40_dr0.01,0.9,nonbaseload_proxy,760.2244408589601,0.75,0.75,0.95,40,0.01,218.88188015214791,245.23369059966453,-26.351810447516613,41.861196510973784,31.479433342559037,1902735.311758819,-28386.36389158218
C_be0.90_nonbaseload_proxy_ep0.75_gp0.75_lf0.95_life40_dr0.03,0.9,nonbaseload_proxy,760.2244408589601,0.75,0.75,0.95,40,0.03,218.88188015214791,245.23369059966453,-26.351810447516613,43.70665618778963,31.479433342559037,1771873.9468624825,-28386.36389158218
C_be0.90_nonbaseload_proxy_ep0.75_gp0.75_lf0.95_life40_dr0.05,0.9,nonbaseload_proxy,760.2244408589601,0.75,0.75,0.95,40,0.05,218.88188015214791,245.23369059966453,-26.351810447516613,45.78292557796127,31.479433342559037,1677653.8391195345,-28386.36389158218
C_be0.90_nonbaseload_proxy_ep0.75_gp0.75_lf0.95_life40_dr0.07,0.9,nonbaseload_proxy,760.2244408589601,0.75,0.75,0.95,40,0.07,218.88188015214791,245.23369059966453,-26.351810447516613,48.063907370596255,31.479433342559037,1608380.852738731,-28386.36389158218
C_be0.90_nonbaseload_proxy_ep0.75_gp1.00_lf0.25_life15_dr0.01,0.9,nonbaseload_proxy,760.2244408589601,0.75,1.0,0.25,15,0.01,218.88188015214791,245.23369059966453,-26.351810447516613,85.00452925992978,41.97257779007872,2075461.6144354534,13738.154923378985
C_be0.90_nonbaseload_proxy_ep0.75_gp1.00_lf0.25_life15_dr0.03,0.9,nonbaseload_proxy,760.2244408589601,0.75,1.0,0.25,15,0.03,218.88188015214791,245.23369059966453,-26.351810447516613,90.70451035131477,41.97257779007872,1858382.1823447472,13738.154923378985
C_be0.90_nonbaseload_proxy_ep0.75_gp1.00_lf0.25_life15_dr0.05,0.9,nonbaseload_proxy,760.2244408589601,0.75,1.0,0.25,15,0.05,218.88188015214791,245.23369059966453,-26.351810447516613,97.0009084011254,41.97257779007872,1698490.0682150268,13738.154923378985
C_be0.90_nonbaseload_proxy_ep0.75_gp1.00_lf0.25_life15_dr0.07,0.9,nonbaseload_proxy,760.2244408589601,0.75,1.0,0.25,15,0.07,218.88188015214791,245.23369059966453,-26.351810447516613,103.90239363542885,41.97257779007872,1580532.3297673136,13738.154923378985
C_be0.90_nonbaseload_proxy_ep0.75_gp1.00_lf0.25_life25_dr0.01,0.9,nonbaseload_proxy,760.2244408589601,0.75,1.0,0.25,25,0.01,218.88188015214791,245.23369059966453,-26.351810447516613,62.18833773189895,41.97257779007872,975020.4750831625,13738.154923378985
C_be0.90_nonbaseload_proxy_ep0.75_gp1.00_lf0.25_life25_dr0.03,0.9,nonbaseload_proxy,760.2244408589601,0.75,1.0,0.25,25,0.03,218.88188015214791,245.23369059966453,-26.351810447516613,69.20108450379917,41.97257779007872,1038353.4793135435,13738.154923378985
C_be0.90_nonbaseload_proxy_ep0.75_gp1.00_lf0.25_life25_dr0.05,0.9,nonbaseload_proxy,760.2244408589601,0.75,1.0,0.25,25,0.05,218.88188015214791,245.23369059966453,-26.351810447516613,77.0909081864514,41.97257779007872,1083953.2060701617,13738.154923378985
C_be0.90_nonbaseload_proxy_ep0.75_gp1.00_lf0.25_life25_dr0.07,0.9,nonbaseload_proxy,760.2244408589601,0.75,1.0,0.25,25,0.07,218.88188015214791,245.23369059966453,-26.351810447516613,85.75863899846435,41.97257779007872,1117479.268884667,13738.154923378985
C_be0.90_nonbaseload_proxy_ep0.75_gp1.00_lf0.25_life40_dr0.01,0.9,nonbaseload_proxy,760.2244408589601,0.75,1.0,0.25,40,0.01,218.88188015214791,245.23369059966453,-26.351810447516613,62.18833773189895,41.97257779007872,975020.4750831625,13738.154923378985
C_be0.90_nonbaseload_proxy_ep0.75_gp1.00_lf0.25_life40_dr0.03,0.9,nonbaseload_proxy,760.2244408589601,0.75,1.0,0.25,40,0.03,218.88188015214791,245.23369059966453,-26.351810447516613,69.20108450379917,41.97257779007872,1038353.4793135435,13738.154923378985
C_be0.90_nonbaseload_proxy_ep0.75_gp1.00_lf0.25_life40_dr0.05,0.9,nonbaseload_proxy,760.2244408589601,0.75,1.0,0.25,40,0.05,218.88188015214791,245.23369059966453,-26.351810447516613,77.0909081864514,41.97257779007872,1083953.2060701617,13738.154923378985
C_be0.90_nonbaseload_proxy_ep0.75_gp1.00_lf0.25_life40_dr0.07,0.9,nonbaseload_proxy,760.2244408589601,0.75,1.0,0.25,40,0.07,218.88188015214791,245.23369059966453,-26.351810447516613,85.75863899846435,41.97257779007872,1117479.268884667,13738.154923378985
C_be0.90_nonbaseload_proxy_ep0.75_gp1.00_lf0.50_life15_dr0.01,0.9,nonbaseload_proxy,760.2244408589601,0.75,1.0,0.5,15,0.01,218.88188015214791,245.23369059966453,-26.351810447516613,59.80301623885801,41.97257779007872,1719949.4470950393,29880.80823669955
C_be0.90_nonbaseload_proxy_ep0.75_gp1.00_lf0.50_life15_dr0.03,0.9,nonbaseload_proxy,760.2244408589601,0.75,1.0,0.5,15,0.03,218.88188015214791,245.23369059966453,-26.351810447516613,62.6530067845505,41.97257779007872,1577287.7760707978,29880.80823669955
C_be0.90_nonbaseload_proxy_ep0.75_gp1.00_lf0.50_life15_dr0.05,0.9,nonbaseload_proxy,760.2244408589601,0.75,1.0,0.5,15,0.05,218.88188015214791,245.23369059966453,-26.351810447516613,65.80120580945582,41.97257779007872,1470976.407268208,29880.80823669955
C_be0.90_nonbaseload_proxy_ep0.75_gp1.00_lf0.50_life15_dr0.07,0.9,nonbaseload_proxy,760.2244408589601,0.75,1.0,0.5,15,0.07,218.88188015214791,245.23369059966453,-26.351810447516613,69.25194842660754,41.97257779007872,1392412.5766628194,29880.80823669955
C_be0.90_nonbaseload_proxy_ep0.75_gp1.00_lf0.50_life25_dr0.01,0.9,nonbaseload_proxy,760.2244408589601,0.75,1.0,0.5,25,0.01,218.88188015214791,245.23369059966453,-26.351810447516613,48.39492047484258,41.97257779007872,619508.3077427475,29880.80823669955
C_be0.90_nonbaseload_proxy_ep0.75_gp1.00_lf0.50_life25_dr0.03,0.9,nonbaseload_proxy,760.2244408589601,0.75,1.0,0.5,25,0.03,218.88188015214791,245.23369059966453,-26.351810447516613,51.9012938607927,41.97257779007872,757259.0730395941,29880.80823669955
C_be0.90_nonbaseload_proxy_ep0.75_gp1.00_lf0.50_life25_dr0.05,0.9,nonbaseload_proxy,760.2244408589601,0.75,1.0,0.5,25,0.05,218.88188015214791,245.23369059966453,-26.351810447516613,55.84620570211881,41.97257779007872,856439.5451233429,29880.80823669955
C_be0.90_nonbaseload_proxy_ep0.75_gp1.00_lf0.50_life25_dr0.07,0.9,nonbaseload_proxy,760.2244408589601,0.75,1.0,0.5,25,0.07,218.88188015214791,245.23369059966453,-26.351810447516613,60.18007110812529,41.97257779007872,929359.5157801728,29880.80823669955
C_be0.90_nonbaseload_proxy_ep0.75_gp1.00_lf0.50_life40_dr0.01,0.9,nonbaseload_proxy,760.2244408589601,0.75,1.0,0.5,40,0.01,218.88188015214791,245.23369059966453,-26.351810447516613,48.39492047484258,41.97257779007872,619508.3077427475,29880.80823669955
C_be0.90_nonbaseload_proxy_ep0.75_gp1.00_lf0.50_life40_dr0.03,0.9,nonbaseload_proxy,760.2244408589601,0.75,1.0,0.5,40,0.03,218.88188015214791,245.23369059966453,-26.351810447516613,51.9012938607927,41.97257779007872,757259.0730395941,29880.80823669955
C_be0.90_nonbaseload_proxy_ep0.75_gp1.00_lf0.50_life40_dr0.05,0.9,nonbaseload_proxy,760.2244408589601,0.75,1.0,0.5,40,0.05,218.88188015214791,245.23369059966453,-26.351810447516613,55.84620570211881,41.97257779007872,856439.5451233429,29880.80823669955
C_be0.90_nonbaseload_proxy_ep0.75_gp1.00_lf0.50_life40_dr0.07,0.9,nonbaseload_proxy,760.2244408589601,0.75,1.0,0.5,40,0.07,218.88188015214791,245.23369059966453,-26.351810447516613,60.18007110812529,41.97257779007872,929359.5157801728,29880.80823669955
C_be0.90_nonbaseload_proxy_ep0.75_gp1.00_lf0.75_life15_dr0.01,0.9,nonbaseload_proxy,760.2244408589601,0.75,1.0,0.75,15,0.01,218.88188015214791,245.23369059966453,-26.351810447516613,51.40251189850074,41.97257779007872,1364437.2797546247,46023.46155002009
C_be0.90_nonbaseload_proxy_ep0.75_gp1.00_lf0.75_life15_dr0.03,0.9,nonbaseload_proxy,760.2244408589601,0.75,1.0,0.75,15,0.03,218.88188015214791,245.23369059966453,-26.351810447516613,53.30250559562907,41.97257779007872,1296193.369796848,46023.46155002009
C_be0.90_nonbaseload_proxy_ep0.75_gp1.00_lf0.75_life15_dr0.05,0.9,nonbaseload_proxy,760.2244408589601,0.75,1.0,0.75,15,0.05,218.88188015214791,245.23369059966453,-26.351810447516613,55.401304945565954,41.97257779007872,1243462.7463213895,46023.46155002009
C_be0.90_nonbaseload_proxy_ep0.75_gp1.00_lf0.75_life15_dr0.07,0.9,nonbaseload_proxy,760.2244408589601,0.75,1.0,0.75,15,0.07,218.88188015214791,245.23369059966453,-26.351810447516613,57.7018000236671,41.97257779007872,1204292.8235583259,46023.46155002009
C_be0.90_nonbaseload_proxy_ep0.75_gp1.00_lf0.75_life25_dr0.01,0.9,nonbaseload_proxy,760.2244408589601,0.75,1.0,0.75,25,0.01,218.88188015214791,245.23369059966453,-26.351810447516613,43.79711472249046,41.97257779007872,263996.1404023338,46023.46155002009
C_be0.90_nonbaseload_proxy_ep0.75_gp1.00_lf0.75_life25_dr0.03,0.9,nonbaseload_proxy,760.2244408589601,0.75,1.0,0.75,25,0.03,218.88188015214791,245.23369059966453,-26.351810447516613,46.13469697979054,41.97257779007872,476164.66676564515,46023.46155002009
C_be0.90_nonbaseload_proxy_ep0.75_gp1.00_lf0.75_life25_dr0.05,0.9,nonbaseload_proxy,760.2244408589601,0.75,1.0,0.75,25,0.05,218.88188015214791,245.23369059966453,-26.351810447516613,48.764638207341285,41.97257779007872,628925.8841765244,46023.46155002009
C_be0.90_nonbaseload_proxy_ep0.75_gp1.00_lf0.75_life25_dr0.07,0.9,nonbaseload_proxy,760.2244408589601,0.75,1.0,0.75,25,0.07,218.88188015214791,245.23369059966453,-26.351810447516613,51.6538818113456,41.97257779007872,741239.7626756793,46023.46155002009
C_be0.90_nonbaseload_proxy_ep0.75_gp1.00_lf0.75_life40_dr0.01,0.9,nonbaseload_proxy,760.2244408589601,0.75,1.0,0.75,40,0.01,218.88188015214791,245.23369059966453,-26.351810447516613,43.79711472249046,41.97257779007872,263996.1404023338,46023.46155002009
C_be0.90_nonbaseload_proxy_ep0.75_gp1.00_lf0.75_life40_dr0.03,0.9,nonbaseload_proxy,760.2244408589601,0.75,1.0,0.75,40,0.03,218.88188015214791,245.23369059966453,-26.351810447516613,46.13469697979054,41.97257779007872,476164.66676564515,46023.46155002009
C_be0.90_nonbaseload_proxy_ep0.75_gp1.00_lf0.75_life40_dr0.05,0.9,nonbaseload_proxy,760.2244408589601,0.75,1.0,0.75,40,0.05,218.88188015214791,245.23369059966453,-26.351810447516613,48.764638207341285,41.97257779007872,628925.8841765244,46023.46155002009
C_be0.90_nonbaseload_proxy_ep0.75_gp1.00_lf0.75_life40_dr0.07,0.9,nonbaseload_proxy,760.2244408589601,0.75,1.0,0.75,40,0.07,218.88188015214791,245.23369059966453,-26.351810447516613,51.6538818113456,41.97257779007872,741239.7626756793,46023.46155002009
C_be0.90_nonbaseload_proxy_ep0.75_gp1.00_lf0.95_life15_dr0.01,0.9,nonbaseload_proxy,760.2244408589601,0.75,1.0,0.95,15,0.01,218.88188015214791,245.23369059966453,-26.351810447516613,47.865457439402945,41.97257779007872,1080027.5458822912,58937.58420067659
C_be0.90_nonbaseload_proxy_ep0.75_gp1.00_lf0.95_life15_dr0.03,0.9,nonbaseload_proxy,760.2244408589601,0.75,1.0,0.95,15,0.03,218.88188015214791,245.23369059966453,-26.351810447516613,49.36545246345163,41.97257779007872,1071317.8447776884,58937.58420067659
C_be0.90_nonbaseload_proxy_ep0.75_gp1.00_lf0.95_life15_dr0.05,0.9,nonbaseload_proxy,760.2244408589601,0.75,1.0,0.95,15,0.05,218.88188015214791,245.23369059966453,-26.351810447516613,51.02239931866496,41.97257779007872,1061451.8175639343,58937.58420067659
C_be0.90_nonbaseload_proxy_ep0.75_gp1.00_lf0.95_life15_dr0.07,0.9,nonbaseload_proxy,760.2244408589601,0.75,1.0,0.95,15,0.07,218.88188015214791,245.23369059966453,-26.351810447516613,52.83857964348165,41.97257779007872,1053797.0210747295,58937.58420067659
C_be0.90_nonbaseload_proxy_ep0.75_gp1.00_lf0.95_life25_dr0.01,0.9,nonbaseload_proxy,760.2244408589601,0.75,1.0,0.95,25,0.01,218.88188015214791,245.23369059966453,-26.351810447516613,41.861196510973784,41.97257779007872,-20413.5934699988,58937.58420067659
C_be0.90_nonbaseload_proxy_ep0.75_gp1.00_lf0.95_life25_dr0.03,0.9,nonbaseload_proxy,760.2244408589601,0.75,1.0,0.95,25,0.03,218.88188015214791,245.23369059966453,-26.351810447516613,43.70665618778963,41.97257779007872,251289.14174648467,58937.58420067659
C_be0.90_nonbaseload_proxy_ep0.75_gp1.00_lf0.95_life25_dr0.05,0.9,nonbaseload_proxy,760.2244408589601,0.75,1.0,0.95,25,0.05,218.88188015214791,245.23369059966453,-26.351810447516613,45.78292557796127,41.97257779007872,446914.95541906916,58937.58420067659
C_be0.90_nonbaseload_proxy_ep0.75_gp1.00_lf0.95_life25_dr0.07,0.9,nonbaseload_proxy,760.2244408589601,0.75,1.0,0.95,25,0.07,218.88188015214791,245.23369059966453,-26.351810447516613,48.063907370596255,41.97257779007872,590743.9601920829,58937.58420067659
C_be0.90_nonbaseload_proxy_ep0.75_gp1.00_lf0.95_life40_dr0.01,0.9,nonbaseload_proxy,760.2244408589601,0.75,1.0,0.95,40,0.01,218.88188015214791,245.23369059966453,-26.351810447516613,41.861196510973784,41.97257779007872,-20413.5934699988,58937.58420067659
C_be0.90_nonbaseload_proxy_ep0.75_gp1.00_lf0.95_life40_dr0.03,0.9,nonbaseload_proxy,760.2244408589601,0.75,1.0,0.95,40,0.03,218.88188015214791,245.23369059966453,-26.351810447516613,43.70665618778963,41.97257779007872,251289.14174648467,58937.58420067659
C_be0.90_nonbaseload_proxy_ep0.75_gp1.00_lf0.95_life40_dr0.05,0.9,nonbaseload_proxy,760.2244408589601,0.75,1.0,0.95,40,0.05,218.88188015214791,245.23369059966453,-26.351810447516613,45.78292557796127,41.97257779007872,446914.95541906916,58937.58420067659
C_be0.90_nonbaseload_proxy_ep0.75_gp1.00_lf0.95_life40_dr0.07,0.9,nonbaseload_proxy,760.2244408589601,0.75,1.0,0.95,40,0.07,218.88188015214791,245.23369059966453,-26.351810447516613,48.063907370596255,41.97257779007872,590743.9601920829,58937.58420067659
C_be0.90_nonbaseload_proxy_ep0.75_gp1.25_lf0.25_life15_dr0.01,0.9,nonbaseload_proxy,760.2244408589601,0.75,1.25,0.25,15,0.01,218.88188015214791,245.23369059966453,-26.351810447516613,85.00452925992978,52.4657222375984,1569369.7972699748,36718.14126344709
C_be0.90_nonbaseload_proxy_ep0.75_gp1.25_lf0.25_life15_dr0.03,0.9,nonbaseload_proxy,760.2244408589601,0.75,1.25,0.25,15,0.03,218.88188015214791,245.23369059966453,-26.351810447516613,90.70451035131477,52.4657222375984,1458228.2862615895,36718.14126344709
C_be0.90_nonbaseload_proxy_ep0.75_gp1.25_lf0.25_life15_dr0.05,0.9,nonbaseload_proxy,760.2244408589601,0.75,1.25,0.25,15,0.05,218.88188015214791,245.23369059966453,-26.351810447516613,97.0009084011254,52.4657222375984,1374611.414609641,36718.14126344709
C_be0.90_nonbaseload_proxy_ep0.75_gp1.25_lf0.25_life15_dr0.07,0.9,nonbaseload_proxy,760.2244408589601,0.75,1.25,0.25,15,0.07,218.88188015214791,245.23369059966453,-26.351810447516613,103.90239363542885,52.4657222375984,1312733.1475181957,36718.14126344709
C_be0.90_nonbaseload_proxy_ep0.75_gp1.25_lf0.25_life25_dr0.01,0.9,nonbaseload_proxy,760.2244408589601,0.75,1.25,0.25,25,0.01,218.88188015214791,245.23369059966453,-26.351810447516613,62.18833773189895,52.4657222375984,468928.65791768394,36718.14126344709
C_be0.90_nonbaseload_proxy_ep0.75_gp1.25_lf0.25_life25_dr0.03,0.9,nonbaseload_proxy,760.2244408589601,0.75,1.25,0.25,25,0.03,218.88188015214791,245.23369059966453,-26.351810447516613,69.20108450379917,52.4657222375984,638199.5832303858,36718.14126344709
C_be0.90_nonbaseload_proxy_ep0.75_gp1.25_lf0.25_life25_dr0.05,0.9,nonbaseload_proxy,760.2244408589601,0.75,1.25,0.25,25,0.05,218.88188015214791,245.23369059966453,-26.351810447516613,77.0909081864514,52.4657222375984,760074.552464776,36718.14126344709
C_be0.90_nonbaseload_proxy_ep0.75_gp1.25_lf0.25_life25_dr0.07,0.9,nonbaseload_proxy,760.2244408589601,0.75,1.25,0.25,25,0.07,218.88188015214791,245.23369059966453,-26.351810447516613,85.75863899846435,52.4657222375984,849680.0866355491,36718.14126344709
C_be0.90_nonbaseload_proxy_ep0.75_gp1.25_lf0.25_life40_dr0.01,0.9,nonbaseload_proxy,760.2244408589601,0.75,1.25,0.25,40,0.01,218.88188015214791,245.23369059966453,-26.351810447516613,62.18833773189895,52.4657222375984,468928.65791768394,36718.14126344709
C_be0.90_nonbaseload_proxy_ep0.75_gp1.25_lf0.25_life40_dr0.03,0.9,nonbaseload_proxy,760.2244408589601,0.75,1.25,0.25,40,0.03,218.88188015214791,245.23369059966453,-26.351810447516613,69.20108450379917,52.4657222375984,638199.5832303858,36718.14126344709
C_be0.90_nonbaseload_proxy_ep0.75_gp1.25_lf0.25_life40_dr0.05,0.9,nonbaseload_proxy,760.2244408589601,0.75,1.25,0.25,40,0.05,218.88188015214791,245.23369059966453,-26.351810447516613,77.0909081864514,52.4657222375984,760074.552464776,36718.14126344709
C_be0.90_nonbaseload_proxy_ep0.75_gp1.25_lf0.25_life40_dr0.07,0.9,nonbaseload_proxy,760.2244408589601,0.75,1.25,0.25,40,0.07,218.88188015214791,245.23369059966453,-26.351810447516613,85.75863899846435,52.4657222375984,849680.0866355491,36718.14126344709
C_be0.90_nonbaseload_proxy_ep0.75_gp1.25_lf0.50_life15_dr0.01,0.9,nonbaseload_proxy,760.2244408589601,0.75,1.25,0.5,15,0.01,218.88188015214791,245.23369059966453,-26.351810447516613,59.80301623885801,52.4657222375984,707765.8127640821,75840.78091683576
C_be0.90_nonbaseload_proxy_ep0.75_gp1.25_lf0.50_life15_dr0.03,0.9,nonbaseload_proxy,760.2244408589601,0.75,1.25,0.5,15,0.03,218.88188015214791,245.23369059966453,-26.351810447516613,62.6530067845505,52.4657222375984,776979.9839044823,75840.78091683576
C_be0.90_nonbaseload_proxy_ep0.75_gp1.25_lf0.50_life15_dr0.05,0.9,nonbaseload_proxy,760.2244408589601,0.75,1.25,0.5,15,0.05,218.88188015214791,245.23369059966453,-26.351810447516613,65.80120580945582,52.4657222375984,823219.1000574366,75840.78091683576
C_be0.90_nonbaseload_proxy_ep0.75_gp1.25_lf0.50_life15_dr0.07,0.9,nonbaseload_proxy,760.2244408589601,0.75,1.25,0.5,15,0.07,218.88188015214791,245.23369059966453,-26.351810447516613,69.25194842660754,52.4657222375984,856814.2121645836,75840.78091683576
C_be0.90_nonbaseload_proxy_ep0.75_gp1.25_lf0.50_life25_dr0.01,0.9,nonbaseload_proxy,760.2244408589601,0.75,1.25,0.5,25,0.01,218.88188015214791,245.23369059966453,-26.351810447516613,48.39492047484258,52.4657222375984,-392675.3265882097,75840.78091683576
C_be0.90_nonbaseload_proxy_ep0.75_gp1.25_lf0.50_life25_dr0.03,0.9,nonbaseload_proxy,760.2244408589601,0.75,1.25,0.5,25,0.03,218.88188015214791,245.23369059966453,-26.351810447516613,51.9012938607927,52.4657222375984,-43048.71912672138,75840.78091683576
C_be0.90_nonbaseload_proxy_ep0.75_gp1.25_lf0.50_life25_dr0.05,0.9,nonbaseload_proxy,760.2244408589601,0.75,1.25,0.5,25,0.05,218.88188015214791,245.23369059966453,-26.351810447516613,55.84620570211881,52.4657222375984,208682.23791257152,75840.78091683576
C_be0.90_nonbaseload_proxy_ep0.75_gp1.25_lf0.50_life25_dr0.07,0.9,nonbaseload_proxy,760.2244408589601,0.75,1.25,0.5,25,0.07,218.88188015214791,245.23369059966453,-26.351810447516613,60.18007110812529,52.4657222375984,393761.151281937,75840.78091683576
C_be0.90_nonbaseload_proxy_ep0.75_gp1.25_lf0.50_life40_dr0.01,0.9,nonbaseload_proxy,760.2244408589601,0.75,1.25,0.5,40,0.01,218.88188015214791,245.23369059966453,-26.351810447516613,48.39492047484258,52.4657222375984,-392675.3265882097,75840.78091683576
C_be0.90_nonbaseload_proxy_ep0.75_gp1.25_lf0.50_life40_dr0.03,0.9,nonbaseload_proxy,760.2244408589601,0.75,1.25,0.5,40,0.03,218.88188015214791,245.23369059966453,-26.351810447516613,51.9012938607927,52.4657222375984,-43048.71912672138,75840.78091683576
C_be0.90_nonbaseload_proxy_ep0.75_gp1.25_lf0.50_life40_dr0.05,0.9,nonbaseload_proxy,760.2244408589601,0.75,1.25,0.5,40,0.05,218.88188015214791,245.23369059966453,-26.351810447516613,55.84620570211881,52.4657222375984,208682.23791257152,75840.78091683576
C_be0.90_nonbaseload_proxy_ep0.75_gp1.25_lf0.50_life40_dr0.07,0.9,nonbaseload_proxy,760.2244408589601,0.75,1.25,0.5,40,0.07,218.88188015214791,245.23369059966453,-26.351810447516613,60.18007110812529,52.4657222375984,393761.151281937,75840.78091683576
C_be0.90_nonbaseload_proxy_ep0.75_gp1.25_lf0.75_life15_dr0.01,0.9,nonbaseload_proxy,760.2244408589601,0.75,1.25,0.75,15,0.01,218.88188015214791,245.23369059966453,-26.351810447516613,51.40251189850074,52.4657222375984,-153838.17174181156,114963.4205702244
C_be0.90_nonbaseload_proxy_ep0.75_gp1.25_lf0.75_life15_dr0.03,0.9,nonbaseload_proxy,760.2244408589601,0.75,1.25,0.75,15,0.03,218.88188015214791,245.23369059966453,-26.351810447516613,53.30250559562907,52.4657222375984,95731.6815473754,114963.4205702244
C_be0.90_nonbaseload_proxy_ep0.75_gp1.25_lf0.75_life15_dr0.05,0.9,nonbaseload_proxy,760.2244408589601,0.75,1.25,0.75,15,0.05,218.88188015214791,245.23369059966453,-26.351810447516613,55.401304945565954,52.4657222375984,271826.7855052324,114963.4205702244
C_be0.90_nonbaseload_proxy_ep0.75_gp1.25_lf0.75_life15_dr0.07,0.9,nonbaseload_proxy,760.2244408589601,0.75,1.25,0.75,15,0.07,218.88188015214791,245.23369059966453,-26.351810447516613,57.7018000236671,52.4657222375984,400895.27681097155,114963.4205702244
C_be0.90_nonbaseload_proxy_ep0.75_gp1.25_lf0.75_life25_dr0.01,0.9,nonbaseload_proxy,760.2244408589601,0.75,1.25,0.75,25,0.01,218.88188015214791,245.23369059966453,-26.351810447516613,43.79711472249046,52.4657222375984,-1254279.3110941024,114963.4205702244
C_be0.90_nonbaseload_proxy_ep0.75_gp1.25_lf0.75_life25_dr0.03,0.9,nonbaseload_proxy,760.2244408589601,0.75,1.25,0.75,25,0.03,218.88188015214791,245.23369059966453,-26.351810447516613,46.13469697979054,52.4657222375984,-724297.0214838274,114963.4205702244
C_be0.90_nonbaseload_proxy_ep0.75_gp1.25_lf0.75_life25_dr0.05,0.9,nonbaseload_proxy,760.2244408589601,0.75,1.25,0.75,25,0.05,218.88188015214791,245.23369059966453,-26.351810447516613,48.764638207341285,52.4657222375984,-342710.0766396327,114963.4205702244
C_be0.90_nonbaseload_proxy_ep0.75_gp1.25_lf0.75_life25_dr0.07,0.9,nonbaseload_proxy,760.2244408589601,0.75,1.25,0.75,25,0.07,218.88188015214791,245.23369059966453,-26.351810447516613,51.6538818113456,52.4657222375984,-62157.784071675036,114963.4205702244
C_be0.90_nonbaseload_proxy_ep0.75_gp1.25_lf0.75_life40_dr0.01,0.9,nonbaseload_proxy,760.2244408589601,0.75,1.25,0.75,40,0.01,218.88188015214791,245.23369059966453,-26.351810447516613,43.79711472249046,52.4657222375984,-1254279.3110941024,114963.4205702244
C_be0.90_nonbaseload_proxy_ep0.75_gp1.25_lf0.75_life40_dr0.03,0.9,nonbaseload_proxy,760.2244408589601,0.75,1.25,0.75,40,0.03,218.88188015214791,245.23369059966453,-26.351810447516613,46.13469697979054,52.4657222375984,-724297.0214838274,114963.4205702244
C_be0.90_nonbaseload_proxy_ep0.75_gp1.25_lf0.75_life40_dr0.05,0.9,nonbaseload_proxy,760.2244408589601,0.75,1.25,0.75,40,0.05,218.88188015214791,245.23369059966453,-26.351810447516613,48.764638207341285,52.4657222375984,-342710.0766396327,114963.4205702244
C_be0.90_nonbaseload_proxy_ep0.75_gp1.25_lf0.75_life40_dr0.07,0.9,nonbaseload_proxy,760.2244408589601,0.75,1.25,0.75,40,0.07,218.88188015214791,245.23369059966453,-26.351810447516613,51.6538818113456,52.4657222375984,-62157.784071675036,114963.4205702244
C_be0.90_nonbaseload_proxy_ep0.75_gp1.25_lf0.95_life15_dr0.01,0.9,nonbaseload_proxy,760.2244408589601,0.75,1.25,0.95,15,0.01,218.88188015214791,245.23369059966453,-26.351810447516613,47.865457439402945,52.4657222375984,-843121.3593465276,146261.53229293542
C_be0.90_nonbaseload_proxy_ep0.75_gp1.25_lf0.95_life15_dr0.03,0.9,nonbaseload_proxy,760.2244408589601,0.75,1.25,0.95,15,0.03,218.88188015214791,245.23369059966453,-26.351810447516613,49.36545246345163,52.4657222375984,-449266.96033831127,146261.53229293542
C_be0.90_nonbaseload_proxy_ep0.75_gp1.25_lf0.95_life15_dr0.05,0.9,nonbaseload_proxy,760.2244408589601,0.75,1.25,0.95,15,0.05,218.88188015214791,245.23369059966453,-26.351810447516613,51.02239931866496,52.4657222375984,-169287.06613653153,146261.53229293542
C_be0.90_nonbaseload_proxy_ep0.75_gp1.25_lf0.95_life15_dr0.07,0.9,nonbaseload_proxy,760.2244408589601,0.75,1.25,0.95,15,0.07,218.88188015214791,245.23369059966453,-26.351810447516613,52.83857964348165,52.4657222375984,36160.12852808088,146261.53229293542
C_be0.90_nonbaseload_proxy_ep0.75_gp1.25_lf0.95_life25_dr0.01,0.9,nonbaseload_proxy,760.2244408589601,0.75,1.25,0.95,25,0.01,218.88188015214791,245.23369059966453,-26.351810447516613,41.861196510973784,52.4657222375984,-1943562.4986988176,146261.53229293542
C_be0.90_nonbaseload_proxy_ep0.75_gp1.25_lf0.95_life25_dr0.03,0.9,nonbaseload_proxy,760.2244408589601,0.75,1.25,0.95,25,0.03,218.88188015214791,245.23369059966453,-26.351810447516613,43.70665618778963,52.4657222375984,-1269295.663369515,146261.53229293542
C_be0.90_nonbaseload_proxy_ep0.75_gp1.25_lf0.95_life25_dr0.05,0.9,nonbaseload_proxy,760.2244408589601,0.75,1.25,0.95,25,0.05,218.88188015214791,245.23369059966453,-26.351810447516613,45.78292557796127,52.4657222375984,-783823.9282813966,146261.53229293542
C_be0.90_nonbaseload_proxy_ep0.75_gp1.25_lf0.95_life25_dr0.07,0.9,nonbaseload_proxy,760.2244408589601,0.75,1.25,0.95,25,0.07,218.88188015214791,245.23369059966453,-26.351810447516613,48.063907370596255,52.4657222375984,-426892.9323545657,146261.53229293542
C_be0.90_nonbaseload_proxy_ep0.75_gp1.25_lf0.95_life40_dr0.01,0.9,nonbaseload_proxy,760.2244408589601,0.75,1.25,0.95,40,0.01,218.88188015214791,245.23369059966453,-26.351810447516613,41.861196510973784,52.4657222375984,-1943562.4986988176,146261.53229293542
C_be0.90_nonbaseload_proxy_ep0.75_gp1.25_lf0.95_life40_dr0.03,0.9,nonbaseload_proxy,760.2244408589601,0.75,1.25,0.95,40,0.03,218.88188015214791,245.23369059966453,-26.351810447516613,43.70665618778963,52.4657222375984,-1269295.663369515,146261.53229293542
C_be0.90_nonbaseload_proxy_ep0.75_gp1.25_lf0.95_life40_dr0.05,0.9,nonbaseload_proxy,760.2244408589601,0.75,1.25,0.95,40,0.05,218.88188015214791,245.23369059966453,-26.351810447516613,45.78292557796127,52.4657222375984,-783823.9282813966,146261.53229293542
C_be0.90_nonbaseload_proxy_ep0.75_gp1.25_lf0.95_life40_dr0.07,0.9,nonbaseload_proxy,760.2244408589601,0.75,1.25,0.95,40,0.07,218.88188015214791,245.23369059966453,-26.351810447516613,48.063907370596255,52.4657222375984,-426892.9323545657,146261.53229293542
C_be0.90_nonbaseload_proxy_ep1.00_gp0.75_lf0.25_life15_dr0.01,0.9,nonbaseload_proxy,760.2244408589601,1.0,0.75,0.25,15,0.01,218.88188015214791,245.23369059966453,-26.351810447516613,95.38138299919186,31.479433342559037,3082036.465226271,-31967.141105673058
C_be0.90_nonbaseload_proxy_ep1.00_gp0.75_lf0.25_life15_dr0.03,0.9,nonbaseload_proxy,760.2244408589601,1.0,0.75,0.25,15,0.03,218.88188015214791,245.23369059966453,-26.351810447516613,101.08136409057683,31.479433342559037,2654255.252372213,-31967.141105673058
C_be0.90_nonbaseload_proxy_ep1.00_gp0.75_lf0.25_life15_dr0.05,0.9,nonbaseload_proxy,760.2244408589601,1.0,0.75,0.25,15,0.05,218.88188015214791,245.23369059966453,-26.351810447516613,107.37776214038749,31.479433342559037,2342657.976823152,-31967.141105673058
C_be0.90_nonbaseload_proxy_ep1.00_gp0.75_lf0.25_life15_dr0.07,0.9,nonbaseload_proxy,760.2244408589601,1.0,0.75,0.25,15,0.07,218.88188015214791,245.23369059966453,-26.351810447516613,114.27924737469091,31.479433342559037,2113162.7987285806,-31967.141105673058
C_be0.90_nonbaseload_proxy_ep1.00_gp0.75_lf0.25_life25_dr0.01,0.9,nonbaseload_proxy,760.2244408589601,1.0,0.75,0.25,25,0.01,218.88188015214791,245.23369059966453,-26.351810447516613,72.56519147116101,31.479433342559037,1981595.3258739803,-31967.141105673058
C_be0.90_nonbaseload_proxy_ep1.00_gp0.75_lf0.25_life25_dr0.03,0.9,nonbaseload_proxy,760.2244408589601,1.0,0.75,0.25,25,0.03,218.88188015214791,245.23369059966453,-26.351810447516613,79.57793824306123,31.479433342559037,1834226.5493410095,-31967.141105673058
C_be0.90_nonbaseload_proxy_ep1.00_gp0.75_lf0.25_life25_dr0.05,0.9,nonbaseload_proxy,760.2244408589601,1.0,0.75,0.25,25,0.05,218.88188015214791,245.23369059966453,-26.351810447516613,87.46776192571348,31.479433342559037,1728121.1146782872,-31967.141105673058
C_be0.90_nonbaseload_proxy_ep1.00_gp0.75_lf0.25_life25_dr0.07,0.9,nonbaseload_proxy,760.2244408589601,1.0,0.75,0.25,25,0.07,218.88188015214791,245.23369059966453,-26.351810447516613,96.13549273772642,31.479433342559037,1650109.7378459347,-31967.141105673058
C_be0.90_nonbaseload_proxy_ep1.00_gp0.75_lf0.25_life40_dr0.01,0.9,nonbaseload_proxy,760.2244408589601,1.0,0.75,0.25,40,0.01,218.88188015214791,245.23369059966453,-26.351810447516613,72.56519147116101,31.479433342559037,1981595.3258739803,-31967.141105673058
C_be0.90_nonbaseload_proxy_ep1.00_gp0.75_lf0.25_life40_dr0.03,0.9,nonbaseload_proxy,760.2244408589601,1.0,0.75,0.25,40,0.03,218.88188015214791,245.23369059966453,-26.351810447516613,79.57793824306123,31.479433342559037,1834226.5493410095,-31967.141105673058
C_be0.90_nonbaseload_proxy_ep1.00_gp0.75_lf0.25_life40_dr0.05,0.9,nonbaseload_proxy,760.2244408589601,1.0,0.75,0.25,40,0.05,218.88188015214791,245.23369059966453,-26.351810447516613,87.46776192571348,31.479433342559037,1728121.1146782872,-31967.141105673058
C_be0.90_nonbaseload_proxy_ep1.00_gp0.75_lf0.25_life40_dr0.07,0.9,nonbaseload_proxy,760.2244408589601,1.0,0.75,0.25,40,0.07,218.88188015214791,245.23369059966453,-26.351810447516613,96.13549273772642,31.479433342559037,1650109.7378459347,-31967.141105673058
C_be0.90_nonbaseload_proxy_ep1.00_gp0.75_lf0.50_life15_dr0.01,0.9,nonbaseload_proxy,760.2244408589601,1.0,0.75,0.5,15,0.01,218.88188015214791,245.23369059966453,-26.351810447516613,70.17986997812007,31.479433342559037,3733099.148676674,-61529.78382140453
C_be0.90_nonbaseload_proxy_ep1.00_gp0.75_lf0.50_life15_dr0.03,0.9,nonbaseload_proxy,760.2244408589601,1.0,0.75,0.5,15,0.03,218.88188015214791,245.23369059966453,-26.351810447516613,73.02986052381257,31.479433342559037,3169033.9161257306,-61529.78382140453
C_be0.90_nonbaseload_proxy_ep1.00_gp0.75_lf0.50_life15_dr0.05,0.9,nonbaseload_proxy,760.2244408589601,1.0,0.75,0.5,15,0.05,218.88188015214791,245.23369059966453,-26.351810447516613,76.1780595487179,31.479433342559037,2759312.224484459,-61529.78382140453
C_be0.90_nonbaseload_proxy_ep1.00_gp0.75_lf0.50_life15_dr0.07,0.9,nonbaseload_proxy,760.2244408589601,1.0,0.75,0.5,15,0.07,218.88188015214791,245.23369059966453,-26.351810447516613,79.6288021658696,31.479433342559037,2457673.514585354,-61529.78382140453
C_be0.90_nonbaseload_proxy_ep1.00_gp0.75_lf0.50_life25_dr0.01,0.9,nonbaseload_proxy,760.2244408589601,1.0,0.75,0.5,25,0.01,218.88188015214791,245.23369059966453,-26.351810447516613,58.77177421410465,31.479433342559037,2632658.009324383,-61529.78382140453
C_be0.90_nonbaseload_proxy_ep1.00_gp0.75_lf0.50_life25_dr0.03,0.9,nonbaseload_proxy,760.2244408589601,1.0,0.75,0.5,25,0.03,218.88188015214791,245.23369059966453,-26.351810447516613,62.27814760005476,31.479433342559037,2349005.213094526,-61529.78382140453
C_be0.90_nonbaseload_proxy_ep1.00_gp0.75_lf0.50_life25_dr0.05,0.9,nonbaseload_proxy,760.2244408589601,1.0,0.75,0.5,25,0.05,218.88188015214791,245.23369059966453,-26.351810447516613,66.22305944138088,31.479433342559037,2144775.3623395935,-61529.78382140453
C_be0.90_nonbaseload_proxy_ep1.00_gp0.75_lf0.50_life25_dr0.07,0.9,nonbaseload_proxy,760.2244408589601,1.0,0.75,0.5,25,0.07,218.88188015214791,245.23369059966453,-26.351810447516613,70.55692484738735,31.479433342559037,1994620.4537027078,-61529.78382140453
C_be0.90_nonbaseload_proxy_ep1.00_gp0.75_lf0.50_life40_dr0.01,0.9,nonbaseload_proxy,760.2244408589601,1.0,0.75,0.5,40,0.01,218.88188015214791,245.23369059966453,-26.351810447516613,58.77177421410465,31.479433342559037,2632658.009324383,-61529.78382140453
C_be0.90_nonbaseload_proxy_ep1.00_gp0.75_lf0.50_life40_dr0.03,0.9,nonbaseload_proxy,760.2244408589601,1.0,0.75,0.5,40,0.03,218.88188015214791,245.23369059966453,-26.351810447516613,62.27814760005476,31.479433342559037,2349005.213094526,-61529.78382140453
C_be0.90_nonbaseload_proxy_ep1.00_gp0.75_lf0.50_life40_dr0.05,0.9,nonbaseload_proxy,760.2244408589601,1.0,0.75,0.5,40,0.05,218.88188015214791,245.23369059966453,-26.351810447516613,66.22305944138088,31.479433342559037,2144775.3623395935,-61529.78382140453
C_be0.90_nonbaseload_proxy_ep1.00_gp0.75_lf0.50_life40_dr0.07,0.9,nonbaseload_proxy,760.2244408589601,1.0,0.75,0.5,40,0.07,218.88188015214791,245.23369059966453,-26.351810447516613,70.55692484738735,31.479433342559037,1994620.4537027078,-61529.78382140453
C_be0.90_nonbaseload_proxy_ep1.00_gp0.75_lf0.75_life15_dr0.01,0.9,nonbaseload_proxy,760.2244408589601,1.0,0.75,0.75,15,0.01,218.88188015214791,245.23369059966453,-26.351810447516613,61.779365637762815,31.479433342559037,4384161.8321270775,-91092.426537136
C_be0.90_nonbaseload_proxy_ep1.00_gp0.75_lf0.75_life15_dr0.03,0.9,nonbaseload_proxy,760.2244408589601,1.0,0.75,0.75,15,0.03,218.88188015214791,245.23369059966453,-26.351810447516613,63.679359334891146,31.479433342559037,3683812.579879247,-91092.426537136
C_be0.90_nonbaseload_proxy_ep1.00_gp0.75_lf0.75_life15_dr0.05,0.9,nonbaseload_proxy,760.2244408589601,1.0,0.75,0.75,15,0.05,218.88188015214791,245.23369059966453,-26.351810447516613,65.77815868482803,31.479433342559037,3175966.472145765,-91092.426537136
C_be0.90_nonbaseload_proxy_ep1.00_gp0.75_lf0.75_life15_dr0.07,0.9,nonbaseload_proxy,760.2244408589601,1.0,0.75,0.75,15,0.07,218.88188015214791,245.23369059966453,-26.351810447516613,68.07865376292916,31.479433342559037,2802184.2304421277,-91092.426537136
C_be0.90_nonbaseload_proxy_ep1.00_gp0.75_lf0.75_life25_dr0.01,0.9,nonbaseload_proxy,760.2244408589601,1.0,0.75,0.75,25,0.01,218.88188015214791,245.23369059966453,-26.351810447516613,54.17396846175253,31.479433342559037,3283720.6927747857,-91092.426537136
C_be0.90_nonbaseload_proxy_ep1.00_gp0.75_lf0.75_life25_dr0.03,0.9,nonbaseload_proxy,760.2244408589601,1.0,0.75,0.75,25,0.03,218.88188015214791,245.23369059966453,-26.351810447516613,56.511550719052615,31.479433342559037,2863783.8768480434,-91092.426537136
C_be0.90_nonbaseload_proxy_ep1.00_gp0.75_lf0.75_life25_dr0.05,0.9,nonbaseload_proxy,760.2244408589601,1.0,0.75,0.75,25,0.05,218.88188015214791,245.23369059966453,-26.351810447516613,59.14149194660335,31.479433342559037,2561429.6100009,-91092.426537136
C_be0.90_nonbaseload_proxy_ep1.00_gp0.75_lf0.75_life25_dr0.07,0.9,nonbaseload_proxy,760.2244408589601,1.0,0.75,0.75,25,0.07,218.88188015214791,245.23369059966453,-26.351810447516613,62.030735550607666,31.479433342559037,2339131.169559481,-91092.426537136
C_be0.90_nonbaseload_proxy_ep1.00_gp0.75_lf0.75_life40_dr0.01,0.9,nonbaseload_proxy,760.2244408589601,1.0,0.75,0.75,40,0.01,218.88188015214791,245.23369059966453,-26.351810447516613,54.17396846175253,31.479433342559037,3283720.6927747857,-91092.426537136
C_be0.90_nonbaseload_proxy_ep1.00_gp0.75_lf0.75_life40_dr0.03,0.9,nonbaseload_proxy,760.2244408589601,1.0,0.75,0.75,40,0.03,218.88188015214791,245.23369059966453,-26.351810447516613,56.511550719052615,31.479433342559037,2863783.8768480434,-91092.426537136
C_be0.90_nonbaseload_proxy_ep1.00_gp0.75_lf0.75_life40_dr0.05,0.9,nonbaseload_proxy,760.2244408589601,1.0,0.75,0.75,40,0.05,218.88188015214791,245.23369059966453,-26.351810447516613,59.14149194660335,31.479433342559037,2561429.6100009,-91092.426537136
C_be0.90_nonbaseload_proxy_ep1.00_gp0.75_lf0.75_life40_dr0.07,0.9,nonbaseload_proxy,760.2244408589601,1.0,0.75,0.75,40,0.07,218.88188015214791,245.23369059966453,-26.351810447516613,62.030735550607666,31.479433342559037,2339131.169559481,-91092.426537136
C_be0.90_nonbaseload_proxy_ep1.00_gp0.75_lf0.95_life15_dr0.01,0.9,nonbaseload_proxy,760.2244408589601,1.0,0.75,0.95,15,0.01,218.88188015214791,245.23369059966453,-26.351810447516613,58.24231117866503,31.479433342559037,4905011.978887399,-114742.54070972116
C_be0.90_nonbaseload_proxy_ep1.00_gp0.75_lf0.95_life15_dr0.03,0.9,nonbaseload_proxy,760.2244408589601,1.0,0.75,0.95,15,0.03,218.88188015214791,245.23369059966453,-26.351810447516613,59.742306202713706,31.479433342559037,4095635.51088206,-114742.54070972116
C_be0.90_nonbaseload_proxy_ep1.00_gp0.75_lf0.95_life15_dr0.05,0.9,nonbaseload_proxy,760.2244408589601,1.0,0.75,0.95,15,0.05,218.88188015214791,245.23369059966453,-26.351810447516613,61.39925305792703,31.479433342559037,3509289.8702748097,-114742.54070972116
C_be0.90_nonbaseload_proxy_ep1.00_gp0.75_lf0.95_life15_dr0.07,0.9,nonbaseload_proxy,760.2244408589601,1.0,0.75,0.95,15,0.07,218.88188015214791,245.23369059966453,-26.351810447516613,63.215433382743726,31.479433342559037,3077792.8031275463,-114742.54070972116
C_be0.90_nonbaseload_proxy_ep1.00_gp0.75_lf0.95_life25_dr0.01,0.9,nonbaseload_proxy,760.2244408589601,1.0,0.75,0.95,25,0.01,218.88188015214791,245.23369059966453,-26.351810447516613,52.23805025023585,31.479433342559037,3804570.839535107,-114742.54070972116
C_be0.90_nonbaseload_proxy_ep1.00_gp0.75_lf0.95_life25_dr0.03,0.9,nonbaseload_proxy,760.2244408589601,1.0,0.75,0.95,25,0.03,218.88188015214791,245.23369059966453,-26.351810447516613,54.08350992705171,31.479433342559037,3275606.8078508563,-114742.54070972116
C_be0.90_nonbaseload_proxy_ep1.00_gp0.75_lf0.95_life25_dr0.05,0.9,nonbaseload_proxy,760.2244408589601,1.0,0.75,0.95,25,0.05,218.88188015214791,245.23369059966453,-26.351810447516613,56.15977931722334,31.479433342559037,2894753.0081299446,-114742.54070972116
C_be0.90_nonbaseload_proxy_ep1.00_gp0.75_lf0.95_life25_dr0.07,0.9,nonbaseload_proxy,760.2244408589601,1.0,0.75,0.95,25,0.07,218.88188015214791,245.23369059966453,-26.351810447516613,58.44076110985833,31.479433342559037,2614739.7422448997,-114742.54070972116
C_be0.90_nonbaseload_proxy_ep1.00_gp0.75_lf0.95_life40_dr0.01,0.9,nonbaseload_proxy,760.2244408589601,1.0,0.75,0.95,40,0.01,218.88188015214791,245.23369059966453,-26.351810447516613,52.23805025023585,31.479433342559037,3804570.839535107,-114742.54070972116
C_be0.90_nonbaseload_proxy_ep1.00_gp0.75_lf0.95_life40_dr0.03,0.9,nonbaseload_proxy,760.2244408589601,1.0,0.75,0.95,40,0.03,218.88188015214791,245.23369059966453,-26.351810447516613,54.08350992705171,31.479433342559037,3275606.8078508563,-114742.54070972116
C_be0.90_nonbaseload_proxy_ep1.00_gp0.75_lf0.95_life40_dr0.05,0.9,nonbaseload_proxy,760.2244408589601,1.0,0.75,0.95,40,0.05,218.88188015214791,245.23369059966453,-26.351810447516613,56.15977931722334,31.479433342559037,2894753.0081299446,-114742.54070972116
C_be0.90_nonbaseload_proxy_ep1.00_gp0.75_lf0.95_life40_dr0.07,0.9,nonbaseload_proxy,760.2244408589601,1.0,0.75,0.95,40,0.07,218.88188015214791,245.23369059966453,-26.351810447516613,58.44076110985833,31.479433342559037,2614739.7422448997,-114742.54070972116
C_be0.90_nonbaseload_proxy_ep1.00_gp1.00_lf0.25_life15_dr0.01,0.9,nonbaseload_proxy,760.2244408589601,1.0,1.0,0.25,15,0.01,218.88188015214791,245.23369059966453,-26.351810447516613,95.38138299919186,41.97257779007872,2575944.6480607926,-8987.154765604952
C_be0.90_nonbaseload_proxy_ep1.00_gp1.00_lf0.25_life15_dr0.03,0.9,nonbaseload_proxy,760.2244408589601,1.0,1.0,0.25,15,0.03,218.88188015214791,245.23369059966453,-26.351810447516613,101.08136409057683,41.97257779007872,2254101.3562890557,-8987.154765604952
C_be0.90_nonbaseload_proxy_ep1.00_gp1.00_lf0.25_life15_dr0.05,0.9,nonbaseload_proxy,760.2244408589601,1.0,1.0,0.25,15,0.05,218.88188015214791,245.23369059966453,-26.351810447516613,107.37776214038749,41.97257779007872,2018779.3232177666,-8987.154765604952
C_be0.90_nonbaseload_proxy_ep1.00_gp1.00_lf0.25_life15_dr0.07,0.9,nonbaseload_proxy,760.2244408589601,1.0,1.0,0.25,15,0.07,218.88188015214791,245.23369059966453,-26.351810447516613,114.27924737469091,41.97257779007872,1845363.6164794627,-8987.154765604952
C_be0.90_nonbaseload_proxy_ep1.00_gp1.00_lf0.25_life25_dr0.01,0.9,nonbaseload_proxy,760.2244408589601,1.0,1.0,0.25,25,0.01,218.88188015214791,245.23369059966453,-26.351810447516613,72.56519147116101,41.97257779007872,1475503.5087085017,-8987.154765604952
C_be0.90_nonbaseload_proxy_ep1.00_gp1.00_lf0.25_life25_dr0.03,0.9,nonbaseload_proxy,760.2244408589601,1.0,1.0,0.25,25,0.03,218.88188015214791,245.23369059966453,-26.351810447516613,79.57793824306123,41.97257779007872,1434072.653257852,-8987.154765604952
C_be0.90_nonbaseload_proxy_ep1.00_gp1.00_lf0.25_life25_dr0.05,0.9,nonbaseload_proxy,760.2244408589601,1.0,1.0,0.25,25,0.05,218.88188015214791,245.23369059966453,-26.351810447516613,87.46776192571348,41.97257779007872,1404242.4610729015,-8987.154765604952
C_be0.90_nonbaseload_proxy_ep1.00_gp1.00_lf0.25_life25_dr0.07,0.9,nonbaseload_proxy,760.2244408589601,1.0,1.0,0.25,25,0.07,218.88188015214791,245.23369059966453,-26.351810447516613,96.13549273772642,41.97257779007872,1382310.5555968166,-8987.154765604952
C_be0.90_nonbaseload_proxy_ep1.00_gp1.00_lf0.25_life40_dr0.01,0.9,nonbaseload_proxy,760.2244408589601,1.0,1.0,0.25,40,0.01,218.88188015214791,245.23369059966453,-26.351810447516613,72.56519147116101,41.97257779007872,1475503.5087085017,-8987.154765604952
C_be0.90_nonbaseload_proxy_ep1.00_gp1.00_lf0.25_life40_dr0.03,0.9,nonbaseload_proxy,760.2244408589601,1.0,1.0,0.25,40,0.03,218.88188015214791,245.23369059966453,-26.351810447516613,79.57793824306123,41.97257779007872,1434072.653257852,-8987.154765604952
C_be0.90_nonbaseload_proxy_ep1.00_gp1.00_lf0.25_life40_dr0.05,0.9,nonbaseload_proxy,760.2244408589601,1.0,1.0,0.25,40,0.05,218.88188015214791,245.23369059966453,-26.351810447516613,87.46776192571348,41.97257779007872,1404242.4610729015,-8987.154765604952
C_be0.90_nonbaseload_proxy_ep1.00_gp1.00_lf0.25_life40_dr0.07,0.9,nonbaseload_proxy,760.2244408589601,1.0,1.0,0.25,40,0.07,218.88188015214791,245.23369059966453,-26.351810447516613,96.13549273772642,41.97257779007872,1382310.5555968166,-8987.154765604952
C_be0.90_nonbaseload_proxy_ep1.00_gp1.00_lf0.50_life15_dr0.01,0.9,nonbaseload_proxy,760.2244408589601,1.0,1.0,0.5,15,0.01,218.88188015214791,245.23369059966453,-26.351810447516613,70.17986997812007,41.97257779007872,2720915.5143457167,-15569.811141268321
C_be0.90_nonbaseload_proxy_ep1.00_gp1.00_lf0.50_life15_dr0.03,0.9,nonbaseload_proxy,760.2244408589601,1.0,1.0,0.5,15,0.03,218.88188015214791,245.23369059966453,-26.351810447516613,73.02986052381257,41.97257779007872,2368726.1239594156,-15569.811141268321
C_be0.90_nonbaseload_proxy_ep1.00_gp1.00_lf0.50_life15_dr0.05,0.9,nonbaseload_proxy,760.2244408589601,1.0,1.0,0.5,15,0.05,218.88188015214791,245.23369059966453,-26.351810447516613,76.1780595487179,41.97257779007872,2111554.9172736877,-15569.811141268321
C_be0.90_nonbaseload_proxy_ep1.00_gp1.00_lf0.50_life15_dr0.07,0.9,nonbaseload_proxy,760.2244408589601,1.0,1.0,0.5,15,0.07,218.88188015214791,245.23369059966453,-26.351810447516613,79.6288021658696,41.97257779007872,1922075.1500871177,-15569.811141268321
C_be0.90_nonbaseload_proxy_ep1.00_gp1.00_lf0.50_life25_dr0.01,0.9,nonbaseload_proxy,760.2244408589601,1.0,1.0,0.5,25,0.01,218.88188015214791,245.23369059966453,-26.351810447516613,58.77177421410465,41.97257779007872,1620474.3749934258,-15569.811141268321
C_be0.90_nonbaseload_proxy_ep1.00_gp1.00_lf0.50_life25_dr0.03,0.9,nonbaseload_proxy,760.2244408589601,1.0,1.0,0.5,25,0.03,218.88188015214791,245.23369059966453,-26.351810447516613,62.27814760005476,41.97257779007872,1548697.420928211,-15569.811141268321
C_be0.90_nonbaseload_proxy_ep1.00_gp1.00_lf0.50_life25_dr0.05,0.9,nonbaseload_proxy,760.2244408589601,1.0,1.0,0.5,25,0.05,218.88188015214791,245.23369059966453,-26.351810447516613,66.22305944138088,41.97257779007872,1497018.055128822,-15569.811141268321
C_be0.90_nonbaseload_proxy_ep1.00_gp1.00_lf0.50_life25_dr0.07,0.9,nonbaseload_proxy,760.2244408589601,1.0,1.0,0.5,25,0.07,218.88188015214791,245.23369059966453,-26.351810447516613,70.55692484738735,41.97257779007872,1459022.0892044716,-15569.811141268321
C_be0.90_nonbaseload_proxy_ep1.00_gp1.00_lf0.50_life40_dr0.01,0.9,nonbaseload_proxy,760.2244408589601,1.0,1.0,0.5,40,0.01,218.88188015214791,245.23369059966453,-26.351810447516613,58.77177421410465,41.97257779007872,1620474.3749934258,-15569.811141268321
C_be0.90_nonbaseload_proxy_ep1.00_gp1.00_lf0.50_life40_dr0.03,0.9,nonbaseload_proxy,760.2244408589601,1.0,1.0,0.5,40,0.03,218.88188015214791,245.23369059966453,-26.351810447516613,62.27814760005476,41.97257779007872,1548697.420928211,-15569.811141268321
C_be0.90_nonbaseload_proxy_ep1.00_gp1.00_lf0.50_life40_dr0.05,0.9,nonbaseload_proxy,760.2244408589601,1.0,1.0,0.5,40,0.05,218.88188015214791,245.23369059966453,-26.351810447516613,66.22305944138088,41.97257779007872,1497018.055128822,-15569.811141268321
C_be0.90_nonbaseload_proxy_ep1.00_gp1.00_lf0.50_life40_dr0.07,0.9,nonbaseload_proxy,760.2244408589601,1.0,1.0,0.5,40,0.07,218.88188015214791,245.23369059966453,-26.351810447516613,70.55692484738735,41.97257779007872,1459022.0892044716,-15569.811141268321
C_be0.90_nonbaseload_proxy_ep1.00_gp1.00_lf0.75_life15_dr0.01,0.9,nonbaseload_proxy,760.2244408589601,1.0,1.0,0.75,15,0.01,218.88188015214791,245.23369059966453,-26.351810447516613,61.779365637762815,41.97257779007872,2865886.380630642,-22152.467516931705
C_be0.90_nonbaseload_proxy_ep1.00_gp1.00_lf0.75_life15_dr0.03,0.9,nonbaseload_proxy,760.2244408589601,1.0,1.0,0.75,15,0.03,218.88188015214791,245.23369059966453,-26.351810447516613,63.679359334891146,41.97257779007872,2483350.891629775,-22152.467516931705
C_be0.90_nonbaseload_proxy_ep1.00_gp1.00_lf0.75_life15_dr0.05,0.9,nonbaseload_proxy,760.2244408589601,1.0,1.0,0.75,15,0.05,218.88188015214791,245.23369059966453,-26.351810447516613,65.77815868482803,41.97257779007872,2204330.511329608,-22152.467516931705
C_be0.90_nonbaseload_proxy_ep1.00_gp1.00_lf0.75_life15_dr0.07,0.9,nonbaseload_proxy,760.2244408589601,1.0,1.0,0.75,15,0.07,218.88188015214791,245.23369059966453,-26.351810447516613,68.07865376292916,41.97257779007872,1998786.6836947743,-22152.467516931705
C_be0.90_nonbaseload_proxy_ep1.00_gp1.00_lf0.75_life25_dr0.01,0.9,nonbaseload_proxy,760.2244408589601,1.0,1.0,0.75,25,0.01,218.88188015214791,245.23369059966453,-26.351810447516613,54.17396846175253,41.97257779007872,1765445.2412783504,-22152.467516931705
C_be0.90_nonbaseload_proxy_ep1.00_gp1.00_lf0.75_life25_dr0.03,0.9,nonbaseload_proxy,760.2244408589601,1.0,1.0,0.75,25,0.03,218.88188015214791,245.23369059966453,-26.351810447516613,56.511550719052615,41.97257779007872,1663322.1885985713,-22152.467516931705
C_be0.90_nonbaseload_proxy_ep1.00_gp1.00_lf0.75_life25_dr0.05,0.9,nonbaseload_proxy,760.2244408589601,1.0,1.0,0.75,25,0.05,218.88188015214791,245.23369059966453,-26.351810447516613,59.14149194660335,41.97257779007872,1589793.649184743,-22152.467516931705
C_be0.90_nonbaseload_proxy_ep1.00_gp1.00_lf0.75_life25_dr0.07,0.9,nonbaseload_proxy,760.2244408589601,1.0,1.0,0.75,25,0.07,218.88188015214791,245.23369059966453,-26.351810447516613,62.030735550607666,41.97257779007872,1535733.6228121277,-22152.467516931705
C_be0.90_nonbaseload_proxy_ep1.00_gp1.00_lf0.75_life40_dr0.01,0.9,nonbaseload_proxy,760.2244408589601,1.0,1.0,0.75,40,0.01,218.88188015214791,245.23369059966453,-26.351810447516613,54.17396846175253,41.97257779007872,1765445.2412783504,-22152.467516931705
C_be0.90_nonbaseload_proxy_ep1.00_gp1.00_lf0.75_life40_dr0.03,0.9,nonbaseload_proxy,760.2244408589601,1.0,1.0,0.75,40,0.03,218.88188015214791,245.23369059966453,-26.351810447516613,56.511550719052615,41.97257779007872,1663322.1885985713,-22152.467516931705
C_be0.90_nonbaseload_proxy_ep1.00_gp1.00_lf0.75_life40_dr0.05,0.9,nonbaseload_proxy,760.2244408589601,1.0,1.0,0.75,40,0.05,218.88188015214791,245.23369059966453,-26.351810447516613,59.14149194660335,41.97257779007872,1589793.649184743,-22152.467516931705
C_be0.90_nonbaseload_proxy_ep1.00_gp1.00_lf0.75_life40_dr0.07,0.9,nonbaseload_proxy,760.2244408589601,1.0,1.0,0.75,40,0.07,218.88188015214791,245.23369059966453,-26.351810447516613,62.030735550607666,41.97257779007872,1535733.6228121277,-22152.467516931705
C_be0.90_nonbaseload_proxy_ep1.00_gp1.00_lf0.95_life15_dr0.01,0.9,nonbaseload_proxy,760.2244408589601,1.0,1.0,0.95,15,0.01,218.88188015214791,245.23369059966453,-26.351810447516613,58.24231117866503,41.97257779007872,2981863.073658581,-27418.59261746239
C_be0.90_nonbaseload_proxy_ep1.00_gp1.00_lf0.95_life15_dr0.03,0.9,nonbaseload_proxy,760.2244408589601,1.0,1.0,0.95,15,0.03,218.88188015214791,245.23369059966453,-26.351810447516613,59.742306202713706,41.97257779007872,2575050.7057660623,-27418.59261746239
C_be0.90_nonbaseload_proxy_ep1.00_gp1.00_lf0.95_life15_dr0.05,0.9,nonbaseload_proxy,760.2244408589601,1.0,1.0,0.95,15,0.05,218.88188015214791,245.23369059966453,-26.351810447516613,61.39925305792703,41.97257779007872,2278550.9865743443,-27418.59261746239
C_be0.90_nonbaseload_proxy_ep1.00_gp1.00_lf0.95_life15_dr0.07,0.9,nonbaseload_proxy,760.2244408589601,1.0,1.0,0.95,15,0.07,218.88188015214791,245.23369059966453,-26.351810447516613,63.215433382743726,41.97257779007872,2060155.9105808982,-27418.59261746239
C_be0.90_nonbaseload_proxy_ep1.00_gp1.00_lf0.95_life25_dr0.01,0.9,nonbaseload_proxy,760.2244408589601,1.0,1.0,0.95,25,0.01,218.88188015214791,245.23369059966453,-26.351810447516613,52.23805025023585,41.97257779007872,1881421.934306289,-27418.59261746239
C_be0.90_nonbaseload_proxy_ep1.00_gp1.00_lf0.95_life25_dr0.03,0.9,nonbaseload_proxy,760.2244408589601,1.0,1.0,0.95,25,0.03,218.88188015214791,245.23369059966453,-26.351810447516613,54.08350992705171,41.97257779007872,1755022.0027348585,-27418.59261746239
C_be0.90_nonbaseload_proxy_ep1.00_gp1.00_lf0.95_life25_dr0.05,0.9,nonbaseload_proxy,760.2244408589601,1.0,1.0,0.95,25,0.05,218.88188015214791,245.23369059966453,-26.351810447516613,56.15977931722334,41.97257779007872,1664014.1244294792,-27418.59261746239
C_be0.90_nonbaseload_proxy_ep1.00_gp1.00_lf0.95_life25_dr0.07,0.9,nonbaseload_proxy,760.2244408589601,1.0,1.0,0.95,25,0.07,218.88188015214791,245.23369059966453,-26.351810447516613,58.44076110985833,41.97257779007872,1597102.8496982516,-27418.59261746239
C_be0.90_nonbaseload_proxy_ep1.00_gp1.00_lf0.95_life40_dr0.01,0.9,nonbaseload_proxy,760.2244408589601,1.0,1.0,0.95,40,0.01,218.88188015214791,245.23369059966453,-26.351810447516613,52.23805025023585,41.97257779007872,1881421.934306289,-27418.59261746239
C_be0.90_nonbaseload_proxy_ep1.00_gp1.00_lf0.95_life40_dr0.03,0.9,nonbaseload_proxy,760.2244408589601,1.0,1.0,0.95,40,0.03,218.88188015214791,245.23369059966453,-26.351810447516613,54.08350992705171,41.97257779007872,1755022.0027348585,-27418.59261746239
C_be0.90_nonbaseload_proxy_ep1.00_gp1.00_lf0.95_life40_dr0.05,0.9,nonbaseload_proxy,760.2244408589601,1.0,1.0,0.95,40,0.05,218.88188015214791,245.23369059966453,-26.351810447516613,56.15977931722334,41.97257779007872,1664014.1244294792,-27418.59261746239
C_be0.90_nonbaseload_proxy_ep1.00_gp1.00_lf0.95_life40_dr0.07,0.9,nonbaseload_proxy,760.2244408589601,1.0,1.0,0.95,40,0.07,218.88188015214791,245.23369059966453,-26.351810447516613,58.44076110985833,41.97257779007872,1597102.8496982516,-27418.59261746239
C_be0.90_nonbaseload_proxy_ep1.00_gp1.25_lf0.25_life15_dr0.01,0.9,nonbaseload_proxy,760.2244408589601,1.0,1.25,0.25,15,0.01,218.88188015214791,245.23369059966453,-26.351810447516613,95.38138299919186,52.4657222375984,2069852.830895314,13992.831574463155
C_be0.90_nonbaseload_proxy_ep1.00_gp1.25_lf0.25_life15_dr0.03,0.9,nonbaseload_proxy,760.2244408589601,1.0,1.25,0.25,15,0.03,218.88188015214791,245.23369059966453,-26.351810447516613,101.08136409057683,52.4657222375984,1853947.460205898,13992.831574463155
C_be0.90_nonbaseload_proxy_ep1.00_gp1.25_lf0.25_life15_dr0.05,0.9,nonbaseload_proxy,760.2244408589601,1.0,1.25,0.25,15,0.05,218.88188015214791,245.23369059966453,-26.351810447516613,107.37776214038749,52.4657222375984,1694900.669612381,13992.831574463155
C_be0.90_nonbaseload_proxy_ep1.00_gp1.25_lf0.25_life15_dr0.07,0.9,nonbaseload_proxy,760.2244408589601,1.0,1.25,0.25,15,0.07,218.88188015214791,245.23369059966453,-26.351810447516613,114.27924737469091,52.4657222375984,1577564.4342303448,13992.831574463155
C_be0.90_nonbaseload_proxy_ep1.00_gp1.25_lf0.25_life25_dr0.01,0.9,nonbaseload_proxy,760.2244408589601,1.0,1.25,0.25,25,0.01,218.88188015214791,245.23369059966453,-26.351810447516613,72.56519147116101,52.4657222375984,969411.6915430231,13992.831574463155
C_be0.90_nonbaseload_proxy_ep1.00_gp1.25_lf0.25_life25_dr0.03,0.9,nonbaseload_proxy,760.2244408589601,1.0,1.25,0.25,25,0.03,218.88188015214791,245.23369059966453,-26.351810447516613,79.57793824306123,52.4657222375984,1033918.7571746942,13992.831574463155
C_be0.90_nonbaseload_proxy_ep1.00_gp1.25_lf0.25_life25_dr0.05,0.9,nonbaseload_proxy,760.2244408589601,1.0,1.25,0.25,25,0.05,218.88188015214791,245.23369059966453,-26.351810447516613,87.46776192571348,52.4657222375984,1080363.8074675158,13992.831574463155
C_be0.90_nonbaseload_proxy_ep1.00_gp1.25_lf0.25_life25_dr0.07,0.9,nonbaseload_proxy,760.2244408589601,1.0,1.25,0.25,25,0.07,218.88188015214791,245.23369059966453,-26.351810447516613,96.13549273772642,52.4657222375984,1114511.3733476987,13992.831574463155
C_be0.90_nonbaseload_proxy_ep1.00_gp1.25_lf0.25_life40_dr0.01,0.9,nonbaseload_proxy,760.2244408589601,1.0,1.25,0.25,40,0.01,218.88188015214791,245.23369059966453,-26.351810447516613,72.56519147116101,52.4657222375984,969411.6915430231,13992.831574463155
C_be0.90_nonbaseload_proxy_ep1.00_gp1.25_lf0.25_life40_dr0.03,0.9,nonbaseload_proxy,760.2244408589601,1.0,1.25,0.25,40,0.03,218.88188015214791,245.23369059966453,-26.351810447516613,79.57793824306123,52.4657222375984,1033918.7571746942,13992.831574463155
C_be0.90_nonbaseload_proxy_ep1.00_gp1.25_lf0.25_life40_dr0.05,0.9,nonbaseload_proxy,760.2244408589601,1.0,1.25,0.25,40,0.05,218.88188015214791,245.23369059966453,-26.351810447516613,87.46776192571348,52.4657222375984,1080363.8074675158,13992.831574463155
C_be0.90_nonbaseload_proxy_ep1.00_gp1.25_lf0.25_life40_dr0.07,0.9,nonbaseload_proxy,760.2244408589601,1.0,1.25,0.25,40,0.07,218.88188015214791,245.23369059966453,-26.351810447516613,96.13549273772642,52.4657222375984,1114511.3733476987,13992.831574463155
C_be0.90_nonbaseload_proxy_ep1.00_gp1.25_lf0.50_life15_dr0.01,0.9,nonbaseload_proxy,760.2244408589601,1.0,1.25,0.5,15,0.01,218.88188015214791,245.23369059966453,-26.351810447516613,70.17986997812007,52.4657222375984,1708731.8800147595,30390.16153886789
C_be0.90_nonbaseload_proxy_ep1.00_gp1.25_lf0.50_life15_dr0.03,0.9,nonbaseload_proxy,760.2244408589601,1.0,1.25,0.5,15,0.03,218.88188015214791,245.23369059966453,-26.351810447516613,73.02986052381257,52.4657222375984,1568418.3317931,30390.16153886789
C_be0.90_nonbaseload_proxy_ep1.00_gp1.25_lf0.50_life15_dr0.05,0.9,nonbaseload_proxy,760.2244408589601,1.0,1.25,0.5,15,0.05,218.88188015214791,245.23369059966453,-26.351810447516613,76.1780595487179,52.4657222375984,1463797.6100629163,30390.16153886789
C_be0.90_nonbaseload_proxy_ep1.00_gp1.25_lf0.50_life15_dr0.07,0.9,nonbaseload_proxy,760.2244408589601,1.0,1.25,0.5,15,0.07,218.88188015214791,245.23369059966453,-26.351810447516613,79.6288021658696,52.4657222375984,1386476.785588882,30390.16153886789
C_be0.90_nonbaseload_proxy_ep1.00_gp1.25_lf0.50_life25_dr0.01,0.9,nonbaseload_proxy,760.2244408589601,1.0,1.25,0.5,25,0.01,218.88188015214791,245.23369059966453,-26.351810447516613,58.77177421410465,52.4657222375984,608290.7406624686,30390.16153886789
C_be0.90_nonbaseload_proxy_ep1.00_gp1.25_lf0.50_life25_dr0.03,0.9,nonbaseload_proxy,760.2244408589601,1.0,1.25,0.5,25,0.03,218.88188015214791,245.23369059966453,-26.351810447516613,62.27814760005476,52.4657222375984,748389.6287618955,30390.16153886789
C_be0.90_nonbaseload_proxy_ep1.00_gp1.25_lf0.50_life25_dr0.05,0.9,nonbaseload_proxy,760.2244408589601,1.0,1.25,0.5,25,0.05,218.88188015214791,245.23369059966453,-26.351810447516613,66.22305944138088,52.4657222375984,849260.7479180507,30390.16153886789
C_be0.90_nonbaseload_proxy_ep1.00_gp1.25_lf0.50_life25_dr0.07,0.9,nonbaseload_proxy,760.2244408589601,1.0,1.25,0.5,25,0.07,218.88188015214791,245.23369059966453,-26.351810447516613,70.55692484738735,52.4657222375984,923423.7247062358,30390.16153886789
C_be0.90_nonbaseload_proxy_ep1.00_gp1.25_lf0.50_life40_dr0.01,0.9,nonbaseload_proxy,760.2244408589601,1.0,1.25,0.5,40,0.01,218.88188015214791,245.23369059966453,-26.351810447516613,58.77177421410465,52.4657222375984,608290.7406624686,30390.16153886789
C_be0.90_nonbaseload_proxy_ep1.00_gp1.25_lf0.50_life40_dr0.03,0.9,nonbaseload_proxy,760.2244408589601,1.0,1.25,0.5,40,0.03,218.88188015214791,245.23369059966453,-26.351810447516613,62.27814760005476,52.4657222375984,748389.6287618955,30390.16153886789
C_be0.90_nonbaseload_proxy_ep1.00_gp1.25_lf0.50_life40_dr0.05,0.9,nonbaseload_proxy,760.2244408589601,1.0,1.25,0.5,40,0.05,218.88188015214791,245.23369059966453,-26.351810447516613,66.22305944138088,52.4657222375984,849260.7479180507,30390.16153886789
C_be0.90_nonbaseload_proxy_ep1.00_gp1.25_lf0.50_life40_dr0.07,0.9,nonbaseload_proxy,760.2244408589601,1.0,1.25,0.5,40,0.07,218.88188015214791,245.23369059966453,-26.351810447516613,70.55692484738735,52.4657222375984,923423.7247062358,30390.16153886789
C_be0.90_nonbaseload_proxy_ep1.00_gp1.25_lf0.75_life15_dr0.01,0.9,nonbaseload_proxy,760.2244408589601,1.0,1.25,0.75,15,0.01,218.88188015214791,245.23369059966453,-26.351810447516613,61.779365637762815,52.4657222375984,1347610.929134206,46787.49150327261
C_be0.90_nonbaseload_proxy_ep1.00_gp1.25_lf0.75_life15_dr0.03,0.9,nonbaseload_proxy,760.2244408589601,1.0,1.25,0.75,15,0.03,218.88188015214791,245.23369059966453,-26.351810447516613,63.679359334891146,52.4657222375984,1282889.2033803025,46787.49150327261
C_be0.90_nonbaseload_proxy_ep1.00_gp1.25_lf0.75_life15_dr0.05,0.9,nonbaseload_proxy,760.2244408589601,1.0,1.25,0.75,15,0.05,218.88188015214791,245.23369059966453,-26.351810447516613,65.77815868482803,52.4657222375984,1232694.550513451,46787.49150327261
C_be0.90_nonbaseload_proxy_ep1.00_gp1.25_lf0.75_life15_dr0.07,0.9,nonbaseload_proxy,760.2244408589601,1.0,1.25,0.75,15,0.07,218.88188015214791,245.23369059966453,-26.351810447516613,68.07865376292916,52.4657222375984,1195389.13694742,46787.49150327261
C_be0.90_nonbaseload_proxy_ep1.00_gp1.25_lf0.75_life25_dr0.01,0.9,nonbaseload_proxy,760.2244408589601,1.0,1.25,0.75,25,0.01,218.88188015214791,245.23369059966453,-26.351810447516613,54.17396846175253,52.4657222375984,247169.7897819141,46787.49150327261
C_be0.90_nonbaseload_proxy_ep1.00_gp1.25_lf0.75_life25_dr0.03,0.9,nonbaseload_proxy,760.2244408589601,1.0,1.25,0.75,25,0.03,218.88188015214791,245.23369059966453,-26.351810447516613,56.511550719052615,52.4657222375984,462860.5003490988,46787.49150327261
C_be0.90_nonbaseload_proxy_ep1.00_gp1.25_lf0.75_life25_dr0.05,0.9,nonbaseload_proxy,760.2244408589601,1.0,1.25,0.75,25,0.05,218.88188015214791,245.23369059966453,-26.351810447516613,59.14149194660335,52.4657222375984,618157.6883685859,46787.49150327261
C_be0.90_nonbaseload_proxy_ep1.00_gp1.25_lf0.75_life25_dr0.07,0.9,nonbaseload_proxy,760.2244408589601,1.0,1.25,0.75,25,0.07,218.88188015214791,245.23369059966453,-26.351810447516613,62.030735550607666,52.4657222375984,732336.0760647734,46787.49150327261
C_be0.90_nonbaseload_proxy_ep1.00_gp1.25_lf0.75_life40_dr0.01,0.9,nonbaseload_proxy,760.2244408589601,1.0,1.25,0.75,40,0.01,218.88188015214791,245.23369059966453,-26.351810447516613,54.17396846175253,52.4657222375984,247169.7897819141,46787.49150327261
C_be0.90_nonbaseload_proxy_ep1.00_gp1.25_lf0.75_life40_dr0.03,0.9,nonbaseload_proxy,760.2244408589601,1.0,1.25,0.75,40,0.03,218.88188015214791,245.23369059966453,-26.351810447516613,56.511550719052615,52.4657222375984,462860.5003490988,46787.49150327261
C_be0.90_nonbaseload_proxy_ep1.00_gp1.25_lf0.75_life40_dr0.05,0.9,nonbaseload_proxy,760.2244408589601,1.0,1.25,0.75,40,0.05,218.88188015214791,245.23369059966453,-26.351810447516613,59.14149194660335,52.4657222375984,618157.6883685859,46787.49150327261
C_be0.90_nonbaseload_proxy_ep1.00_gp1.25_lf0.75_life40_dr0.07,0.9,nonbaseload_proxy,760.2244408589601,1.0,1.25,0.75,40,0.07,218.88188015214791,245.23369059966453,-26.351810447516613,62.030735550607666,52.4657222375984,732336.0760647734,46787.49150327261
C_be0.90_nonbaseload_proxy_ep1.00_gp1.25_lf0.95_life15_dr0.01,0.9,nonbaseload_proxy,760.2244408589601,1.0,1.25,0.95,15,0.01,218.88188015214791,245.23369059966453,-26.351810447516613,58.24231117866503,52.4657222375984,1058714.1684297621,59905.35547479644
C_be0.90_nonbaseload_proxy_ep1.00_gp1.25_lf0.95_life15_dr0.03,0.9,nonbaseload_proxy,760.2244408589601,1.0,1.25,0.95,15,0.03,218.88188015214791,245.23369059966453,-26.351810447516613,59.742306202713706,52.4657222375984,1054465.9006500626,59905.35547479644
C_be0.90_nonbaseload_proxy_ep1.00_gp1.25_lf0.95_life15_dr0.05,0.9,nonbaseload_proxy,760.2244408589601,1.0,1.25,0.95,15,0.05,218.88188015214791,245.23369059966453,-26.351810447516613,61.39925305792703,52.4657222375984,1047812.1028738786,59905.35547479644
C_be0.90_nonbaseload_proxy_ep1.00_gp1.25_lf0.95_life15_dr0.07,0.9,nonbaseload_proxy,760.2244408589601,1.0,1.25,0.95,15,0.07,218.88188015214791,245.23369059966453,-26.351810447516613,63.215433382743726,52.4657222375984,1042519.0180342495,59905.35547479644
C_be0.90_nonbaseload_proxy_ep1.00_gp1.25_lf0.95_life25_dr0.01,0.9,nonbaseload_proxy,760.2244408589601,1.0,1.25,0.95,25,0.01,218.88188015214791,245.23369059966453,-26.351810447516613,52.23805025023585,52.4657222375984,-41726.9709225297,59905.35547479644
C_be0.90_nonbaseload_proxy_ep1.00_gp1.25_lf0.95_life25_dr0.03,0.9,nonbaseload_proxy,760.2244408589601,1.0,1.25,0.95,25,0.03,218.88188015214791,245.23369059966453,-26.351810447516613,54.08350992705171,52.4657222375984,234437.1976188589,59905.35547479644
C_be0.90_nonbaseload_proxy_ep1.00_gp1.25_lf0.95_life25_dr0.05,0.9,nonbaseload_proxy,760.2244408589601,1.0,1.25,0.95,25,0.05,218.88188015214791,245.23369059966453,-26.351810447516613,56.15977931722334,52.4657222375984,433275.24072901346,59905.35547479644
C_be0.90_nonbaseload_proxy_ep1.00_gp1.25_lf0.95_life25_dr0.07,0.9,nonbaseload_proxy,760.2244408589601,1.0,1.25,0.95,25,0.07,218.88188015214791,245.23369059966453,-26.351810447516613,58.44076110985833,52.4657222375984,579465.957151603,59905.35547479644
C_be0.90_nonbaseload_proxy_ep1.00_gp1.25_lf0.95_life40_dr0.01,0.9,nonbaseload_proxy,760.2244408589601,1.0,1.25,0.95,40,0.01,218.88188015214791,245.23369059966453,-26.351810447516613,52.23805025023585,52.4657222375984,-41726.9709225297,59905.35547479644
C_be0.90_nonbaseload_proxy_ep1.00_gp1.25_lf0.95_life40_dr0.03,0.9,nonbaseload_proxy,760.2244408589601,1.0,1.25,0.95,40,0.03,218.88188015214791,245.23369059966453,-26.351810447516613,54.08350992705171,52.4657222375984,234437.1976188589,59905.35547479644
C_be0.90_nonbaseload_proxy_ep1.00_gp1.25_lf0.95_life40_dr0.05,0.9,nonbaseload_proxy,760.2244408589601,1.0,1.25,0.95,40,0.05,218.88188015214791,245.23369059966453,-26.351810447516613,56.15977931722334,52.4657222375984,433275.24072901346,59905.35547479644
C_be0.90_nonbaseload_proxy_ep1.00_gp1.25_lf0.95_life40_dr0.07,0.9,nonbaseload_proxy,760.2244408589601,1.0,1.25,0.95,40,0.07,218.88188015214791,245.23369059966453,-26.351810447516613,58.44076110985833,52.4657222375984,579465.957151603,59905.35547479644
C_be0.90_nonbaseload_proxy_ep1.25_gp0.75_lf0.25_life15_dr0.01,0.9,nonbaseload_proxy,760.2244408589601,1.25,0.75,0.25,15,0.01,218.88188015214791,245.23369059966453,-26.351810447516613,105.75823673845393,31.479433342559037,3582519.4988516103,-54692.45079465701
C_be0.90_nonbaseload_proxy_ep1.25_gp0.75_lf0.25_life15_dr0.03,0.9,nonbaseload_proxy,760.2244408589601,1.25,0.75,0.25,15,0.03,218.88188015214791,245.23369059966453,-26.351810447516613,111.45821782983892,31.479433342559037,3049974.4263165225,-54692.45079465701
C_be0.90_nonbaseload_proxy_ep1.25_gp0.75_lf0.25_life15_dr0.05,0.9,nonbaseload_proxy,760.2244408589601,1.25,0.75,0.25,15,0.05,218.88188015214791,245.23369059966453,-26.351810447516613,117.75461587964955,31.479433342559037,2662947.231825892,-54692.45079465701
C_be0.90_nonbaseload_proxy_ep1.25_gp0.75_lf0.25_life15_dr0.07,0.9,nonbaseload_proxy,760.2244408589601,1.25,0.75,0.25,15,0.07,218.88188015214791,245.23369059966453,-26.351810447516613,124.656101113953,31.479433342559037,2377994.0854407307,-54692.45079465701
C_be0.90_nonbaseload_proxy_ep1.25_gp0.75_lf0.25_life25_dr0.01,0.9,nonbaseload_proxy,760.2244408589601,1.25,0.75,0.25,25,0.01,218.88188015214791,245.23369059966453,-26.351810447516613,82.9420452104231,31.479433342559037,2482078.35949932,-54692.45079465701
C_be0.90_nonbaseload_proxy_ep1.25_gp0.75_lf0.25_life25_dr0.03,0.9,nonbaseload_proxy,760.2244408589601,1.25,0.75,0.25,25,0.03,218.88188015214791,245.23369059966453,-26.351810447516613,89.95479198232331,31.479433342559037,2229945.723285319,-54692.45079465701
C_be0.90_nonbaseload_proxy_ep1.25_gp0.75_lf0.25_life25_dr0.05,0.9,nonbaseload_proxy,760.2244408589601,1.25,0.75,0.25,25,0.05,218.88188015214791,245.23369059966453,-26.351810447516613,97.84461566497555,31.479433342559037,2048410.3696810266,-54692.45079465701
C_be0.90_nonbaseload_proxy_ep1.25_gp0.75_lf0.25_life25_dr0.07,0.9,nonbaseload_proxy,760.2244408589601,1.25,0.75,0.25,25,0.07,218.88188015214791,245.23369059966453,-26.351810447516613,106.5123464769885,31.479433342559037,1914941.0245580843,-54692.45079465701
C_be0.90_nonbaseload_proxy_ep1.25_gp0.75_lf0.25_life40_dr0.01,0.9,nonbaseload_proxy,760.2244408589601,1.25,0.75,0.25,40,0.01,218.88188015214791,245.23369059966453,-26.351810447516613,82.9420452104231,31.479433342559037,2482078.35949932,-54692.45079465701
C_be0.90_nonbaseload_proxy_ep1.25_gp0.75_lf0.25_life40_dr0.03,0.9,nonbaseload_proxy,760.2244408589601,1.25,0.75,0.25,40,0.03,218.88188015214791,245.23369059966453,-26.351810447516613,89.95479198232331,31.479433342559037,2229945.723285319,-54692.45079465701
C_be0.90_nonbaseload_proxy_ep1.25_gp0.75_lf0.25_life40_dr0.05,0.9,nonbaseload_proxy,760.2244408589601,1.25,0.75,0.25,40,0.05,218.88188015214791,245.23369059966453,-26.351810447516613,97.84461566497555,31.479433342559037,2048410.3696810266,-54692.45079465701
C_be0.90_nonbaseload_proxy_ep1.25_gp0.75_lf0.25_life40_dr0.07,0.9,nonbaseload_proxy,760.2244408589601,1.25,0.75,0.25,40,0.07,218.88188015214791,245.23369059966453,-26.351810447516613,106.5123464769885,31.479433342559037,1914941.0245580843,-54692.45079465701
C_be0.90_nonbaseload_proxy_ep1.25_gp0.75_lf0.50_life15_dr0.01,0.9,nonbaseload_proxy,760.2244408589601,1.25,0.75,0.5,15,0.01,218.88188015214791,245.23369059966453,-26.351810447516613,80.55672371738216,31.479433342559037,4734065.215927353,-106980.40319937243
C_be0.90_nonbaseload_proxy_ep1.25_gp0.75_lf0.50_life15_dr0.03,0.9,nonbaseload_proxy,760.2244408589601,1.25,0.75,0.5,15,0.03,218.88188015214791,245.23369059966453,-26.351810447516613,83.40671426307465,31.479433342559037,3960472.2640143484,-106980.40319937243
C_be0.90_nonbaseload_proxy_ep1.25_gp0.75_lf0.50_life15_dr0.05,0.9,nonbaseload_proxy,760.2244408589601,1.25,0.75,0.5,15,0.05,218.88188015214791,245.23369059966453,-26.351810447516613,86.55491328797996,31.479433342559037,3399890.734489938,-106980.40319937243
C_be0.90_nonbaseload_proxy_ep1.25_gp0.75_lf0.50_life15_dr0.07,0.9,nonbaseload_proxy,760.2244408589601,1.25,0.75,0.5,15,0.07,218.88188015214791,245.23369059966453,-26.351810447516613,90.00565590513169,31.479433342559037,2987336.088009654,-106980.40319937243
C_be0.90_nonbaseload_proxy_ep1.25_gp0.75_lf0.50_life25_dr0.01,0.9,nonbaseload_proxy,760.2244408589601,1.25,0.75,0.5,25,0.01,218.88188015214791,245.23369059966453,-26.351810447516613,69.14862795336674,31.479433342559037,3633624.0765750622,-106980.40319937243
C_be0.90_nonbaseload_proxy_ep1.25_gp0.75_lf0.50_life25_dr0.03,0.9,nonbaseload_proxy,760.2244408589601,1.25,0.75,0.5,25,0.03,218.88188015214791,245.23369059966453,-26.351810447516613,72.65500133931684,31.479433342559037,3140443.5609831447,-106980.40319937243
C_be0.90_nonbaseload_proxy_ep1.25_gp0.75_lf0.50_life25_dr0.05,0.9,nonbaseload_proxy,760.2244408589601,1.25,0.75,0.5,25,0.05,218.88188015214791,245.23369059966453,-26.351810447516613,76.59991318064296,31.479433342559037,2785353.8723450727,-106980.40319937243
C_be0.90_nonbaseload_proxy_ep1.25_gp0.75_lf0.50_life25_dr0.07,0.9,nonbaseload_proxy,760.2244408589601,1.25,0.75,0.5,25,0.07,218.88188015214791,245.23369059966453,-26.351810447516613,80.93377858664944,31.479433342559037,2524283.0271270075,-106980.40319937243
C_be0.90_nonbaseload_proxy_ep1.25_gp0.75_lf0.50_life40_dr0.01,0.9,nonbaseload_proxy,760.2244408589601,1.25,0.75,0.5,40,0.01,218.88188015214791,245.23369059966453,-26.351810447516613,69.14862795336674,31.479433342559037,3633624.0765750622,-106980.40319937243
C_be0.90_nonbaseload_proxy_ep1.25_gp0.75_lf0.50_life40_dr0.03,0.9,nonbaseload_proxy,760.2244408589601,1.25,0.75,0.5,40,0.03,218.88188015214791,245.23369059966453,-26.351810447516613,72.65500133931684,31.479433342559037,3140443.5609831447,-106980.40319937243
C_be0.90_nonbaseload_proxy_ep1.25_gp0.75_lf0.50_life40_dr0.05,0.9,nonbaseload_proxy,760.2244408589601,1.25,0.75,0.5,40,0.05,218.88188015214791,245.23369059966453,-26.351810447516613,76.59991318064296,31.479433342559037,2785353.8723450727,-106980.40319937243
C_be0.90_nonbaseload_proxy_ep1.25_gp0.75_lf0.50_life40_dr0.07,0.9,nonbaseload_proxy,760.2244408589601,1.25,0.75,0.5,40,0.07,218.88188015214791,245.23369059966453,-26.351810447516613,80.93377858664944,31.479433342559037,2524283.0271270075,-106980.40319937243
C_be0.90_nonbaseload_proxy_ep1.25_gp0.75_lf0.75_life15_dr0.01,0.9,nonbaseload_proxy,760.2244408589601,1.25,0.75,0.75,15,0.01,218.88188015214791,245.23369059966453,-26.351810447516613,72.15621937702487,31.479433342559037,5885610.933003092,-159268.3556040878
C_be0.90_nonbaseload_proxy_ep1.25_gp0.75_lf0.75_life15_dr0.03,0.9,nonbaseload_proxy,760.2244408589601,1.25,0.75,0.75,15,0.03,218.88188015214791,245.23369059966453,-26.351810447516613,74.0562130741532,31.479433342559037,4870970.101712173,-159268.3556040878
C_be0.90_nonbaseload_proxy_ep1.25_gp0.75_lf0.75_life15_dr0.05,0.9,nonbaseload_proxy,760.2244408589601,1.25,0.75,0.75,15,0.05,218.88188015214791,245.23369059966453,-26.351810447516613,76.15501242409009,31.479433342559037,4136834.2371539827,-159268.3556040878
C_be0.90_nonbaseload_proxy_ep1.25_gp0.75_lf0.75_life15_dr0.07,0.9,nonbaseload_proxy,760.2244408589601,1.25,0.75,0.75,15,0.07,218.88188015214791,245.23369059966453,-26.351810447516613,78.45550750219124,31.479433342559037,3596678.090578576,-159268.3556040878
C_be0.90_nonbaseload_proxy_ep1.25_gp0.75_lf0.75_life25_dr0.01,0.9,nonbaseload_proxy,760.2244408589601,1.25,0.75,0.75,25,0.01,218.88188015214791,245.23369059966453,-26.351810447516613,64.5508222010146,31.479433342559037,4785169.793650802,-159268.3556040878
C_be0.90_nonbaseload_proxy_ep1.25_gp0.75_lf0.75_life25_dr0.03,0.9,nonbaseload_proxy,760.2244408589601,1.25,0.75,0.75,25,0.03,218.88188015214791,245.23369059966453,-26.351810447516613,66.88840445831468,31.479433342559037,4050941.3986809696,-159268.3556040878
C_be0.90_nonbaseload_proxy_ep1.25_gp0.75_lf0.75_life25_dr0.05,0.9,nonbaseload_proxy,760.2244408589601,1.25,0.75,0.75,25,0.05,218.88188015214791,245.23369059966453,-26.351810447516613,69.51834568586541,31.479433342559037,3522297.3750091176,-159268.3556040878
C_be0.90_nonbaseload_proxy_ep1.25_gp0.75_lf0.75_life25_dr0.07,0.9,nonbaseload_proxy,760.2244408589601,1.25,0.75,0.75,25,0.07,218.88188015214791,245.23369059966453,-26.351810447516613,72.40758928986973,31.479433342559037,3133625.0296959295,-159268.3556040878
C_be0.90_nonbaseload_proxy_ep1.25_gp0.75_lf0.75_life40_dr0.01,0.9,nonbaseload_proxy,760.2244408589601,1.25,0.75,0.75,40,0.01,218.88188015214791,245.23369059966453,-26.351810447516613,64.5508222010146,31.479433342559037,4785169.793650802,-159268.3556040878
C_be0.90_nonbaseload_proxy_ep1.25_gp0.75_lf0.75_life40_dr0.03,0.9,nonbaseload_proxy,760.2244408589601,1.25,0.75,0.75,40,0.03,218.88188015214791,245.23369059966453,-26.351810447516613,66.88840445831468,31.479433342559037,4050941.3986809696,-159268.3556040878
C_be0.90_nonbaseload_proxy_ep1.25_gp0.75_lf0.75_life40_dr0.05,0.9,nonbaseload_proxy,760.2244408589601,1.25,0.75,0.75,40,0.05,218.88188015214791,245.23369059966453,-26.351810447516613,69.51834568586541,31.479433342559037,3522297.3750091176,-159268.3556040878
C_be0.90_nonbaseload_proxy_ep1.25_gp0.75_lf0.75_life40_dr0.07,0.9,nonbaseload_proxy,760.2244408589601,1.25,0.75,0.75,40,0.07,218.88188015214791,245.23369059966453,-26.351810447516613,72.40758928986973,31.479433342559037,3133625.0296959295,-159268.3556040878
C_be0.90_nonbaseload_proxy_ep1.25_gp0.75_lf0.95_life15_dr0.01,0.9,nonbaseload_proxy,760.2244408589601,1.25,0.75,0.95,15,0.01,218.88188015214791,245.23369059966453,-26.351810447516613,68.61916491792711,31.479433342559037,6806847.506663688,-201098.71752786014
C_be0.90_nonbaseload_proxy_ep1.25_gp0.75_lf0.95_life15_dr0.03,0.9,nonbaseload_proxy,760.2244408589601,1.25,0.75,0.95,15,0.03,218.88188015214791,245.23369059966453,-26.351810447516613,70.11915994197578,31.479433342559037,5599368.371870433,-201098.71752786014
C_be0.90_nonbaseload_proxy_ep1.25_gp0.75_lf0.95_life15_dr0.05,0.9,nonbaseload_proxy,760.2244408589601,1.25,0.75,0.95,15,0.05,218.88188015214791,245.23369059966453,-26.351810447516613,71.7761067971891,31.479433342559037,4726389.03928522,-201098.71752786014
C_be0.90_nonbaseload_proxy_ep1.25_gp0.75_lf0.95_life15_dr0.07,0.9,nonbaseload_proxy,760.2244408589601,1.25,0.75,0.95,15,0.07,218.88188015214791,245.23369059966453,-26.351810447516613,73.59228712200579,31.479433342559037,4084151.692633714,-201098.71752786014
C_be0.90_nonbaseload_proxy_ep1.25_gp0.75_lf0.95_life25_dr0.01,0.9,nonbaseload_proxy,760.2244408589601,1.25,0.75,0.95,25,0.01,218.88188015214791,245.23369059966453,-26.351810447516613,62.61490398949793,31.479433342559037,5706406.367311397,-201098.71752786014
C_be0.90_nonbaseload_proxy_ep1.25_gp0.75_lf0.95_life25_dr0.03,0.9,nonbaseload_proxy,760.2244408589601,1.25,0.75,0.95,25,0.03,218.88188015214791,245.23369059966453,-26.351810447516613,64.46036366631378,31.479433342559037,4779339.66883923,-201098.71752786014
C_be0.90_nonbaseload_proxy_ep1.25_gp0.75_lf0.95_life25_dr0.05,0.9,nonbaseload_proxy,760.2244408589601,1.25,0.75,0.95,25,0.05,218.88188015214791,245.23369059966453,-26.351810447516613,66.53663305648541,31.479433342559037,4111852.1771403546,-201098.71752786014
C_be0.90_nonbaseload_proxy_ep1.25_gp0.75_lf0.95_life25_dr0.07,0.9,nonbaseload_proxy,760.2244408589601,1.25,0.75,0.95,25,0.07,218.88188015214791,245.23369059966453,-26.351810447516613,68.8176148491204,31.479433342559037,3621098.6317510675,-201098.71752786014
C_be0.90_nonbaseload_proxy_ep1.25_gp0.75_lf0.95_life40_dr0.01,0.9,nonbaseload_proxy,760.2244408589601,1.25,0.75,0.95,40,0.01,218.88188015214791,245.23369059966453,-26.351810447516613,62.61490398949793,31.479433342559037,5706406.367311397,-201098.71752786014
C_be0.90_nonbaseload_proxy_ep1.25_gp0.75_lf0.95_life40_dr0.03,0.9,nonbaseload_proxy,760.2244408589601,1.25,0.75,0.95,40,0.03,218.88188015214791,245.23369059966453,-26.351810447516613,64.46036366631378,31.479433342559037,4779339.66883923,-201098.71752786014
C_be0.90_nonbaseload_proxy_ep1.25_gp0.75_lf0.95_life40_dr0.05,0.9,nonbaseload_proxy,760.2244408589601,1.25,0.75,0.95,40,0.05,218.88188015214791,245.23369059966453,-26.351810447516613,66.53663305648541,31.479433342559037,4111852.1771403546,-201098.71752786014
C_be0.90_nonbaseload_proxy_ep1.25_gp0.75_lf0.95_life40_dr0.07,0.9,nonbaseload_proxy,760.2244408589601,1.25,0.75,0.95,40,0.07,218.88188015214791,245.23369059966453,-26.351810447516613,68.8176148491204,31.479433342559037,3621098.6317510675,-201098.71752786014
C_be0.90_nonbaseload_proxy_ep1.25_gp1.00_lf0.25_life15_dr0.01,0.9,nonbaseload_proxy,760.2244408589601,1.25,1.0,0.25,15,0.01,218.88188015214791,245.23369059966453,-26.351810447516613,105.75823673845393,41.97257779007872,3076427.6816861317,-31712.464454588902
C_be0.90_nonbaseload_proxy_ep1.25_gp1.00_lf0.25_life15_dr0.03,0.9,nonbaseload_proxy,760.2244408589601,1.25,1.0,0.25,15,0.03,218.88188015214791,245.23369059966453,-26.351810447516613,111.45821782983892,41.97257779007872,2649820.530233365,-31712.464454588902
C_be0.90_nonbaseload_proxy_ep1.25_gp1.00_lf0.25_life15_dr0.05,0.9,nonbaseload_proxy,760.2244408589601,1.25,1.0,0.25,15,0.05,218.88188015214791,245.23369059966453,-26.351810447516613,117.75461587964955,41.97257779007872,2339068.578220506,-31712.464454588902
C_be0.90_nonbaseload_proxy_ep1.25_gp1.00_lf0.25_life15_dr0.07,0.9,nonbaseload_proxy,760.2244408589601,1.25,1.0,0.25,15,0.07,218.88188015214791,245.23369059966453,-26.351810447516613,124.656101113953,41.97257779007872,2110194.903191613,-31712.464454588902
C_be0.90_nonbaseload_proxy_ep1.25_gp1.00_lf0.25_life25_dr0.01,0.9,nonbaseload_proxy,760.2244408589601,1.25,1.0,0.25,25,0.01,218.88188015214791,245.23369059966453,-26.351810447516613,82.9420452104231,41.97257779007872,1975986.5423338413,-31712.464454588902
C_be0.90_nonbaseload_proxy_ep1.25_gp1.00_lf0.25_life25_dr0.03,0.9,nonbaseload_proxy,760.2244408589601,1.25,1.0,0.25,25,0.03,218.88188015214791,245.23369059966453,-26.351810447516613,89.95479198232331,41.97257779007872,1829791.8272021613,-31712.464454588902
C_be0.90_nonbaseload_proxy_ep1.25_gp1.00_lf0.25_life25_dr0.05,0.9,nonbaseload_proxy,760.2244408589601,1.25,1.0,0.25,25,0.05,218.88188015214791,245.23369059966453,-26.351810447516613,97.84461566497555,41.97257779007872,1724531.7160756409,-31712.464454588902
C_be0.90_nonbaseload_proxy_ep1.25_gp1.00_lf0.25_life25_dr0.07,0.9,nonbaseload_proxy,760.2244408589601,1.25,1.0,0.25,25,0.07,218.88188015214791,245.23369059966453,-26.351810447516613,106.5123464769885,41.97257779007872,1647141.8423089662,-31712.464454588902
C_be0.90_nonbaseload_proxy_ep1.25_gp1.00_lf0.25_life40_dr0.01,0.9,nonbaseload_proxy,760.2244408589601,1.25,1.0,0.25,40,0.01,218.88188015214791,245.23369059966453,-26.351810447516613,82.9420452104231,41.97257779007872,1975986.5423338413,-31712.464454588902
C_be0.90_nonbaseload_proxy_ep1.25_gp1.00_lf0.25_life40_dr0.03,0.9,nonbaseload_proxy,760.2244408589601,1.25,1.0,0.25,40,0.03,218.88188015214791,245.23369059966453,-26.351810447516613,89.95479198232331,41.97257779007872,1829791.8272021613,-31712.464454588902
C_be0.90_nonbaseload_proxy_ep1.25_gp1.00_lf0.25_life40_dr0.05,0.9,nonbaseload_proxy,760.2244408589601,1.25,1.0,0.25,40,0.05,218.88188015214791,245.23369059966453,-26.351810447516613,97.84461566497555,41.97257779007872,1724531.7160756409,-31712.464454588902
C_be0.90_nonbaseload_proxy_ep1.25_gp1.00_lf0.25_life40_dr0.07,0.9,nonbaseload_proxy,760.2244408589601,1.25,1.0,0.25,40,0.07,218.88188015214791,245.23369059966453,-26.351810447516613,106.5123464769885,41.97257779007872,1647141.8423089662,-31712.464454588902
C_be0.90_nonbaseload_proxy_ep1.25_gp1.00_lf0.50_life15_dr0.01,0.9,nonbaseload_proxy,760.2244408589601,1.25,1.0,0.5,15,0.01,218.88188015214791,245.23369059966453,-26.351810447516613,80.55672371738216,41.97257779007872,3721881.581596396,-61020.43051923622
C_be0.90_nonbaseload_proxy_ep1.25_gp1.00_lf0.50_life15_dr0.03,0.9,nonbaseload_proxy,760.2244408589601,1.25,1.0,0.5,15,0.03,218.88188015214791,245.23369059966453,-26.351810447516613,83.40671426307465,41.97257779007872,3160164.4718480334,-61020.43051923622
C_be0.90_nonbaseload_proxy_ep1.25_gp1.00_lf0.50_life15_dr0.05,0.9,nonbaseload_proxy,760.2244408589601,1.25,1.0,0.5,15,0.05,218.88188015214791,245.23369059966453,-26.351810447516613,86.55491328797996,41.97257779007872,2752133.4272791664,-61020.43051923622
C_be0.90_nonbaseload_proxy_ep1.25_gp1.00_lf0.50_life15_dr0.07,0.9,nonbaseload_proxy,760.2244408589601,1.25,1.0,0.5,15,0.07,218.88188015214791,245.23369059966453,-26.351810447516613,90.00565590513169,41.97257779007872,2451737.723511418,-61020.43051923622
C_be0.90_nonbaseload_proxy_ep1.25_gp1.00_lf0.50_life25_dr0.01,0.9,nonbaseload_proxy,760.2244408589601,1.25,1.0,0.5,25,0.01,218.88188015214791,245.23369059966453,-26.351810447516613,69.14862795336674,41.97257779007872,2621440.442244105,-61020.43051923622
C_be0.90_nonbaseload_proxy_ep1.25_gp1.00_lf0.50_life25_dr0.03,0.9,nonbaseload_proxy,760.2244408589601,1.25,1.0,0.5,25,0.03,218.88188015214791,245.23369059966453,-26.351810447516613,72.65500133931684,41.97257779007872,2340135.7688168297,-61020.43051923622
C_be0.90_nonbaseload_proxy_ep1.25_gp1.00_lf0.50_life25_dr0.05,0.9,nonbaseload_proxy,760.2244408589601,1.25,1.0,0.5,25,0.05,218.88188015214791,245.23369059966453,-26.351810447516613,76.59991318064296,41.97257779007872,2137596.5651343013,-61020.43051923622
C_be0.90_nonbaseload_proxy_ep1.25_gp1.00_lf0.50_life25_dr0.07,0.9,nonbaseload_proxy,760.2244408589601,1.25,1.0,0.5,25,0.07,218.88188015214791,245.23369059966453,-26.351810447516613,80.93377858664944,41.97257779007872,1988684.6626287713,-61020.43051923622
C_be0.90_nonbaseload_proxy_ep1.25_gp1.00_lf0.50_life40_dr0.01,0.9,nonbaseload_proxy,760.2244408589601,1.25,1.0,0.5,40,0.01,218.88188015214791,245.23369059966453,-26.351810447516613,69.14862795336674,41.97257779007872,2621440.442244105,-61020.43051923622
C_be0.90_nonbaseload_proxy_ep1.25_gp1.00_lf0.50_life40_dr0.03,0.9,nonbaseload_proxy,760.2244408589601,1.25,1.0,0.5,40,0.03,218.88188015214791,245.23369059966453,-26.351810447516613,72.65500133931684,41.97257779007872,2340135.7688168297,-61020.43051923622
C_be0.90_nonbaseload_proxy_ep1.25_gp1.00_lf0.50_life40_dr0.05,0.9,nonbaseload_proxy,760.2244408589601,1.25,1.0,0.5,40,0.05,218.88188015214791,245.23369059966453,-26.351810447516613,76.59991318064296,41.97257779007872,2137596.5651343013,-61020.43051923622
C_be0.90_nonbaseload_proxy_ep1.25_gp1.00_lf0.50_life40_dr0.07,0.9,nonbaseload_proxy,760.2244408589601,1.25,1.0,0.5,40,0.07,218.88188015214791,245.23369059966453,-26.351810447516613,80.93377858664944,41.97257779007872,1988684.6626287713,-61020.43051923622
C_be0.90_nonbaseload_proxy_ep1.25_gp1.00_lf0.75_life15_dr0.01,0.9,nonbaseload_proxy,760.2244408589601,1.25,1.0,0.75,15,0.01,218.88188015214791,245.23369059966453,-26.351810447516613,72.15621937702487,41.97257779007872,4367335.481506657,-90328.3965838835
C_be0.90_nonbaseload_proxy_ep1.25_gp1.00_lf0.75_life15_dr0.03,0.9,nonbaseload_proxy,760.2244408589601,1.25,1.0,0.75,15,0.03,218.88188015214791,245.23369059966453,-26.351810447516613,74.0562130741532,41.97257779007872,3670508.4134627003,-90328.3965838835
C_be0.90_nonbaseload_proxy_ep1.25_gp1.00_lf0.75_life15_dr0.05,0.9,nonbaseload_proxy,760.2244408589601,1.25,1.0,0.75,15,0.05,218.88188015214791,245.23369059966453,-26.351810447516613,76.15501242409009,41.97257779007872,3165198.2763378257,-90328.3965838835
C_be0.90_nonbaseload_proxy_ep1.25_gp1.00_lf0.75_life15_dr0.07,0.9,nonbaseload_proxy,760.2244408589601,1.25,1.0,0.75,15,0.07,218.88188015214791,245.23369059966453,-26.351810447516613,78.45550750219124,41.97257779007872,2793280.5438312227,-90328.3965838835
C_be0.90_nonbaseload_proxy_ep1.25_gp1.00_lf0.75_life25_dr0.01,0.9,nonbaseload_proxy,760.2244408589601,1.25,1.0,0.75,25,0.01,218.88188015214791,245.23369059966453,-26.351810447516613,64.5508222010146,41.97257779007872,3266894.342154367,-90328.3965838835
C_be0.90_nonbaseload_proxy_ep1.25_gp1.00_lf0.75_life25_dr0.03,0.9,nonbaseload_proxy,760.2244408589601,1.25,1.0,0.75,25,0.03,218.88188015214791,245.23369059966453,-26.351810447516613,66.88840445831468,41.97257779007872,2850479.7104314975,-90328.3965838835
C_be0.90_nonbaseload_proxy_ep1.25_gp1.00_lf0.75_life25_dr0.05,0.9,nonbaseload_proxy,760.2244408589601,1.25,1.0,0.75,25,0.05,218.88188015214791,245.23369059966453,-26.351810447516613,69.51834568586541,41.97257779007872,2550661.4141929606,-90328.3965838835
C_be0.90_nonbaseload_proxy_ep1.25_gp1.00_lf0.75_life25_dr0.07,0.9,nonbaseload_proxy,760.2244408589601,1.25,1.0,0.75,25,0.07,218.88188015214791,245.23369059966453,-26.351810447516613,72.40758928986973,41.97257779007872,2330227.482948576,-90328.3965838835
C_be0.90_nonbaseload_proxy_ep1.25_gp1.00_lf0.75_life40_dr0.01,0.9,nonbaseload_proxy,760.2244408589601,1.25,1.0,0.75,40,0.01,218.88188015214791,245.23369059966453,-26.351810447516613,64.5508222010146,41.97257779007872,3266894.342154367,-90328.3965838835
C_be0.90_nonbaseload_proxy_ep1.25_gp1.00_lf0.75_life40_dr0.03,0.9,nonbaseload_proxy,760.2244408589601,1.25,1.0,0.75,40,0.03,218.88188015214791,245.23369059966453,-26.351810447516613,66.88840445831468,41.97257779007872,2850479.7104314975,-90328.3965838835
C_be0.90_nonbaseload_proxy_ep1.25_gp1.00_lf0.75_life40_dr0.05,0.9,nonbaseload_proxy,760.2244408589601,1.25,1.0,0.75,40,0.05,218.88188015214791,245.23369059966453,-26.351810447516613,69.51834568586541,41.97257779007872,2550661.4141929606,-90328.3965838835
C_be0.90_nonbaseload_proxy_ep1.25_gp1.00_lf0.75_life40_dr0.07,0.9,nonbaseload_proxy,760.2244408589601,1.25,1.0,0.75,40,0.07,218.88188015214791,245.23369059966453,-26.351810447516613,72.40758928986973,41.97257779007872,2330227.482948576,-90328.3965838835
C_be0.90_nonbaseload_proxy_ep1.25_gp1.00_lf0.95_life15_dr0.01,0.9,nonbaseload_proxy,760.2244408589601,1.25,1.0,0.95,15,0.01,218.88188015214791,245.23369059966453,-26.351810447516613,68.61916491792711,41.97257779007872,4883698.601434871,-113774.76943560137
C_be0.90_nonbaseload_proxy_ep1.25_gp1.00_lf0.95_life15_dr0.03,0.9,nonbaseload_proxy,760.2244408589601,1.25,1.0,0.95,15,0.03,218.88188015214791,245.23369059966453,-26.351810447516613,70.11915994197578,41.97257779007872,4078783.566754435,-113774.76943560137
C_be0.90_nonbaseload_proxy_ep1.25_gp1.00_lf0.95_life15_dr0.05,0.9,nonbaseload_proxy,760.2244408589601,1.25,1.0,0.95,15,0.05,218.88188015214791,245.23369059966453,-26.351810447516613,71.7761067971891,41.97257779007872,3495650.1555847544,-113774.76943560137
C_be0.90_nonbaseload_proxy_ep1.25_gp1.00_lf0.95_life15_dr0.07,0.9,nonbaseload_proxy,760.2244408589601,1.25,1.0,0.95,15,0.07,218.88188015214791,245.23369059966453,-26.351810447516613,73.59228712200579,41.97257779007872,3066514.800087066,-113774.76943560137
C_be0.90_nonbaseload_proxy_ep1.25_gp1.00_lf0.95_life25_dr0.01,0.9,nonbaseload_proxy,760.2244408589601,1.25,1.0,0.95,25,0.01,218.88188015214791,245.23369059966453,-26.351810447516613,62.61490398949793,41.97257779007872,3783257.462082579,-113774.76943560137
C_be0.90_nonbaseload_proxy_ep1.25_gp1.00_lf0.95_life25_dr0.03,0.9,nonbaseload_proxy,760.2244408589601,1.25,1.0,0.95,25,0.03,218.88188015214791,245.23369059966453,-26.351810447516613,64.46036366631378,41.97257779007872,3258754.8637232324,-113774.76943560137
C_be0.90_nonbaseload_proxy_ep1.25_gp1.00_lf0.95_life25_dr0.05,0.9,nonbaseload_proxy,760.2244408589601,1.25,1.0,0.95,25,0.05,218.88188015214791,245.23369059966453,-26.351810447516613,66.53663305648541,41.97257779007872,2881113.2934398893,-113774.76943560137
C_be0.90_nonbaseload_proxy_ep1.25_gp1.00_lf0.95_life25_dr0.07,0.9,nonbaseload_proxy,760.2244408589601,1.25,1.0,0.95,25,0.07,218.88188015214791,245.23369059966453,-26.351810447516613,68.8176148491204,41.97257779007872,2603461.7392044193,-113774.76943560137
C_be0.90_nonbaseload_proxy_ep1.25_gp1.00_lf0.95_life40_dr0.01,0.9,nonbaseload_proxy,760.2244408589601,1.25,1.0,0.95,40,0.01,218.88188015214791,245.23369059966453,-26.351810447516613,62.61490398949793,41.97257779007872,3783257.462082579,-113774.76943560137
C_be0.90_nonbaseload_proxy_ep1.25_gp1.00_lf0.95_life40_dr0.03,0.9,nonbaseload_proxy,760.2244408589601,1.25,1.0,0.95,40,0.03,218.88188015214791,245.23369059966453,-26.351810447516613,64.46036366631378,41.97257779007872,3258754.8637232324,-113774.76943560137
C_be0.90_nonbaseload_proxy_ep1.25_gp1.00_lf0.95_life40_dr0.05,0.9,nonbaseload_proxy,760.2244408589601,1.25,1.0,0.95,40,0.05,218.88188015214791,245.23369059966453,-26.351810447516613,66.53663305648541,41.97257779007872,2881113.2934398893,-113774.76943560137
C_be0.90_nonbaseload_proxy_ep1.25_gp1.00_lf0.95_life40_dr0.07,0.9,nonbaseload_proxy,760.2244408589601,1.25,1.0,0.95,40,0.07,218.88188015214791,245.23369059966453,-26.351810447516613,68.8176148491204,41.97257779007872,2603461.7392044193,-113774.76943560137
C_be0.90_nonbaseload_proxy_ep1.25_gp1.25_lf0.25_life15_dr0.01,0.9,nonbaseload_proxy,760.2244408589601,1.25,1.25,0.25,15,0.01,218.88188015214791,245.23369059966453,-26.351810447516613,105.75823673845393,52.4657222375984,2570335.864520653,-8732.478114520796
C_be0.90_nonbaseload_proxy_ep1.25_gp1.25_lf0.25_life15_dr0.03,0.9,nonbaseload_proxy,760.2244408589601,1.25,1.25,0.25,15,0.03,218.88188015214791,245.23369059966453,-26.351810447516613,111.45821782983892,52.4657222375984,2249666.634150207,-8732.478114520796
C_be0.90_nonbaseload_proxy_ep1.25_gp1.25_lf0.25_life15_dr0.05,0.9,nonbaseload_proxy,760.2244408589601,1.25,1.25,0.25,15,0.05,218.88188015214791,245.23369059966453,-26.351810447516613,117.75461587964955,52.4657222375984,2015189.9246151203,-8732.478114520796
C_be0.90_nonbaseload_proxy_ep1.25_gp1.25_lf0.25_life15_dr0.07,0.9,nonbaseload_proxy,760.2244408589601,1.25,1.25,0.25,15,0.07,218.88188015214791,245.23369059966453,-26.351810447516613,124.656101113953,52.4657222375984,1842395.720942495,-8732.478114520796
C_be0.90_nonbaseload_proxy_ep1.25_gp1.25_lf0.25_life25_dr0.01,0.9,nonbaseload_proxy,760.2244408589601,1.25,1.25,0.25,25,0.01,218.88188015214791,245.23369059966453,-26.351810447516613,82.9420452104231,52.4657222375984,1469894.7251683627,-8732.478114520796
C_be0.90_nonbaseload_proxy_ep1.25_gp1.25_lf0.25_life25_dr0.03,0.9,nonbaseload_proxy,760.2244408589601,1.25,1.25,0.25,25,0.03,218.88188015214791,245.23369059966453,-26.351810447516613,89.95479198232331,52.4657222375984,1429637.9311190036,-8732.478114520796
C_be0.90_nonbaseload_proxy_ep1.25_gp1.25_lf0.25_life25_dr0.05,0.9,nonbaseload_proxy,760.2244408589601,1.25,1.25,0.25,25,0.05,218.88188015214791,245.23369059966453,-26.351810447516613,97.84461566497555,52.4657222375984,1400653.0624702552,-8732.478114520796
C_be0.90_nonbaseload_proxy_ep1.25_gp1.25_lf0.25_life25_dr0.07,0.9,nonbaseload_proxy,760.2244408589601,1.25,1.25,0.25,25,0.07,218.88188015214791,245.23369059966453,-26.351810447516613,106.5123464769885,52.4657222375984,1379342.6600598483,-8732.478114520796
C_be0.90_nonbaseload_proxy_ep1.25_gp1.25_lf0.25_life40_dr0.01,0.9,nonbaseload_proxy,760.2244408589601,1.25,1.25,0.25,40,0.01,218.88188015214791,245.23369059966453,-26.351810447516613,82.9420452104231,52.4657222375984,1469894.7251683627,-8732.478114520796
C_be0.90_nonbaseload_proxy_ep1.25_gp1.25_lf0.25_life40_dr0.03,0.9,nonbaseload_proxy,760.2244408589601,1.25,1.25,0.25,40,0.03,218.88188015214791,245.23369059966453,-26.351810447516613,89.95479198232331,52.4657222375984,1429637.9311190036,-8732.478114520796
C_be0.90_nonbaseload_proxy_ep1.25_gp1.25_lf0.25_life40_dr0.05,0.9,nonbaseload_proxy,760.2244408589601,1.25,1.25,0.25,40,0.05,218.88188015214791,245.23369059966453,-26.351810447516613,97.84461566497555,52.4657222375984,1400653.0624702552,-8732.478114520796
C_be0.90_nonbaseload_proxy_ep1.25_gp1.25_lf0.25_life40_dr0.07,0.9,nonbaseload_proxy,760.2244408589601,1.25,1.25,0.25,40,0.07,218.88188015214791,245.23369059966453,-26.351810447516613,106.5123464769885,52.4657222375984,1379342.6600598483,-8732.478114520796
C_be0.90_nonbaseload_proxy_ep1.25_gp1.25_lf0.50_life15_dr0.01,0.9,nonbaseload_proxy,760.2244408589601,1.25,1.25,0.5,15,0.01,218.88188015214791,245.23369059966453,-26.351810447516613,80.55672371738216,52.4657222375984,2709697.9472654387,-15060.45783910001
C_be0.90_nonbaseload_proxy_ep1.25_gp1.25_lf0.50_life15_dr0.03,0.9,nonbaseload_proxy,760.2244408589601,1.25,1.25,0.5,15,0.03,218.88188015214791,245.23369059966453,-26.351810447516613,83.40671426307465,52.4657222375984,2359856.679681718,-15060.45783910001
C_be0.90_nonbaseload_proxy_ep1.25_gp1.25_lf0.50_life15_dr0.05,0.9,nonbaseload_proxy,760.2244408589601,1.25,1.25,0.5,15,0.05,218.88188015214791,245.23369059966453,-26.351810447516613,86.55491328797996,52.4657222375984,2104376.120068395,-15060.45783910001
C_be0.90_nonbaseload_proxy_ep1.25_gp1.25_lf0.50_life15_dr0.07,0.9,nonbaseload_proxy,760.2244408589601,1.25,1.25,0.5,15,0.07,218.88188015214791,245.23369059966453,-26.351810447516613,90.00565590513169,52.4657222375984,1916139.359013182,-15060.45783910001
C_be0.90_nonbaseload_proxy_ep1.25_gp1.25_lf0.50_life25_dr0.01,0.9,nonbaseload_proxy,760.2244408589601,1.25,1.25,0.5,25,0.01,218.88188015214791,245.23369059966453,-26.351810447516613,69.14862795336674,52.4657222375984,1609256.8079131478,-15060.45783910001
C_be0.90_nonbaseload_proxy_ep1.25_gp1.25_lf0.50_life25_dr0.03,0.9,nonbaseload_proxy,760.2244408589601,1.25,1.25,0.5,25,0.03,218.88188015214791,245.23369059966453,-26.351810447516613,72.65500133931684,52.4657222375984,1539827.9766505142,-15060.45783910001
C_be0.90_nonbaseload_proxy_ep1.25_gp1.25_lf0.50_life25_dr0.05,0.9,nonbaseload_proxy,760.2244408589601,1.25,1.25,0.5,25,0.05,218.88188015214791,245.23369059966453,-26.351810447516613,76.59991318064296,52.4657222375984,1489839.25792353,-15060.45783910001
C_be0.90_nonbaseload_proxy_ep1.25_gp1.25_lf0.50_life25_dr0.07,0.9,nonbaseload_proxy,760.2244408589601,1.25,1.25,0.5,25,0.07,218.88188015214791,245.23369059966453,-26.351810447516613,80.93377858664944,52.4657222375984,1453086.2981305355,-15060.45783910001
C_be0.90_nonbaseload_proxy_ep1.25_gp1.25_lf0.50_life40_dr0.01,0.9,nonbaseload_proxy,760.2244408589601,1.25,1.25,0.5,40,0.01,218.88188015214791,245.23369059966453,-26.351810447516613,69.14862795336674,52.4657222375984,1609256.8079131478,-15060.45783910001
C_be0.90_nonbaseload_proxy_ep1.25_gp1.25_lf0.50_life40_dr0.03,0.9,nonbaseload_proxy,760.2244408589601,1.25,1.25,0.5,40,0.03,218.88188015214791,245.23369059966453,-26.351810447516613,72.65500133931684,52.4657222375984,1539827.9766505142,-15060.45783910001
C_be0.90_nonbaseload_proxy_ep1.25_gp1.25_lf0.50_life40_dr0.05,0.9,nonbaseload_proxy,760.2244408589601,1.25,1.25,0.5,40,0.05,218.88188015214791,245.23369059966453,-26.351810447516613,76.59991318064296,52.4657222375984,1489839.25792353,-15060.45783910001
C_be0.90_nonbaseload_proxy_ep1.25_gp1.25_lf0.50_life40_dr0.07,0.9,nonbaseload_proxy,760.2244408589601,1.25,1.25,0.5,40,0.07,218.88188015214791,245.23369059966453,-26.351810447516613,80.93377858664944,52.4657222375984,1453086.2981305355,-15060.45783910001
C_be0.90_nonbaseload_proxy_ep1.25_gp1.25_lf0.75_life15_dr0.01,0.9,nonbaseload_proxy,760.2244408589601,1.25,1.25,0.75,15,0.01,218.88188015214791,245.23369059966453,-26.351810447516613,72.15621937702487,52.4657222375984,2849060.0300102206,-21388.43756367918
C_be0.90_nonbaseload_proxy_ep1.25_gp1.25_lf0.75_life15_dr0.03,0.9,nonbaseload_proxy,760.2244408589601,1.25,1.25,0.75,15,0.03,218.88188015214791,245.23369059966453,-26.351810447516613,74.0562130741532,52.4657222375984,2470046.725213228,-21388.43756367918
C_be0.90_nonbaseload_proxy_ep1.25_gp1.25_lf0.75_life15_dr0.05,0.9,nonbaseload_proxy,760.2244408589601,1.25,1.25,0.75,15,0.05,218.88188015214791,245.23369059966453,-26.351810447516613,76.15501242409009,52.4657222375984,2193562.3155216686,-21388.43756367918
C_be0.90_nonbaseload_proxy_ep1.25_gp1.25_lf0.75_life15_dr0.07,0.9,nonbaseload_proxy,760.2244408589601,1.25,1.25,0.75,15,0.07,218.88188015214791,245.23369059966453,-26.351810447516613,78.45550750219124,52.4657222375984,1989882.9970838684,-21388.43756367918
C_be0.90_nonbaseload_proxy_ep1.25_gp1.25_lf0.75_life25_dr0.01,0.9,nonbaseload_proxy,760.2244408589601,1.25,1.25,0.75,25,0.01,218.88188015214791,245.23369059966453,-26.351810447516613,64.5508222010146,52.4657222375984,1748618.8906579306,-21388.43756367918
C_be0.90_nonbaseload_proxy_ep1.25_gp1.25_lf0.75_life25_dr0.03,0.9,nonbaseload_proxy,760.2244408589601,1.25,1.25,0.75,25,0.03,218.88188015214791,245.23369059966453,-26.351810447516613,66.88840445831468,52.4657222375984,1650018.022182025,-21388.43756367918
C_be0.90_nonbaseload_proxy_ep1.25_gp1.25_lf0.75_life25_dr0.05,0.9,nonbaseload_proxy,760.2244408589601,1.25,1.25,0.75,25,0.05,218.88188015214791,245.23369059966453,-26.351810447516613,69.51834568586541,52.4657222375984,1579025.4533768035,-21388.43756367918
C_be0.90_nonbaseload_proxy_ep1.25_gp1.25_lf0.75_life25_dr0.07,0.9,nonbaseload_proxy,760.2244408589601,1.25,1.25,0.75,25,0.07,218.88188015214791,245.23369059966453,-26.351810447516613,72.40758928986973,52.4657222375984,1526829.9362012218,-21388.43756367918
C_be0.90_nonbaseload_proxy_ep1.25_gp1.25_lf0.75_life40_dr0.01,0.9,nonbaseload_proxy,760.2244408589601,1.25,1.25,0.75,40,0.01,218.88188015214791,245.23369059966453,-26.351810447516613,64.5508222010146,52.4657222375984,1748618.8906579306,-21388.43756367918
C_be0.90_nonbaseload_proxy_ep1.25_gp1.25_lf0.75_life40_dr0.03,0.9,nonbaseload_proxy,760.2244408589601,1.25,1.25,0.75,40,0.03,218.88188015214791,245.23369059966453,-26.351810447516613,66.88840445831468,52.4657222375984,1650018.022182025,-21388.43756367918
C_be0.90_nonbaseload_proxy_ep1.25_gp1.25_lf0.75_life40_dr0.05,0.9,nonbaseload_proxy,760.2244408589601,1.25,1.25,0.75,40,0.05,218.88188015214791,245.23369059966453,-26.351810447516613,69.51834568586541,52.4657222375984,1579025.4533768035,-21388.43756367918
C_be0.90_nonbaseload_proxy_ep1.25_gp1.25_lf0.75_life40_dr0.07,0.9,nonbaseload_proxy,760.2244408589601,1.25,1.25,0.75,40,0.07,218.88188015214791,245.23369059966453,-26.351810447516613,72.40758928986973,52.4657222375984,1526829.9362012218,-21388.43756367918
C_be0.90_nonbaseload_proxy_ep1.25_gp1.25_lf0.95_life15_dr0.01,0.9,nonbaseload_proxy,760.2244408589601,1.25,1.25,0.95,15,0.01,218.88188015214791,245.23369059966453,-26.351810447516613,68.61916491792711,52.4657222375984,2960549.696206052,-26450.82134334254
C_be0.90_nonbaseload_proxy_ep1.25_gp1.25_lf0.95_life15_dr0.03,0.9,nonbaseload_proxy,760.2244408589601,1.25,1.25,0.95,15,0.03,218.88188015214791,245.23369059966453,-26.351810447516613,70.11915994197578,52.4657222375984,2558198.7616384355,-26450.82134334254
C_be0.90_nonbaseload_proxy_ep1.25_gp1.25_lf0.95_life15_dr0.05,0.9,nonbaseload_proxy,760.2244408589601,1.25,1.25,0.95,15,0.05,218.88188015214791,245.23369059966453,-26.351810447516613,71.7761067971891,52.4657222375984,2264911.2718842886,-26450.82134334254
C_be0.90_nonbaseload_proxy_ep1.25_gp1.25_lf0.95_life15_dr0.07,0.9,nonbaseload_proxy,760.2244408589601,1.25,1.25,0.95,15,0.07,218.88188015214791,245.23369059966453,-26.351810447516613,73.59228712200579,52.4657222375984,2048877.9075404173,-26450.82134334254
C_be0.90_nonbaseload_proxy_ep1.25_gp1.25_lf0.95_life25_dr0.01,0.9,nonbaseload_proxy,760.2244408589601,1.25,1.25,0.95,25,0.01,218.88188015214791,245.23369059966453,-26.351810447516613,62.61490398949793,52.4657222375984,1860108.55685376,-26450.82134334254
C_be0.90_nonbaseload_proxy_ep1.25_gp1.25_lf0.95_life25_dr0.03,0.9,nonbaseload_proxy,760.2244408589601,1.25,1.25,0.95,25,0.03,218.88188015214791,245.23369059966453,-26.351810447516613,64.46036366631378,52.4657222375984,1738170.0586072328,-26450.82134334254
C_be0.90_nonbaseload_proxy_ep1.25_gp1.25_lf0.95_life25_dr0.05,0.9,nonbaseload_proxy,760.2244408589601,1.25,1.25,0.95,25,0.05,218.88188015214791,245.23369059966453,-26.351810447516613,66.53663305648541,52.4657222375984,1650374.4097394235,-26450.82134334254
C_be0.90_nonbaseload_proxy_ep1.25_gp1.25_lf0.95_life25_dr0.07,0.9,nonbaseload_proxy,760.2244408589601,1.25,1.25,0.95,25,0.07,218.88188015214791,245.23369059966453,-26.351810447516613,68.8176148491204,52.4657222375984,1585824.8466577707,-26450.82134334254
C_be0.90_nonbaseload_proxy_ep1.25_gp1.25_lf0.95_life40_dr0.01,0.9,nonbaseload_proxy,760.2244408589601,1.25,1.25,0.95,40,0.01,218.88188015214791,245.23369059966453,-26.351810447516613,62.61490398949793,52.4657222375984,1860108.55685376,-26450.82134334254
C_be0.90_nonbaseload_proxy_ep1.25_gp1.25_lf0.95_life40_dr0.03,0.9,nonbaseload_proxy,760.2244408589601,1.25,1.25,0.95,40,0.03,218.88188015214791,245.23369059966453,-26.351810447516613,64.46036366631378,52.4657222375984,1738170.0586072328,-26450.82134334254
C_be0.90_nonbaseload_proxy_ep1.25_gp1.25_lf0.95_life40_dr0.05,0.9,nonbaseload_proxy,760.2244408589601,1.25,1.25,0.95,40,0.05,218.88188015214791,245.23369059966453,-26.351810447516613,66.53663305648541,52.4657222375984,1650374.4097394235,-26450.82134334254
C_be0.90_nonbaseload_proxy_ep1.25_gp1.25_lf0.95_life40_dr0.07,0.9,nonbaseload_proxy,760.2244408589601,1.25,1.25,0.95,40,0.07,218.88188015214791,245.23369059966453,-26.351810447516613,68.8176148491204,52.4657222375984,1585824.8466577707,-26450.82134334254
