artifact,field_or_claim,canonical_source,generating_code,config_sha256,code_revision,command,environment,input_hashes,output_sha256,verified_utc
results/canonical/finite_q_sensitivity.csv,entire generated artifact,01f9f9939b09b92e2a0ea3eeb1cfae6e9c2212ea70a61eb83d66d836a669c9d5,scripts/run_extended_analysis.py,8607e5c5213f42cd35a117af220f6fc2df8914ff502e39aa38f847b0589e36f1,35ca1236f57a2b672f3b7f725be801fb59e043fe,make extended-analysis,python=3.10.12;platform=Linux-6.8.0-1061-aws-x86_64-with-glibc2.35;pip_freeze_sha256=b801e3f3cbd3d0d08d669bf129285247ca793ef0155741b942a8dc34bf46c824,config/model.yml=8607e5c5213f42cd35a117af220f6fc2df8914ff502e39aa38f847b0589e36f1;data/metadata/data_snapshots.csv=5e1dcf544e0d5375964b25fa2ab20d79fe85bd0e9ea09260693d975f50a46579;data/processed/analysis_cube_2023.nc=c0593448a6f9009eccf523caa96c451b07dc4c38bd65abdb3ce2db63d7a7c6fc,56dcd9ae68e16c8939195e3a1d89274467192685b9aec8a84f86a240bde46c88,2026-09-25T05:21:38+00:00
results/canonical/matched_event_allocations.csv,entire generated artifact,01f9f9939b09b92e2a0ea3eeb1cfae6e9c2212ea70a61eb83d66d836a669c9d5,scripts/run_extended_analysis.py,8607e5c5213f42cd35a117af220f6fc2df8914ff502e39aa38f847b0589e36f1,35ca1236f57a2b672f3b7f725be801fb59e043fe,make extended-analysis,python=3.10.12;platform=Linux-6.8.0-1061-aws-x86_64-with-glibc2.35;pip_freeze_sha256=b801e3f3cbd3d0d08d669bf129285247ca793ef0155741b942a8dc34bf46c824,config/model.yml=8607e5c5213f42cd35a117af220f6fc2df8914ff502e39aa38f847b0589e36f1;data/metadata/data_snapshots.csv=5e1dcf544e0d5375964b25fa2ab20d79fe85bd0e9ea09260693d975f50a46579;data/processed/analysis_cube_2023.nc=c0593448a6f9009eccf523caa96c451b07dc4c38bd65abdb3ce2db63d7a7c6fc,1721c3be6e249a678fcf4e5a6d42d1f85118ce7c0cb670ef17f0da5346ff4b78,2026-09-25T05:21:38+00:00
results/canonical/natural_redistribution_summary.csv,entire generated artifact,01f9f9939b09b92e2a0ea3eeb1cfae6e9c2212ea70a61eb83d66d836a669c9d5,scripts/run_physical_diagnostics.py,8607e5c5213f42cd35a117af220f6fc2df8914ff502e39aa38f847b0589e36f1,35ca1236f57a2b672f3b7f725be801fb59e043fe,make physical-diagnostics,python=3.10.12;platform=Linux-6.8.0-1061-aws-x86_64-with-glibc2.35;pip_freeze_sha256=b801e3f3cbd3d0d08d669bf129285247ca793ef0155741b942a8dc34bf46c824,config/model.yml=8607e5c5213f42cd35a117af220f6fc2df8914ff502e39aa38f847b0589e36f1;data/metadata/data_snapshots.csv=5e1dcf544e0d5375964b25fa2ab20d79fe85bd0e9ea09260693d975f50a46579;data/processed/analysis_cube_2023.nc=c0593448a6f9009eccf523caa96c451b07dc4c38bd65abdb3ce2db63d7a7c6fc,9d32dd46ce6d41c9c417cfb990ab08a35b443306aaa5b82cae1933a2128b47b1,2026-09-25T05:21:38+00:00
results/canonical/one_unit_allocations.csv,entire generated artifact,01f9f9939b09b92e2a0ea3eeb1cfae6e9c2212ea70a61eb83d66d836a669c9d5,scripts/run_global_analysis.py,8607e5c5213f42cd35a117af220f6fc2df8914ff502e39aa38f847b0589e36f1,35ca1236f57a2b672f3b7f725be801fb59e043fe,make analyze,python=3.10.12;platform=Linux-6.8.0-1061-aws-x86_64-with-glibc2.35;pip_freeze_sha256=b801e3f3cbd3d0d08d669bf129285247ca793ef0155741b942a8dc34bf46c824,config/model.yml=8607e5c5213f42cd35a117af220f6fc2df8914ff502e39aa38f847b0589e36f1;data/metadata/data_snapshots.csv=5e1dcf544e0d5375964b25fa2ab20d79fe85bd0e9ea09260693d975f50a46579;data/processed/analysis_cube_2023.nc=c0593448a6f9009eccf523caa96c451b07dc4c38bd65abdb3ce2db63d7a7c6fc,b6277c4652dd4601e1a8ddd959f38621eef393d3216010f9a1ff87ce18f806cd,2026-09-25T05:21:38+00:00
results/canonical/safety_ablation.csv,entire generated artifact,01f9f9939b09b92e2a0ea3eeb1cfae6e9c2212ea70a61eb83d66d836a669c9d5,scripts/run_extended_analysis.py,8607e5c5213f42cd35a117af220f6fc2df8914ff502e39aa38f847b0589e36f1,35ca1236f57a2b672f3b7f725be801fb59e043fe,make extended-analysis,python=3.10.12;platform=Linux-6.8.0-1061-aws-x86_64-with-glibc2.35;pip_freeze_sha256=b801e3f3cbd3d0d08d669bf129285247ca793ef0155741b942a8dc34bf46c824,config/model.yml=8607e5c5213f42cd35a117af220f6fc2df8914ff502e39aa38f847b0589e36f1;data/metadata/data_snapshots.csv=5e1dcf544e0d5375964b25fa2ab20d79fe85bd0e9ea09260693d975f50a46579;data/processed/analysis_cube_2023.nc=c0593448a6f9009eccf523caa96c451b07dc4c38bd65abdb3ce2db63d7a7c6fc,7f822eaa7c10e0fe9bbe8ce09a3bca12bc4de4aad82fae5d6d8c6e9db5f9744a,2026-09-25T05:21:38+00:00
results/canonical/seasonal_day_night_summary.csv,entire generated artifact,01f9f9939b09b92e2a0ea3eeb1cfae6e9c2212ea70a61eb83d66d836a669c9d5,scripts/run_extended_analysis.py,8607e5c5213f42cd35a117af220f6fc2df8914ff502e39aa38f847b0589e36f1,35ca1236f57a2b672f3b7f725be801fb59e043fe,make extended-analysis,python=3.10.12;platform=Linux-6.8.0-1061-aws-x86_64-with-glibc2.35;pip_freeze_sha256=b801e3f3cbd3d0d08d669bf129285247ca793ef0155741b942a8dc34bf46c824,config/model.yml=8607e5c5213f42cd35a117af220f6fc2df8914ff502e39aa38f847b0589e36f1;data/metadata/data_snapshots.csv=5e1dcf544e0d5375964b25fa2ab20d79fe85bd0e9ea09260693d975f50a46579;data/processed/analysis_cube_2023.nc=c0593448a6f9009eccf523caa96c451b07dc4c38bd65abdb3ce2db63d7a7c6fc,7418ebe2c0b6020d94bc5bba9bfd76af79c123211bdbf75761a24e24b148208d,2026-09-25T05:21:38+00:00
results/canonical/source_hotspot_robustness.csv,entire generated artifact,01f9f9939b09b92e2a0ea3eeb1cfae6e9c2212ea70a61eb83d66d836a669c9d5,scripts/run_robustness_analysis.py,8607e5c5213f42cd35a117af220f6fc2df8914ff502e39aa38f847b0589e36f1,35ca1236f57a2b672f3b7f725be801fb59e043fe,make robustness,python=3.10.12;platform=Linux-6.8.0-1061-aws-x86_64-with-glibc2.35;pip_freeze_sha256=b801e3f3cbd3d0d08d669bf129285247ca793ef0155741b942a8dc34bf46c824,config/model.yml=8607e5c5213f42cd35a117af220f6fc2df8914ff502e39aa38f847b0589e36f1;data/metadata/data_snapshots.csv=5e1dcf544e0d5375964b25fa2ab20d79fe85bd0e9ea09260693d975f50a46579;data/processed/analysis_cube_2023.nc=c0593448a6f9009eccf523caa96c451b07dc4c38bd65abdb3ce2db63d7a7c6fc,e1c561bee217c38f9db1984230e3565d62d2c3100be950379ed4435c9dca0d16,2026-09-25T05:21:38+00:00
results/diagnostics/extended_analysis_validation.csv,entire generated artifact,01f9f9939b09b92e2a0ea3eeb1cfae6e9c2212ea70a61eb83d66d836a669c9d5,scripts/validate_extended_analysis.py,8607e5c5213f42cd35a117af220f6fc2df8914ff502e39aa38f847b0589e36f1,35ca1236f57a2b672f3b7f725be801fb59e043fe,make validate-analysis,python=3.10.12;platform=Linux-6.8.0-1061-aws-x86_64-with-glibc2.35;pip_freeze_sha256=b801e3f3cbd3d0d08d669bf129285247ca793ef0155741b942a8dc34bf46c824,config/model.yml=8607e5c5213f42cd35a117af220f6fc2df8914ff502e39aa38f847b0589e36f1;data/metadata/data_snapshots.csv=5e1dcf544e0d5375964b25fa2ab20d79fe85bd0e9ea09260693d975f50a46579;data/processed/analysis_cube_2023.nc=c0593448a6f9009eccf523caa96c451b07dc4c38bd65abdb3ce2db63d7a7c6fc,c8a8e44d082ddbbbe24f6f1b86d8c57eb18f7f375238064b9dee4c19b69272a9,2026-09-25T05:21:38+00:00
results/diagnostics/finite_dispatch_validation.csv,entire generated artifact,be24cadcd671abe7f1f1681db8b767f1f69fe7e98ab04f8416a62d58f0cb39a0,scripts/validate_finite_dispatch.py,dd8c346ba42e23350154c3aed26bfe1b5b258cf2eacee604caef9faafac40c9a,35ca1236f57a2b672f3b7f725be801fb59e043fe,make finite-dispatch,python=3.10.12;platform=Linux-6.8.0-1061-aws-x86_64-with-glibc2.35;pip_freeze_sha256=b801e3f3cbd3d0d08d669bf129285247ca793ef0155741b942a8dc34bf46c824,results/dispatch/finite_dispatch_summary.csv=8ae7bd21686b5cbfa9dea1f04c5bdf19624999a721e99b3e89e23fdabd208ebf;results/dispatch/finite_dispatch_timeseries.csv.gz=726f29bd6c81eec06eece31fe3111534628ca2abb61ee46173b05329cc037406,25d522b9a983f7e279fca200c259bd2377cf09e3338f9101939e794736c4a14b,2026-09-25T05:21:38+00:00
results/diagnostics/global_analysis_validation.csv,entire generated artifact,01f9f9939b09b92e2a0ea3eeb1cfae6e9c2212ea70a61eb83d66d836a669c9d5,scripts/validate_global_analysis.py,8607e5c5213f42cd35a117af220f6fc2df8914ff502e39aa38f847b0589e36f1,35ca1236f57a2b672f3b7f725be801fb59e043fe,make validate-analysis,python=3.10.12;platform=Linux-6.8.0-1061-aws-x86_64-with-glibc2.35;pip_freeze_sha256=b801e3f3cbd3d0d08d669bf129285247ca793ef0155741b942a8dc34bf46c824,config/model.yml=8607e5c5213f42cd35a117af220f6fc2df8914ff502e39aa38f847b0589e36f1;data/metadata/data_snapshots.csv=5e1dcf544e0d5375964b25fa2ab20d79fe85bd0e9ea09260693d975f50a46579;data/processed/analysis_cube_2023.nc=c0593448a6f9009eccf523caa96c451b07dc4c38bd65abdb3ce2db63d7a7c6fc,2feaa356dc49914f35414c79440b2e9705892424bab5f95cbe64bc3ce160f899,2026-09-25T05:21:38+00:00
results/diagnostics/surface_radiation_context.csv,entire generated artifact,01f9f9939b09b92e2a0ea3eeb1cfae6e9c2212ea70a61eb83d66d836a669c9d5,scripts/run_physical_diagnostics.py,8607e5c5213f42cd35a117af220f6fc2df8914ff502e39aa38f847b0589e36f1,35ca1236f57a2b672f3b7f725be801fb59e043fe,make physical-diagnostics,python=3.10.12;platform=Linux-6.8.0-1061-aws-x86_64-with-glibc2.35;pip_freeze_sha256=b801e3f3cbd3d0d08d669bf129285247ca793ef0155741b942a8dc34bf46c824,config/model.yml=8607e5c5213f42cd35a117af220f6fc2df8914ff502e39aa38f847b0589e36f1;data/metadata/data_snapshots.csv=5e1dcf544e0d5375964b25fa2ab20d79fe85bd0e9ea09260693d975f50a46579;data/processed/analysis_cube_2023.nc=c0593448a6f9009eccf523caa96c451b07dc4c38bd65abdb3ce2db63d7a7c6fc,89d5f204adc15d491af32aa71dd7ef3593ec117ab4141c28fd09daa624d533bf,2026-09-25T05:21:38+00:00
results/diagnostics/synthetic_validation.csv,entire generated artifact,01f9f9939b09b92e2a0ea3eeb1cfae6e9c2212ea70a61eb83d66d836a669c9d5,scripts/validate_extended_analysis.py,8607e5c5213f42cd35a117af220f6fc2df8914ff502e39aa38f847b0589e36f1,35ca1236f57a2b672f3b7f725be801fb59e043fe,make validate-analysis,python=3.10.12;platform=Linux-6.8.0-1061-aws-x86_64-with-glibc2.35;pip_freeze_sha256=b801e3f3cbd3d0d08d669bf129285247ca793ef0155741b942a8dc34bf46c824,config/model.yml=8607e5c5213f42cd35a117af220f6fc2df8914ff502e39aa38f847b0589e36f1;data/metadata/data_snapshots.csv=5e1dcf544e0d5375964b25fa2ab20d79fe85bd0e9ea09260693d975f50a46579;data/processed/analysis_cube_2023.nc=c0593448a6f9009eccf523caa96c451b07dc4c38bd65abdb3ce2db63d7a7c6fc,f0b31ea29a4b29fa04a9fcbcfe104176fbda9d53f9428a5eeda2bd6a4d19ad78,2026-09-25T05:21:38+00:00
results/diagnostics/wind_trajectory_7d.csv,entire generated artifact,01f9f9939b09b92e2a0ea3eeb1cfae6e9c2212ea70a61eb83d66d836a669c9d5,scripts/run_physical_diagnostics.py,8607e5c5213f42cd35a117af220f6fc2df8914ff502e39aa38f847b0589e36f1,35ca1236f57a2b672f3b7f725be801fb59e043fe,make physical-diagnostics,python=3.10.12;platform=Linux-6.8.0-1061-aws-x86_64-with-glibc2.35;pip_freeze_sha256=b801e3f3cbd3d0d08d669bf129285247ca793ef0155741b942a8dc34bf46c824,config/model.yml=8607e5c5213f42cd35a117af220f6fc2df8914ff502e39aa38f847b0589e36f1;data/metadata/data_snapshots.csv=5e1dcf544e0d5375964b25fa2ab20d79fe85bd0e9ea09260693d975f50a46579;data/processed/analysis_cube_2023.nc=c0593448a6f9009eccf523caa96c451b07dc4c38bd65abdb3ce2db63d7a7c6fc,2c9215b3ac59a0119730c029ea0b1bb45397b9210a5c41a5d31acff89094ac07,2026-09-25T05:21:38+00:00
results/dispatch/finite_dispatch_metadata.json,entire generated artifact,32d2b9b97d0c486ec72ba410880ba57761f0491c66217b6a5e5db6896a32e8b4,scripts/run_finite_dispatch.py,dd8c346ba42e23350154c3aed26bfe1b5b258cf2eacee604caef9faafac40c9a,35ca1236f57a2b672f3b7f725be801fb59e043fe,make finite-dispatch,python=3.10.12;platform=Linux-6.8.0-1061-aws-x86_64-with-glibc2.35;pip_freeze_sha256=b801e3f3cbd3d0d08d669bf129285247ca793ef0155741b942a8dc34bf46c824,config/finite_dispatch.yml=dd8c346ba42e23350154c3aed26bfe1b5b258cf2eacee604caef9faafac40c9a;data/metadata/technology_parameters.csv=82e13d226cd64c909573a8ca50d500ca28e299a3787e9999396c51e621b259fa;data/raw/real_heat_cases/frontier_figshare_v4_20260924T115656Z/frontier_hpc_facility_data_v4.xlsx=56a48dd66382896890dfc2e4940ec90f894bb85795ee8e85ea2708dda05796bf,5316c7878d5e1f1e9ca3be80f6b0a4e7aeba10400dc329b9d9174b26cb9a6fd8,2026-09-25T05:21:38+00:00
results/dispatch/finite_dispatch_summary.csv,entire generated artifact,32d2b9b97d0c486ec72ba410880ba57761f0491c66217b6a5e5db6896a32e8b4,scripts/run_finite_dispatch.py,dd8c346ba42e23350154c3aed26bfe1b5b258cf2eacee604caef9faafac40c9a,35ca1236f57a2b672f3b7f725be801fb59e043fe,make finite-dispatch,python=3.10.12;platform=Linux-6.8.0-1061-aws-x86_64-with-glibc2.35;pip_freeze_sha256=b801e3f3cbd3d0d08d669bf129285247ca793ef0155741b942a8dc34bf46c824,config/finite_dispatch.yml=dd8c346ba42e23350154c3aed26bfe1b5b258cf2eacee604caef9faafac40c9a;data/metadata/technology_parameters.csv=82e13d226cd64c909573a8ca50d500ca28e299a3787e9999396c51e621b259fa;data/raw/real_heat_cases/frontier_figshare_v4_20260924T115656Z/frontier_hpc_facility_data_v4.xlsx=56a48dd66382896890dfc2e4940ec90f894bb85795ee8e85ea2708dda05796bf,8ae7bd21686b5cbfa9dea1f04c5bdf19624999a721e99b3e89e23fdabd208ebf,2026-09-25T05:21:38+00:00
results/dispatch/finite_dispatch_timeseries.csv.gz,entire generated artifact,32d2b9b97d0c486ec72ba410880ba57761f0491c66217b6a5e5db6896a32e8b4,scripts/run_finite_dispatch.py,dd8c346ba42e23350154c3aed26bfe1b5b258cf2eacee604caef9faafac40c9a,35ca1236f57a2b672f3b7f725be801fb59e043fe,make finite-dispatch,python=3.10.12;platform=Linux-6.8.0-1061-aws-x86_64-with-glibc2.35;pip_freeze_sha256=b801e3f3cbd3d0d08d669bf129285247ca793ef0155741b942a8dc34bf46c824,config/finite_dispatch.yml=dd8c346ba42e23350154c3aed26bfe1b5b258cf2eacee604caef9faafac40c9a;data/metadata/technology_parameters.csv=82e13d226cd64c909573a8ca50d500ca28e299a3787e9999396c51e621b259fa;data/raw/real_heat_cases/frontier_figshare_v4_20260924T115656Z/frontier_hpc_facility_data_v4.xlsx=56a48dd66382896890dfc2e4940ec90f894bb85795ee8e85ea2708dda05796bf,726f29bd6c81eec06eece31fe3111534628ca2abb61ee46173b05329cc037406,2026-09-25T05:21:38+00:00
results/figures/figure_1_framework.png,entire generated artifact,147d62b980e84d22b509ad1ad21752f88862cee94e3f69746195876d2b662a32,scripts/make_analysis_figures.py,8607e5c5213f42cd35a117af220f6fc2df8914ff502e39aa38f847b0589e36f1,35ca1236f57a2b672f3b7f725be801fb59e043fe,make figures,python=3.10.12;platform=Linux-6.8.0-1061-aws-x86_64-with-glibc2.35;pip_freeze_sha256=b801e3f3cbd3d0d08d669bf129285247ca793ef0155741b942a8dc34bf46c824,config/model.yml=8607e5c5213f42cd35a117af220f6fc2df8914ff502e39aa38f847b0589e36f1;results/canonical/finite_q_sensitivity.csv=56dcd9ae68e16c8939195e3a1d89274467192685b9aec8a84f86a240bde46c88;results/canonical/matched_event_allocations.csv=1721c3be6e249a678fcf4e5a6d42d1f85118ce7c0cb670ef17f0da5346ff4b78;results/canonical/natural_redistribution_summary.csv=9d32dd46ce6d41c9c417cfb990ab08a35b443306aaa5b82cae1933a2128b47b1;results/canonical/one_unit_allocations.csv=b6277c4652dd4601e1a8ddd959f38621eef393d3216010f9a1ff87ce18f806cd;results/canonical/safety_ablation.csv=7f822eaa7c10e0fe9bbe8ce09a3bca12bc4de4aad82fae5d6d8c6e9db5f9744a;results/canonical/seasonal_day_night_summary.csv=7418ebe2c0b6020d94bc5bba9bfd76af79c123211bdbf75761a24e24b148208d;results/canonical/source_hotspot_robustness.csv=e1c561bee217c38f9db1984230e3565d62d2c3100be950379ed4435c9dca0d16;results/diagnostics/extended_analysis_validation.csv=c8a8e44d082ddbbbe24f6f1b86d8c57eb18f7f375238064b9dee4c19b69272a9;results/diagnostics/global_analysis_validation.csv=2feaa356dc49914f35414c79440b2e9705892424bab5f95cbe64bc3ce160f899;results/diagnostics/surface_radiation_context.csv=89d5f204adc15d491af32aa71dd7ef3593ec117ab4141c28fd09daa624d533bf;results/diagnostics/synthetic_validation.csv=f0b31ea29a4b29fa04a9fcbcfe104176fbda9d53f9428a5eeda2bd6a4d19ad78;results/diagnostics/wind_trajectory_7d.csv=2c9215b3ac59a0119730c029ea0b1bb45397b9210a5c41a5d31acff89094ac07,fcc38e922f65af6e246497252171e5b316d130da107f81b2a1d02561f5fadc27,2026-09-25T05:21:38+00:00
results/figures/figure_1_framework.svg,entire generated artifact,147d62b980e84d22b509ad1ad21752f88862cee94e3f69746195876d2b662a32,scripts/make_analysis_figures.py,8607e5c5213f42cd35a117af220f6fc2df8914ff502e39aa38f847b0589e36f1,35ca1236f57a2b672f3b7f725be801fb59e043fe,make figures,python=3.10.12;platform=Linux-6.8.0-1061-aws-x86_64-with-glibc2.35;pip_freeze_sha256=b801e3f3cbd3d0d08d669bf129285247ca793ef0155741b942a8dc34bf46c824,config/model.yml=8607e5c5213f42cd35a117af220f6fc2df8914ff502e39aa38f847b0589e36f1;results/canonical/finite_q_sensitivity.csv=56dcd9ae68e16c8939195e3a1d89274467192685b9aec8a84f86a240bde46c88;results/canonical/matched_event_allocations.csv=1721c3be6e249a678fcf4e5a6d42d1f85118ce7c0cb670ef17f0da5346ff4b78;results/canonical/natural_redistribution_summary.csv=9d32dd46ce6d41c9c417cfb990ab08a35b443306aaa5b82cae1933a2128b47b1;results/canonical/one_unit_allocations.csv=b6277c4652dd4601e1a8ddd959f38621eef393d3216010f9a1ff87ce18f806cd;results/canonical/safety_ablation.csv=7f822eaa7c10e0fe9bbe8ce09a3bca12bc4de4aad82fae5d6d8c6e9db5f9744a;results/canonical/seasonal_day_night_summary.csv=7418ebe2c0b6020d94bc5bba9bfd76af79c123211bdbf75761a24e24b148208d;results/canonical/source_hotspot_robustness.csv=e1c561bee217c38f9db1984230e3565d62d2c3100be950379ed4435c9dca0d16;results/diagnostics/extended_analysis_validation.csv=c8a8e44d082ddbbbe24f6f1b86d8c57eb18f7f375238064b9dee4c19b69272a9;results/diagnostics/global_analysis_validation.csv=2feaa356dc49914f35414c79440b2e9705892424bab5f95cbe64bc3ce160f899;results/diagnostics/surface_radiation_context.csv=89d5f204adc15d491af32aa71dd7ef3593ec117ab4141c28fd09daa624d533bf;results/diagnostics/synthetic_validation.csv=f0b31ea29a4b29fa04a9fcbcfe104176fbda9d53f9428a5eeda2bd6a4d19ad78;results/diagnostics/wind_trajectory_7d.csv=2c9215b3ac59a0119730c029ea0b1bb45397b9210a5c41a5d31acff89094ac07,fbefd7d896b696aad3021196699c6c14553afe555a110f697eddb5b9acd2f5f0,2026-09-25T05:21:38+00:00
results/figures/figure_2_peak_marginal_burden_map.png,entire generated artifact,147d62b980e84d22b509ad1ad21752f88862cee94e3f69746195876d2b662a32,scripts/make_analysis_figures.py,8607e5c5213f42cd35a117af220f6fc2df8914ff502e39aa38f847b0589e36f1,35ca1236f57a2b672f3b7f725be801fb59e043fe,make figures,python=3.10.12;platform=Linux-6.8.0-1061-aws-x86_64-with-glibc2.35;pip_freeze_sha256=b801e3f3cbd3d0d08d669bf129285247ca793ef0155741b942a8dc34bf46c824,config/model.yml=8607e5c5213f42cd35a117af220f6fc2df8914ff502e39aa38f847b0589e36f1;results/canonical/finite_q_sensitivity.csv=56dcd9ae68e16c8939195e3a1d89274467192685b9aec8a84f86a240bde46c88;results/canonical/matched_event_allocations.csv=1721c3be6e249a678fcf4e5a6d42d1f85118ce7c0cb670ef17f0da5346ff4b78;results/canonical/natural_redistribution_summary.csv=9d32dd46ce6d41c9c417cfb990ab08a35b443306aaa5b82cae1933a2128b47b1;results/canonical/one_unit_allocations.csv=b6277c4652dd4601e1a8ddd959f38621eef393d3216010f9a1ff87ce18f806cd;results/canonical/safety_ablation.csv=7f822eaa7c10e0fe9bbe8ce09a3bca12bc4de4aad82fae5d6d8c6e9db5f9744a;results/canonical/seasonal_day_night_summary.csv=7418ebe2c0b6020d94bc5bba9bfd76af79c123211bdbf75761a24e24b148208d;results/canonical/source_hotspot_robustness.csv=e1c561bee217c38f9db1984230e3565d62d2c3100be950379ed4435c9dca0d16;results/diagnostics/extended_analysis_validation.csv=c8a8e44d082ddbbbe24f6f1b86d8c57eb18f7f375238064b9dee4c19b69272a9;results/diagnostics/global_analysis_validation.csv=2feaa356dc49914f35414c79440b2e9705892424bab5f95cbe64bc3ce160f899;results/diagnostics/surface_radiation_context.csv=89d5f204adc15d491af32aa71dd7ef3593ec117ab4141c28fd09daa624d533bf;results/diagnostics/synthetic_validation.csv=f0b31ea29a4b29fa04a9fcbcfe104176fbda9d53f9428a5eeda2bd6a4d19ad78;results/diagnostics/wind_trajectory_7d.csv=2c9215b3ac59a0119730c029ea0b1bb45397b9210a5c41a5d31acff89094ac07,71014d62aa8de80f0cc518bbb93b3130cd48bb9627797e7dbf3237be7dc64a04,2026-09-25T05:21:38+00:00
results/figures/figure_2_peak_marginal_burden_map.svg,entire generated artifact,147d62b980e84d22b509ad1ad21752f88862cee94e3f69746195876d2b662a32,scripts/make_analysis_figures.py,8607e5c5213f42cd35a117af220f6fc2df8914ff502e39aa38f847b0589e36f1,35ca1236f57a2b672f3b7f725be801fb59e043fe,make figures,python=3.10.12;platform=Linux-6.8.0-1061-aws-x86_64-with-glibc2.35;pip_freeze_sha256=b801e3f3cbd3d0d08d669bf129285247ca793ef0155741b942a8dc34bf46c824,config/model.yml=8607e5c5213f42cd35a117af220f6fc2df8914ff502e39aa38f847b0589e36f1;results/canonical/finite_q_sensitivity.csv=56dcd9ae68e16c8939195e3a1d89274467192685b9aec8a84f86a240bde46c88;results/canonical/matched_event_allocations.csv=1721c3be6e249a678fcf4e5a6d42d1f85118ce7c0cb670ef17f0da5346ff4b78;results/canonical/natural_redistribution_summary.csv=9d32dd46ce6d41c9c417cfb990ab08a35b443306aaa5b82cae1933a2128b47b1;results/canonical/one_unit_allocations.csv=b6277c4652dd4601e1a8ddd959f38621eef393d3216010f9a1ff87ce18f806cd;results/canonical/safety_ablation.csv=7f822eaa7c10e0fe9bbe8ce09a3bca12bc4de4aad82fae5d6d8c6e9db5f9744a;results/canonical/seasonal_day_night_summary.csv=7418ebe2c0b6020d94bc5bba9bfd76af79c123211bdbf75761a24e24b148208d;results/canonical/source_hotspot_robustness.csv=e1c561bee217c38f9db1984230e3565d62d2c3100be950379ed4435c9dca0d16;results/diagnostics/extended_analysis_validation.csv=c8a8e44d082ddbbbe24f6f1b86d8c57eb18f7f375238064b9dee4c19b69272a9;results/diagnostics/global_analysis_validation.csv=2feaa356dc49914f35414c79440b2e9705892424bab5f95cbe64bc3ce160f899;results/diagnostics/surface_radiation_context.csv=89d5f204adc15d491af32aa71dd7ef3593ec117ab4141c28fd09daa624d533bf;results/diagnostics/synthetic_validation.csv=f0b31ea29a4b29fa04a9fcbcfe104176fbda9d53f9428a5eeda2bd6a4d19ad78;results/diagnostics/wind_trajectory_7d.csv=2c9215b3ac59a0119730c029ea0b1bb45397b9210a5c41a5d31acff89094ac07,fcec6a135290d6dd03980006c4b512f16a685b5fd2f64510ba223ffd6ef87725,2026-09-25T05:21:38+00:00
results/figures/figure_3_seasonal_day_night.png,entire generated artifact,147d62b980e84d22b509ad1ad21752f88862cee94e3f69746195876d2b662a32,scripts/make_analysis_figures.py,8607e5c5213f42cd35a117af220f6fc2df8914ff502e39aa38f847b0589e36f1,35ca1236f57a2b672f3b7f725be801fb59e043fe,make figures,python=3.10.12;platform=Linux-6.8.0-1061-aws-x86_64-with-glibc2.35;pip_freeze_sha256=b801e3f3cbd3d0d08d669bf129285247ca793ef0155741b942a8dc34bf46c824,config/model.yml=8607e5c5213f42cd35a117af220f6fc2df8914ff502e39aa38f847b0589e36f1;results/canonical/finite_q_sensitivity.csv=56dcd9ae68e16c8939195e3a1d89274467192685b9aec8a84f86a240bde46c88;results/canonical/matched_event_allocations.csv=1721c3be6e249a678fcf4e5a6d42d1f85118ce7c0cb670ef17f0da5346ff4b78;results/canonical/natural_redistribution_summary.csv=9d32dd46ce6d41c9c417cfb990ab08a35b443306aaa5b82cae1933a2128b47b1;results/canonical/one_unit_allocations.csv=b6277c4652dd4601e1a8ddd959f38621eef393d3216010f9a1ff87ce18f806cd;results/canonical/safety_ablation.csv=7f822eaa7c10e0fe9bbe8ce09a3bca12bc4de4aad82fae5d6d8c6e9db5f9744a;results/canonical/seasonal_day_night_summary.csv=7418ebe2c0b6020d94bc5bba9bfd76af79c123211bdbf75761a24e24b148208d;results/canonical/source_hotspot_robustness.csv=e1c561bee217c38f9db1984230e3565d62d2c3100be950379ed4435c9dca0d16;results/diagnostics/extended_analysis_validation.csv=c8a8e44d082ddbbbe24f6f1b86d8c57eb18f7f375238064b9dee4c19b69272a9;results/diagnostics/global_analysis_validation.csv=2feaa356dc49914f35414c79440b2e9705892424bab5f95cbe64bc3ce160f899;results/diagnostics/surface_radiation_context.csv=89d5f204adc15d491af32aa71dd7ef3593ec117ab4141c28fd09daa624d533bf;results/diagnostics/synthetic_validation.csv=f0b31ea29a4b29fa04a9fcbcfe104176fbda9d53f9428a5eeda2bd6a4d19ad78;results/diagnostics/wind_trajectory_7d.csv=2c9215b3ac59a0119730c029ea0b1bb45397b9210a5c41a5d31acff89094ac07,300ebac263bb8ed984ee89da85466e61cc7fa8a1f64ec775dec02d89ffbd9e80,2026-09-25T05:21:38+00:00
results/figures/figure_3_seasonal_day_night.svg,entire generated artifact,147d62b980e84d22b509ad1ad21752f88862cee94e3f69746195876d2b662a32,scripts/make_analysis_figures.py,8607e5c5213f42cd35a117af220f6fc2df8914ff502e39aa38f847b0589e36f1,35ca1236f57a2b672f3b7f725be801fb59e043fe,make figures,python=3.10.12;platform=Linux-6.8.0-1061-aws-x86_64-with-glibc2.35;pip_freeze_sha256=b801e3f3cbd3d0d08d669bf129285247ca793ef0155741b942a8dc34bf46c824,config/model.yml=8607e5c5213f42cd35a117af220f6fc2df8914ff502e39aa38f847b0589e36f1;results/canonical/finite_q_sensitivity.csv=56dcd9ae68e16c8939195e3a1d89274467192685b9aec8a84f86a240bde46c88;results/canonical/matched_event_allocations.csv=1721c3be6e249a678fcf4e5a6d42d1f85118ce7c0cb670ef17f0da5346ff4b78;results/canonical/natural_redistribution_summary.csv=9d32dd46ce6d41c9c417cfb990ab08a35b443306aaa5b82cae1933a2128b47b1;results/canonical/one_unit_allocations.csv=b6277c4652dd4601e1a8ddd959f38621eef393d3216010f9a1ff87ce18f806cd;results/canonical/safety_ablation.csv=7f822eaa7c10e0fe9bbe8ce09a3bca12bc4de4aad82fae5d6d8c6e9db5f9744a;results/canonical/seasonal_day_night_summary.csv=7418ebe2c0b6020d94bc5bba9bfd76af79c123211bdbf75761a24e24b148208d;results/canonical/source_hotspot_robustness.csv=e1c561bee217c38f9db1984230e3565d62d2c3100be950379ed4435c9dca0d16;results/diagnostics/extended_analysis_validation.csv=c8a8e44d082ddbbbe24f6f1b86d8c57eb18f7f375238064b9dee4c19b69272a9;results/diagnostics/global_analysis_validation.csv=2feaa356dc49914f35414c79440b2e9705892424bab5f95cbe64bc3ce160f899;results/diagnostics/surface_radiation_context.csv=89d5f204adc15d491af32aa71dd7ef3593ec117ab4141c28fd09daa624d533bf;results/diagnostics/synthetic_validation.csv=f0b31ea29a4b29fa04a9fcbcfe104176fbda9d53f9428a5eeda2bd6a4d19ad78;results/diagnostics/wind_trajectory_7d.csv=2c9215b3ac59a0119730c029ea0b1bb45397b9210a5c41a5d31acff89094ac07,588f112362524ed034fef2c8f1da290793095c06928da32f54e239e8f0a9797d,2026-09-25T05:21:38+00:00
results/figures/figure_4_primary_spatial_transfer.png,entire generated artifact,147d62b980e84d22b509ad1ad21752f88862cee94e3f69746195876d2b662a32,scripts/make_analysis_figures.py,8607e5c5213f42cd35a117af220f6fc2df8914ff502e39aa38f847b0589e36f1,35ca1236f57a2b672f3b7f725be801fb59e043fe,make figures,python=3.10.12;platform=Linux-6.8.0-1061-aws-x86_64-with-glibc2.35;pip_freeze_sha256=b801e3f3cbd3d0d08d669bf129285247ca793ef0155741b942a8dc34bf46c824,config/model.yml=8607e5c5213f42cd35a117af220f6fc2df8914ff502e39aa38f847b0589e36f1;results/canonical/finite_q_sensitivity.csv=56dcd9ae68e16c8939195e3a1d89274467192685b9aec8a84f86a240bde46c88;results/canonical/matched_event_allocations.csv=1721c3be6e249a678fcf4e5a6d42d1f85118ce7c0cb670ef17f0da5346ff4b78;results/canonical/natural_redistribution_summary.csv=9d32dd46ce6d41c9c417cfb990ab08a35b443306aaa5b82cae1933a2128b47b1;results/canonical/one_unit_allocations.csv=b6277c4652dd4601e1a8ddd959f38621eef393d3216010f9a1ff87ce18f806cd;results/canonical/safety_ablation.csv=7f822eaa7c10e0fe9bbe8ce09a3bca12bc4de4aad82fae5d6d8c6e9db5f9744a;results/canonical/seasonal_day_night_summary.csv=7418ebe2c0b6020d94bc5bba9bfd76af79c123211bdbf75761a24e24b148208d;results/canonical/source_hotspot_robustness.csv=e1c561bee217c38f9db1984230e3565d62d2c3100be950379ed4435c9dca0d16;results/diagnostics/extended_analysis_validation.csv=c8a8e44d082ddbbbe24f6f1b86d8c57eb18f7f375238064b9dee4c19b69272a9;results/diagnostics/global_analysis_validation.csv=2feaa356dc49914f35414c79440b2e9705892424bab5f95cbe64bc3ce160f899;results/diagnostics/surface_radiation_context.csv=89d5f204adc15d491af32aa71dd7ef3593ec117ab4141c28fd09daa624d533bf;results/diagnostics/synthetic_validation.csv=f0b31ea29a4b29fa04a9fcbcfe104176fbda9d53f9428a5eeda2bd6a4d19ad78;results/diagnostics/wind_trajectory_7d.csv=2c9215b3ac59a0119730c029ea0b1bb45397b9210a5c41a5d31acff89094ac07,4c12979fba004a7d34a75039d7b85513b3fe3f3acfc84e90a5536b6e674d63a8,2026-09-25T05:21:38+00:00
results/figures/figure_4_primary_spatial_transfer.svg,entire generated artifact,147d62b980e84d22b509ad1ad21752f88862cee94e3f69746195876d2b662a32,scripts/make_analysis_figures.py,8607e5c5213f42cd35a117af220f6fc2df8914ff502e39aa38f847b0589e36f1,35ca1236f57a2b672f3b7f725be801fb59e043fe,make figures,python=3.10.12;platform=Linux-6.8.0-1061-aws-x86_64-with-glibc2.35;pip_freeze_sha256=b801e3f3cbd3d0d08d669bf129285247ca793ef0155741b942a8dc34bf46c824,config/model.yml=8607e5c5213f42cd35a117af220f6fc2df8914ff502e39aa38f847b0589e36f1;results/canonical/finite_q_sensitivity.csv=56dcd9ae68e16c8939195e3a1d89274467192685b9aec8a84f86a240bde46c88;results/canonical/matched_event_allocations.csv=1721c3be6e249a678fcf4e5a6d42d1f85118ce7c0cb670ef17f0da5346ff4b78;results/canonical/natural_redistribution_summary.csv=9d32dd46ce6d41c9c417cfb990ab08a35b443306aaa5b82cae1933a2128b47b1;results/canonical/one_unit_allocations.csv=b6277c4652dd4601e1a8ddd959f38621eef393d3216010f9a1ff87ce18f806cd;results/canonical/safety_ablation.csv=7f822eaa7c10e0fe9bbe8ce09a3bca12bc4de4aad82fae5d6d8c6e9db5f9744a;results/canonical/seasonal_day_night_summary.csv=7418ebe2c0b6020d94bc5bba9bfd76af79c123211bdbf75761a24e24b148208d;results/canonical/source_hotspot_robustness.csv=e1c561bee217c38f9db1984230e3565d62d2c3100be950379ed4435c9dca0d16;results/diagnostics/extended_analysis_validation.csv=c8a8e44d082ddbbbe24f6f1b86d8c57eb18f7f375238064b9dee4c19b69272a9;results/diagnostics/global_analysis_validation.csv=2feaa356dc49914f35414c79440b2e9705892424bab5f95cbe64bc3ce160f899;results/diagnostics/surface_radiation_context.csv=89d5f204adc15d491af32aa71dd7ef3593ec117ab4141c28fd09daa624d533bf;results/diagnostics/synthetic_validation.csv=f0b31ea29a4b29fa04a9fcbcfe104176fbda9d53f9428a5eeda2bd6a4d19ad78;results/diagnostics/wind_trajectory_7d.csv=2c9215b3ac59a0119730c029ea0b1bb45397b9210a5c41a5d31acff89094ac07,109fec50354efc1b901ff842f756c79f5e05cbfa8aaf2c19a62c649791bab089,2026-09-25T05:21:38+00:00
results/figures/figure_5_allocation_mode_comparison.png,entire generated artifact,147d62b980e84d22b509ad1ad21752f88862cee94e3f69746195876d2b662a32,scripts/make_analysis_figures.py,8607e5c5213f42cd35a117af220f6fc2df8914ff502e39aa38f847b0589e36f1,35ca1236f57a2b672f3b7f725be801fb59e043fe,make figures,python=3.10.12;platform=Linux-6.8.0-1061-aws-x86_64-with-glibc2.35;pip_freeze_sha256=b801e3f3cbd3d0d08d669bf129285247ca793ef0155741b942a8dc34bf46c824,config/model.yml=8607e5c5213f42cd35a117af220f6fc2df8914ff502e39aa38f847b0589e36f1;results/canonical/finite_q_sensitivity.csv=56dcd9ae68e16c8939195e3a1d89274467192685b9aec8a84f86a240bde46c88;results/canonical/matched_event_allocations.csv=1721c3be6e249a678fcf4e5a6d42d1f85118ce7c0cb670ef17f0da5346ff4b78;results/canonical/natural_redistribution_summary.csv=9d32dd46ce6d41c9c417cfb990ab08a35b443306aaa5b82cae1933a2128b47b1;results/canonical/one_unit_allocations.csv=b6277c4652dd4601e1a8ddd959f38621eef393d3216010f9a1ff87ce18f806cd;results/canonical/safety_ablation.csv=7f822eaa7c10e0fe9bbe8ce09a3bca12bc4de4aad82fae5d6d8c6e9db5f9744a;results/canonical/seasonal_day_night_summary.csv=7418ebe2c0b6020d94bc5bba9bfd76af79c123211bdbf75761a24e24b148208d;results/canonical/source_hotspot_robustness.csv=e1c561bee217c38f9db1984230e3565d62d2c3100be950379ed4435c9dca0d16;results/diagnostics/extended_analysis_validation.csv=c8a8e44d082ddbbbe24f6f1b86d8c57eb18f7f375238064b9dee4c19b69272a9;results/diagnostics/global_analysis_validation.csv=2feaa356dc49914f35414c79440b2e9705892424bab5f95cbe64bc3ce160f899;results/diagnostics/surface_radiation_context.csv=89d5f204adc15d491af32aa71dd7ef3593ec117ab4141c28fd09daa624d533bf;results/diagnostics/synthetic_validation.csv=f0b31ea29a4b29fa04a9fcbcfe104176fbda9d53f9428a5eeda2bd6a4d19ad78;results/diagnostics/wind_trajectory_7d.csv=2c9215b3ac59a0119730c029ea0b1bb45397b9210a5c41a5d31acff89094ac07,199c6561664cd62f6f6f2a691590fb7f3a6fd24d397cfb0a1461c6de4769d567,2026-09-25T05:21:38+00:00
results/figures/figure_5_allocation_mode_comparison.svg,entire generated artifact,147d62b980e84d22b509ad1ad21752f88862cee94e3f69746195876d2b662a32,scripts/make_analysis_figures.py,8607e5c5213f42cd35a117af220f6fc2df8914ff502e39aa38f847b0589e36f1,35ca1236f57a2b672f3b7f725be801fb59e043fe,make figures,python=3.10.12;platform=Linux-6.8.0-1061-aws-x86_64-with-glibc2.35;pip_freeze_sha256=b801e3f3cbd3d0d08d669bf129285247ca793ef0155741b942a8dc34bf46c824,config/model.yml=8607e5c5213f42cd35a117af220f6fc2df8914ff502e39aa38f847b0589e36f1;results/canonical/finite_q_sensitivity.csv=56dcd9ae68e16c8939195e3a1d89274467192685b9aec8a84f86a240bde46c88;results/canonical/matched_event_allocations.csv=1721c3be6e249a678fcf4e5a6d42d1f85118ce7c0cb670ef17f0da5346ff4b78;results/canonical/natural_redistribution_summary.csv=9d32dd46ce6d41c9c417cfb990ab08a35b443306aaa5b82cae1933a2128b47b1;results/canonical/one_unit_allocations.csv=b6277c4652dd4601e1a8ddd959f38621eef393d3216010f9a1ff87ce18f806cd;results/canonical/safety_ablation.csv=7f822eaa7c10e0fe9bbe8ce09a3bca12bc4de4aad82fae5d6d8c6e9db5f9744a;results/canonical/seasonal_day_night_summary.csv=7418ebe2c0b6020d94bc5bba9bfd76af79c123211bdbf75761a24e24b148208d;results/canonical/source_hotspot_robustness.csv=e1c561bee217c38f9db1984230e3565d62d2c3100be950379ed4435c9dca0d16;results/diagnostics/extended_analysis_validation.csv=c8a8e44d082ddbbbe24f6f1b86d8c57eb18f7f375238064b9dee4c19b69272a9;results/diagnostics/global_analysis_validation.csv=2feaa356dc49914f35414c79440b2e9705892424bab5f95cbe64bc3ce160f899;results/diagnostics/surface_radiation_context.csv=89d5f204adc15d491af32aa71dd7ef3593ec117ab4141c28fd09daa624d533bf;results/diagnostics/synthetic_validation.csv=f0b31ea29a4b29fa04a9fcbcfe104176fbda9d53f9428a5eeda2bd6a4d19ad78;results/diagnostics/wind_trajectory_7d.csv=2c9215b3ac59a0119730c029ea0b1bb45397b9210a5c41a5d31acff89094ac07,3c80bcb53e766dd07ebc62a7960fc660d530e5b043497c66af78f444bea84215,2026-09-25T05:21:38+00:00
results/figures/figure_6_safety_ablation.png,entire generated artifact,147d62b980e84d22b509ad1ad21752f88862cee94e3f69746195876d2b662a32,scripts/make_analysis_figures.py,8607e5c5213f42cd35a117af220f6fc2df8914ff502e39aa38f847b0589e36f1,35ca1236f57a2b672f3b7f725be801fb59e043fe,make figures,python=3.10.12;platform=Linux-6.8.0-1061-aws-x86_64-with-glibc2.35;pip_freeze_sha256=b801e3f3cbd3d0d08d669bf129285247ca793ef0155741b942a8dc34bf46c824,config/model.yml=8607e5c5213f42cd35a117af220f6fc2df8914ff502e39aa38f847b0589e36f1;results/canonical/finite_q_sensitivity.csv=56dcd9ae68e16c8939195e3a1d89274467192685b9aec8a84f86a240bde46c88;results/canonical/matched_event_allocations.csv=1721c3be6e249a678fcf4e5a6d42d1f85118ce7c0cb670ef17f0da5346ff4b78;results/canonical/natural_redistribution_summary.csv=9d32dd46ce6d41c9c417cfb990ab08a35b443306aaa5b82cae1933a2128b47b1;results/canonical/one_unit_allocations.csv=b6277c4652dd4601e1a8ddd959f38621eef393d3216010f9a1ff87ce18f806cd;results/canonical/safety_ablation.csv=7f822eaa7c10e0fe9bbe8ce09a3bca12bc4de4aad82fae5d6d8c6e9db5f9744a;results/canonical/seasonal_day_night_summary.csv=7418ebe2c0b6020d94bc5bba9bfd76af79c123211bdbf75761a24e24b148208d;results/canonical/source_hotspot_robustness.csv=e1c561bee217c38f9db1984230e3565d62d2c3100be950379ed4435c9dca0d16;results/diagnostics/extended_analysis_validation.csv=c8a8e44d082ddbbbe24f6f1b86d8c57eb18f7f375238064b9dee4c19b69272a9;results/diagnostics/global_analysis_validation.csv=2feaa356dc49914f35414c79440b2e9705892424bab5f95cbe64bc3ce160f899;results/diagnostics/surface_radiation_context.csv=89d5f204adc15d491af32aa71dd7ef3593ec117ab4141c28fd09daa624d533bf;results/diagnostics/synthetic_validation.csv=f0b31ea29a4b29fa04a9fcbcfe104176fbda9d53f9428a5eeda2bd6a4d19ad78;results/diagnostics/wind_trajectory_7d.csv=2c9215b3ac59a0119730c029ea0b1bb45397b9210a5c41a5d31acff89094ac07,9b7d043e6fca9a13b9c337dc3579abc7461a4b88b4dd787bafcfb61139e8e65f,2026-09-25T05:21:38+00:00
results/figures/figure_6_safety_ablation.svg,entire generated artifact,147d62b980e84d22b509ad1ad21752f88862cee94e3f69746195876d2b662a32,scripts/make_analysis_figures.py,8607e5c5213f42cd35a117af220f6fc2df8914ff502e39aa38f847b0589e36f1,35ca1236f57a2b672f3b7f725be801fb59e043fe,make figures,python=3.10.12;platform=Linux-6.8.0-1061-aws-x86_64-with-glibc2.35;pip_freeze_sha256=b801e3f3cbd3d0d08d669bf129285247ca793ef0155741b942a8dc34bf46c824,config/model.yml=8607e5c5213f42cd35a117af220f6fc2df8914ff502e39aa38f847b0589e36f1;results/canonical/finite_q_sensitivity.csv=56dcd9ae68e16c8939195e3a1d89274467192685b9aec8a84f86a240bde46c88;results/canonical/matched_event_allocations.csv=1721c3be6e249a678fcf4e5a6d42d1f85118ce7c0cb670ef17f0da5346ff4b78;results/canonical/natural_redistribution_summary.csv=9d32dd46ce6d41c9c417cfb990ab08a35b443306aaa5b82cae1933a2128b47b1;results/canonical/one_unit_allocations.csv=b6277c4652dd4601e1a8ddd959f38621eef393d3216010f9a1ff87ce18f806cd;results/canonical/safety_ablation.csv=7f822eaa7c10e0fe9bbe8ce09a3bca12bc4de4aad82fae5d6d8c6e9db5f9744a;results/canonical/seasonal_day_night_summary.csv=7418ebe2c0b6020d94bc5bba9bfd76af79c123211bdbf75761a24e24b148208d;results/canonical/source_hotspot_robustness.csv=e1c561bee217c38f9db1984230e3565d62d2c3100be950379ed4435c9dca0d16;results/diagnostics/extended_analysis_validation.csv=c8a8e44d082ddbbbe24f6f1b86d8c57eb18f7f375238064b9dee4c19b69272a9;results/diagnostics/global_analysis_validation.csv=2feaa356dc49914f35414c79440b2e9705892424bab5f95cbe64bc3ce160f899;results/diagnostics/surface_radiation_context.csv=89d5f204adc15d491af32aa71dd7ef3593ec117ab4141c28fd09daa624d533bf;results/diagnostics/synthetic_validation.csv=f0b31ea29a4b29fa04a9fcbcfe104176fbda9d53f9428a5eeda2bd6a4d19ad78;results/diagnostics/wind_trajectory_7d.csv=2c9215b3ac59a0119730c029ea0b1bb45397b9210a5c41a5d31acff89094ac07,2f322daa6d01d05de0532a3d504fd1093435e05a129678c2998550888e9e224b,2026-09-25T05:21:38+00:00
results/figures/figure_7_joint_penalty_sensitivity.png,entire generated artifact,147d62b980e84d22b509ad1ad21752f88862cee94e3f69746195876d2b662a32,scripts/make_analysis_figures.py,8607e5c5213f42cd35a117af220f6fc2df8914ff502e39aa38f847b0589e36f1,35ca1236f57a2b672f3b7f725be801fb59e043fe,make figures,python=3.10.12;platform=Linux-6.8.0-1061-aws-x86_64-with-glibc2.35;pip_freeze_sha256=b801e3f3cbd3d0d08d669bf129285247ca793ef0155741b942a8dc34bf46c824,config/model.yml=8607e5c5213f42cd35a117af220f6fc2df8914ff502e39aa38f847b0589e36f1;results/canonical/finite_q_sensitivity.csv=56dcd9ae68e16c8939195e3a1d89274467192685b9aec8a84f86a240bde46c88;results/canonical/matched_event_allocations.csv=1721c3be6e249a678fcf4e5a6d42d1f85118ce7c0cb670ef17f0da5346ff4b78;results/canonical/natural_redistribution_summary.csv=9d32dd46ce6d41c9c417cfb990ab08a35b443306aaa5b82cae1933a2128b47b1;results/canonical/one_unit_allocations.csv=b6277c4652dd4601e1a8ddd959f38621eef393d3216010f9a1ff87ce18f806cd;results/canonical/safety_ablation.csv=7f822eaa7c10e0fe9bbe8ce09a3bca12bc4de4aad82fae5d6d8c6e9db5f9744a;results/canonical/seasonal_day_night_summary.csv=7418ebe2c0b6020d94bc5bba9bfd76af79c123211bdbf75761a24e24b148208d;results/canonical/source_hotspot_robustness.csv=e1c561bee217c38f9db1984230e3565d62d2c3100be950379ed4435c9dca0d16;results/diagnostics/extended_analysis_validation.csv=c8a8e44d082ddbbbe24f6f1b86d8c57eb18f7f375238064b9dee4c19b69272a9;results/diagnostics/global_analysis_validation.csv=2feaa356dc49914f35414c79440b2e9705892424bab5f95cbe64bc3ce160f899;results/diagnostics/surface_radiation_context.csv=89d5f204adc15d491af32aa71dd7ef3593ec117ab4141c28fd09daa624d533bf;results/diagnostics/synthetic_validation.csv=f0b31ea29a4b29fa04a9fcbcfe104176fbda9d53f9428a5eeda2bd6a4d19ad78;results/diagnostics/wind_trajectory_7d.csv=2c9215b3ac59a0119730c029ea0b1bb45397b9210a5c41a5d31acff89094ac07,b36f300a3628c56973eebdcaa1c347aba932c29f5e35ba287d9d041c9dedd79b,2026-09-25T05:21:38+00:00
results/figures/figure_7_joint_penalty_sensitivity.svg,entire generated artifact,147d62b980e84d22b509ad1ad21752f88862cee94e3f69746195876d2b662a32,scripts/make_analysis_figures.py,8607e5c5213f42cd35a117af220f6fc2df8914ff502e39aa38f847b0589e36f1,35ca1236f57a2b672f3b7f725be801fb59e043fe,make figures,python=3.10.12;platform=Linux-6.8.0-1061-aws-x86_64-with-glibc2.35;pip_freeze_sha256=b801e3f3cbd3d0d08d669bf129285247ca793ef0155741b942a8dc34bf46c824,config/model.yml=8607e5c5213f42cd35a117af220f6fc2df8914ff502e39aa38f847b0589e36f1;results/canonical/finite_q_sensitivity.csv=56dcd9ae68e16c8939195e3a1d89274467192685b9aec8a84f86a240bde46c88;results/canonical/matched_event_allocations.csv=1721c3be6e249a678fcf4e5a6d42d1f85118ce7c0cb670ef17f0da5346ff4b78;results/canonical/natural_redistribution_summary.csv=9d32dd46ce6d41c9c417cfb990ab08a35b443306aaa5b82cae1933a2128b47b1;results/canonical/one_unit_allocations.csv=b6277c4652dd4601e1a8ddd959f38621eef393d3216010f9a1ff87ce18f806cd;results/canonical/safety_ablation.csv=7f822eaa7c10e0fe9bbe8ce09a3bca12bc4de4aad82fae5d6d8c6e9db5f9744a;results/canonical/seasonal_day_night_summary.csv=7418ebe2c0b6020d94bc5bba9bfd76af79c123211bdbf75761a24e24b148208d;results/canonical/source_hotspot_robustness.csv=e1c561bee217c38f9db1984230e3565d62d2c3100be950379ed4435c9dca0d16;results/diagnostics/extended_analysis_validation.csv=c8a8e44d082ddbbbe24f6f1b86d8c57eb18f7f375238064b9dee4c19b69272a9;results/diagnostics/global_analysis_validation.csv=2feaa356dc49914f35414c79440b2e9705892424bab5f95cbe64bc3ce160f899;results/diagnostics/surface_radiation_context.csv=89d5f204adc15d491af32aa71dd7ef3593ec117ab4141c28fd09daa624d533bf;results/diagnostics/synthetic_validation.csv=f0b31ea29a4b29fa04a9fcbcfe104176fbda9d53f9428a5eeda2bd6a4d19ad78;results/diagnostics/wind_trajectory_7d.csv=2c9215b3ac59a0119730c029ea0b1bb45397b9210a5c41a5d31acff89094ac07,fdef0959724e2505317eb8ce4d5fa8d1c47019fa6672a9b9de89fc3d3ce6b972,2026-09-25T05:21:38+00:00
results/figures/supplementary_figure_s1_source_hotspot_robustness.png,entire generated artifact,147d62b980e84d22b509ad1ad21752f88862cee94e3f69746195876d2b662a32,scripts/make_analysis_figures.py,8607e5c5213f42cd35a117af220f6fc2df8914ff502e39aa38f847b0589e36f1,35ca1236f57a2b672f3b7f725be801fb59e043fe,make figures,python=3.10.12;platform=Linux-6.8.0-1061-aws-x86_64-with-glibc2.35;pip_freeze_sha256=b801e3f3cbd3d0d08d669bf129285247ca793ef0155741b942a8dc34bf46c824,config/model.yml=8607e5c5213f42cd35a117af220f6fc2df8914ff502e39aa38f847b0589e36f1;results/canonical/finite_q_sensitivity.csv=56dcd9ae68e16c8939195e3a1d89274467192685b9aec8a84f86a240bde46c88;results/canonical/matched_event_allocations.csv=1721c3be6e249a678fcf4e5a6d42d1f85118ce7c0cb670ef17f0da5346ff4b78;results/canonical/natural_redistribution_summary.csv=9d32dd46ce6d41c9c417cfb990ab08a35b443306aaa5b82cae1933a2128b47b1;results/canonical/one_unit_allocations.csv=b6277c4652dd4601e1a8ddd959f38621eef393d3216010f9a1ff87ce18f806cd;results/canonical/safety_ablation.csv=7f822eaa7c10e0fe9bbe8ce09a3bca12bc4de4aad82fae5d6d8c6e9db5f9744a;results/canonical/seasonal_day_night_summary.csv=7418ebe2c0b6020d94bc5bba9bfd76af79c123211bdbf75761a24e24b148208d;results/canonical/source_hotspot_robustness.csv=e1c561bee217c38f9db1984230e3565d62d2c3100be950379ed4435c9dca0d16;results/diagnostics/extended_analysis_validation.csv=c8a8e44d082ddbbbe24f6f1b86d8c57eb18f7f375238064b9dee4c19b69272a9;results/diagnostics/global_analysis_validation.csv=2feaa356dc49914f35414c79440b2e9705892424bab5f95cbe64bc3ce160f899;results/diagnostics/surface_radiation_context.csv=89d5f204adc15d491af32aa71dd7ef3593ec117ab4141c28fd09daa624d533bf;results/diagnostics/synthetic_validation.csv=f0b31ea29a4b29fa04a9fcbcfe104176fbda9d53f9428a5eeda2bd6a4d19ad78;results/diagnostics/wind_trajectory_7d.csv=2c9215b3ac59a0119730c029ea0b1bb45397b9210a5c41a5d31acff89094ac07,3f24d0f786a089c28c88d85cf2b82abb7f8f600722d9c1f83c6147b42cc6417d,2026-09-25T05:21:38+00:00
results/figures/supplementary_figure_s1_source_hotspot_robustness.svg,entire generated artifact,147d62b980e84d22b509ad1ad21752f88862cee94e3f69746195876d2b662a32,scripts/make_analysis_figures.py,8607e5c5213f42cd35a117af220f6fc2df8914ff502e39aa38f847b0589e36f1,35ca1236f57a2b672f3b7f725be801fb59e043fe,make figures,python=3.10.12;platform=Linux-6.8.0-1061-aws-x86_64-with-glibc2.35;pip_freeze_sha256=b801e3f3cbd3d0d08d669bf129285247ca793ef0155741b942a8dc34bf46c824,config/model.yml=8607e5c5213f42cd35a117af220f6fc2df8914ff502e39aa38f847b0589e36f1;results/canonical/finite_q_sensitivity.csv=56dcd9ae68e16c8939195e3a1d89274467192685b9aec8a84f86a240bde46c88;results/canonical/matched_event_allocations.csv=1721c3be6e249a678fcf4e5a6d42d1f85118ce7c0cb670ef17f0da5346ff4b78;results/canonical/natural_redistribution_summary.csv=9d32dd46ce6d41c9c417cfb990ab08a35b443306aaa5b82cae1933a2128b47b1;results/canonical/one_unit_allocations.csv=b6277c4652dd4601e1a8ddd959f38621eef393d3216010f9a1ff87ce18f806cd;results/canonical/safety_ablation.csv=7f822eaa7c10e0fe9bbe8ce09a3bca12bc4de4aad82fae5d6d8c6e9db5f9744a;results/canonical/seasonal_day_night_summary.csv=7418ebe2c0b6020d94bc5bba9bfd76af79c123211bdbf75761a24e24b148208d;results/canonical/source_hotspot_robustness.csv=e1c561bee217c38f9db1984230e3565d62d2c3100be950379ed4435c9dca0d16;results/diagnostics/extended_analysis_validation.csv=c8a8e44d082ddbbbe24f6f1b86d8c57eb18f7f375238064b9dee4c19b69272a9;results/diagnostics/global_analysis_validation.csv=2feaa356dc49914f35414c79440b2e9705892424bab5f95cbe64bc3ce160f899;results/diagnostics/surface_radiation_context.csv=89d5f204adc15d491af32aa71dd7ef3593ec117ab4141c28fd09daa624d533bf;results/diagnostics/synthetic_validation.csv=f0b31ea29a4b29fa04a9fcbcfe104176fbda9d53f9428a5eeda2bd6a4d19ad78;results/diagnostics/wind_trajectory_7d.csv=2c9215b3ac59a0119730c029ea0b1bb45397b9210a5c41a5d31acff89094ac07,f2a8aa2903471b494d6b8e83c0c10a28b83786d0a6121687ebbd0e0742ee933f,2026-09-25T05:21:38+00:00
results/figures/supplementary_figure_s2_finite_q_sensitivity.png,entire generated artifact,147d62b980e84d22b509ad1ad21752f88862cee94e3f69746195876d2b662a32,scripts/make_analysis_figures.py,8607e5c5213f42cd35a117af220f6fc2df8914ff502e39aa38f847b0589e36f1,35ca1236f57a2b672f3b7f725be801fb59e043fe,make figures,python=3.10.12;platform=Linux-6.8.0-1061-aws-x86_64-with-glibc2.35;pip_freeze_sha256=b801e3f3cbd3d0d08d669bf129285247ca793ef0155741b942a8dc34bf46c824,config/model.yml=8607e5c5213f42cd35a117af220f6fc2df8914ff502e39aa38f847b0589e36f1;results/canonical/finite_q_sensitivity.csv=56dcd9ae68e16c8939195e3a1d89274467192685b9aec8a84f86a240bde46c88;results/canonical/matched_event_allocations.csv=1721c3be6e249a678fcf4e5a6d42d1f85118ce7c0cb670ef17f0da5346ff4b78;results/canonical/natural_redistribution_summary.csv=9d32dd46ce6d41c9c417cfb990ab08a35b443306aaa5b82cae1933a2128b47b1;results/canonical/one_unit_allocations.csv=b6277c4652dd4601e1a8ddd959f38621eef393d3216010f9a1ff87ce18f806cd;results/canonical/safety_ablation.csv=7f822eaa7c10e0fe9bbe8ce09a3bca12bc4de4aad82fae5d6d8c6e9db5f9744a;results/canonical/seasonal_day_night_summary.csv=7418ebe2c0b6020d94bc5bba9bfd76af79c123211bdbf75761a24e24b148208d;results/canonical/source_hotspot_robustness.csv=e1c561bee217c38f9db1984230e3565d62d2c3100be950379ed4435c9dca0d16;results/diagnostics/extended_analysis_validation.csv=c8a8e44d082ddbbbe24f6f1b86d8c57eb18f7f375238064b9dee4c19b69272a9;results/diagnostics/global_analysis_validation.csv=2feaa356dc49914f35414c79440b2e9705892424bab5f95cbe64bc3ce160f899;results/diagnostics/surface_radiation_context.csv=89d5f204adc15d491af32aa71dd7ef3593ec117ab4141c28fd09daa624d533bf;results/diagnostics/synthetic_validation.csv=f0b31ea29a4b29fa04a9fcbcfe104176fbda9d53f9428a5eeda2bd6a4d19ad78;results/diagnostics/wind_trajectory_7d.csv=2c9215b3ac59a0119730c029ea0b1bb45397b9210a5c41a5d31acff89094ac07,376bd6422bb25faccc3dd956b0f7223aeace29015f7dbcfc39bbff0d7bbe044d,2026-09-25T05:21:38+00:00
results/figures/supplementary_figure_s2_finite_q_sensitivity.svg,entire generated artifact,147d62b980e84d22b509ad1ad21752f88862cee94e3f69746195876d2b662a32,scripts/make_analysis_figures.py,8607e5c5213f42cd35a117af220f6fc2df8914ff502e39aa38f847b0589e36f1,35ca1236f57a2b672f3b7f725be801fb59e043fe,make figures,python=3.10.12;platform=Linux-6.8.0-1061-aws-x86_64-with-glibc2.35;pip_freeze_sha256=b801e3f3cbd3d0d08d669bf129285247ca793ef0155741b942a8dc34bf46c824,config/model.yml=8607e5c5213f42cd35a117af220f6fc2df8914ff502e39aa38f847b0589e36f1;results/canonical/finite_q_sensitivity.csv=56dcd9ae68e16c8939195e3a1d89274467192685b9aec8a84f86a240bde46c88;results/canonical/matched_event_allocations.csv=1721c3be6e249a678fcf4e5a6d42d1f85118ce7c0cb670ef17f0da5346ff4b78;results/canonical/natural_redistribution_summary.csv=9d32dd46ce6d41c9c417cfb990ab08a35b443306aaa5b82cae1933a2128b47b1;results/canonical/one_unit_allocations.csv=b6277c4652dd4601e1a8ddd959f38621eef393d3216010f9a1ff87ce18f806cd;results/canonical/safety_ablation.csv=7f822eaa7c10e0fe9bbe8ce09a3bca12bc4de4aad82fae5d6d8c6e9db5f9744a;results/canonical/seasonal_day_night_summary.csv=7418ebe2c0b6020d94bc5bba9bfd76af79c123211bdbf75761a24e24b148208d;results/canonical/source_hotspot_robustness.csv=e1c561bee217c38f9db1984230e3565d62d2c3100be950379ed4435c9dca0d16;results/diagnostics/extended_analysis_validation.csv=c8a8e44d082ddbbbe24f6f1b86d8c57eb18f7f375238064b9dee4c19b69272a9;results/diagnostics/global_analysis_validation.csv=2feaa356dc49914f35414c79440b2e9705892424bab5f95cbe64bc3ce160f899;results/diagnostics/surface_radiation_context.csv=89d5f204adc15d491af32aa71dd7ef3593ec117ab4141c28fd09daa624d533bf;results/diagnostics/synthetic_validation.csv=f0b31ea29a4b29fa04a9fcbcfe104176fbda9d53f9428a5eeda2bd6a4d19ad78;results/diagnostics/wind_trajectory_7d.csv=2c9215b3ac59a0119730c029ea0b1bb45397b9210a5c41a5d31acff89094ac07,e581b8174e65c491288b6dd16859bc0200b3efbfe429731d95fe3934f978b759,2026-09-25T05:21:38+00:00
results/figures/supplementary_figure_s3_wind_trajectory.png,entire generated artifact,147d62b980e84d22b509ad1ad21752f88862cee94e3f69746195876d2b662a32,scripts/make_analysis_figures.py,8607e5c5213f42cd35a117af220f6fc2df8914ff502e39aa38f847b0589e36f1,35ca1236f57a2b672f3b7f725be801fb59e043fe,make figures,python=3.10.12;platform=Linux-6.8.0-1061-aws-x86_64-with-glibc2.35;pip_freeze_sha256=b801e3f3cbd3d0d08d669bf129285247ca793ef0155741b942a8dc34bf46c824,config/model.yml=8607e5c5213f42cd35a117af220f6fc2df8914ff502e39aa38f847b0589e36f1;results/canonical/finite_q_sensitivity.csv=56dcd9ae68e16c8939195e3a1d89274467192685b9aec8a84f86a240bde46c88;results/canonical/matched_event_allocations.csv=1721c3be6e249a678fcf4e5a6d42d1f85118ce7c0cb670ef17f0da5346ff4b78;results/canonical/natural_redistribution_summary.csv=9d32dd46ce6d41c9c417cfb990ab08a35b443306aaa5b82cae1933a2128b47b1;results/canonical/one_unit_allocations.csv=b6277c4652dd4601e1a8ddd959f38621eef393d3216010f9a1ff87ce18f806cd;results/canonical/safety_ablation.csv=7f822eaa7c10e0fe9bbe8ce09a3bca12bc4de4aad82fae5d6d8c6e9db5f9744a;results/canonical/seasonal_day_night_summary.csv=7418ebe2c0b6020d94bc5bba9bfd76af79c123211bdbf75761a24e24b148208d;results/canonical/source_hotspot_robustness.csv=e1c561bee217c38f9db1984230e3565d62d2c3100be950379ed4435c9dca0d16;results/diagnostics/extended_analysis_validation.csv=c8a8e44d082ddbbbe24f6f1b86d8c57eb18f7f375238064b9dee4c19b69272a9;results/diagnostics/global_analysis_validation.csv=2feaa356dc49914f35414c79440b2e9705892424bab5f95cbe64bc3ce160f899;results/diagnostics/surface_radiation_context.csv=89d5f204adc15d491af32aa71dd7ef3593ec117ab4141c28fd09daa624d533bf;results/diagnostics/synthetic_validation.csv=f0b31ea29a4b29fa04a9fcbcfe104176fbda9d53f9428a5eeda2bd6a4d19ad78;results/diagnostics/wind_trajectory_7d.csv=2c9215b3ac59a0119730c029ea0b1bb45397b9210a5c41a5d31acff89094ac07,8087b4dcb29232ba32e92fe2d8786bc130b29d60e9322a80cd66be14a6ce407b,2026-09-25T05:21:38+00:00
results/figures/supplementary_figure_s3_wind_trajectory.svg,entire generated artifact,147d62b980e84d22b509ad1ad21752f88862cee94e3f69746195876d2b662a32,scripts/make_analysis_figures.py,8607e5c5213f42cd35a117af220f6fc2df8914ff502e39aa38f847b0589e36f1,35ca1236f57a2b672f3b7f725be801fb59e043fe,make figures,python=3.10.12;platform=Linux-6.8.0-1061-aws-x86_64-with-glibc2.35;pip_freeze_sha256=b801e3f3cbd3d0d08d669bf129285247ca793ef0155741b942a8dc34bf46c824,config/model.yml=8607e5c5213f42cd35a117af220f6fc2df8914ff502e39aa38f847b0589e36f1;results/canonical/finite_q_sensitivity.csv=56dcd9ae68e16c8939195e3a1d89274467192685b9aec8a84f86a240bde46c88;results/canonical/matched_event_allocations.csv=1721c3be6e249a678fcf4e5a6d42d1f85118ce7c0cb670ef17f0da5346ff4b78;results/canonical/natural_redistribution_summary.csv=9d32dd46ce6d41c9c417cfb990ab08a35b443306aaa5b82cae1933a2128b47b1;results/canonical/one_unit_allocations.csv=b6277c4652dd4601e1a8ddd959f38621eef393d3216010f9a1ff87ce18f806cd;results/canonical/safety_ablation.csv=7f822eaa7c10e0fe9bbe8ce09a3bca12bc4de4aad82fae5d6d8c6e9db5f9744a;results/canonical/seasonal_day_night_summary.csv=7418ebe2c0b6020d94bc5bba9bfd76af79c123211bdbf75761a24e24b148208d;results/canonical/source_hotspot_robustness.csv=e1c561bee217c38f9db1984230e3565d62d2c3100be950379ed4435c9dca0d16;results/diagnostics/extended_analysis_validation.csv=c8a8e44d082ddbbbe24f6f1b86d8c57eb18f7f375238064b9dee4c19b69272a9;results/diagnostics/global_analysis_validation.csv=2feaa356dc49914f35414c79440b2e9705892424bab5f95cbe64bc3ce160f899;results/diagnostics/surface_radiation_context.csv=89d5f204adc15d491af32aa71dd7ef3593ec117ab4141c28fd09daa624d533bf;results/diagnostics/synthetic_validation.csv=f0b31ea29a4b29fa04a9fcbcfe104176fbda9d53f9428a5eeda2bd6a4d19ad78;results/diagnostics/wind_trajectory_7d.csv=2c9215b3ac59a0119730c029ea0b1bb45397b9210a5c41a5d31acff89094ac07,7f167fafead058dea1c61d19e9bfc768fda5ece901c117879dbdcb8bf7af3283,2026-09-25T05:21:38+00:00
results/tables/structural_replication.csv,entire generated artifact,8b7871951d47252fe4a1e3ae7f9443d12cf0b4179f023e0bcde3d2a251113a9a,scripts/run_structural_replication.py,3d898c830b7b2fa76f28bf40f5f2c26b3367d826055e394a97ee8d660624ff10,35ca1236f57a2b672f3b7f725be801fb59e043fe,make structural-replication,python=3.10.12;platform=Linux-6.8.0-1061-aws-x86_64-with-glibc2.35;pip_freeze_sha256=b801e3f3cbd3d0d08d669bf129285247ca793ef0155741b942a8dc34bf46c824,config/structural_replication.yml=3d898c830b7b2fa76f28bf40f5f2c26b3367d826055e394a97ee8d660624ff10;data/metadata/data_snapshots.csv=5e1dcf544e0d5375964b25fa2ab20d79fe85bd0e9ea09260693d975f50a46579,097ade6b588095040a4e2b256e08267cdb58a4b5449d0ea0fb0b3a61c41e7a99,2026-09-25T05:21:38+00:00
results/tables/table_1_datasets.csv,entire generated artifact,147d62b980e84d22b509ad1ad21752f88862cee94e3f69746195876d2b662a32,scripts/make_analysis_tables.py,8607e5c5213f42cd35a117af220f6fc2df8914ff502e39aa38f847b0589e36f1,35ca1236f57a2b672f3b7f725be801fb59e043fe,make tables,python=3.10.12;platform=Linux-6.8.0-1061-aws-x86_64-with-glibc2.35;pip_freeze_sha256=b801e3f3cbd3d0d08d669bf129285247ca793ef0155741b942a8dc34bf46c824,config/model.yml=8607e5c5213f42cd35a117af220f6fc2df8914ff502e39aa38f847b0589e36f1;results/canonical/finite_q_sensitivity.csv=56dcd9ae68e16c8939195e3a1d89274467192685b9aec8a84f86a240bde46c88;results/canonical/matched_event_allocations.csv=1721c3be6e249a678fcf4e5a6d42d1f85118ce7c0cb670ef17f0da5346ff4b78;results/canonical/natural_redistribution_summary.csv=9d32dd46ce6d41c9c417cfb990ab08a35b443306aaa5b82cae1933a2128b47b1;results/canonical/one_unit_allocations.csv=b6277c4652dd4601e1a8ddd959f38621eef393d3216010f9a1ff87ce18f806cd;results/canonical/safety_ablation.csv=7f822eaa7c10e0fe9bbe8ce09a3bca12bc4de4aad82fae5d6d8c6e9db5f9744a;results/canonical/seasonal_day_night_summary.csv=7418ebe2c0b6020d94bc5bba9bfd76af79c123211bdbf75761a24e24b148208d;results/canonical/source_hotspot_robustness.csv=e1c561bee217c38f9db1984230e3565d62d2c3100be950379ed4435c9dca0d16;results/diagnostics/extended_analysis_validation.csv=c8a8e44d082ddbbbe24f6f1b86d8c57eb18f7f375238064b9dee4c19b69272a9;results/diagnostics/global_analysis_validation.csv=2feaa356dc49914f35414c79440b2e9705892424bab5f95cbe64bc3ce160f899;results/diagnostics/surface_radiation_context.csv=89d5f204adc15d491af32aa71dd7ef3593ec117ab4141c28fd09daa624d533bf;results/diagnostics/synthetic_validation.csv=f0b31ea29a4b29fa04a9fcbcfe104176fbda9d53f9428a5eeda2bd6a4d19ad78;results/diagnostics/wind_trajectory_7d.csv=2c9215b3ac59a0119730c029ea0b1bb45397b9210a5c41a5d31acff89094ac07,2350171374246e065b4472c1e4d280355a7d28c0ed03c289a5c5cfe72ad56d70,2026-09-25T05:21:38+00:00
results/tables/table_2_model_assumptions.csv,entire generated artifact,147d62b980e84d22b509ad1ad21752f88862cee94e3f69746195876d2b662a32,scripts/make_analysis_tables.py,8607e5c5213f42cd35a117af220f6fc2df8914ff502e39aa38f847b0589e36f1,35ca1236f57a2b672f3b7f725be801fb59e043fe,make tables,python=3.10.12;platform=Linux-6.8.0-1061-aws-x86_64-with-glibc2.35;pip_freeze_sha256=b801e3f3cbd3d0d08d669bf129285247ca793ef0155741b942a8dc34bf46c824,config/model.yml=8607e5c5213f42cd35a117af220f6fc2df8914ff502e39aa38f847b0589e36f1;results/canonical/finite_q_sensitivity.csv=56dcd9ae68e16c8939195e3a1d89274467192685b9aec8a84f86a240bde46c88;results/canonical/matched_event_allocations.csv=1721c3be6e249a678fcf4e5a6d42d1f85118ce7c0cb670ef17f0da5346ff4b78;results/canonical/natural_redistribution_summary.csv=9d32dd46ce6d41c9c417cfb990ab08a35b443306aaa5b82cae1933a2128b47b1;results/canonical/one_unit_allocations.csv=b6277c4652dd4601e1a8ddd959f38621eef393d3216010f9a1ff87ce18f806cd;results/canonical/safety_ablation.csv=7f822eaa7c10e0fe9bbe8ce09a3bca12bc4de4aad82fae5d6d8c6e9db5f9744a;results/canonical/seasonal_day_night_summary.csv=7418ebe2c0b6020d94bc5bba9bfd76af79c123211bdbf75761a24e24b148208d;results/canonical/source_hotspot_robustness.csv=e1c561bee217c38f9db1984230e3565d62d2c3100be950379ed4435c9dca0d16;results/diagnostics/extended_analysis_validation.csv=c8a8e44d082ddbbbe24f6f1b86d8c57eb18f7f375238064b9dee4c19b69272a9;results/diagnostics/global_analysis_validation.csv=2feaa356dc49914f35414c79440b2e9705892424bab5f95cbe64bc3ce160f899;results/diagnostics/surface_radiation_context.csv=89d5f204adc15d491af32aa71dd7ef3593ec117ab4141c28fd09daa624d533bf;results/diagnostics/synthetic_validation.csv=f0b31ea29a4b29fa04a9fcbcfe104176fbda9d53f9428a5eeda2bd6a4d19ad78;results/diagnostics/wind_trajectory_7d.csv=2c9215b3ac59a0119730c029ea0b1bb45397b9210a5c41a5d31acff89094ac07,540276a31769c9577ec95f8bc380442f3facfdf94b9a4f936f951640b16c49cc,2026-09-25T05:21:38+00:00
results/tables/table_3_marginal_burden_summary.csv,entire generated artifact,147d62b980e84d22b509ad1ad21752f88862cee94e3f69746195876d2b662a32,scripts/make_analysis_tables.py,8607e5c5213f42cd35a117af220f6fc2df8914ff502e39aa38f847b0589e36f1,35ca1236f57a2b672f3b7f725be801fb59e043fe,make tables,python=3.10.12;platform=Linux-6.8.0-1061-aws-x86_64-with-glibc2.35;pip_freeze_sha256=b801e3f3cbd3d0d08d669bf129285247ca793ef0155741b942a8dc34bf46c824,config/model.yml=8607e5c5213f42cd35a117af220f6fc2df8914ff502e39aa38f847b0589e36f1;results/canonical/finite_q_sensitivity.csv=56dcd9ae68e16c8939195e3a1d89274467192685b9aec8a84f86a240bde46c88;results/canonical/matched_event_allocations.csv=1721c3be6e249a678fcf4e5a6d42d1f85118ce7c0cb670ef17f0da5346ff4b78;results/canonical/natural_redistribution_summary.csv=9d32dd46ce6d41c9c417cfb990ab08a35b443306aaa5b82cae1933a2128b47b1;results/canonical/one_unit_allocations.csv=b6277c4652dd4601e1a8ddd959f38621eef393d3216010f9a1ff87ce18f806cd;results/canonical/safety_ablation.csv=7f822eaa7c10e0fe9bbe8ce09a3bca12bc4de4aad82fae5d6d8c6e9db5f9744a;results/canonical/seasonal_day_night_summary.csv=7418ebe2c0b6020d94bc5bba9bfd76af79c123211bdbf75761a24e24b148208d;results/canonical/source_hotspot_robustness.csv=e1c561bee217c38f9db1984230e3565d62d2c3100be950379ed4435c9dca0d16;results/diagnostics/extended_analysis_validation.csv=c8a8e44d082ddbbbe24f6f1b86d8c57eb18f7f375238064b9dee4c19b69272a9;results/diagnostics/global_analysis_validation.csv=2feaa356dc49914f35414c79440b2e9705892424bab5f95cbe64bc3ce160f899;results/diagnostics/surface_radiation_context.csv=89d5f204adc15d491af32aa71dd7ef3593ec117ab4141c28fd09daa624d533bf;results/diagnostics/synthetic_validation.csv=f0b31ea29a4b29fa04a9fcbcfe104176fbda9d53f9428a5eeda2bd6a4d19ad78;results/diagnostics/wind_trajectory_7d.csv=2c9215b3ac59a0119730c029ea0b1bb45397b9210a5c41a5d31acff89094ac07,3a8c4a3744aa99dc134cba33a3974428334b64f1f6a4900e8e0eb8f52bc04dee,2026-09-25T05:21:38+00:00
results/tables/table_4_allocation_comparison.csv,entire generated artifact,147d62b980e84d22b509ad1ad21752f88862cee94e3f69746195876d2b662a32,scripts/make_analysis_tables.py,8607e5c5213f42cd35a117af220f6fc2df8914ff502e39aa38f847b0589e36f1,35ca1236f57a2b672f3b7f725be801fb59e043fe,make tables,python=3.10.12;platform=Linux-6.8.0-1061-aws-x86_64-with-glibc2.35;pip_freeze_sha256=b801e3f3cbd3d0d08d669bf129285247ca793ef0155741b942a8dc34bf46c824,config/model.yml=8607e5c5213f42cd35a117af220f6fc2df8914ff502e39aa38f847b0589e36f1;results/canonical/finite_q_sensitivity.csv=56dcd9ae68e16c8939195e3a1d89274467192685b9aec8a84f86a240bde46c88;results/canonical/matched_event_allocations.csv=1721c3be6e249a678fcf4e5a6d42d1f85118ce7c0cb670ef17f0da5346ff4b78;results/canonical/natural_redistribution_summary.csv=9d32dd46ce6d41c9c417cfb990ab08a35b443306aaa5b82cae1933a2128b47b1;results/canonical/one_unit_allocations.csv=b6277c4652dd4601e1a8ddd959f38621eef393d3216010f9a1ff87ce18f806cd;results/canonical/safety_ablation.csv=7f822eaa7c10e0fe9bbe8ce09a3bca12bc4de4aad82fae5d6d8c6e9db5f9744a;results/canonical/seasonal_day_night_summary.csv=7418ebe2c0b6020d94bc5bba9bfd76af79c123211bdbf75761a24e24b148208d;results/canonical/source_hotspot_robustness.csv=e1c561bee217c38f9db1984230e3565d62d2c3100be950379ed4435c9dca0d16;results/diagnostics/extended_analysis_validation.csv=c8a8e44d082ddbbbe24f6f1b86d8c57eb18f7f375238064b9dee4c19b69272a9;results/diagnostics/global_analysis_validation.csv=2feaa356dc49914f35414c79440b2e9705892424bab5f95cbe64bc3ce160f899;results/diagnostics/surface_radiation_context.csv=89d5f204adc15d491af32aa71dd7ef3593ec117ab4141c28fd09daa624d533bf;results/diagnostics/synthetic_validation.csv=f0b31ea29a4b29fa04a9fcbcfe104176fbda9d53f9428a5eeda2bd6a4d19ad78;results/diagnostics/wind_trajectory_7d.csv=2c9215b3ac59a0119730c029ea0b1bb45397b9210a5c41a5d31acff89094ac07,e771a32c44b5f3ee894e67217d65b717aab97a5ee759653dc2be245ab17e31d9,2026-09-25T05:21:38+00:00
results/tables/table_5_safety_and_capacity.csv,entire generated artifact,147d62b980e84d22b509ad1ad21752f88862cee94e3f69746195876d2b662a32,scripts/make_analysis_tables.py,8607e5c5213f42cd35a117af220f6fc2df8914ff502e39aa38f847b0589e36f1,35ca1236f57a2b672f3b7f725be801fb59e043fe,make tables,python=3.10.12;platform=Linux-6.8.0-1061-aws-x86_64-with-glibc2.35;pip_freeze_sha256=b801e3f3cbd3d0d08d669bf129285247ca793ef0155741b942a8dc34bf46c824,config/model.yml=8607e5c5213f42cd35a117af220f6fc2df8914ff502e39aa38f847b0589e36f1;results/canonical/finite_q_sensitivity.csv=56dcd9ae68e16c8939195e3a1d89274467192685b9aec8a84f86a240bde46c88;results/canonical/matched_event_allocations.csv=1721c3be6e249a678fcf4e5a6d42d1f85118ce7c0cb670ef17f0da5346ff4b78;results/canonical/natural_redistribution_summary.csv=9d32dd46ce6d41c9c417cfb990ab08a35b443306aaa5b82cae1933a2128b47b1;results/canonical/one_unit_allocations.csv=b6277c4652dd4601e1a8ddd959f38621eef393d3216010f9a1ff87ce18f806cd;results/canonical/safety_ablation.csv=7f822eaa7c10e0fe9bbe8ce09a3bca12bc4de4aad82fae5d6d8c6e9db5f9744a;results/canonical/seasonal_day_night_summary.csv=7418ebe2c0b6020d94bc5bba9bfd76af79c123211bdbf75761a24e24b148208d;results/canonical/source_hotspot_robustness.csv=e1c561bee217c38f9db1984230e3565d62d2c3100be950379ed4435c9dca0d16;results/diagnostics/extended_analysis_validation.csv=c8a8e44d082ddbbbe24f6f1b86d8c57eb18f7f375238064b9dee4c19b69272a9;results/diagnostics/global_analysis_validation.csv=2feaa356dc49914f35414c79440b2e9705892424bab5f95cbe64bc3ce160f899;results/diagnostics/surface_radiation_context.csv=89d5f204adc15d491af32aa71dd7ef3593ec117ab4141c28fd09daa624d533bf;results/diagnostics/synthetic_validation.csv=f0b31ea29a4b29fa04a9fcbcfe104176fbda9d53f9428a5eeda2bd6a4d19ad78;results/diagnostics/wind_trajectory_7d.csv=2c9215b3ac59a0119730c029ea0b1bb45397b9210a5c41a5d31acff89094ac07,ee2760324f4733e4d2954946c52fb7e1a6059625dd9f453c99ec921c2571bdec,2026-09-25T05:21:38+00:00
results/tables/table_6_robustness_summary.csv,entire generated artifact,147d62b980e84d22b509ad1ad21752f88862cee94e3f69746195876d2b662a32,scripts/make_analysis_tables.py,8607e5c5213f42cd35a117af220f6fc2df8914ff502e39aa38f847b0589e36f1,35ca1236f57a2b672f3b7f725be801fb59e043fe,make tables,python=3.10.12;platform=Linux-6.8.0-1061-aws-x86_64-with-glibc2.35;pip_freeze_sha256=b801e3f3cbd3d0d08d669bf129285247ca793ef0155741b942a8dc34bf46c824,config/model.yml=8607e5c5213f42cd35a117af220f6fc2df8914ff502e39aa38f847b0589e36f1;results/canonical/finite_q_sensitivity.csv=56dcd9ae68e16c8939195e3a1d89274467192685b9aec8a84f86a240bde46c88;results/canonical/matched_event_allocations.csv=1721c3be6e249a678fcf4e5a6d42d1f85118ce7c0cb670ef17f0da5346ff4b78;results/canonical/natural_redistribution_summary.csv=9d32dd46ce6d41c9c417cfb990ab08a35b443306aaa5b82cae1933a2128b47b1;results/canonical/one_unit_allocations.csv=b6277c4652dd4601e1a8ddd959f38621eef393d3216010f9a1ff87ce18f806cd;results/canonical/safety_ablation.csv=7f822eaa7c10e0fe9bbe8ce09a3bca12bc4de4aad82fae5d6d8c6e9db5f9744a;results/canonical/seasonal_day_night_summary.csv=7418ebe2c0b6020d94bc5bba9bfd76af79c123211bdbf75761a24e24b148208d;results/canonical/source_hotspot_robustness.csv=e1c561bee217c38f9db1984230e3565d62d2c3100be950379ed4435c9dca0d16;results/diagnostics/extended_analysis_validation.csv=c8a8e44d082ddbbbe24f6f1b86d8c57eb18f7f375238064b9dee4c19b69272a9;results/diagnostics/global_analysis_validation.csv=2feaa356dc49914f35414c79440b2e9705892424bab5f95cbe64bc3ce160f899;results/diagnostics/surface_radiation_context.csv=89d5f204adc15d491af32aa71dd7ef3593ec117ab4141c28fd09daa624d533bf;results/diagnostics/synthetic_validation.csv=f0b31ea29a4b29fa04a9fcbcfe104176fbda9d53f9428a5eeda2bd6a4d19ad78;results/diagnostics/wind_trajectory_7d.csv=2c9215b3ac59a0119730c029ea0b1bb45397b9210a5c41a5d31acff89094ac07,3dd3971f0d6dfb3d5a16e610e7c9187fcf81d76c4cc9405dfdbb4b972f1084b8,2026-09-25T05:21:38+00:00
docs/GLOBAL_ANALYSIS_RESULTS.md,entire generated artifact,147d62b980e84d22b509ad1ad21752f88862cee94e3f69746195876d2b662a32,scripts/make_global_analysis_handoff.py,8607e5c5213f42cd35a117af220f6fc2df8914ff502e39aa38f847b0589e36f1,35ca1236f57a2b672f3b7f725be801fb59e043fe,make results-handoff,python=3.10.12;platform=Linux-6.8.0-1061-aws-x86_64-with-glibc2.35;pip_freeze_sha256=b801e3f3cbd3d0d08d669bf129285247ca793ef0155741b942a8dc34bf46c824,config/model.yml=8607e5c5213f42cd35a117af220f6fc2df8914ff502e39aa38f847b0589e36f1;results/canonical/finite_q_sensitivity.csv=56dcd9ae68e16c8939195e3a1d89274467192685b9aec8a84f86a240bde46c88;results/canonical/matched_event_allocations.csv=1721c3be6e249a678fcf4e5a6d42d1f85118ce7c0cb670ef17f0da5346ff4b78;results/canonical/natural_redistribution_summary.csv=9d32dd46ce6d41c9c417cfb990ab08a35b443306aaa5b82cae1933a2128b47b1;results/canonical/one_unit_allocations.csv=b6277c4652dd4601e1a8ddd959f38621eef393d3216010f9a1ff87ce18f806cd;results/canonical/safety_ablation.csv=7f822eaa7c10e0fe9bbe8ce09a3bca12bc4de4aad82fae5d6d8c6e9db5f9744a;results/canonical/seasonal_day_night_summary.csv=7418ebe2c0b6020d94bc5bba9bfd76af79c123211bdbf75761a24e24b148208d;results/canonical/source_hotspot_robustness.csv=e1c561bee217c38f9db1984230e3565d62d2c3100be950379ed4435c9dca0d16;results/diagnostics/extended_analysis_validation.csv=c8a8e44d082ddbbbe24f6f1b86d8c57eb18f7f375238064b9dee4c19b69272a9;results/diagnostics/global_analysis_validation.csv=2feaa356dc49914f35414c79440b2e9705892424bab5f95cbe64bc3ce160f899;results/diagnostics/surface_radiation_context.csv=89d5f204adc15d491af32aa71dd7ef3593ec117ab4141c28fd09daa624d533bf;results/diagnostics/synthetic_validation.csv=f0b31ea29a4b29fa04a9fcbcfe104176fbda9d53f9428a5eeda2bd6a4d19ad78;results/diagnostics/wind_trajectory_7d.csv=2c9215b3ac59a0119730c029ea0b1bb45397b9210a5c41a5d31acff89094ac07,8253d26da016c801ae359e8ee2bac6edffd85c5637521e2a27894b6dffd0caa9,2026-09-25T05:21:38+00:00
docs/STRUCTURAL_UNCERTAINTY.md,entire generated artifact,8b7871951d47252fe4a1e3ae7f9443d12cf0b4179f023e0bcde3d2a251113a9a,scripts/run_structural_replication.py,3d898c830b7b2fa76f28bf40f5f2c26b3367d826055e394a97ee8d660624ff10,35ca1236f57a2b672f3b7f725be801fb59e043fe,make structural-replication,python=3.10.12;platform=Linux-6.8.0-1061-aws-x86_64-with-glibc2.35;pip_freeze_sha256=b801e3f3cbd3d0d08d669bf129285247ca793ef0155741b942a8dc34bf46c824,config/structural_replication.yml=3d898c830b7b2fa76f28bf40f5f2c26b3367d826055e394a97ee8d660624ff10;data/metadata/data_snapshots.csv=5e1dcf544e0d5375964b25fa2ab20d79fe85bd0e9ea09260693d975f50a46579,fa976a48c42edb91be45ab18057ca914e1c195c46dadcf87cdb00097171a11ce,2026-09-25T05:21:38+00:00
docs/PHASE_F_HANDOFF.md,entire generated artifact,8c16218f1a26f441da9e9545fa910082690483f3ea974757c057fe3cc6f54f4e,scripts/write_phase_f_handoff.py,3d898c830b7b2fa76f28bf40f5f2c26b3367d826055e394a97ee8d660624ff10,35ca1236f57a2b672f3b7f725be801fb59e043fe,make phase-f-handoff,python=3.10.12;platform=Linux-6.8.0-1061-aws-x86_64-with-glibc2.35;pip_freeze_sha256=b801e3f3cbd3d0d08d669bf129285247ca793ef0155741b942a8dc34bf46c824,config/structural_replication.yml=3d898c830b7b2fa76f28bf40f5f2c26b3367d826055e394a97ee8d660624ff10;results/tables/structural_replication.csv=097ade6b588095040a4e2b256e08267cdb58a4b5449d0ea0fb0b3a61c41e7a99,3fe73e6f23a59bc6d5e915166fdb90b248898f4fa3aeb24c4fa9353d75332423,2026-09-25T05:21:38+00:00
docs/PHASE_G_HANDOFF.md,entire generated artifact,3d2c34e8624c2aad257d13f8b4e5cb5a94332bf70fb50e0079bfad81a9d6513e,scripts/write_phase_g_handoff.py,dd8c346ba42e23350154c3aed26bfe1b5b258cf2eacee604caef9faafac40c9a,35ca1236f57a2b672f3b7f725be801fb59e043fe,make phase-g-handoff,python=3.10.12;platform=Linux-6.8.0-1061-aws-x86_64-with-glibc2.35;pip_freeze_sha256=b801e3f3cbd3d0d08d669bf129285247ca793ef0155741b942a8dc34bf46c824,results/diagnostics/finite_dispatch_validation.csv=25d522b9a983f7e279fca200c259bd2377cf09e3338f9101939e794736c4a14b;results/dispatch/finite_dispatch_summary.csv=8ae7bd21686b5cbfa9dea1f04c5bdf19624999a721e99b3e89e23fdabd208ebf,d59fc7280dcb3f6d7a837024414ea1b6dfad0c8cf3d5edc7bb3d14cda0a3b61b,2026-09-25T05:21:38+00:00
submission/applied_energy_submission_package.zip,entire generated artifact,48cc91496fb9f00946fac705bc3242dedcf89b0e99587e96b49c04f874d4beb5,scripts/build_submission.py,8607e5c5213f42cd35a117af220f6fc2df8914ff502e39aa38f847b0589e36f1,35ca1236f57a2b672f3b7f725be801fb59e043fe,make submission,python=3.10.12;platform=Linux-6.8.0-1061-aws-x86_64-with-glibc2.35;pip_freeze_sha256=b801e3f3cbd3d0d08d669bf129285247ca793ef0155741b942a8dc34bf46c824,provenance/reference_verification.csv=03f1a3decbbfc768a7ad9d405dca21026302853f464ac49f362ca69bb360cb68;results/canonical/finite_q_sensitivity.csv=56dcd9ae68e16c8939195e3a1d89274467192685b9aec8a84f86a240bde46c88;results/canonical/matched_event_allocations.csv=1721c3be6e249a678fcf4e5a6d42d1f85118ce7c0cb670ef17f0da5346ff4b78;results/canonical/natural_redistribution_summary.csv=9d32dd46ce6d41c9c417cfb990ab08a35b443306aaa5b82cae1933a2128b47b1;results/canonical/one_unit_allocations.csv=b6277c4652dd4601e1a8ddd959f38621eef393d3216010f9a1ff87ce18f806cd;results/canonical/safety_ablation.csv=7f822eaa7c10e0fe9bbe8ce09a3bca12bc4de4aad82fae5d6d8c6e9db5f9744a;results/canonical/seasonal_day_night_summary.csv=7418ebe2c0b6020d94bc5bba9bfd76af79c123211bdbf75761a24e24b148208d;results/canonical/source_hotspot_robustness.csv=e1c561bee217c38f9db1984230e3565d62d2c3100be950379ed4435c9dca0d16;results/diagnostics/extended_analysis_validation.csv=c8a8e44d082ddbbbe24f6f1b86d8c57eb18f7f375238064b9dee4c19b69272a9;results/diagnostics/global_analysis_validation.csv=2feaa356dc49914f35414c79440b2e9705892424bab5f95cbe64bc3ce160f899;results/diagnostics/surface_radiation_context.csv=89d5f204adc15d491af32aa71dd7ef3593ec117ab4141c28fd09daa624d533bf;results/diagnostics/synthetic_validation.csv=f0b31ea29a4b29fa04a9fcbcfe104176fbda9d53f9428a5eeda2bd6a4d19ad78;results/diagnostics/wind_trajectory_7d.csv=2c9215b3ac59a0119730c029ea0b1bb45397b9210a5c41a5d31acff89094ac07;results/figures/figure_1_framework.png=fcc38e922f65af6e246497252171e5b316d130da107f81b2a1d02561f5fadc27;results/figures/figure_1_framework.svg=fbefd7d896b696aad3021196699c6c14553afe555a110f697eddb5b9acd2f5f0;results/figures/figure_2_peak_marginal_burden_map.png=71014d62aa8de80f0cc518bbb93b3130cd48bb9627797e7dbf3237be7dc64a04;results/figures/figure_2_peak_marginal_burden_map.svg=fcec6a135290d6dd03980006c4b512f16a685b5fd2f64510ba223ffd6ef87725;results/figures/figure_3_seasonal_day_night.png=300ebac263bb8ed984ee89da85466e61cc7fa8a1f64ec775dec02d89ffbd9e80;results/figures/figure_3_seasonal_day_night.svg=588f112362524ed034fef2c8f1da290793095c06928da32f54e239e8f0a9797d;results/figures/figure_4_primary_spatial_transfer.png=4c12979fba004a7d34a75039d7b85513b3fe3f3acfc84e90a5536b6e674d63a8;results/figures/figure_4_primary_spatial_transfer.svg=109fec50354efc1b901ff842f756c79f5e05cbfa8aaf2c19a62c649791bab089;results/figures/figure_5_allocation_mode_comparison.png=199c6561664cd62f6f6f2a691590fb7f3a6fd24d397cfb0a1461c6de4769d567;results/figures/figure_5_allocation_mode_comparison.svg=3c80bcb53e766dd07ebc62a7960fc660d530e5b043497c66af78f444bea84215;results/figures/figure_6_safety_ablation.png=9b7d043e6fca9a13b9c337dc3579abc7461a4b88b4dd787bafcfb61139e8e65f;results/figures/figure_6_safety_ablation.svg=2f322daa6d01d05de0532a3d504fd1093435e05a129678c2998550888e9e224b;results/figures/figure_7_joint_penalty_sensitivity.png=b36f300a3628c56973eebdcaa1c347aba932c29f5e35ba287d9d041c9dedd79b;results/figures/figure_7_joint_penalty_sensitivity.svg=fdef0959724e2505317eb8ce4d5fa8d1c47019fa6672a9b9de89fc3d3ce6b972;results/figures/supplementary_figure_s1_source_hotspot_robustness.png=3f24d0f786a089c28c88d85cf2b82abb7f8f600722d9c1f83c6147b42cc6417d;results/figures/supplementary_figure_s1_source_hotspot_robustness.svg=f2a8aa2903471b494d6b8e83c0c10a28b83786d0a6121687ebbd0e0742ee933f;results/figures/supplementary_figure_s2_finite_q_sensitivity.png=376bd6422bb25faccc3dd956b0f7223aeace29015f7dbcfc39bbff0d7bbe044d;results/figures/supplementary_figure_s2_finite_q_sensitivity.svg=e581b8174e65c491288b6dd16859bc0200b3efbfe429731d95fe3934f978b759;results/figures/supplementary_figure_s3_wind_trajectory.png=8087b4dcb29232ba32e92fe2d8786bc130b29d60e9322a80cd66be14a6ce407b;results/figures/supplementary_figure_s3_wind_trajectory.svg=7f167fafead058dea1c61d19e9bfc768fda5ece901c117879dbdcb8bf7af3283;results/tables/structural_replication.csv=097ade6b588095040a4e2b256e08267cdb58a4b5449d0ea0fb0b3a61c41e7a99;results/tables/table_1_datasets.csv=2350171374246e065b4472c1e4d280355a7d28c0ed03c289a5c5cfe72ad56d70;results/tables/table_2_model_assumptions.csv=540276a31769c9577ec95f8bc380442f3facfdf94b9a4f936f951640b16c49cc;results/tables/table_3_marginal_burden_summary.csv=3a8c4a3744aa99dc134cba33a3974428334b64f1f6a4900e8e0eb8f52bc04dee;results/tables/table_4_allocation_comparison.csv=e771a32c44b5f3ee894e67217d65b717aab97a5ee759653dc2be245ab17e31d9;results/tables/table_5_safety_and_capacity.csv=ee2760324f4733e4d2954946c52fb7e1a6059625dd9f453c99ec921c2571bdec;results/tables/table_6_robustness_summary.csv=3dd3971f0d6dfb3d5a16e610e7c9187fcf81d76c4cc9405dfdbb4b972f1084b8,210aa5755022253068f43bd72ea0e1bebdbd600f53db91dd196fa7f7513d391f,2026-09-25T05:21:38+00:00
submission/cover_letter.docx,entire generated artifact,48cc91496fb9f00946fac705bc3242dedcf89b0e99587e96b49c04f874d4beb5,scripts/build_submission.py,8607e5c5213f42cd35a117af220f6fc2df8914ff502e39aa38f847b0589e36f1,35ca1236f57a2b672f3b7f725be801fb59e043fe,make submission,python=3.10.12;platform=Linux-6.8.0-1061-aws-x86_64-with-glibc2.35;pip_freeze_sha256=b801e3f3cbd3d0d08d669bf129285247ca793ef0155741b942a8dc34bf46c824,provenance/reference_verification.csv=03f1a3decbbfc768a7ad9d405dca21026302853f464ac49f362ca69bb360cb68;results/canonical/finite_q_sensitivity.csv=56dcd9ae68e16c8939195e3a1d89274467192685b9aec8a84f86a240bde46c88;results/canonical/matched_event_allocations.csv=1721c3be6e249a678fcf4e5a6d42d1f85118ce7c0cb670ef17f0da5346ff4b78;results/canonical/natural_redistribution_summary.csv=9d32dd46ce6d41c9c417cfb990ab08a35b443306aaa5b82cae1933a2128b47b1;results/canonical/one_unit_allocations.csv=b6277c4652dd4601e1a8ddd959f38621eef393d3216010f9a1ff87ce18f806cd;results/canonical/safety_ablation.csv=7f822eaa7c10e0fe9bbe8ce09a3bca12bc4de4aad82fae5d6d8c6e9db5f9744a;results/canonical/seasonal_day_night_summary.csv=7418ebe2c0b6020d94bc5bba9bfd76af79c123211bdbf75761a24e24b148208d;results/canonical/source_hotspot_robustness.csv=e1c561bee217c38f9db1984230e3565d62d2c3100be950379ed4435c9dca0d16;results/diagnostics/extended_analysis_validation.csv=c8a8e44d082ddbbbe24f6f1b86d8c57eb18f7f375238064b9dee4c19b69272a9;results/diagnostics/global_analysis_validation.csv=2feaa356dc49914f35414c79440b2e9705892424bab5f95cbe64bc3ce160f899;results/diagnostics/surface_radiation_context.csv=89d5f204adc15d491af32aa71dd7ef3593ec117ab4141c28fd09daa624d533bf;results/diagnostics/synthetic_validation.csv=f0b31ea29a4b29fa04a9fcbcfe104176fbda9d53f9428a5eeda2bd6a4d19ad78;results/diagnostics/wind_trajectory_7d.csv=2c9215b3ac59a0119730c029ea0b1bb45397b9210a5c41a5d31acff89094ac07;results/figures/figure_1_framework.png=fcc38e922f65af6e246497252171e5b316d130da107f81b2a1d02561f5fadc27;results/figures/figure_1_framework.svg=fbefd7d896b696aad3021196699c6c14553afe555a110f697eddb5b9acd2f5f0;results/figures/figure_2_peak_marginal_burden_map.png=71014d62aa8de80f0cc518bbb93b3130cd48bb9627797e7dbf3237be7dc64a04;results/figures/figure_2_peak_marginal_burden_map.svg=fcec6a135290d6dd03980006c4b512f16a685b5fd2f64510ba223ffd6ef87725;results/figures/figure_3_seasonal_day_night.png=300ebac263bb8ed984ee89da85466e61cc7fa8a1f64ec775dec02d89ffbd9e80;results/figures/figure_3_seasonal_day_night.svg=588f112362524ed034fef2c8f1da290793095c06928da32f54e239e8f0a9797d;results/figures/figure_4_primary_spatial_transfer.png=4c12979fba004a7d34a75039d7b85513b3fe3f3acfc84e90a5536b6e674d63a8;results/figures/figure_4_primary_spatial_transfer.svg=109fec50354efc1b901ff842f756c79f5e05cbfa8aaf2c19a62c649791bab089;results/figures/figure_5_allocation_mode_comparison.png=199c6561664cd62f6f6f2a691590fb7f3a6fd24d397cfb0a1461c6de4769d567;results/figures/figure_5_allocation_mode_comparison.svg=3c80bcb53e766dd07ebc62a7960fc660d530e5b043497c66af78f444bea84215;results/figures/figure_6_safety_ablation.png=9b7d043e6fca9a13b9c337dc3579abc7461a4b88b4dd787bafcfb61139e8e65f;results/figures/figure_6_safety_ablation.svg=2f322daa6d01d05de0532a3d504fd1093435e05a129678c2998550888e9e224b;results/figures/figure_7_joint_penalty_sensitivity.png=b36f300a3628c56973eebdcaa1c347aba932c29f5e35ba287d9d041c9dedd79b;results/figures/figure_7_joint_penalty_sensitivity.svg=fdef0959724e2505317eb8ce4d5fa8d1c47019fa6672a9b9de89fc3d3ce6b972;results/figures/supplementary_figure_s1_source_hotspot_robustness.png=3f24d0f786a089c28c88d85cf2b82abb7f8f600722d9c1f83c6147b42cc6417d;results/figures/supplementary_figure_s1_source_hotspot_robustness.svg=f2a8aa2903471b494d6b8e83c0c10a28b83786d0a6121687ebbd0e0742ee933f;results/figures/supplementary_figure_s2_finite_q_sensitivity.png=376bd6422bb25faccc3dd956b0f7223aeace29015f7dbcfc39bbff0d7bbe044d;results/figures/supplementary_figure_s2_finite_q_sensitivity.svg=e581b8174e65c491288b6dd16859bc0200b3efbfe429731d95fe3934f978b759;results/figures/supplementary_figure_s3_wind_trajectory.png=8087b4dcb29232ba32e92fe2d8786bc130b29d60e9322a80cd66be14a6ce407b;results/figures/supplementary_figure_s3_wind_trajectory.svg=7f167fafead058dea1c61d19e9bfc768fda5ece901c117879dbdcb8bf7af3283;results/tables/structural_replication.csv=097ade6b588095040a4e2b256e08267cdb58a4b5449d0ea0fb0b3a61c41e7a99;results/tables/table_1_datasets.csv=2350171374246e065b4472c1e4d280355a7d28c0ed03c289a5c5cfe72ad56d70;results/tables/table_2_model_assumptions.csv=540276a31769c9577ec95f8bc380442f3facfdf94b9a4f936f951640b16c49cc;results/tables/table_3_marginal_burden_summary.csv=3a8c4a3744aa99dc134cba33a3974428334b64f1f6a4900e8e0eb8f52bc04dee;results/tables/table_4_allocation_comparison.csv=e771a32c44b5f3ee894e67217d65b717aab97a5ee759653dc2be245ab17e31d9;results/tables/table_5_safety_and_capacity.csv=ee2760324f4733e4d2954946c52fb7e1a6059625dd9f453c99ec921c2571bdec;results/tables/table_6_robustness_summary.csv=3dd3971f0d6dfb3d5a16e610e7c9187fcf81d76c4cc9405dfdbb4b972f1084b8,980616ccea75874d0c42b10ef104cfbb2c6a75a656cc039a5ba11b353e31140b,2026-09-25T05:21:38+00:00
submission/figures/figure_1_framework.png,entire generated artifact,48cc91496fb9f00946fac705bc3242dedcf89b0e99587e96b49c04f874d4beb5,scripts/build_submission.py,8607e5c5213f42cd35a117af220f6fc2df8914ff502e39aa38f847b0589e36f1,35ca1236f57a2b672f3b7f725be801fb59e043fe,make submission,python=3.10.12;platform=Linux-6.8.0-1061-aws-x86_64-with-glibc2.35;pip_freeze_sha256=b801e3f3cbd3d0d08d669bf129285247ca793ef0155741b942a8dc34bf46c824,provenance/reference_verification.csv=03f1a3decbbfc768a7ad9d405dca21026302853f464ac49f362ca69bb360cb68;results/canonical/finite_q_sensitivity.csv=56dcd9ae68e16c8939195e3a1d89274467192685b9aec8a84f86a240bde46c88;results/canonical/matched_event_allocations.csv=1721c3be6e249a678fcf4e5a6d42d1f85118ce7c0cb670ef17f0da5346ff4b78;results/canonical/natural_redistribution_summary.csv=9d32dd46ce6d41c9c417cfb990ab08a35b443306aaa5b82cae1933a2128b47b1;results/canonical/one_unit_allocations.csv=b6277c4652dd4601e1a8ddd959f38621eef393d3216010f9a1ff87ce18f806cd;results/canonical/safety_ablation.csv=7f822eaa7c10e0fe9bbe8ce09a3bca12bc4de4aad82fae5d6d8c6e9db5f9744a;results/canonical/seasonal_day_night_summary.csv=7418ebe2c0b6020d94bc5bba9bfd76af79c123211bdbf75761a24e24b148208d;results/canonical/source_hotspot_robustness.csv=e1c561bee217c38f9db1984230e3565d62d2c3100be950379ed4435c9dca0d16;results/diagnostics/extended_analysis_validation.csv=c8a8e44d082ddbbbe24f6f1b86d8c57eb18f7f375238064b9dee4c19b69272a9;results/diagnostics/global_analysis_validation.csv=2feaa356dc49914f35414c79440b2e9705892424bab5f95cbe64bc3ce160f899;results/diagnostics/surface_radiation_context.csv=89d5f204adc15d491af32aa71dd7ef3593ec117ab4141c28fd09daa624d533bf;results/diagnostics/synthetic_validation.csv=f0b31ea29a4b29fa04a9fcbcfe104176fbda9d53f9428a5eeda2bd6a4d19ad78;results/diagnostics/wind_trajectory_7d.csv=2c9215b3ac59a0119730c029ea0b1bb45397b9210a5c41a5d31acff89094ac07;results/figures/figure_1_framework.png=fcc38e922f65af6e246497252171e5b316d130da107f81b2a1d02561f5fadc27;results/figures/figure_1_framework.svg=fbefd7d896b696aad3021196699c6c14553afe555a110f697eddb5b9acd2f5f0;results/figures/figure_2_peak_marginal_burden_map.png=71014d62aa8de80f0cc518bbb93b3130cd48bb9627797e7dbf3237be7dc64a04;results/figures/figure_2_peak_marginal_burden_map.svg=fcec6a135290d6dd03980006c4b512f16a685b5fd2f64510ba223ffd6ef87725;results/figures/figure_3_seasonal_day_night.png=300ebac263bb8ed984ee89da85466e61cc7fa8a1f64ec775dec02d89ffbd9e80;results/figures/figure_3_seasonal_day_night.svg=588f112362524ed034fef2c8f1da290793095c06928da32f54e239e8f0a9797d;results/figures/figure_4_primary_spatial_transfer.png=4c12979fba004a7d34a75039d7b85513b3fe3f3acfc84e90a5536b6e674d63a8;results/figures/figure_4_primary_spatial_transfer.svg=109fec50354efc1b901ff842f756c79f5e05cbfa8aaf2c19a62c649791bab089;results/figures/figure_5_allocation_mode_comparison.png=199c6561664cd62f6f6f2a691590fb7f3a6fd24d397cfb0a1461c6de4769d567;results/figures/figure_5_allocation_mode_comparison.svg=3c80bcb53e766dd07ebc62a7960fc660d530e5b043497c66af78f444bea84215;results/figures/figure_6_safety_ablation.png=9b7d043e6fca9a13b9c337dc3579abc7461a4b88b4dd787bafcfb61139e8e65f;results/figures/figure_6_safety_ablation.svg=2f322daa6d01d05de0532a3d504fd1093435e05a129678c2998550888e9e224b;results/figures/figure_7_joint_penalty_sensitivity.png=b36f300a3628c56973eebdcaa1c347aba932c29f5e35ba287d9d041c9dedd79b;results/figures/figure_7_joint_penalty_sensitivity.svg=fdef0959724e2505317eb8ce4d5fa8d1c47019fa6672a9b9de89fc3d3ce6b972;results/figures/supplementary_figure_s1_source_hotspot_robustness.png=3f24d0f786a089c28c88d85cf2b82abb7f8f600722d9c1f83c6147b42cc6417d;results/figures/supplementary_figure_s1_source_hotspot_robustness.svg=f2a8aa2903471b494d6b8e83c0c10a28b83786d0a6121687ebbd0e0742ee933f;results/figures/supplementary_figure_s2_finite_q_sensitivity.png=376bd6422bb25faccc3dd956b0f7223aeace29015f7dbcfc39bbff0d7bbe044d;results/figures/supplementary_figure_s2_finite_q_sensitivity.svg=e581b8174e65c491288b6dd16859bc0200b3efbfe429731d95fe3934f978b759;results/figures/supplementary_figure_s3_wind_trajectory.png=8087b4dcb29232ba32e92fe2d8786bc130b29d60e9322a80cd66be14a6ce407b;results/figures/supplementary_figure_s3_wind_trajectory.svg=7f167fafead058dea1c61d19e9bfc768fda5ece901c117879dbdcb8bf7af3283;results/tables/structural_replication.csv=097ade6b588095040a4e2b256e08267cdb58a4b5449d0ea0fb0b3a61c41e7a99;results/tables/table_1_datasets.csv=2350171374246e065b4472c1e4d280355a7d28c0ed03c289a5c5cfe72ad56d70;results/tables/table_2_model_assumptions.csv=540276a31769c9577ec95f8bc380442f3facfdf94b9a4f936f951640b16c49cc;results/tables/table_3_marginal_burden_summary.csv=3a8c4a3744aa99dc134cba33a3974428334b64f1f6a4900e8e0eb8f52bc04dee;results/tables/table_4_allocation_comparison.csv=e771a32c44b5f3ee894e67217d65b717aab97a5ee759653dc2be245ab17e31d9;results/tables/table_5_safety_and_capacity.csv=ee2760324f4733e4d2954946c52fb7e1a6059625dd9f453c99ec921c2571bdec;results/tables/table_6_robustness_summary.csv=3dd3971f0d6dfb3d5a16e610e7c9187fcf81d76c4cc9405dfdbb4b972f1084b8,fcc38e922f65af6e246497252171e5b316d130da107f81b2a1d02561f5fadc27,2026-09-25T05:21:38+00:00
submission/figures/figure_1_framework.svg,entire generated artifact,48cc91496fb9f00946fac705bc3242dedcf89b0e99587e96b49c04f874d4beb5,scripts/build_submission.py,8607e5c5213f42cd35a117af220f6fc2df8914ff502e39aa38f847b0589e36f1,35ca1236f57a2b672f3b7f725be801fb59e043fe,make submission,python=3.10.12;platform=Linux-6.8.0-1061-aws-x86_64-with-glibc2.35;pip_freeze_sha256=b801e3f3cbd3d0d08d669bf129285247ca793ef0155741b942a8dc34bf46c824,provenance/reference_verification.csv=03f1a3decbbfc768a7ad9d405dca21026302853f464ac49f362ca69bb360cb68;results/canonical/finite_q_sensitivity.csv=56dcd9ae68e16c8939195e3a1d89274467192685b9aec8a84f86a240bde46c88;results/canonical/matched_event_allocations.csv=1721c3be6e249a678fcf4e5a6d42d1f85118ce7c0cb670ef17f0da5346ff4b78;results/canonical/natural_redistribution_summary.csv=9d32dd46ce6d41c9c417cfb990ab08a35b443306aaa5b82cae1933a2128b47b1;results/canonical/one_unit_allocations.csv=b6277c4652dd4601e1a8ddd959f38621eef393d3216010f9a1ff87ce18f806cd;results/canonical/safety_ablation.csv=7f822eaa7c10e0fe9bbe8ce09a3bca12bc4de4aad82fae5d6d8c6e9db5f9744a;results/canonical/seasonal_day_night_summary.csv=7418ebe2c0b6020d94bc5bba9bfd76af79c123211bdbf75761a24e24b148208d;results/canonical/source_hotspot_robustness.csv=e1c561bee217c38f9db1984230e3565d62d2c3100be950379ed4435c9dca0d16;results/diagnostics/extended_analysis_validation.csv=c8a8e44d082ddbbbe24f6f1b86d8c57eb18f7f375238064b9dee4c19b69272a9;results/diagnostics/global_analysis_validation.csv=2feaa356dc49914f35414c79440b2e9705892424bab5f95cbe64bc3ce160f899;results/diagnostics/surface_radiation_context.csv=89d5f204adc15d491af32aa71dd7ef3593ec117ab4141c28fd09daa624d533bf;results/diagnostics/synthetic_validation.csv=f0b31ea29a4b29fa04a9fcbcfe104176fbda9d53f9428a5eeda2bd6a4d19ad78;results/diagnostics/wind_trajectory_7d.csv=2c9215b3ac59a0119730c029ea0b1bb45397b9210a5c41a5d31acff89094ac07;results/figures/figure_1_framework.png=fcc38e922f65af6e246497252171e5b316d130da107f81b2a1d02561f5fadc27;results/figures/figure_1_framework.svg=fbefd7d896b696aad3021196699c6c14553afe555a110f697eddb5b9acd2f5f0;results/figures/figure_2_peak_marginal_burden_map.png=71014d62aa8de80f0cc518bbb93b3130cd48bb9627797e7dbf3237be7dc64a04;results/figures/figure_2_peak_marginal_burden_map.svg=fcec6a135290d6dd03980006c4b512f16a685b5fd2f64510ba223ffd6ef87725;results/figures/figure_3_seasonal_day_night.png=300ebac263bb8ed984ee89da85466e61cc7fa8a1f64ec775dec02d89ffbd9e80;results/figures/figure_3_seasonal_day_night.svg=588f112362524ed034fef2c8f1da290793095c06928da32f54e239e8f0a9797d;results/figures/figure_4_primary_spatial_transfer.png=4c12979fba004a7d34a75039d7b85513b3fe3f3acfc84e90a5536b6e674d63a8;results/figures/figure_4_primary_spatial_transfer.svg=109fec50354efc1b901ff842f756c79f5e05cbfa8aaf2c19a62c649791bab089;results/figures/figure_5_allocation_mode_comparison.png=199c6561664cd62f6f6f2a691590fb7f3a6fd24d397cfb0a1461c6de4769d567;results/figures/figure_5_allocation_mode_comparison.svg=3c80bcb53e766dd07ebc62a7960fc660d530e5b043497c66af78f444bea84215;results/figures/figure_6_safety_ablation.png=9b7d043e6fca9a13b9c337dc3579abc7461a4b88b4dd787bafcfb61139e8e65f;results/figures/figure_6_safety_ablation.svg=2f322daa6d01d05de0532a3d504fd1093435e05a129678c2998550888e9e224b;results/figures/figure_7_joint_penalty_sensitivity.png=b36f300a3628c56973eebdcaa1c347aba932c29f5e35ba287d9d041c9dedd79b;results/figures/figure_7_joint_penalty_sensitivity.svg=fdef0959724e2505317eb8ce4d5fa8d1c47019fa6672a9b9de89fc3d3ce6b972;results/figures/supplementary_figure_s1_source_hotspot_robustness.png=3f24d0f786a089c28c88d85cf2b82abb7f8f600722d9c1f83c6147b42cc6417d;results/figures/supplementary_figure_s1_source_hotspot_robustness.svg=f2a8aa2903471b494d6b8e83c0c10a28b83786d0a6121687ebbd0e0742ee933f;results/figures/supplementary_figure_s2_finite_q_sensitivity.png=376bd6422bb25faccc3dd956b0f7223aeace29015f7dbcfc39bbff0d7bbe044d;results/figures/supplementary_figure_s2_finite_q_sensitivity.svg=e581b8174e65c491288b6dd16859bc0200b3efbfe429731d95fe3934f978b759;results/figures/supplementary_figure_s3_wind_trajectory.png=8087b4dcb29232ba32e92fe2d8786bc130b29d60e9322a80cd66be14a6ce407b;results/figures/supplementary_figure_s3_wind_trajectory.svg=7f167fafead058dea1c61d19e9bfc768fda5ece901c117879dbdcb8bf7af3283;results/tables/structural_replication.csv=097ade6b588095040a4e2b256e08267cdb58a4b5449d0ea0fb0b3a61c41e7a99;results/tables/table_1_datasets.csv=2350171374246e065b4472c1e4d280355a7d28c0ed03c289a5c5cfe72ad56d70;results/tables/table_2_model_assumptions.csv=540276a31769c9577ec95f8bc380442f3facfdf94b9a4f936f951640b16c49cc;results/tables/table_3_marginal_burden_summary.csv=3a8c4a3744aa99dc134cba33a3974428334b64f1f6a4900e8e0eb8f52bc04dee;results/tables/table_4_allocation_comparison.csv=e771a32c44b5f3ee894e67217d65b717aab97a5ee759653dc2be245ab17e31d9;results/tables/table_5_safety_and_capacity.csv=ee2760324f4733e4d2954946c52fb7e1a6059625dd9f453c99ec921c2571bdec;results/tables/table_6_robustness_summary.csv=3dd3971f0d6dfb3d5a16e610e7c9187fcf81d76c4cc9405dfdbb4b972f1084b8,fbefd7d896b696aad3021196699c6c14553afe555a110f697eddb5b9acd2f5f0,2026-09-25T05:21:38+00:00
submission/figures/figure_2_peak_marginal_burden_map.png,entire generated artifact,48cc91496fb9f00946fac705bc3242dedcf89b0e99587e96b49c04f874d4beb5,scripts/build_submission.py,8607e5c5213f42cd35a117af220f6fc2df8914ff502e39aa38f847b0589e36f1,35ca1236f57a2b672f3b7f725be801fb59e043fe,make submission,python=3.10.12;platform=Linux-6.8.0-1061-aws-x86_64-with-glibc2.35;pip_freeze_sha256=b801e3f3cbd3d0d08d669bf129285247ca793ef0155741b942a8dc34bf46c824,provenance/reference_verification.csv=03f1a3decbbfc768a7ad9d405dca21026302853f464ac49f362ca69bb360cb68;results/canonical/finite_q_sensitivity.csv=56dcd9ae68e16c8939195e3a1d89274467192685b9aec8a84f86a240bde46c88;results/canonical/matched_event_allocations.csv=1721c3be6e249a678fcf4e5a6d42d1f85118ce7c0cb670ef17f0da5346ff4b78;results/canonical/natural_redistribution_summary.csv=9d32dd46ce6d41c9c417cfb990ab08a35b443306aaa5b82cae1933a2128b47b1;results/canonical/one_unit_allocations.csv=b6277c4652dd4601e1a8ddd959f38621eef393d3216010f9a1ff87ce18f806cd;results/canonical/safety_ablation.csv=7f822eaa7c10e0fe9bbe8ce09a3bca12bc4de4aad82fae5d6d8c6e9db5f9744a;results/canonical/seasonal_day_night_summary.csv=7418ebe2c0b6020d94bc5bba9bfd76af79c123211bdbf75761a24e24b148208d;results/canonical/source_hotspot_robustness.csv=e1c561bee217c38f9db1984230e3565d62d2c3100be950379ed4435c9dca0d16;results/diagnostics/extended_analysis_validation.csv=c8a8e44d082ddbbbe24f6f1b86d8c57eb18f7f375238064b9dee4c19b69272a9;results/diagnostics/global_analysis_validation.csv=2feaa356dc49914f35414c79440b2e9705892424bab5f95cbe64bc3ce160f899;results/diagnostics/surface_radiation_context.csv=89d5f204adc15d491af32aa71dd7ef3593ec117ab4141c28fd09daa624d533bf;results/diagnostics/synthetic_validation.csv=f0b31ea29a4b29fa04a9fcbcfe104176fbda9d53f9428a5eeda2bd6a4d19ad78;results/diagnostics/wind_trajectory_7d.csv=2c9215b3ac59a0119730c029ea0b1bb45397b9210a5c41a5d31acff89094ac07;results/figures/figure_1_framework.png=fcc38e922f65af6e246497252171e5b316d130da107f81b2a1d02561f5fadc27;results/figures/figure_1_framework.svg=fbefd7d896b696aad3021196699c6c14553afe555a110f697eddb5b9acd2f5f0;results/figures/figure_2_peak_marginal_burden_map.png=71014d62aa8de80f0cc518bbb93b3130cd48bb9627797e7dbf3237be7dc64a04;results/figures/figure_2_peak_marginal_burden_map.svg=fcec6a135290d6dd03980006c4b512f16a685b5fd2f64510ba223ffd6ef87725;results/figures/figure_3_seasonal_day_night.png=300ebac263bb8ed984ee89da85466e61cc7fa8a1f64ec775dec02d89ffbd9e80;results/figures/figure_3_seasonal_day_night.svg=588f112362524ed034fef2c8f1da290793095c06928da32f54e239e8f0a9797d;results/figures/figure_4_primary_spatial_transfer.png=4c12979fba004a7d34a75039d7b85513b3fe3f3acfc84e90a5536b6e674d63a8;results/figures/figure_4_primary_spatial_transfer.svg=109fec50354efc1b901ff842f756c79f5e05cbfa8aaf2c19a62c649791bab089;results/figures/figure_5_allocation_mode_comparison.png=199c6561664cd62f6f6f2a691590fb7f3a6fd24d397cfb0a1461c6de4769d567;results/figures/figure_5_allocation_mode_comparison.svg=3c80bcb53e766dd07ebc62a7960fc660d530e5b043497c66af78f444bea84215;results/figures/figure_6_safety_ablation.png=9b7d043e6fca9a13b9c337dc3579abc7461a4b88b4dd787bafcfb61139e8e65f;results/figures/figure_6_safety_ablation.svg=2f322daa6d01d05de0532a3d504fd1093435e05a129678c2998550888e9e224b;results/figures/figure_7_joint_penalty_sensitivity.png=b36f300a3628c56973eebdcaa1c347aba932c29f5e35ba287d9d041c9dedd79b;results/figures/figure_7_joint_penalty_sensitivity.svg=fdef0959724e2505317eb8ce4d5fa8d1c47019fa6672a9b9de89fc3d3ce6b972;results/figures/supplementary_figure_s1_source_hotspot_robustness.png=3f24d0f786a089c28c88d85cf2b82abb7f8f600722d9c1f83c6147b42cc6417d;results/figures/supplementary_figure_s1_source_hotspot_robustness.svg=f2a8aa2903471b494d6b8e83c0c10a28b83786d0a6121687ebbd0e0742ee933f;results/figures/supplementary_figure_s2_finite_q_sensitivity.png=376bd6422bb25faccc3dd956b0f7223aeace29015f7dbcfc39bbff0d7bbe044d;results/figures/supplementary_figure_s2_finite_q_sensitivity.svg=e581b8174e65c491288b6dd16859bc0200b3efbfe429731d95fe3934f978b759;results/figures/supplementary_figure_s3_wind_trajectory.png=8087b4dcb29232ba32e92fe2d8786bc130b29d60e9322a80cd66be14a6ce407b;results/figures/supplementary_figure_s3_wind_trajectory.svg=7f167fafead058dea1c61d19e9bfc768fda5ece901c117879dbdcb8bf7af3283;results/tables/structural_replication.csv=097ade6b588095040a4e2b256e08267cdb58a4b5449d0ea0fb0b3a61c41e7a99;results/tables/table_1_datasets.csv=2350171374246e065b4472c1e4d280355a7d28c0ed03c289a5c5cfe72ad56d70;results/tables/table_2_model_assumptions.csv=540276a31769c9577ec95f8bc380442f3facfdf94b9a4f936f951640b16c49cc;results/tables/table_3_marginal_burden_summary.csv=3a8c4a3744aa99dc134cba33a3974428334b64f1f6a4900e8e0eb8f52bc04dee;results/tables/table_4_allocation_comparison.csv=e771a32c44b5f3ee894e67217d65b717aab97a5ee759653dc2be245ab17e31d9;results/tables/table_5_safety_and_capacity.csv=ee2760324f4733e4d2954946c52fb7e1a6059625dd9f453c99ec921c2571bdec;results/tables/table_6_robustness_summary.csv=3dd3971f0d6dfb3d5a16e610e7c9187fcf81d76c4cc9405dfdbb4b972f1084b8,71014d62aa8de80f0cc518bbb93b3130cd48bb9627797e7dbf3237be7dc64a04,2026-09-25T05:21:38+00:00
submission/figures/figure_2_peak_marginal_burden_map.svg,entire generated artifact,48cc91496fb9f00946fac705bc3242dedcf89b0e99587e96b49c04f874d4beb5,scripts/build_submission.py,8607e5c5213f42cd35a117af220f6fc2df8914ff502e39aa38f847b0589e36f1,35ca1236f57a2b672f3b7f725be801fb59e043fe,make submission,python=3.10.12;platform=Linux-6.8.0-1061-aws-x86_64-with-glibc2.35;pip_freeze_sha256=b801e3f3cbd3d0d08d669bf129285247ca793ef0155741b942a8dc34bf46c824,provenance/reference_verification.csv=03f1a3decbbfc768a7ad9d405dca21026302853f464ac49f362ca69bb360cb68;results/canonical/finite_q_sensitivity.csv=56dcd9ae68e16c8939195e3a1d89274467192685b9aec8a84f86a240bde46c88;results/canonical/matched_event_allocations.csv=1721c3be6e249a678fcf4e5a6d42d1f85118ce7c0cb670ef17f0da5346ff4b78;results/canonical/natural_redistribution_summary.csv=9d32dd46ce6d41c9c417cfb990ab08a35b443306aaa5b82cae1933a2128b47b1;results/canonical/one_unit_allocations.csv=b6277c4652dd4601e1a8ddd959f38621eef393d3216010f9a1ff87ce18f806cd;results/canonical/safety_ablation.csv=7f822eaa7c10e0fe9bbe8ce09a3bca12bc4de4aad82fae5d6d8c6e9db5f9744a;results/canonical/seasonal_day_night_summary.csv=7418ebe2c0b6020d94bc5bba9bfd76af79c123211bdbf75761a24e24b148208d;results/canonical/source_hotspot_robustness.csv=e1c561bee217c38f9db1984230e3565d62d2c3100be950379ed4435c9dca0d16;results/diagnostics/extended_analysis_validation.csv=c8a8e44d082ddbbbe24f6f1b86d8c57eb18f7f375238064b9dee4c19b69272a9;results/diagnostics/global_analysis_validation.csv=2feaa356dc49914f35414c79440b2e9705892424bab5f95cbe64bc3ce160f899;results/diagnostics/surface_radiation_context.csv=89d5f204adc15d491af32aa71dd7ef3593ec117ab4141c28fd09daa624d533bf;results/diagnostics/synthetic_validation.csv=f0b31ea29a4b29fa04a9fcbcfe104176fbda9d53f9428a5eeda2bd6a4d19ad78;results/diagnostics/wind_trajectory_7d.csv=2c9215b3ac59a0119730c029ea0b1bb45397b9210a5c41a5d31acff89094ac07;results/figures/figure_1_framework.png=fcc38e922f65af6e246497252171e5b316d130da107f81b2a1d02561f5fadc27;results/figures/figure_1_framework.svg=fbefd7d896b696aad3021196699c6c14553afe555a110f697eddb5b9acd2f5f0;results/figures/figure_2_peak_marginal_burden_map.png=71014d62aa8de80f0cc518bbb93b3130cd48bb9627797e7dbf3237be7dc64a04;results/figures/figure_2_peak_marginal_burden_map.svg=fcec6a135290d6dd03980006c4b512f16a685b5fd2f64510ba223ffd6ef87725;results/figures/figure_3_seasonal_day_night.png=300ebac263bb8ed984ee89da85466e61cc7fa8a1f64ec775dec02d89ffbd9e80;results/figures/figure_3_seasonal_day_night.svg=588f112362524ed034fef2c8f1da290793095c06928da32f54e239e8f0a9797d;results/figures/figure_4_primary_spatial_transfer.png=4c12979fba004a7d34a75039d7b85513b3fe3f3acfc84e90a5536b6e674d63a8;results/figures/figure_4_primary_spatial_transfer.svg=109fec50354efc1b901ff842f756c79f5e05cbfa8aaf2c19a62c649791bab089;results/figures/figure_5_allocation_mode_comparison.png=199c6561664cd62f6f6f2a691590fb7f3a6fd24d397cfb0a1461c6de4769d567;results/figures/figure_5_allocation_mode_comparison.svg=3c80bcb53e766dd07ebc62a7960fc660d530e5b043497c66af78f444bea84215;results/figures/figure_6_safety_ablation.png=9b7d043e6fca9a13b9c337dc3579abc7461a4b88b4dd787bafcfb61139e8e65f;results/figures/figure_6_safety_ablation.svg=2f322daa6d01d05de0532a3d504fd1093435e05a129678c2998550888e9e224b;results/figures/figure_7_joint_penalty_sensitivity.png=b36f300a3628c56973eebdcaa1c347aba932c29f5e35ba287d9d041c9dedd79b;results/figures/figure_7_joint_penalty_sensitivity.svg=fdef0959724e2505317eb8ce4d5fa8d1c47019fa6672a9b9de89fc3d3ce6b972;results/figures/supplementary_figure_s1_source_hotspot_robustness.png=3f24d0f786a089c28c88d85cf2b82abb7f8f600722d9c1f83c6147b42cc6417d;results/figures/supplementary_figure_s1_source_hotspot_robustness.svg=f2a8aa2903471b494d6b8e83c0c10a28b83786d0a6121687ebbd0e0742ee933f;results/figures/supplementary_figure_s2_finite_q_sensitivity.png=376bd6422bb25faccc3dd956b0f7223aeace29015f7dbcfc39bbff0d7bbe044d;results/figures/supplementary_figure_s2_finite_q_sensitivity.svg=e581b8174e65c491288b6dd16859bc0200b3efbfe429731d95fe3934f978b759;results/figures/supplementary_figure_s3_wind_trajectory.png=8087b4dcb29232ba32e92fe2d8786bc130b29d60e9322a80cd66be14a6ce407b;results/figures/supplementary_figure_s3_wind_trajectory.svg=7f167fafead058dea1c61d19e9bfc768fda5ece901c117879dbdcb8bf7af3283;results/tables/structural_replication.csv=097ade6b588095040a4e2b256e08267cdb58a4b5449d0ea0fb0b3a61c41e7a99;results/tables/table_1_datasets.csv=2350171374246e065b4472c1e4d280355a7d28c0ed03c289a5c5cfe72ad56d70;results/tables/table_2_model_assumptions.csv=540276a31769c9577ec95f8bc380442f3facfdf94b9a4f936f951640b16c49cc;results/tables/table_3_marginal_burden_summary.csv=3a8c4a3744aa99dc134cba33a3974428334b64f1f6a4900e8e0eb8f52bc04dee;results/tables/table_4_allocation_comparison.csv=e771a32c44b5f3ee894e67217d65b717aab97a5ee759653dc2be245ab17e31d9;results/tables/table_5_safety_and_capacity.csv=ee2760324f4733e4d2954946c52fb7e1a6059625dd9f453c99ec921c2571bdec;results/tables/table_6_robustness_summary.csv=3dd3971f0d6dfb3d5a16e610e7c9187fcf81d76c4cc9405dfdbb4b972f1084b8,fcec6a135290d6dd03980006c4b512f16a685b5fd2f64510ba223ffd6ef87725,2026-09-25T05:21:38+00:00
submission/figures/figure_3_seasonal_day_night.png,entire generated artifact,48cc91496fb9f00946fac705bc3242dedcf89b0e99587e96b49c04f874d4beb5,scripts/build_submission.py,8607e5c5213f42cd35a117af220f6fc2df8914ff502e39aa38f847b0589e36f1,35ca1236f57a2b672f3b7f725be801fb59e043fe,make submission,python=3.10.12;platform=Linux-6.8.0-1061-aws-x86_64-with-glibc2.35;pip_freeze_sha256=b801e3f3cbd3d0d08d669bf129285247ca793ef0155741b942a8dc34bf46c824,provenance/reference_verification.csv=03f1a3decbbfc768a7ad9d405dca21026302853f464ac49f362ca69bb360cb68;results/canonical/finite_q_sensitivity.csv=56dcd9ae68e16c8939195e3a1d89274467192685b9aec8a84f86a240bde46c88;results/canonical/matched_event_allocations.csv=1721c3be6e249a678fcf4e5a6d42d1f85118ce7c0cb670ef17f0da5346ff4b78;results/canonical/natural_redistribution_summary.csv=9d32dd46ce6d41c9c417cfb990ab08a35b443306aaa5b82cae1933a2128b47b1;results/canonical/one_unit_allocations.csv=b6277c4652dd4601e1a8ddd959f38621eef393d3216010f9a1ff87ce18f806cd;results/canonical/safety_ablation.csv=7f822eaa7c10e0fe9bbe8ce09a3bca12bc4de4aad82fae5d6d8c6e9db5f9744a;results/canonical/seasonal_day_night_summary.csv=7418ebe2c0b6020d94bc5bba9bfd76af79c123211bdbf75761a24e24b148208d;results/canonical/source_hotspot_robustness.csv=e1c561bee217c38f9db1984230e3565d62d2c3100be950379ed4435c9dca0d16;results/diagnostics/extended_analysis_validation.csv=c8a8e44d082ddbbbe24f6f1b86d8c57eb18f7f375238064b9dee4c19b69272a9;results/diagnostics/global_analysis_validation.csv=2feaa356dc49914f35414c79440b2e9705892424bab5f95cbe64bc3ce160f899;results/diagnostics/surface_radiation_context.csv=89d5f204adc15d491af32aa71dd7ef3593ec117ab4141c28fd09daa624d533bf;results/diagnostics/synthetic_validation.csv=f0b31ea29a4b29fa04a9fcbcfe104176fbda9d53f9428a5eeda2bd6a4d19ad78;results/diagnostics/wind_trajectory_7d.csv=2c9215b3ac59a0119730c029ea0b1bb45397b9210a5c41a5d31acff89094ac07;results/figures/figure_1_framework.png=fcc38e922f65af6e246497252171e5b316d130da107f81b2a1d02561f5fadc27;results/figures/figure_1_framework.svg=fbefd7d896b696aad3021196699c6c14553afe555a110f697eddb5b9acd2f5f0;results/figures/figure_2_peak_marginal_burden_map.png=71014d62aa8de80f0cc518bbb93b3130cd48bb9627797e7dbf3237be7dc64a04;results/figures/figure_2_peak_marginal_burden_map.svg=fcec6a135290d6dd03980006c4b512f16a685b5fd2f64510ba223ffd6ef87725;results/figures/figure_3_seasonal_day_night.png=300ebac263bb8ed984ee89da85466e61cc7fa8a1f64ec775dec02d89ffbd9e80;results/figures/figure_3_seasonal_day_night.svg=588f112362524ed034fef2c8f1da290793095c06928da32f54e239e8f0a9797d;results/figures/figure_4_primary_spatial_transfer.png=4c12979fba004a7d34a75039d7b85513b3fe3f3acfc84e90a5536b6e674d63a8;results/figures/figure_4_primary_spatial_transfer.svg=109fec50354efc1b901ff842f756c79f5e05cbfa8aaf2c19a62c649791bab089;results/figures/figure_5_allocation_mode_comparison.png=199c6561664cd62f6f6f2a691590fb7f3a6fd24d397cfb0a1461c6de4769d567;results/figures/figure_5_allocation_mode_comparison.svg=3c80bcb53e766dd07ebc62a7960fc660d530e5b043497c66af78f444bea84215;results/figures/figure_6_safety_ablation.png=9b7d043e6fca9a13b9c337dc3579abc7461a4b88b4dd787bafcfb61139e8e65f;results/figures/figure_6_safety_ablation.svg=2f322daa6d01d05de0532a3d504fd1093435e05a129678c2998550888e9e224b;results/figures/figure_7_joint_penalty_sensitivity.png=b36f300a3628c56973eebdcaa1c347aba932c29f5e35ba287d9d041c9dedd79b;results/figures/figure_7_joint_penalty_sensitivity.svg=fdef0959724e2505317eb8ce4d5fa8d1c47019fa6672a9b9de89fc3d3ce6b972;results/figures/supplementary_figure_s1_source_hotspot_robustness.png=3f24d0f786a089c28c88d85cf2b82abb7f8f600722d9c1f83c6147b42cc6417d;results/figures/supplementary_figure_s1_source_hotspot_robustness.svg=f2a8aa2903471b494d6b8e83c0c10a28b83786d0a6121687ebbd0e0742ee933f;results/figures/supplementary_figure_s2_finite_q_sensitivity.png=376bd6422bb25faccc3dd956b0f7223aeace29015f7dbcfc39bbff0d7bbe044d;results/figures/supplementary_figure_s2_finite_q_sensitivity.svg=e581b8174e65c491288b6dd16859bc0200b3efbfe429731d95fe3934f978b759;results/figures/supplementary_figure_s3_wind_trajectory.png=8087b4dcb29232ba32e92fe2d8786bc130b29d60e9322a80cd66be14a6ce407b;results/figures/supplementary_figure_s3_wind_trajectory.svg=7f167fafead058dea1c61d19e9bfc768fda5ece901c117879dbdcb8bf7af3283;results/tables/structural_replication.csv=097ade6b588095040a4e2b256e08267cdb58a4b5449d0ea0fb0b3a61c41e7a99;results/tables/table_1_datasets.csv=2350171374246e065b4472c1e4d280355a7d28c0ed03c289a5c5cfe72ad56d70;results/tables/table_2_model_assumptions.csv=540276a31769c9577ec95f8bc380442f3facfdf94b9a4f936f951640b16c49cc;results/tables/table_3_marginal_burden_summary.csv=3a8c4a3744aa99dc134cba33a3974428334b64f1f6a4900e8e0eb8f52bc04dee;results/tables/table_4_allocation_comparison.csv=e771a32c44b5f3ee894e67217d65b717aab97a5ee759653dc2be245ab17e31d9;results/tables/table_5_safety_and_capacity.csv=ee2760324f4733e4d2954946c52fb7e1a6059625dd9f453c99ec921c2571bdec;results/tables/table_6_robustness_summary.csv=3dd3971f0d6dfb3d5a16e610e7c9187fcf81d76c4cc9405dfdbb4b972f1084b8,300ebac263bb8ed984ee89da85466e61cc7fa8a1f64ec775dec02d89ffbd9e80,2026-09-25T05:21:38+00:00
submission/figures/figure_3_seasonal_day_night.svg,entire generated artifact,48cc91496fb9f00946fac705bc3242dedcf89b0e99587e96b49c04f874d4beb5,scripts/build_submission.py,8607e5c5213f42cd35a117af220f6fc2df8914ff502e39aa38f847b0589e36f1,35ca1236f57a2b672f3b7f725be801fb59e043fe,make submission,python=3.10.12;platform=Linux-6.8.0-1061-aws-x86_64-with-glibc2.35;pip_freeze_sha256=b801e3f3cbd3d0d08d669bf129285247ca793ef0155741b942a8dc34bf46c824,provenance/reference_verification.csv=03f1a3decbbfc768a7ad9d405dca21026302853f464ac49f362ca69bb360cb68;results/canonical/finite_q_sensitivity.csv=56dcd9ae68e16c8939195e3a1d89274467192685b9aec8a84f86a240bde46c88;results/canonical/matched_event_allocations.csv=1721c3be6e249a678fcf4e5a6d42d1f85118ce7c0cb670ef17f0da5346ff4b78;results/canonical/natural_redistribution_summary.csv=9d32dd46ce6d41c9c417cfb990ab08a35b443306aaa5b82cae1933a2128b47b1;results/canonical/one_unit_allocations.csv=b6277c4652dd4601e1a8ddd959f38621eef393d3216010f9a1ff87ce18f806cd;results/canonical/safety_ablation.csv=7f822eaa7c10e0fe9bbe8ce09a3bca12bc4de4aad82fae5d6d8c6e9db5f9744a;results/canonical/seasonal_day_night_summary.csv=7418ebe2c0b6020d94bc5bba9bfd76af79c123211bdbf75761a24e24b148208d;results/canonical/source_hotspot_robustness.csv=e1c561bee217c38f9db1984230e3565d62d2c3100be950379ed4435c9dca0d16;results/diagnostics/extended_analysis_validation.csv=c8a8e44d082ddbbbe24f6f1b86d8c57eb18f7f375238064b9dee4c19b69272a9;results/diagnostics/global_analysis_validation.csv=2feaa356dc49914f35414c79440b2e9705892424bab5f95cbe64bc3ce160f899;results/diagnostics/surface_radiation_context.csv=89d5f204adc15d491af32aa71dd7ef3593ec117ab4141c28fd09daa624d533bf;results/diagnostics/synthetic_validation.csv=f0b31ea29a4b29fa04a9fcbcfe104176fbda9d53f9428a5eeda2bd6a4d19ad78;results/diagnostics/wind_trajectory_7d.csv=2c9215b3ac59a0119730c029ea0b1bb45397b9210a5c41a5d31acff89094ac07;results/figures/figure_1_framework.png=fcc38e922f65af6e246497252171e5b316d130da107f81b2a1d02561f5fadc27;results/figures/figure_1_framework.svg=fbefd7d896b696aad3021196699c6c14553afe555a110f697eddb5b9acd2f5f0;results/figures/figure_2_peak_marginal_burden_map.png=71014d62aa8de80f0cc518bbb93b3130cd48bb9627797e7dbf3237be7dc64a04;results/figures/figure_2_peak_marginal_burden_map.svg=fcec6a135290d6dd03980006c4b512f16a685b5fd2f64510ba223ffd6ef87725;results/figures/figure_3_seasonal_day_night.png=300ebac263bb8ed984ee89da85466e61cc7fa8a1f64ec775dec02d89ffbd9e80;results/figures/figure_3_seasonal_day_night.svg=588f112362524ed034fef2c8f1da290793095c06928da32f54e239e8f0a9797d;results/figures/figure_4_primary_spatial_transfer.png=4c12979fba004a7d34a75039d7b85513b3fe3f3acfc84e90a5536b6e674d63a8;results/figures/figure_4_primary_spatial_transfer.svg=109fec50354efc1b901ff842f756c79f5e05cbfa8aaf2c19a62c649791bab089;results/figures/figure_5_allocation_mode_comparison.png=199c6561664cd62f6f6f2a691590fb7f3a6fd24d397cfb0a1461c6de4769d567;results/figures/figure_5_allocation_mode_comparison.svg=3c80bcb53e766dd07ebc62a7960fc660d530e5b043497c66af78f444bea84215;results/figures/figure_6_safety_ablation.png=9b7d043e6fca9a13b9c337dc3579abc7461a4b88b4dd787bafcfb61139e8e65f;results/figures/figure_6_safety_ablation.svg=2f322daa6d01d05de0532a3d504fd1093435e05a129678c2998550888e9e224b;results/figures/figure_7_joint_penalty_sensitivity.png=b36f300a3628c56973eebdcaa1c347aba932c29f5e35ba287d9d041c9dedd79b;results/figures/figure_7_joint_penalty_sensitivity.svg=fdef0959724e2505317eb8ce4d5fa8d1c47019fa6672a9b9de89fc3d3ce6b972;results/figures/supplementary_figure_s1_source_hotspot_robustness.png=3f24d0f786a089c28c88d85cf2b82abb7f8f600722d9c1f83c6147b42cc6417d;results/figures/supplementary_figure_s1_source_hotspot_robustness.svg=f2a8aa2903471b494d6b8e83c0c10a28b83786d0a6121687ebbd0e0742ee933f;results/figures/supplementary_figure_s2_finite_q_sensitivity.png=376bd6422bb25faccc3dd956b0f7223aeace29015f7dbcfc39bbff0d7bbe044d;results/figures/supplementary_figure_s2_finite_q_sensitivity.svg=e581b8174e65c491288b6dd16859bc0200b3efbfe429731d95fe3934f978b759;results/figures/supplementary_figure_s3_wind_trajectory.png=8087b4dcb29232ba32e92fe2d8786bc130b29d60e9322a80cd66be14a6ce407b;results/figures/supplementary_figure_s3_wind_trajectory.svg=7f167fafead058dea1c61d19e9bfc768fda5ece901c117879dbdcb8bf7af3283;results/tables/structural_replication.csv=097ade6b588095040a4e2b256e08267cdb58a4b5449d0ea0fb0b3a61c41e7a99;results/tables/table_1_datasets.csv=2350171374246e065b4472c1e4d280355a7d28c0ed03c289a5c5cfe72ad56d70;results/tables/table_2_model_assumptions.csv=540276a31769c9577ec95f8bc380442f3facfdf94b9a4f936f951640b16c49cc;results/tables/table_3_marginal_burden_summary.csv=3a8c4a3744aa99dc134cba33a3974428334b64f1f6a4900e8e0eb8f52bc04dee;results/tables/table_4_allocation_comparison.csv=e771a32c44b5f3ee894e67217d65b717aab97a5ee759653dc2be245ab17e31d9;results/tables/table_5_safety_and_capacity.csv=ee2760324f4733e4d2954946c52fb7e1a6059625dd9f453c99ec921c2571bdec;results/tables/table_6_robustness_summary.csv=3dd3971f0d6dfb3d5a16e610e7c9187fcf81d76c4cc9405dfdbb4b972f1084b8,588f112362524ed034fef2c8f1da290793095c06928da32f54e239e8f0a9797d,2026-09-25T05:21:38+00:00
submission/figures/figure_4_primary_spatial_transfer.png,entire generated artifact,48cc91496fb9f00946fac705bc3242dedcf89b0e99587e96b49c04f874d4beb5,scripts/build_submission.py,8607e5c5213f42cd35a117af220f6fc2df8914ff502e39aa38f847b0589e36f1,35ca1236f57a2b672f3b7f725be801fb59e043fe,make submission,python=3.10.12;platform=Linux-6.8.0-1061-aws-x86_64-with-glibc2.35;pip_freeze_sha256=b801e3f3cbd3d0d08d669bf129285247ca793ef0155741b942a8dc34bf46c824,provenance/reference_verification.csv=03f1a3decbbfc768a7ad9d405dca21026302853f464ac49f362ca69bb360cb68;results/canonical/finite_q_sensitivity.csv=56dcd9ae68e16c8939195e3a1d89274467192685b9aec8a84f86a240bde46c88;results/canonical/matched_event_allocations.csv=1721c3be6e249a678fcf4e5a6d42d1f85118ce7c0cb670ef17f0da5346ff4b78;results/canonical/natural_redistribution_summary.csv=9d32dd46ce6d41c9c417cfb990ab08a35b443306aaa5b82cae1933a2128b47b1;results/canonical/one_unit_allocations.csv=b6277c4652dd4601e1a8ddd959f38621eef393d3216010f9a1ff87ce18f806cd;results/canonical/safety_ablation.csv=7f822eaa7c10e0fe9bbe8ce09a3bca12bc4de4aad82fae5d6d8c6e9db5f9744a;results/canonical/seasonal_day_night_summary.csv=7418ebe2c0b6020d94bc5bba9bfd76af79c123211bdbf75761a24e24b148208d;results/canonical/source_hotspot_robustness.csv=e1c561bee217c38f9db1984230e3565d62d2c3100be950379ed4435c9dca0d16;results/diagnostics/extended_analysis_validation.csv=c8a8e44d082ddbbbe24f6f1b86d8c57eb18f7f375238064b9dee4c19b69272a9;results/diagnostics/global_analysis_validation.csv=2feaa356dc49914f35414c79440b2e9705892424bab5f95cbe64bc3ce160f899;results/diagnostics/surface_radiation_context.csv=89d5f204adc15d491af32aa71dd7ef3593ec117ab4141c28fd09daa624d533bf;results/diagnostics/synthetic_validation.csv=f0b31ea29a4b29fa04a9fcbcfe104176fbda9d53f9428a5eeda2bd6a4d19ad78;results/diagnostics/wind_trajectory_7d.csv=2c9215b3ac59a0119730c029ea0b1bb45397b9210a5c41a5d31acff89094ac07;results/figures/figure_1_framework.png=fcc38e922f65af6e246497252171e5b316d130da107f81b2a1d02561f5fadc27;results/figures/figure_1_framework.svg=fbefd7d896b696aad3021196699c6c14553afe555a110f697eddb5b9acd2f5f0;results/figures/figure_2_peak_marginal_burden_map.png=71014d62aa8de80f0cc518bbb93b3130cd48bb9627797e7dbf3237be7dc64a04;results/figures/figure_2_peak_marginal_burden_map.svg=fcec6a135290d6dd03980006c4b512f16a685b5fd2f64510ba223ffd6ef87725;results/figures/figure_3_seasonal_day_night.png=300ebac263bb8ed984ee89da85466e61cc7fa8a1f64ec775dec02d89ffbd9e80;results/figures/figure_3_seasonal_day_night.svg=588f112362524ed034fef2c8f1da290793095c06928da32f54e239e8f0a9797d;results/figures/figure_4_primary_spatial_transfer.png=4c12979fba004a7d34a75039d7b85513b3fe3f3acfc84e90a5536b6e674d63a8;results/figures/figure_4_primary_spatial_transfer.svg=109fec50354efc1b901ff842f756c79f5e05cbfa8aaf2c19a62c649791bab089;results/figures/figure_5_allocation_mode_comparison.png=199c6561664cd62f6f6f2a691590fb7f3a6fd24d397cfb0a1461c6de4769d567;results/figures/figure_5_allocation_mode_comparison.svg=3c80bcb53e766dd07ebc62a7960fc660d530e5b043497c66af78f444bea84215;results/figures/figure_6_safety_ablation.png=9b7d043e6fca9a13b9c337dc3579abc7461a4b88b4dd787bafcfb61139e8e65f;results/figures/figure_6_safety_ablation.svg=2f322daa6d01d05de0532a3d504fd1093435e05a129678c2998550888e9e224b;results/figures/figure_7_joint_penalty_sensitivity.png=b36f300a3628c56973eebdcaa1c347aba932c29f5e35ba287d9d041c9dedd79b;results/figures/figure_7_joint_penalty_sensitivity.svg=fdef0959724e2505317eb8ce4d5fa8d1c47019fa6672a9b9de89fc3d3ce6b972;results/figures/supplementary_figure_s1_source_hotspot_robustness.png=3f24d0f786a089c28c88d85cf2b82abb7f8f600722d9c1f83c6147b42cc6417d;results/figures/supplementary_figure_s1_source_hotspot_robustness.svg=f2a8aa2903471b494d6b8e83c0c10a28b83786d0a6121687ebbd0e0742ee933f;results/figures/supplementary_figure_s2_finite_q_sensitivity.png=376bd6422bb25faccc3dd956b0f7223aeace29015f7dbcfc39bbff0d7bbe044d;results/figures/supplementary_figure_s2_finite_q_sensitivity.svg=e581b8174e65c491288b6dd16859bc0200b3efbfe429731d95fe3934f978b759;results/figures/supplementary_figure_s3_wind_trajectory.png=8087b4dcb29232ba32e92fe2d8786bc130b29d60e9322a80cd66be14a6ce407b;results/figures/supplementary_figure_s3_wind_trajectory.svg=7f167fafead058dea1c61d19e9bfc768fda5ece901c117879dbdcb8bf7af3283;results/tables/structural_replication.csv=097ade6b588095040a4e2b256e08267cdb58a4b5449d0ea0fb0b3a61c41e7a99;results/tables/table_1_datasets.csv=2350171374246e065b4472c1e4d280355a7d28c0ed03c289a5c5cfe72ad56d70;results/tables/table_2_model_assumptions.csv=540276a31769c9577ec95f8bc380442f3facfdf94b9a4f936f951640b16c49cc;results/tables/table_3_marginal_burden_summary.csv=3a8c4a3744aa99dc134cba33a3974428334b64f1f6a4900e8e0eb8f52bc04dee;results/tables/table_4_allocation_comparison.csv=e771a32c44b5f3ee894e67217d65b717aab97a5ee759653dc2be245ab17e31d9;results/tables/table_5_safety_and_capacity.csv=ee2760324f4733e4d2954946c52fb7e1a6059625dd9f453c99ec921c2571bdec;results/tables/table_6_robustness_summary.csv=3dd3971f0d6dfb3d5a16e610e7c9187fcf81d76c4cc9405dfdbb4b972f1084b8,4c12979fba004a7d34a75039d7b85513b3fe3f3acfc84e90a5536b6e674d63a8,2026-09-25T05:21:38+00:00
submission/figures/figure_4_primary_spatial_transfer.svg,entire generated artifact,48cc91496fb9f00946fac705bc3242dedcf89b0e99587e96b49c04f874d4beb5,scripts/build_submission.py,8607e5c5213f42cd35a117af220f6fc2df8914ff502e39aa38f847b0589e36f1,35ca1236f57a2b672f3b7f725be801fb59e043fe,make submission,python=3.10.12;platform=Linux-6.8.0-1061-aws-x86_64-with-glibc2.35;pip_freeze_sha256=b801e3f3cbd3d0d08d669bf129285247ca793ef0155741b942a8dc34bf46c824,provenance/reference_verification.csv=03f1a3decbbfc768a7ad9d405dca21026302853f464ac49f362ca69bb360cb68;results/canonical/finite_q_sensitivity.csv=56dcd9ae68e16c8939195e3a1d89274467192685b9aec8a84f86a240bde46c88;results/canonical/matched_event_allocations.csv=1721c3be6e249a678fcf4e5a6d42d1f85118ce7c0cb670ef17f0da5346ff4b78;results/canonical/natural_redistribution_summary.csv=9d32dd46ce6d41c9c417cfb990ab08a35b443306aaa5b82cae1933a2128b47b1;results/canonical/one_unit_allocations.csv=b6277c4652dd4601e1a8ddd959f38621eef393d3216010f9a1ff87ce18f806cd;results/canonical/safety_ablation.csv=7f822eaa7c10e0fe9bbe8ce09a3bca12bc4de4aad82fae5d6d8c6e9db5f9744a;results/canonical/seasonal_day_night_summary.csv=7418ebe2c0b6020d94bc5bba9bfd76af79c123211bdbf75761a24e24b148208d;results/canonical/source_hotspot_robustness.csv=e1c561bee217c38f9db1984230e3565d62d2c3100be950379ed4435c9dca0d16;results/diagnostics/extended_analysis_validation.csv=c8a8e44d082ddbbbe24f6f1b86d8c57eb18f7f375238064b9dee4c19b69272a9;results/diagnostics/global_analysis_validation.csv=2feaa356dc49914f35414c79440b2e9705892424bab5f95cbe64bc3ce160f899;results/diagnostics/surface_radiation_context.csv=89d5f204adc15d491af32aa71dd7ef3593ec117ab4141c28fd09daa624d533bf;results/diagnostics/synthetic_validation.csv=f0b31ea29a4b29fa04a9fcbcfe104176fbda9d53f9428a5eeda2bd6a4d19ad78;results/diagnostics/wind_trajectory_7d.csv=2c9215b3ac59a0119730c029ea0b1bb45397b9210a5c41a5d31acff89094ac07;results/figures/figure_1_framework.png=fcc38e922f65af6e246497252171e5b316d130da107f81b2a1d02561f5fadc27;results/figures/figure_1_framework.svg=fbefd7d896b696aad3021196699c6c14553afe555a110f697eddb5b9acd2f5f0;results/figures/figure_2_peak_marginal_burden_map.png=71014d62aa8de80f0cc518bbb93b3130cd48bb9627797e7dbf3237be7dc64a04;results/figures/figure_2_peak_marginal_burden_map.svg=fcec6a135290d6dd03980006c4b512f16a685b5fd2f64510ba223ffd6ef87725;results/figures/figure_3_seasonal_day_night.png=300ebac263bb8ed984ee89da85466e61cc7fa8a1f64ec775dec02d89ffbd9e80;results/figures/figure_3_seasonal_day_night.svg=588f112362524ed034fef2c8f1da290793095c06928da32f54e239e8f0a9797d;results/figures/figure_4_primary_spatial_transfer.png=4c12979fba004a7d34a75039d7b85513b3fe3f3acfc84e90a5536b6e674d63a8;results/figures/figure_4_primary_spatial_transfer.svg=109fec50354efc1b901ff842f756c79f5e05cbfa8aaf2c19a62c649791bab089;results/figures/figure_5_allocation_mode_comparison.png=199c6561664cd62f6f6f2a691590fb7f3a6fd24d397cfb0a1461c6de4769d567;results/figures/figure_5_allocation_mode_comparison.svg=3c80bcb53e766dd07ebc62a7960fc660d530e5b043497c66af78f444bea84215;results/figures/figure_6_safety_ablation.png=9b7d043e6fca9a13b9c337dc3579abc7461a4b88b4dd787bafcfb61139e8e65f;results/figures/figure_6_safety_ablation.svg=2f322daa6d01d05de0532a3d504fd1093435e05a129678c2998550888e9e224b;results/figures/figure_7_joint_penalty_sensitivity.png=b36f300a3628c56973eebdcaa1c347aba932c29f5e35ba287d9d041c9dedd79b;results/figures/figure_7_joint_penalty_sensitivity.svg=fdef0959724e2505317eb8ce4d5fa8d1c47019fa6672a9b9de89fc3d3ce6b972;results/figures/supplementary_figure_s1_source_hotspot_robustness.png=3f24d0f786a089c28c88d85cf2b82abb7f8f600722d9c1f83c6147b42cc6417d;results/figures/supplementary_figure_s1_source_hotspot_robustness.svg=f2a8aa2903471b494d6b8e83c0c10a28b83786d0a6121687ebbd0e0742ee933f;results/figures/supplementary_figure_s2_finite_q_sensitivity.png=376bd6422bb25faccc3dd956b0f7223aeace29015f7dbcfc39bbff0d7bbe044d;results/figures/supplementary_figure_s2_finite_q_sensitivity.svg=e581b8174e65c491288b6dd16859bc0200b3efbfe429731d95fe3934f978b759;results/figures/supplementary_figure_s3_wind_trajectory.png=8087b4dcb29232ba32e92fe2d8786bc130b29d60e9322a80cd66be14a6ce407b;results/figures/supplementary_figure_s3_wind_trajectory.svg=7f167fafead058dea1c61d19e9bfc768fda5ece901c117879dbdcb8bf7af3283;results/tables/structural_replication.csv=097ade6b588095040a4e2b256e08267cdb58a4b5449d0ea0fb0b3a61c41e7a99;results/tables/table_1_datasets.csv=2350171374246e065b4472c1e4d280355a7d28c0ed03c289a5c5cfe72ad56d70;results/tables/table_2_model_assumptions.csv=540276a31769c9577ec95f8bc380442f3facfdf94b9a4f936f951640b16c49cc;results/tables/table_3_marginal_burden_summary.csv=3a8c4a3744aa99dc134cba33a3974428334b64f1f6a4900e8e0eb8f52bc04dee;results/tables/table_4_allocation_comparison.csv=e771a32c44b5f3ee894e67217d65b717aab97a5ee759653dc2be245ab17e31d9;results/tables/table_5_safety_and_capacity.csv=ee2760324f4733e4d2954946c52fb7e1a6059625dd9f453c99ec921c2571bdec;results/tables/table_6_robustness_summary.csv=3dd3971f0d6dfb3d5a16e610e7c9187fcf81d76c4cc9405dfdbb4b972f1084b8,109fec50354efc1b901ff842f756c79f5e05cbfa8aaf2c19a62c649791bab089,2026-09-25T05:21:38+00:00
submission/figures/figure_5_allocation_mode_comparison.png,entire generated artifact,48cc91496fb9f00946fac705bc3242dedcf89b0e99587e96b49c04f874d4beb5,scripts/build_submission.py,8607e5c5213f42cd35a117af220f6fc2df8914ff502e39aa38f847b0589e36f1,35ca1236f57a2b672f3b7f725be801fb59e043fe,make submission,python=3.10.12;platform=Linux-6.8.0-1061-aws-x86_64-with-glibc2.35;pip_freeze_sha256=b801e3f3cbd3d0d08d669bf129285247ca793ef0155741b942a8dc34bf46c824,provenance/reference_verification.csv=03f1a3decbbfc768a7ad9d405dca21026302853f464ac49f362ca69bb360cb68;results/canonical/finite_q_sensitivity.csv=56dcd9ae68e16c8939195e3a1d89274467192685b9aec8a84f86a240bde46c88;results/canonical/matched_event_allocations.csv=1721c3be6e249a678fcf4e5a6d42d1f85118ce7c0cb670ef17f0da5346ff4b78;results/canonical/natural_redistribution_summary.csv=9d32dd46ce6d41c9c417cfb990ab08a35b443306aaa5b82cae1933a2128b47b1;results/canonical/one_unit_allocations.csv=b6277c4652dd4601e1a8ddd959f38621eef393d3216010f9a1ff87ce18f806cd;results/canonical/safety_ablation.csv=7f822eaa7c10e0fe9bbe8ce09a3bca12bc4de4aad82fae5d6d8c6e9db5f9744a;results/canonical/seasonal_day_night_summary.csv=7418ebe2c0b6020d94bc5bba9bfd76af79c123211bdbf75761a24e24b148208d;results/canonical/source_hotspot_robustness.csv=e1c561bee217c38f9db1984230e3565d62d2c3100be950379ed4435c9dca0d16;results/diagnostics/extended_analysis_validation.csv=c8a8e44d082ddbbbe24f6f1b86d8c57eb18f7f375238064b9dee4c19b69272a9;results/diagnostics/global_analysis_validation.csv=2feaa356dc49914f35414c79440b2e9705892424bab5f95cbe64bc3ce160f899;results/diagnostics/surface_radiation_context.csv=89d5f204adc15d491af32aa71dd7ef3593ec117ab4141c28fd09daa624d533bf;results/diagnostics/synthetic_validation.csv=f0b31ea29a4b29fa04a9fcbcfe104176fbda9d53f9428a5eeda2bd6a4d19ad78;results/diagnostics/wind_trajectory_7d.csv=2c9215b3ac59a0119730c029ea0b1bb45397b9210a5c41a5d31acff89094ac07;results/figures/figure_1_framework.png=fcc38e922f65af6e246497252171e5b316d130da107f81b2a1d02561f5fadc27;results/figures/figure_1_framework.svg=fbefd7d896b696aad3021196699c6c14553afe555a110f697eddb5b9acd2f5f0;results/figures/figure_2_peak_marginal_burden_map.png=71014d62aa8de80f0cc518bbb93b3130cd48bb9627797e7dbf3237be7dc64a04;results/figures/figure_2_peak_marginal_burden_map.svg=fcec6a135290d6dd03980006c4b512f16a685b5fd2f64510ba223ffd6ef87725;results/figures/figure_3_seasonal_day_night.png=300ebac263bb8ed984ee89da85466e61cc7fa8a1f64ec775dec02d89ffbd9e80;results/figures/figure_3_seasonal_day_night.svg=588f112362524ed034fef2c8f1da290793095c06928da32f54e239e8f0a9797d;results/figures/figure_4_primary_spatial_transfer.png=4c12979fba004a7d34a75039d7b85513b3fe3f3acfc84e90a5536b6e674d63a8;results/figures/figure_4_primary_spatial_transfer.svg=109fec50354efc1b901ff842f756c79f5e05cbfa8aaf2c19a62c649791bab089;results/figures/figure_5_allocation_mode_comparison.png=199c6561664cd62f6f6f2a691590fb7f3a6fd24d397cfb0a1461c6de4769d567;results/figures/figure_5_allocation_mode_comparison.svg=3c80bcb53e766dd07ebc62a7960fc660d530e5b043497c66af78f444bea84215;results/figures/figure_6_safety_ablation.png=9b7d043e6fca9a13b9c337dc3579abc7461a4b88b4dd787bafcfb61139e8e65f;results/figures/figure_6_safety_ablation.svg=2f322daa6d01d05de0532a3d504fd1093435e05a129678c2998550888e9e224b;results/figures/figure_7_joint_penalty_sensitivity.png=b36f300a3628c56973eebdcaa1c347aba932c29f5e35ba287d9d041c9dedd79b;results/figures/figure_7_joint_penalty_sensitivity.svg=fdef0959724e2505317eb8ce4d5fa8d1c47019fa6672a9b9de89fc3d3ce6b972;results/figures/supplementary_figure_s1_source_hotspot_robustness.png=3f24d0f786a089c28c88d85cf2b82abb7f8f600722d9c1f83c6147b42cc6417d;results/figures/supplementary_figure_s1_source_hotspot_robustness.svg=f2a8aa2903471b494d6b8e83c0c10a28b83786d0a6121687ebbd0e0742ee933f;results/figures/supplementary_figure_s2_finite_q_sensitivity.png=376bd6422bb25faccc3dd956b0f7223aeace29015f7dbcfc39bbff0d7bbe044d;results/figures/supplementary_figure_s2_finite_q_sensitivity.svg=e581b8174e65c491288b6dd16859bc0200b3efbfe429731d95fe3934f978b759;results/figures/supplementary_figure_s3_wind_trajectory.png=8087b4dcb29232ba32e92fe2d8786bc130b29d60e9322a80cd66be14a6ce407b;results/figures/supplementary_figure_s3_wind_trajectory.svg=7f167fafead058dea1c61d19e9bfc768fda5ece901c117879dbdcb8bf7af3283;results/tables/structural_replication.csv=097ade6b588095040a4e2b256e08267cdb58a4b5449d0ea0fb0b3a61c41e7a99;results/tables/table_1_datasets.csv=2350171374246e065b4472c1e4d280355a7d28c0ed03c289a5c5cfe72ad56d70;results/tables/table_2_model_assumptions.csv=540276a31769c9577ec95f8bc380442f3facfdf94b9a4f936f951640b16c49cc;results/tables/table_3_marginal_burden_summary.csv=3a8c4a3744aa99dc134cba33a3974428334b64f1f6a4900e8e0eb8f52bc04dee;results/tables/table_4_allocation_comparison.csv=e771a32c44b5f3ee894e67217d65b717aab97a5ee759653dc2be245ab17e31d9;results/tables/table_5_safety_and_capacity.csv=ee2760324f4733e4d2954946c52fb7e1a6059625dd9f453c99ec921c2571bdec;results/tables/table_6_robustness_summary.csv=3dd3971f0d6dfb3d5a16e610e7c9187fcf81d76c4cc9405dfdbb4b972f1084b8,199c6561664cd62f6f6f2a691590fb7f3a6fd24d397cfb0a1461c6de4769d567,2026-09-25T05:21:38+00:00
submission/figures/figure_5_allocation_mode_comparison.svg,entire generated artifact,48cc91496fb9f00946fac705bc3242dedcf89b0e99587e96b49c04f874d4beb5,scripts/build_submission.py,8607e5c5213f42cd35a117af220f6fc2df8914ff502e39aa38f847b0589e36f1,35ca1236f57a2b672f3b7f725be801fb59e043fe,make submission,python=3.10.12;platform=Linux-6.8.0-1061-aws-x86_64-with-glibc2.35;pip_freeze_sha256=b801e3f3cbd3d0d08d669bf129285247ca793ef0155741b942a8dc34bf46c824,provenance/reference_verification.csv=03f1a3decbbfc768a7ad9d405dca21026302853f464ac49f362ca69bb360cb68;results/canonical/finite_q_sensitivity.csv=56dcd9ae68e16c8939195e3a1d89274467192685b9aec8a84f86a240bde46c88;results/canonical/matched_event_allocations.csv=1721c3be6e249a678fcf4e5a6d42d1f85118ce7c0cb670ef17f0da5346ff4b78;results/canonical/natural_redistribution_summary.csv=9d32dd46ce6d41c9c417cfb990ab08a35b443306aaa5b82cae1933a2128b47b1;results/canonical/one_unit_allocations.csv=b6277c4652dd4601e1a8ddd959f38621eef393d3216010f9a1ff87ce18f806cd;results/canonical/safety_ablation.csv=7f822eaa7c10e0fe9bbe8ce09a3bca12bc4de4aad82fae5d6d8c6e9db5f9744a;results/canonical/seasonal_day_night_summary.csv=7418ebe2c0b6020d94bc5bba9bfd76af79c123211bdbf75761a24e24b148208d;results/canonical/source_hotspot_robustness.csv=e1c561bee217c38f9db1984230e3565d62d2c3100be950379ed4435c9dca0d16;results/diagnostics/extended_analysis_validation.csv=c8a8e44d082ddbbbe24f6f1b86d8c57eb18f7f375238064b9dee4c19b69272a9;results/diagnostics/global_analysis_validation.csv=2feaa356dc49914f35414c79440b2e9705892424bab5f95cbe64bc3ce160f899;results/diagnostics/surface_radiation_context.csv=89d5f204adc15d491af32aa71dd7ef3593ec117ab4141c28fd09daa624d533bf;results/diagnostics/synthetic_validation.csv=f0b31ea29a4b29fa04a9fcbcfe104176fbda9d53f9428a5eeda2bd6a4d19ad78;results/diagnostics/wind_trajectory_7d.csv=2c9215b3ac59a0119730c029ea0b1bb45397b9210a5c41a5d31acff89094ac07;results/figures/figure_1_framework.png=fcc38e922f65af6e246497252171e5b316d130da107f81b2a1d02561f5fadc27;results/figures/figure_1_framework.svg=fbefd7d896b696aad3021196699c6c14553afe555a110f697eddb5b9acd2f5f0;results/figures/figure_2_peak_marginal_burden_map.png=71014d62aa8de80f0cc518bbb93b3130cd48bb9627797e7dbf3237be7dc64a04;results/figures/figure_2_peak_marginal_burden_map.svg=fcec6a135290d6dd03980006c4b512f16a685b5fd2f64510ba223ffd6ef87725;results/figures/figure_3_seasonal_day_night.png=300ebac263bb8ed984ee89da85466e61cc7fa8a1f64ec775dec02d89ffbd9e80;results/figures/figure_3_seasonal_day_night.svg=588f112362524ed034fef2c8f1da290793095c06928da32f54e239e8f0a9797d;results/figures/figure_4_primary_spatial_transfer.png=4c12979fba004a7d34a75039d7b85513b3fe3f3acfc84e90a5536b6e674d63a8;results/figures/figure_4_primary_spatial_transfer.svg=109fec50354efc1b901ff842f756c79f5e05cbfa8aaf2c19a62c649791bab089;results/figures/figure_5_allocation_mode_comparison.png=199c6561664cd62f6f6f2a691590fb7f3a6fd24d397cfb0a1461c6de4769d567;results/figures/figure_5_allocation_mode_comparison.svg=3c80bcb53e766dd07ebc62a7960fc660d530e5b043497c66af78f444bea84215;results/figures/figure_6_safety_ablation.png=9b7d043e6fca9a13b9c337dc3579abc7461a4b88b4dd787bafcfb61139e8e65f;results/figures/figure_6_safety_ablation.svg=2f322daa6d01d05de0532a3d504fd1093435e05a129678c2998550888e9e224b;results/figures/figure_7_joint_penalty_sensitivity.png=b36f300a3628c56973eebdcaa1c347aba932c29f5e35ba287d9d041c9dedd79b;results/figures/figure_7_joint_penalty_sensitivity.svg=fdef0959724e2505317eb8ce4d5fa8d1c47019fa6672a9b9de89fc3d3ce6b972;results/figures/supplementary_figure_s1_source_hotspot_robustness.png=3f24d0f786a089c28c88d85cf2b82abb7f8f600722d9c1f83c6147b42cc6417d;results/figures/supplementary_figure_s1_source_hotspot_robustness.svg=f2a8aa2903471b494d6b8e83c0c10a28b83786d0a6121687ebbd0e0742ee933f;results/figures/supplementary_figure_s2_finite_q_sensitivity.png=376bd6422bb25faccc3dd956b0f7223aeace29015f7dbcfc39bbff0d7bbe044d;results/figures/supplementary_figure_s2_finite_q_sensitivity.svg=e581b8174e65c491288b6dd16859bc0200b3efbfe429731d95fe3934f978b759;results/figures/supplementary_figure_s3_wind_trajectory.png=8087b4dcb29232ba32e92fe2d8786bc130b29d60e9322a80cd66be14a6ce407b;results/figures/supplementary_figure_s3_wind_trajectory.svg=7f167fafead058dea1c61d19e9bfc768fda5ece901c117879dbdcb8bf7af3283;results/tables/structural_replication.csv=097ade6b588095040a4e2b256e08267cdb58a4b5449d0ea0fb0b3a61c41e7a99;results/tables/table_1_datasets.csv=2350171374246e065b4472c1e4d280355a7d28c0ed03c289a5c5cfe72ad56d70;results/tables/table_2_model_assumptions.csv=540276a31769c9577ec95f8bc380442f3facfdf94b9a4f936f951640b16c49cc;results/tables/table_3_marginal_burden_summary.csv=3a8c4a3744aa99dc134cba33a3974428334b64f1f6a4900e8e0eb8f52bc04dee;results/tables/table_4_allocation_comparison.csv=e771a32c44b5f3ee894e67217d65b717aab97a5ee759653dc2be245ab17e31d9;results/tables/table_5_safety_and_capacity.csv=ee2760324f4733e4d2954946c52fb7e1a6059625dd9f453c99ec921c2571bdec;results/tables/table_6_robustness_summary.csv=3dd3971f0d6dfb3d5a16e610e7c9187fcf81d76c4cc9405dfdbb4b972f1084b8,3c80bcb53e766dd07ebc62a7960fc660d530e5b043497c66af78f444bea84215,2026-09-25T05:21:38+00:00
submission/figures/figure_6_safety_ablation.png,entire generated artifact,48cc91496fb9f00946fac705bc3242dedcf89b0e99587e96b49c04f874d4beb5,scripts/build_submission.py,8607e5c5213f42cd35a117af220f6fc2df8914ff502e39aa38f847b0589e36f1,35ca1236f57a2b672f3b7f725be801fb59e043fe,make submission,python=3.10.12;platform=Linux-6.8.0-1061-aws-x86_64-with-glibc2.35;pip_freeze_sha256=b801e3f3cbd3d0d08d669bf129285247ca793ef0155741b942a8dc34bf46c824,provenance/reference_verification.csv=03f1a3decbbfc768a7ad9d405dca21026302853f464ac49f362ca69bb360cb68;results/canonical/finite_q_sensitivity.csv=56dcd9ae68e16c8939195e3a1d89274467192685b9aec8a84f86a240bde46c88;results/canonical/matched_event_allocations.csv=1721c3be6e249a678fcf4e5a6d42d1f85118ce7c0cb670ef17f0da5346ff4b78;results/canonical/natural_redistribution_summary.csv=9d32dd46ce6d41c9c417cfb990ab08a35b443306aaa5b82cae1933a2128b47b1;results/canonical/one_unit_allocations.csv=b6277c4652dd4601e1a8ddd959f38621eef393d3216010f9a1ff87ce18f806cd;results/canonical/safety_ablation.csv=7f822eaa7c10e0fe9bbe8ce09a3bca12bc4de4aad82fae5d6d8c6e9db5f9744a;results/canonical/seasonal_day_night_summary.csv=7418ebe2c0b6020d94bc5bba9bfd76af79c123211bdbf75761a24e24b148208d;results/canonical/source_hotspot_robustness.csv=e1c561bee217c38f9db1984230e3565d62d2c3100be950379ed4435c9dca0d16;results/diagnostics/extended_analysis_validation.csv=c8a8e44d082ddbbbe24f6f1b86d8c57eb18f7f375238064b9dee4c19b69272a9;results/diagnostics/global_analysis_validation.csv=2feaa356dc49914f35414c79440b2e9705892424bab5f95cbe64bc3ce160f899;results/diagnostics/surface_radiation_context.csv=89d5f204adc15d491af32aa71dd7ef3593ec117ab4141c28fd09daa624d533bf;results/diagnostics/synthetic_validation.csv=f0b31ea29a4b29fa04a9fcbcfe104176fbda9d53f9428a5eeda2bd6a4d19ad78;results/diagnostics/wind_trajectory_7d.csv=2c9215b3ac59a0119730c029ea0b1bb45397b9210a5c41a5d31acff89094ac07;results/figures/figure_1_framework.png=fcc38e922f65af6e246497252171e5b316d130da107f81b2a1d02561f5fadc27;results/figures/figure_1_framework.svg=fbefd7d896b696aad3021196699c6c14553afe555a110f697eddb5b9acd2f5f0;results/figures/figure_2_peak_marginal_burden_map.png=71014d62aa8de80f0cc518bbb93b3130cd48bb9627797e7dbf3237be7dc64a04;results/figures/figure_2_peak_marginal_burden_map.svg=fcec6a135290d6dd03980006c4b512f16a685b5fd2f64510ba223ffd6ef87725;results/figures/figure_3_seasonal_day_night.png=300ebac263bb8ed984ee89da85466e61cc7fa8a1f64ec775dec02d89ffbd9e80;results/figures/figure_3_seasonal_day_night.svg=588f112362524ed034fef2c8f1da290793095c06928da32f54e239e8f0a9797d;results/figures/figure_4_primary_spatial_transfer.png=4c12979fba004a7d34a75039d7b85513b3fe3f3acfc84e90a5536b6e674d63a8;results/figures/figure_4_primary_spatial_transfer.svg=109fec50354efc1b901ff842f756c79f5e05cbfa8aaf2c19a62c649791bab089;results/figures/figure_5_allocation_mode_comparison.png=199c6561664cd62f6f6f2a691590fb7f3a6fd24d397cfb0a1461c6de4769d567;results/figures/figure_5_allocation_mode_comparison.svg=3c80bcb53e766dd07ebc62a7960fc660d530e5b043497c66af78f444bea84215;results/figures/figure_6_safety_ablation.png=9b7d043e6fca9a13b9c337dc3579abc7461a4b88b4dd787bafcfb61139e8e65f;results/figures/figure_6_safety_ablation.svg=2f322daa6d01d05de0532a3d504fd1093435e05a129678c2998550888e9e224b;results/figures/figure_7_joint_penalty_sensitivity.png=b36f300a3628c56973eebdcaa1c347aba932c29f5e35ba287d9d041c9dedd79b;results/figures/figure_7_joint_penalty_sensitivity.svg=fdef0959724e2505317eb8ce4d5fa8d1c47019fa6672a9b9de89fc3d3ce6b972;results/figures/supplementary_figure_s1_source_hotspot_robustness.png=3f24d0f786a089c28c88d85cf2b82abb7f8f600722d9c1f83c6147b42cc6417d;results/figures/supplementary_figure_s1_source_hotspot_robustness.svg=f2a8aa2903471b494d6b8e83c0c10a28b83786d0a6121687ebbd0e0742ee933f;results/figures/supplementary_figure_s2_finite_q_sensitivity.png=376bd6422bb25faccc3dd956b0f7223aeace29015f7dbcfc39bbff0d7bbe044d;results/figures/supplementary_figure_s2_finite_q_sensitivity.svg=e581b8174e65c491288b6dd16859bc0200b3efbfe429731d95fe3934f978b759;results/figures/supplementary_figure_s3_wind_trajectory.png=8087b4dcb29232ba32e92fe2d8786bc130b29d60e9322a80cd66be14a6ce407b;results/figures/supplementary_figure_s3_wind_trajectory.svg=7f167fafead058dea1c61d19e9bfc768fda5ece901c117879dbdcb8bf7af3283;results/tables/structural_replication.csv=097ade6b588095040a4e2b256e08267cdb58a4b5449d0ea0fb0b3a61c41e7a99;results/tables/table_1_datasets.csv=2350171374246e065b4472c1e4d280355a7d28c0ed03c289a5c5cfe72ad56d70;results/tables/table_2_model_assumptions.csv=540276a31769c9577ec95f8bc380442f3facfdf94b9a4f936f951640b16c49cc;results/tables/table_3_marginal_burden_summary.csv=3a8c4a3744aa99dc134cba33a3974428334b64f1f6a4900e8e0eb8f52bc04dee;results/tables/table_4_allocation_comparison.csv=e771a32c44b5f3ee894e67217d65b717aab97a5ee759653dc2be245ab17e31d9;results/tables/table_5_safety_and_capacity.csv=ee2760324f4733e4d2954946c52fb7e1a6059625dd9f453c99ec921c2571bdec;results/tables/table_6_robustness_summary.csv=3dd3971f0d6dfb3d5a16e610e7c9187fcf81d76c4cc9405dfdbb4b972f1084b8,9b7d043e6fca9a13b9c337dc3579abc7461a4b88b4dd787bafcfb61139e8e65f,2026-09-25T05:21:38+00:00
submission/figures/figure_6_safety_ablation.svg,entire generated artifact,48cc91496fb9f00946fac705bc3242dedcf89b0e99587e96b49c04f874d4beb5,scripts/build_submission.py,8607e5c5213f42cd35a117af220f6fc2df8914ff502e39aa38f847b0589e36f1,35ca1236f57a2b672f3b7f725be801fb59e043fe,make submission,python=3.10.12;platform=Linux-6.8.0-1061-aws-x86_64-with-glibc2.35;pip_freeze_sha256=b801e3f3cbd3d0d08d669bf129285247ca793ef0155741b942a8dc34bf46c824,provenance/reference_verification.csv=03f1a3decbbfc768a7ad9d405dca21026302853f464ac49f362ca69bb360cb68;results/canonical/finite_q_sensitivity.csv=56dcd9ae68e16c8939195e3a1d89274467192685b9aec8a84f86a240bde46c88;results/canonical/matched_event_allocations.csv=1721c3be6e249a678fcf4e5a6d42d1f85118ce7c0cb670ef17f0da5346ff4b78;results/canonical/natural_redistribution_summary.csv=9d32dd46ce6d41c9c417cfb990ab08a35b443306aaa5b82cae1933a2128b47b1;results/canonical/one_unit_allocations.csv=b6277c4652dd4601e1a8ddd959f38621eef393d3216010f9a1ff87ce18f806cd;results/canonical/safety_ablation.csv=7f822eaa7c10e0fe9bbe8ce09a3bca12bc4de4aad82fae5d6d8c6e9db5f9744a;results/canonical/seasonal_day_night_summary.csv=7418ebe2c0b6020d94bc5bba9bfd76af79c123211bdbf75761a24e24b148208d;results/canonical/source_hotspot_robustness.csv=e1c561bee217c38f9db1984230e3565d62d2c3100be950379ed4435c9dca0d16;results/diagnostics/extended_analysis_validation.csv=c8a8e44d082ddbbbe24f6f1b86d8c57eb18f7f375238064b9dee4c19b69272a9;results/diagnostics/global_analysis_validation.csv=2feaa356dc49914f35414c79440b2e9705892424bab5f95cbe64bc3ce160f899;results/diagnostics/surface_radiation_context.csv=89d5f204adc15d491af32aa71dd7ef3593ec117ab4141c28fd09daa624d533bf;results/diagnostics/synthetic_validation.csv=f0b31ea29a4b29fa04a9fcbcfe104176fbda9d53f9428a5eeda2bd6a4d19ad78;results/diagnostics/wind_trajectory_7d.csv=2c9215b3ac59a0119730c029ea0b1bb45397b9210a5c41a5d31acff89094ac07;results/figures/figure_1_framework.png=fcc38e922f65af6e246497252171e5b316d130da107f81b2a1d02561f5fadc27;results/figures/figure_1_framework.svg=fbefd7d896b696aad3021196699c6c14553afe555a110f697eddb5b9acd2f5f0;results/figures/figure_2_peak_marginal_burden_map.png=71014d62aa8de80f0cc518bbb93b3130cd48bb9627797e7dbf3237be7dc64a04;results/figures/figure_2_peak_marginal_burden_map.svg=fcec6a135290d6dd03980006c4b512f16a685b5fd2f64510ba223ffd6ef87725;results/figures/figure_3_seasonal_day_night.png=300ebac263bb8ed984ee89da85466e61cc7fa8a1f64ec775dec02d89ffbd9e80;results/figures/figure_3_seasonal_day_night.svg=588f112362524ed034fef2c8f1da290793095c06928da32f54e239e8f0a9797d;results/figures/figure_4_primary_spatial_transfer.png=4c12979fba004a7d34a75039d7b85513b3fe3f3acfc84e90a5536b6e674d63a8;results/figures/figure_4_primary_spatial_transfer.svg=109fec50354efc1b901ff842f756c79f5e05cbfa8aaf2c19a62c649791bab089;results/figures/figure_5_allocation_mode_comparison.png=199c6561664cd62f6f6f2a691590fb7f3a6fd24d397cfb0a1461c6de4769d567;results/figures/figure_5_allocation_mode_comparison.svg=3c80bcb53e766dd07ebc62a7960fc660d530e5b043497c66af78f444bea84215;results/figures/figure_6_safety_ablation.png=9b7d043e6fca9a13b9c337dc3579abc7461a4b88b4dd787bafcfb61139e8e65f;results/figures/figure_6_safety_ablation.svg=2f322daa6d01d05de0532a3d504fd1093435e05a129678c2998550888e9e224b;results/figures/figure_7_joint_penalty_sensitivity.png=b36f300a3628c56973eebdcaa1c347aba932c29f5e35ba287d9d041c9dedd79b;results/figures/figure_7_joint_penalty_sensitivity.svg=fdef0959724e2505317eb8ce4d5fa8d1c47019fa6672a9b9de89fc3d3ce6b972;results/figures/supplementary_figure_s1_source_hotspot_robustness.png=3f24d0f786a089c28c88d85cf2b82abb7f8f600722d9c1f83c6147b42cc6417d;results/figures/supplementary_figure_s1_source_hotspot_robustness.svg=f2a8aa2903471b494d6b8e83c0c10a28b83786d0a6121687ebbd0e0742ee933f;results/figures/supplementary_figure_s2_finite_q_sensitivity.png=376bd6422bb25faccc3dd956b0f7223aeace29015f7dbcfc39bbff0d7bbe044d;results/figures/supplementary_figure_s2_finite_q_sensitivity.svg=e581b8174e65c491288b6dd16859bc0200b3efbfe429731d95fe3934f978b759;results/figures/supplementary_figure_s3_wind_trajectory.png=8087b4dcb29232ba32e92fe2d8786bc130b29d60e9322a80cd66be14a6ce407b;results/figures/supplementary_figure_s3_wind_trajectory.svg=7f167fafead058dea1c61d19e9bfc768fda5ece901c117879dbdcb8bf7af3283;results/tables/structural_replication.csv=097ade6b588095040a4e2b256e08267cdb58a4b5449d0ea0fb0b3a61c41e7a99;results/tables/table_1_datasets.csv=2350171374246e065b4472c1e4d280355a7d28c0ed03c289a5c5cfe72ad56d70;results/tables/table_2_model_assumptions.csv=540276a31769c9577ec95f8bc380442f3facfdf94b9a4f936f951640b16c49cc;results/tables/table_3_marginal_burden_summary.csv=3a8c4a3744aa99dc134cba33a3974428334b64f1f6a4900e8e0eb8f52bc04dee;results/tables/table_4_allocation_comparison.csv=e771a32c44b5f3ee894e67217d65b717aab97a5ee759653dc2be245ab17e31d9;results/tables/table_5_safety_and_capacity.csv=ee2760324f4733e4d2954946c52fb7e1a6059625dd9f453c99ec921c2571bdec;results/tables/table_6_robustness_summary.csv=3dd3971f0d6dfb3d5a16e610e7c9187fcf81d76c4cc9405dfdbb4b972f1084b8,2f322daa6d01d05de0532a3d504fd1093435e05a129678c2998550888e9e224b,2026-09-25T05:21:38+00:00
submission/figures/figure_7_joint_penalty_sensitivity.png,entire generated artifact,48cc91496fb9f00946fac705bc3242dedcf89b0e99587e96b49c04f874d4beb5,scripts/build_submission.py,8607e5c5213f42cd35a117af220f6fc2df8914ff502e39aa38f847b0589e36f1,35ca1236f57a2b672f3b7f725be801fb59e043fe,make submission,python=3.10.12;platform=Linux-6.8.0-1061-aws-x86_64-with-glibc2.35;pip_freeze_sha256=b801e3f3cbd3d0d08d669bf129285247ca793ef0155741b942a8dc34bf46c824,provenance/reference_verification.csv=03f1a3decbbfc768a7ad9d405dca21026302853f464ac49f362ca69bb360cb68;results/canonical/finite_q_sensitivity.csv=56dcd9ae68e16c8939195e3a1d89274467192685b9aec8a84f86a240bde46c88;results/canonical/matched_event_allocations.csv=1721c3be6e249a678fcf4e5a6d42d1f85118ce7c0cb670ef17f0da5346ff4b78;results/canonical/natural_redistribution_summary.csv=9d32dd46ce6d41c9c417cfb990ab08a35b443306aaa5b82cae1933a2128b47b1;results/canonical/one_unit_allocations.csv=b6277c4652dd4601e1a8ddd959f38621eef393d3216010f9a1ff87ce18f806cd;results/canonical/safety_ablation.csv=7f822eaa7c10e0fe9bbe8ce09a3bca12bc4de4aad82fae5d6d8c6e9db5f9744a;results/canonical/seasonal_day_night_summary.csv=7418ebe2c0b6020d94bc5bba9bfd76af79c123211bdbf75761a24e24b148208d;results/canonical/source_hotspot_robustness.csv=e1c561bee217c38f9db1984230e3565d62d2c3100be950379ed4435c9dca0d16;results/diagnostics/extended_analysis_validation.csv=c8a8e44d082ddbbbe24f6f1b86d8c57eb18f7f375238064b9dee4c19b69272a9;results/diagnostics/global_analysis_validation.csv=2feaa356dc49914f35414c79440b2e9705892424bab5f95cbe64bc3ce160f899;results/diagnostics/surface_radiation_context.csv=89d5f204adc15d491af32aa71dd7ef3593ec117ab4141c28fd09daa624d533bf;results/diagnostics/synthetic_validation.csv=f0b31ea29a4b29fa04a9fcbcfe104176fbda9d53f9428a5eeda2bd6a4d19ad78;results/diagnostics/wind_trajectory_7d.csv=2c9215b3ac59a0119730c029ea0b1bb45397b9210a5c41a5d31acff89094ac07;results/figures/figure_1_framework.png=fcc38e922f65af6e246497252171e5b316d130da107f81b2a1d02561f5fadc27;results/figures/figure_1_framework.svg=fbefd7d896b696aad3021196699c6c14553afe555a110f697eddb5b9acd2f5f0;results/figures/figure_2_peak_marginal_burden_map.png=71014d62aa8de80f0cc518bbb93b3130cd48bb9627797e7dbf3237be7dc64a04;results/figures/figure_2_peak_marginal_burden_map.svg=fcec6a135290d6dd03980006c4b512f16a685b5fd2f64510ba223ffd6ef87725;results/figures/figure_3_seasonal_day_night.png=300ebac263bb8ed984ee89da85466e61cc7fa8a1f64ec775dec02d89ffbd9e80;results/figures/figure_3_seasonal_day_night.svg=588f112362524ed034fef2c8f1da290793095c06928da32f54e239e8f0a9797d;results/figures/figure_4_primary_spatial_transfer.png=4c12979fba004a7d34a75039d7b85513b3fe3f3acfc84e90a5536b6e674d63a8;results/figures/figure_4_primary_spatial_transfer.svg=109fec50354efc1b901ff842f756c79f5e05cbfa8aaf2c19a62c649791bab089;results/figures/figure_5_allocation_mode_comparison.png=199c6561664cd62f6f6f2a691590fb7f3a6fd24d397cfb0a1461c6de4769d567;results/figures/figure_5_allocation_mode_comparison.svg=3c80bcb53e766dd07ebc62a7960fc660d530e5b043497c66af78f444bea84215;results/figures/figure_6_safety_ablation.png=9b7d043e6fca9a13b9c337dc3579abc7461a4b88b4dd787bafcfb61139e8e65f;results/figures/figure_6_safety_ablation.svg=2f322daa6d01d05de0532a3d504fd1093435e05a129678c2998550888e9e224b;results/figures/figure_7_joint_penalty_sensitivity.png=b36f300a3628c56973eebdcaa1c347aba932c29f5e35ba287d9d041c9dedd79b;results/figures/figure_7_joint_penalty_sensitivity.svg=fdef0959724e2505317eb8ce4d5fa8d1c47019fa6672a9b9de89fc3d3ce6b972;results/figures/supplementary_figure_s1_source_hotspot_robustness.png=3f24d0f786a089c28c88d85cf2b82abb7f8f600722d9c1f83c6147b42cc6417d;results/figures/supplementary_figure_s1_source_hotspot_robustness.svg=f2a8aa2903471b494d6b8e83c0c10a28b83786d0a6121687ebbd0e0742ee933f;results/figures/supplementary_figure_s2_finite_q_sensitivity.png=376bd6422bb25faccc3dd956b0f7223aeace29015f7dbcfc39bbff0d7bbe044d;results/figures/supplementary_figure_s2_finite_q_sensitivity.svg=e581b8174e65c491288b6dd16859bc0200b3efbfe429731d95fe3934f978b759;results/figures/supplementary_figure_s3_wind_trajectory.png=8087b4dcb29232ba32e92fe2d8786bc130b29d60e9322a80cd66be14a6ce407b;results/figures/supplementary_figure_s3_wind_trajectory.svg=7f167fafead058dea1c61d19e9bfc768fda5ece901c117879dbdcb8bf7af3283;results/tables/structural_replication.csv=097ade6b588095040a4e2b256e08267cdb58a4b5449d0ea0fb0b3a61c41e7a99;results/tables/table_1_datasets.csv=2350171374246e065b4472c1e4d280355a7d28c0ed03c289a5c5cfe72ad56d70;results/tables/table_2_model_assumptions.csv=540276a31769c9577ec95f8bc380442f3facfdf94b9a4f936f951640b16c49cc;results/tables/table_3_marginal_burden_summary.csv=3a8c4a3744aa99dc134cba33a3974428334b64f1f6a4900e8e0eb8f52bc04dee;results/tables/table_4_allocation_comparison.csv=e771a32c44b5f3ee894e67217d65b717aab97a5ee759653dc2be245ab17e31d9;results/tables/table_5_safety_and_capacity.csv=ee2760324f4733e4d2954946c52fb7e1a6059625dd9f453c99ec921c2571bdec;results/tables/table_6_robustness_summary.csv=3dd3971f0d6dfb3d5a16e610e7c9187fcf81d76c4cc9405dfdbb4b972f1084b8,b36f300a3628c56973eebdcaa1c347aba932c29f5e35ba287d9d041c9dedd79b,2026-09-25T05:21:38+00:00
submission/figures/figure_7_joint_penalty_sensitivity.svg,entire generated artifact,48cc91496fb9f00946fac705bc3242dedcf89b0e99587e96b49c04f874d4beb5,scripts/build_submission.py,8607e5c5213f42cd35a117af220f6fc2df8914ff502e39aa38f847b0589e36f1,35ca1236f57a2b672f3b7f725be801fb59e043fe,make submission,python=3.10.12;platform=Linux-6.8.0-1061-aws-x86_64-with-glibc2.35;pip_freeze_sha256=b801e3f3cbd3d0d08d669bf129285247ca793ef0155741b942a8dc34bf46c824,provenance/reference_verification.csv=03f1a3decbbfc768a7ad9d405dca21026302853f464ac49f362ca69bb360cb68;results/canonical/finite_q_sensitivity.csv=56dcd9ae68e16c8939195e3a1d89274467192685b9aec8a84f86a240bde46c88;results/canonical/matched_event_allocations.csv=1721c3be6e249a678fcf4e5a6d42d1f85118ce7c0cb670ef17f0da5346ff4b78;results/canonical/natural_redistribution_summary.csv=9d32dd46ce6d41c9c417cfb990ab08a35b443306aaa5b82cae1933a2128b47b1;results/canonical/one_unit_allocations.csv=b6277c4652dd4601e1a8ddd959f38621eef393d3216010f9a1ff87ce18f806cd;results/canonical/safety_ablation.csv=7f822eaa7c10e0fe9bbe8ce09a3bca12bc4de4aad82fae5d6d8c6e9db5f9744a;results/canonical/seasonal_day_night_summary.csv=7418ebe2c0b6020d94bc5bba9bfd76af79c123211bdbf75761a24e24b148208d;results/canonical/source_hotspot_robustness.csv=e1c561bee217c38f9db1984230e3565d62d2c3100be950379ed4435c9dca0d16;results/diagnostics/extended_analysis_validation.csv=c8a8e44d082ddbbbe24f6f1b86d8c57eb18f7f375238064b9dee4c19b69272a9;results/diagnostics/global_analysis_validation.csv=2feaa356dc49914f35414c79440b2e9705892424bab5f95cbe64bc3ce160f899;results/diagnostics/surface_radiation_context.csv=89d5f204adc15d491af32aa71dd7ef3593ec117ab4141c28fd09daa624d533bf;results/diagnostics/synthetic_validation.csv=f0b31ea29a4b29fa04a9fcbcfe104176fbda9d53f9428a5eeda2bd6a4d19ad78;results/diagnostics/wind_trajectory_7d.csv=2c9215b3ac59a0119730c029ea0b1bb45397b9210a5c41a5d31acff89094ac07;results/figures/figure_1_framework.png=fcc38e922f65af6e246497252171e5b316d130da107f81b2a1d02561f5fadc27;results/figures/figure_1_framework.svg=fbefd7d896b696aad3021196699c6c14553afe555a110f697eddb5b9acd2f5f0;results/figures/figure_2_peak_marginal_burden_map.png=71014d62aa8de80f0cc518bbb93b3130cd48bb9627797e7dbf3237be7dc64a04;results/figures/figure_2_peak_marginal_burden_map.svg=fcec6a135290d6dd03980006c4b512f16a685b5fd2f64510ba223ffd6ef87725;results/figures/figure_3_seasonal_day_night.png=300ebac263bb8ed984ee89da85466e61cc7fa8a1f64ec775dec02d89ffbd9e80;results/figures/figure_3_seasonal_day_night.svg=588f112362524ed034fef2c8f1da290793095c06928da32f54e239e8f0a9797d;results/figures/figure_4_primary_spatial_transfer.png=4c12979fba004a7d34a75039d7b85513b3fe3f3acfc84e90a5536b6e674d63a8;results/figures/figure_4_primary_spatial_transfer.svg=109fec50354efc1b901ff842f756c79f5e05cbfa8aaf2c19a62c649791bab089;results/figures/figure_5_allocation_mode_comparison.png=199c6561664cd62f6f6f2a691590fb7f3a6fd24d397cfb0a1461c6de4769d567;results/figures/figure_5_allocation_mode_comparison.svg=3c80bcb53e766dd07ebc62a7960fc660d530e5b043497c66af78f444bea84215;results/figures/figure_6_safety_ablation.png=9b7d043e6fca9a13b9c337dc3579abc7461a4b88b4dd787bafcfb61139e8e65f;results/figures/figure_6_safety_ablation.svg=2f322daa6d01d05de0532a3d504fd1093435e05a129678c2998550888e9e224b;results/figures/figure_7_joint_penalty_sensitivity.png=b36f300a3628c56973eebdcaa1c347aba932c29f5e35ba287d9d041c9dedd79b;results/figures/figure_7_joint_penalty_sensitivity.svg=fdef0959724e2505317eb8ce4d5fa8d1c47019fa6672a9b9de89fc3d3ce6b972;results/figures/supplementary_figure_s1_source_hotspot_robustness.png=3f24d0f786a089c28c88d85cf2b82abb7f8f600722d9c1f83c6147b42cc6417d;results/figures/supplementary_figure_s1_source_hotspot_robustness.svg=f2a8aa2903471b494d6b8e83c0c10a28b83786d0a6121687ebbd0e0742ee933f;results/figures/supplementary_figure_s2_finite_q_sensitivity.png=376bd6422bb25faccc3dd956b0f7223aeace29015f7dbcfc39bbff0d7bbe044d;results/figures/supplementary_figure_s2_finite_q_sensitivity.svg=e581b8174e65c491288b6dd16859bc0200b3efbfe429731d95fe3934f978b759;results/figures/supplementary_figure_s3_wind_trajectory.png=8087b4dcb29232ba32e92fe2d8786bc130b29d60e9322a80cd66be14a6ce407b;results/figures/supplementary_figure_s3_wind_trajectory.svg=7f167fafead058dea1c61d19e9bfc768fda5ece901c117879dbdcb8bf7af3283;results/tables/structural_replication.csv=097ade6b588095040a4e2b256e08267cdb58a4b5449d0ea0fb0b3a61c41e7a99;results/tables/table_1_datasets.csv=2350171374246e065b4472c1e4d280355a7d28c0ed03c289a5c5cfe72ad56d70;results/tables/table_2_model_assumptions.csv=540276a31769c9577ec95f8bc380442f3facfdf94b9a4f936f951640b16c49cc;results/tables/table_3_marginal_burden_summary.csv=3a8c4a3744aa99dc134cba33a3974428334b64f1f6a4900e8e0eb8f52bc04dee;results/tables/table_4_allocation_comparison.csv=e771a32c44b5f3ee894e67217d65b717aab97a5ee759653dc2be245ab17e31d9;results/tables/table_5_safety_and_capacity.csv=ee2760324f4733e4d2954946c52fb7e1a6059625dd9f453c99ec921c2571bdec;results/tables/table_6_robustness_summary.csv=3dd3971f0d6dfb3d5a16e610e7c9187fcf81d76c4cc9405dfdbb4b972f1084b8,fdef0959724e2505317eb8ce4d5fa8d1c47019fa6672a9b9de89fc3d3ce6b972,2026-09-25T05:21:38+00:00
submission/figures/supplementary_figure_s1_source_hotspot_robustness.png,entire generated artifact,48cc91496fb9f00946fac705bc3242dedcf89b0e99587e96b49c04f874d4beb5,scripts/build_submission.py,8607e5c5213f42cd35a117af220f6fc2df8914ff502e39aa38f847b0589e36f1,35ca1236f57a2b672f3b7f725be801fb59e043fe,make submission,python=3.10.12;platform=Linux-6.8.0-1061-aws-x86_64-with-glibc2.35;pip_freeze_sha256=b801e3f3cbd3d0d08d669bf129285247ca793ef0155741b942a8dc34bf46c824,provenance/reference_verification.csv=03f1a3decbbfc768a7ad9d405dca21026302853f464ac49f362ca69bb360cb68;results/canonical/finite_q_sensitivity.csv=56dcd9ae68e16c8939195e3a1d89274467192685b9aec8a84f86a240bde46c88;results/canonical/matched_event_allocations.csv=1721c3be6e249a678fcf4e5a6d42d1f85118ce7c0cb670ef17f0da5346ff4b78;results/canonical/natural_redistribution_summary.csv=9d32dd46ce6d41c9c417cfb990ab08a35b443306aaa5b82cae1933a2128b47b1;results/canonical/one_unit_allocations.csv=b6277c4652dd4601e1a8ddd959f38621eef393d3216010f9a1ff87ce18f806cd;results/canonical/safety_ablation.csv=7f822eaa7c10e0fe9bbe8ce09a3bca12bc4de4aad82fae5d6d8c6e9db5f9744a;results/canonical/seasonal_day_night_summary.csv=7418ebe2c0b6020d94bc5bba9bfd76af79c123211bdbf75761a24e24b148208d;results/canonical/source_hotspot_robustness.csv=e1c561bee217c38f9db1984230e3565d62d2c3100be950379ed4435c9dca0d16;results/diagnostics/extended_analysis_validation.csv=c8a8e44d082ddbbbe24f6f1b86d8c57eb18f7f375238064b9dee4c19b69272a9;results/diagnostics/global_analysis_validation.csv=2feaa356dc49914f35414c79440b2e9705892424bab5f95cbe64bc3ce160f899;results/diagnostics/surface_radiation_context.csv=89d5f204adc15d491af32aa71dd7ef3593ec117ab4141c28fd09daa624d533bf;results/diagnostics/synthetic_validation.csv=f0b31ea29a4b29fa04a9fcbcfe104176fbda9d53f9428a5eeda2bd6a4d19ad78;results/diagnostics/wind_trajectory_7d.csv=2c9215b3ac59a0119730c029ea0b1bb45397b9210a5c41a5d31acff89094ac07;results/figures/figure_1_framework.png=fcc38e922f65af6e246497252171e5b316d130da107f81b2a1d02561f5fadc27;results/figures/figure_1_framework.svg=fbefd7d896b696aad3021196699c6c14553afe555a110f697eddb5b9acd2f5f0;results/figures/figure_2_peak_marginal_burden_map.png=71014d62aa8de80f0cc518bbb93b3130cd48bb9627797e7dbf3237be7dc64a04;results/figures/figure_2_peak_marginal_burden_map.svg=fcec6a135290d6dd03980006c4b512f16a685b5fd2f64510ba223ffd6ef87725;results/figures/figure_3_seasonal_day_night.png=300ebac263bb8ed984ee89da85466e61cc7fa8a1f64ec775dec02d89ffbd9e80;results/figures/figure_3_seasonal_day_night.svg=588f112362524ed034fef2c8f1da290793095c06928da32f54e239e8f0a9797d;results/figures/figure_4_primary_spatial_transfer.png=4c12979fba004a7d34a75039d7b85513b3fe3f3acfc84e90a5536b6e674d63a8;results/figures/figure_4_primary_spatial_transfer.svg=109fec50354efc1b901ff842f756c79f5e05cbfa8aaf2c19a62c649791bab089;results/figures/figure_5_allocation_mode_comparison.png=199c6561664cd62f6f6f2a691590fb7f3a6fd24d397cfb0a1461c6de4769d567;results/figures/figure_5_allocation_mode_comparison.svg=3c80bcb53e766dd07ebc62a7960fc660d530e5b043497c66af78f444bea84215;results/figures/figure_6_safety_ablation.png=9b7d043e6fca9a13b9c337dc3579abc7461a4b88b4dd787bafcfb61139e8e65f;results/figures/figure_6_safety_ablation.svg=2f322daa6d01d05de0532a3d504fd1093435e05a129678c2998550888e9e224b;results/figures/figure_7_joint_penalty_sensitivity.png=b36f300a3628c56973eebdcaa1c347aba932c29f5e35ba287d9d041c9dedd79b;results/figures/figure_7_joint_penalty_sensitivity.svg=fdef0959724e2505317eb8ce4d5fa8d1c47019fa6672a9b9de89fc3d3ce6b972;results/figures/supplementary_figure_s1_source_hotspot_robustness.png=3f24d0f786a089c28c88d85cf2b82abb7f8f600722d9c1f83c6147b42cc6417d;results/figures/supplementary_figure_s1_source_hotspot_robustness.svg=f2a8aa2903471b494d6b8e83c0c10a28b83786d0a6121687ebbd0e0742ee933f;results/figures/supplementary_figure_s2_finite_q_sensitivity.png=376bd6422bb25faccc3dd956b0f7223aeace29015f7dbcfc39bbff0d7bbe044d;results/figures/supplementary_figure_s2_finite_q_sensitivity.svg=e581b8174e65c491288b6dd16859bc0200b3efbfe429731d95fe3934f978b759;results/figures/supplementary_figure_s3_wind_trajectory.png=8087b4dcb29232ba32e92fe2d8786bc130b29d60e9322a80cd66be14a6ce407b;results/figures/supplementary_figure_s3_wind_trajectory.svg=7f167fafead058dea1c61d19e9bfc768fda5ece901c117879dbdcb8bf7af3283;results/tables/structural_replication.csv=097ade6b588095040a4e2b256e08267cdb58a4b5449d0ea0fb0b3a61c41e7a99;results/tables/table_1_datasets.csv=2350171374246e065b4472c1e4d280355a7d28c0ed03c289a5c5cfe72ad56d70;results/tables/table_2_model_assumptions.csv=540276a31769c9577ec95f8bc380442f3facfdf94b9a4f936f951640b16c49cc;results/tables/table_3_marginal_burden_summary.csv=3a8c4a3744aa99dc134cba33a3974428334b64f1f6a4900e8e0eb8f52bc04dee;results/tables/table_4_allocation_comparison.csv=e771a32c44b5f3ee894e67217d65b717aab97a5ee759653dc2be245ab17e31d9;results/tables/table_5_safety_and_capacity.csv=ee2760324f4733e4d2954946c52fb7e1a6059625dd9f453c99ec921c2571bdec;results/tables/table_6_robustness_summary.csv=3dd3971f0d6dfb3d5a16e610e7c9187fcf81d76c4cc9405dfdbb4b972f1084b8,3f24d0f786a089c28c88d85cf2b82abb7f8f600722d9c1f83c6147b42cc6417d,2026-09-25T05:21:38+00:00
submission/figures/supplementary_figure_s1_source_hotspot_robustness.svg,entire generated artifact,48cc91496fb9f00946fac705bc3242dedcf89b0e99587e96b49c04f874d4beb5,scripts/build_submission.py,8607e5c5213f42cd35a117af220f6fc2df8914ff502e39aa38f847b0589e36f1,35ca1236f57a2b672f3b7f725be801fb59e043fe,make submission,python=3.10.12;platform=Linux-6.8.0-1061-aws-x86_64-with-glibc2.35;pip_freeze_sha256=b801e3f3cbd3d0d08d669bf129285247ca793ef0155741b942a8dc34bf46c824,provenance/reference_verification.csv=03f1a3decbbfc768a7ad9d405dca21026302853f464ac49f362ca69bb360cb68;results/canonical/finite_q_sensitivity.csv=56dcd9ae68e16c8939195e3a1d89274467192685b9aec8a84f86a240bde46c88;results/canonical/matched_event_allocations.csv=1721c3be6e249a678fcf4e5a6d42d1f85118ce7c0cb670ef17f0da5346ff4b78;results/canonical/natural_redistribution_summary.csv=9d32dd46ce6d41c9c417cfb990ab08a35b443306aaa5b82cae1933a2128b47b1;results/canonical/one_unit_allocations.csv=b6277c4652dd4601e1a8ddd959f38621eef393d3216010f9a1ff87ce18f806cd;results/canonical/safety_ablation.csv=7f822eaa7c10e0fe9bbe8ce09a3bca12bc4de4aad82fae5d6d8c6e9db5f9744a;results/canonical/seasonal_day_night_summary.csv=7418ebe2c0b6020d94bc5bba9bfd76af79c123211bdbf75761a24e24b148208d;results/canonical/source_hotspot_robustness.csv=e1c561bee217c38f9db1984230e3565d62d2c3100be950379ed4435c9dca0d16;results/diagnostics/extended_analysis_validation.csv=c8a8e44d082ddbbbe24f6f1b86d8c57eb18f7f375238064b9dee4c19b69272a9;results/diagnostics/global_analysis_validation.csv=2feaa356dc49914f35414c79440b2e9705892424bab5f95cbe64bc3ce160f899;results/diagnostics/surface_radiation_context.csv=89d5f204adc15d491af32aa71dd7ef3593ec117ab4141c28fd09daa624d533bf;results/diagnostics/synthetic_validation.csv=f0b31ea29a4b29fa04a9fcbcfe104176fbda9d53f9428a5eeda2bd6a4d19ad78;results/diagnostics/wind_trajectory_7d.csv=2c9215b3ac59a0119730c029ea0b1bb45397b9210a5c41a5d31acff89094ac07;results/figures/figure_1_framework.png=fcc38e922f65af6e246497252171e5b316d130da107f81b2a1d02561f5fadc27;results/figures/figure_1_framework.svg=fbefd7d896b696aad3021196699c6c14553afe555a110f697eddb5b9acd2f5f0;results/figures/figure_2_peak_marginal_burden_map.png=71014d62aa8de80f0cc518bbb93b3130cd48bb9627797e7dbf3237be7dc64a04;results/figures/figure_2_peak_marginal_burden_map.svg=fcec6a135290d6dd03980006c4b512f16a685b5fd2f64510ba223ffd6ef87725;results/figures/figure_3_seasonal_day_night.png=300ebac263bb8ed984ee89da85466e61cc7fa8a1f64ec775dec02d89ffbd9e80;results/figures/figure_3_seasonal_day_night.svg=588f112362524ed034fef2c8f1da290793095c06928da32f54e239e8f0a9797d;results/figures/figure_4_primary_spatial_transfer.png=4c12979fba004a7d34a75039d7b85513b3fe3f3acfc84e90a5536b6e674d63a8;results/figures/figure_4_primary_spatial_transfer.svg=109fec50354efc1b901ff842f756c79f5e05cbfa8aaf2c19a62c649791bab089;results/figures/figure_5_allocation_mode_comparison.png=199c6561664cd62f6f6f2a691590fb7f3a6fd24d397cfb0a1461c6de4769d567;results/figures/figure_5_allocation_mode_comparison.svg=3c80bcb53e766dd07ebc62a7960fc660d530e5b043497c66af78f444bea84215;results/figures/figure_6_safety_ablation.png=9b7d043e6fca9a13b9c337dc3579abc7461a4b88b4dd787bafcfb61139e8e65f;results/figures/figure_6_safety_ablation.svg=2f322daa6d01d05de0532a3d504fd1093435e05a129678c2998550888e9e224b;results/figures/figure_7_joint_penalty_sensitivity.png=b36f300a3628c56973eebdcaa1c347aba932c29f5e35ba287d9d041c9dedd79b;results/figures/figure_7_joint_penalty_sensitivity.svg=fdef0959724e2505317eb8ce4d5fa8d1c47019fa6672a9b9de89fc3d3ce6b972;results/figures/supplementary_figure_s1_source_hotspot_robustness.png=3f24d0f786a089c28c88d85cf2b82abb7f8f600722d9c1f83c6147b42cc6417d;results/figures/supplementary_figure_s1_source_hotspot_robustness.svg=f2a8aa2903471b494d6b8e83c0c10a28b83786d0a6121687ebbd0e0742ee933f;results/figures/supplementary_figure_s2_finite_q_sensitivity.png=376bd6422bb25faccc3dd956b0f7223aeace29015f7dbcfc39bbff0d7bbe044d;results/figures/supplementary_figure_s2_finite_q_sensitivity.svg=e581b8174e65c491288b6dd16859bc0200b3efbfe429731d95fe3934f978b759;results/figures/supplementary_figure_s3_wind_trajectory.png=8087b4dcb29232ba32e92fe2d8786bc130b29d60e9322a80cd66be14a6ce407b;results/figures/supplementary_figure_s3_wind_trajectory.svg=7f167fafead058dea1c61d19e9bfc768fda5ece901c117879dbdcb8bf7af3283;results/tables/structural_replication.csv=097ade6b588095040a4e2b256e08267cdb58a4b5449d0ea0fb0b3a61c41e7a99;results/tables/table_1_datasets.csv=2350171374246e065b4472c1e4d280355a7d28c0ed03c289a5c5cfe72ad56d70;results/tables/table_2_model_assumptions.csv=540276a31769c9577ec95f8bc380442f3facfdf94b9a4f936f951640b16c49cc;results/tables/table_3_marginal_burden_summary.csv=3a8c4a3744aa99dc134cba33a3974428334b64f1f6a4900e8e0eb8f52bc04dee;results/tables/table_4_allocation_comparison.csv=e771a32c44b5f3ee894e67217d65b717aab97a5ee759653dc2be245ab17e31d9;results/tables/table_5_safety_and_capacity.csv=ee2760324f4733e4d2954946c52fb7e1a6059625dd9f453c99ec921c2571bdec;results/tables/table_6_robustness_summary.csv=3dd3971f0d6dfb3d5a16e610e7c9187fcf81d76c4cc9405dfdbb4b972f1084b8,f2a8aa2903471b494d6b8e83c0c10a28b83786d0a6121687ebbd0e0742ee933f,2026-09-25T05:21:38+00:00
submission/figures/supplementary_figure_s2_finite_q_sensitivity.png,entire generated artifact,48cc91496fb9f00946fac705bc3242dedcf89b0e99587e96b49c04f874d4beb5,scripts/build_submission.py,8607e5c5213f42cd35a117af220f6fc2df8914ff502e39aa38f847b0589e36f1,35ca1236f57a2b672f3b7f725be801fb59e043fe,make submission,python=3.10.12;platform=Linux-6.8.0-1061-aws-x86_64-with-glibc2.35;pip_freeze_sha256=b801e3f3cbd3d0d08d669bf129285247ca793ef0155741b942a8dc34bf46c824,provenance/reference_verification.csv=03f1a3decbbfc768a7ad9d405dca21026302853f464ac49f362ca69bb360cb68;results/canonical/finite_q_sensitivity.csv=56dcd9ae68e16c8939195e3a1d89274467192685b9aec8a84f86a240bde46c88;results/canonical/matched_event_allocations.csv=1721c3be6e249a678fcf4e5a6d42d1f85118ce7c0cb670ef17f0da5346ff4b78;results/canonical/natural_redistribution_summary.csv=9d32dd46ce6d41c9c417cfb990ab08a35b443306aaa5b82cae1933a2128b47b1;results/canonical/one_unit_allocations.csv=b6277c4652dd4601e1a8ddd959f38621eef393d3216010f9a1ff87ce18f806cd;results/canonical/safety_ablation.csv=7f822eaa7c10e0fe9bbe8ce09a3bca12bc4de4aad82fae5d6d8c6e9db5f9744a;results/canonical/seasonal_day_night_summary.csv=7418ebe2c0b6020d94bc5bba9bfd76af79c123211bdbf75761a24e24b148208d;results/canonical/source_hotspot_robustness.csv=e1c561bee217c38f9db1984230e3565d62d2c3100be950379ed4435c9dca0d16;results/diagnostics/extended_analysis_validation.csv=c8a8e44d082ddbbbe24f6f1b86d8c57eb18f7f375238064b9dee4c19b69272a9;results/diagnostics/global_analysis_validation.csv=2feaa356dc49914f35414c79440b2e9705892424bab5f95cbe64bc3ce160f899;results/diagnostics/surface_radiation_context.csv=89d5f204adc15d491af32aa71dd7ef3593ec117ab4141c28fd09daa624d533bf;results/diagnostics/synthetic_validation.csv=f0b31ea29a4b29fa04a9fcbcfe104176fbda9d53f9428a5eeda2bd6a4d19ad78;results/diagnostics/wind_trajectory_7d.csv=2c9215b3ac59a0119730c029ea0b1bb45397b9210a5c41a5d31acff89094ac07;results/figures/figure_1_framework.png=fcc38e922f65af6e246497252171e5b316d130da107f81b2a1d02561f5fadc27;results/figures/figure_1_framework.svg=fbefd7d896b696aad3021196699c6c14553afe555a110f697eddb5b9acd2f5f0;results/figures/figure_2_peak_marginal_burden_map.png=71014d62aa8de80f0cc518bbb93b3130cd48bb9627797e7dbf3237be7dc64a04;results/figures/figure_2_peak_marginal_burden_map.svg=fcec6a135290d6dd03980006c4b512f16a685b5fd2f64510ba223ffd6ef87725;results/figures/figure_3_seasonal_day_night.png=300ebac263bb8ed984ee89da85466e61cc7fa8a1f64ec775dec02d89ffbd9e80;results/figures/figure_3_seasonal_day_night.svg=588f112362524ed034fef2c8f1da290793095c06928da32f54e239e8f0a9797d;results/figures/figure_4_primary_spatial_transfer.png=4c12979fba004a7d34a75039d7b85513b3fe3f3acfc84e90a5536b6e674d63a8;results/figures/figure_4_primary_spatial_transfer.svg=109fec50354efc1b901ff842f756c79f5e05cbfa8aaf2c19a62c649791bab089;results/figures/figure_5_allocation_mode_comparison.png=199c6561664cd62f6f6f2a691590fb7f3a6fd24d397cfb0a1461c6de4769d567;results/figures/figure_5_allocation_mode_comparison.svg=3c80bcb53e766dd07ebc62a7960fc660d530e5b043497c66af78f444bea84215;results/figures/figure_6_safety_ablation.png=9b7d043e6fca9a13b9c337dc3579abc7461a4b88b4dd787bafcfb61139e8e65f;results/figures/figure_6_safety_ablation.svg=2f322daa6d01d05de0532a3d504fd1093435e05a129678c2998550888e9e224b;results/figures/figure_7_joint_penalty_sensitivity.png=b36f300a3628c56973eebdcaa1c347aba932c29f5e35ba287d9d041c9dedd79b;results/figures/figure_7_joint_penalty_sensitivity.svg=fdef0959724e2505317eb8ce4d5fa8d1c47019fa6672a9b9de89fc3d3ce6b972;results/figures/supplementary_figure_s1_source_hotspot_robustness.png=3f24d0f786a089c28c88d85cf2b82abb7f8f600722d9c1f83c6147b42cc6417d;results/figures/supplementary_figure_s1_source_hotspot_robustness.svg=f2a8aa2903471b494d6b8e83c0c10a28b83786d0a6121687ebbd0e0742ee933f;results/figures/supplementary_figure_s2_finite_q_sensitivity.png=376bd6422bb25faccc3dd956b0f7223aeace29015f7dbcfc39bbff0d7bbe044d;results/figures/supplementary_figure_s2_finite_q_sensitivity.svg=e581b8174e65c491288b6dd16859bc0200b3efbfe429731d95fe3934f978b759;results/figures/supplementary_figure_s3_wind_trajectory.png=8087b4dcb29232ba32e92fe2d8786bc130b29d60e9322a80cd66be14a6ce407b;results/figures/supplementary_figure_s3_wind_trajectory.svg=7f167fafead058dea1c61d19e9bfc768fda5ece901c117879dbdcb8bf7af3283;results/tables/structural_replication.csv=097ade6b588095040a4e2b256e08267cdb58a4b5449d0ea0fb0b3a61c41e7a99;results/tables/table_1_datasets.csv=2350171374246e065b4472c1e4d280355a7d28c0ed03c289a5c5cfe72ad56d70;results/tables/table_2_model_assumptions.csv=540276a31769c9577ec95f8bc380442f3facfdf94b9a4f936f951640b16c49cc;results/tables/table_3_marginal_burden_summary.csv=3a8c4a3744aa99dc134cba33a3974428334b64f1f6a4900e8e0eb8f52bc04dee;results/tables/table_4_allocation_comparison.csv=e771a32c44b5f3ee894e67217d65b717aab97a5ee759653dc2be245ab17e31d9;results/tables/table_5_safety_and_capacity.csv=ee2760324f4733e4d2954946c52fb7e1a6059625dd9f453c99ec921c2571bdec;results/tables/table_6_robustness_summary.csv=3dd3971f0d6dfb3d5a16e610e7c9187fcf81d76c4cc9405dfdbb4b972f1084b8,376bd6422bb25faccc3dd956b0f7223aeace29015f7dbcfc39bbff0d7bbe044d,2026-09-25T05:21:38+00:00
submission/figures/supplementary_figure_s2_finite_q_sensitivity.svg,entire generated artifact,48cc91496fb9f00946fac705bc3242dedcf89b0e99587e96b49c04f874d4beb5,scripts/build_submission.py,8607e5c5213f42cd35a117af220f6fc2df8914ff502e39aa38f847b0589e36f1,35ca1236f57a2b672f3b7f725be801fb59e043fe,make submission,python=3.10.12;platform=Linux-6.8.0-1061-aws-x86_64-with-glibc2.35;pip_freeze_sha256=b801e3f3cbd3d0d08d669bf129285247ca793ef0155741b942a8dc34bf46c824,provenance/reference_verification.csv=03f1a3decbbfc768a7ad9d405dca21026302853f464ac49f362ca69bb360cb68;results/canonical/finite_q_sensitivity.csv=56dcd9ae68e16c8939195e3a1d89274467192685b9aec8a84f86a240bde46c88;results/canonical/matched_event_allocations.csv=1721c3be6e249a678fcf4e5a6d42d1f85118ce7c0cb670ef17f0da5346ff4b78;results/canonical/natural_redistribution_summary.csv=9d32dd46ce6d41c9c417cfb990ab08a35b443306aaa5b82cae1933a2128b47b1;results/canonical/one_unit_allocations.csv=b6277c4652dd4601e1a8ddd959f38621eef393d3216010f9a1ff87ce18f806cd;results/canonical/safety_ablation.csv=7f822eaa7c10e0fe9bbe8ce09a3bca12bc4de4aad82fae5d6d8c6e9db5f9744a;results/canonical/seasonal_day_night_summary.csv=7418ebe2c0b6020d94bc5bba9bfd76af79c123211bdbf75761a24e24b148208d;results/canonical/source_hotspot_robustness.csv=e1c561bee217c38f9db1984230e3565d62d2c3100be950379ed4435c9dca0d16;results/diagnostics/extended_analysis_validation.csv=c8a8e44d082ddbbbe24f6f1b86d8c57eb18f7f375238064b9dee4c19b69272a9;results/diagnostics/global_analysis_validation.csv=2feaa356dc49914f35414c79440b2e9705892424bab5f95cbe64bc3ce160f899;results/diagnostics/surface_radiation_context.csv=89d5f204adc15d491af32aa71dd7ef3593ec117ab4141c28fd09daa624d533bf;results/diagnostics/synthetic_validation.csv=f0b31ea29a4b29fa04a9fcbcfe104176fbda9d53f9428a5eeda2bd6a4d19ad78;results/diagnostics/wind_trajectory_7d.csv=2c9215b3ac59a0119730c029ea0b1bb45397b9210a5c41a5d31acff89094ac07;results/figures/figure_1_framework.png=fcc38e922f65af6e246497252171e5b316d130da107f81b2a1d02561f5fadc27;results/figures/figure_1_framework.svg=fbefd7d896b696aad3021196699c6c14553afe555a110f697eddb5b9acd2f5f0;results/figures/figure_2_peak_marginal_burden_map.png=71014d62aa8de80f0cc518bbb93b3130cd48bb9627797e7dbf3237be7dc64a04;results/figures/figure_2_peak_marginal_burden_map.svg=fcec6a135290d6dd03980006c4b512f16a685b5fd2f64510ba223ffd6ef87725;results/figures/figure_3_seasonal_day_night.png=300ebac263bb8ed984ee89da85466e61cc7fa8a1f64ec775dec02d89ffbd9e80;results/figures/figure_3_seasonal_day_night.svg=588f112362524ed034fef2c8f1da290793095c06928da32f54e239e8f0a9797d;results/figures/figure_4_primary_spatial_transfer.png=4c12979fba004a7d34a75039d7b85513b3fe3f3acfc84e90a5536b6e674d63a8;results/figures/figure_4_primary_spatial_transfer.svg=109fec50354efc1b901ff842f756c79f5e05cbfa8aaf2c19a62c649791bab089;results/figures/figure_5_allocation_mode_comparison.png=199c6561664cd62f6f6f2a691590fb7f3a6fd24d397cfb0a1461c6de4769d567;results/figures/figure_5_allocation_mode_comparison.svg=3c80bcb53e766dd07ebc62a7960fc660d530e5b043497c66af78f444bea84215;results/figures/figure_6_safety_ablation.png=9b7d043e6fca9a13b9c337dc3579abc7461a4b88b4dd787bafcfb61139e8e65f;results/figures/figure_6_safety_ablation.svg=2f322daa6d01d05de0532a3d504fd1093435e05a129678c2998550888e9e224b;results/figures/figure_7_joint_penalty_sensitivity.png=b36f300a3628c56973eebdcaa1c347aba932c29f5e35ba287d9d041c9dedd79b;results/figures/figure_7_joint_penalty_sensitivity.svg=fdef0959724e2505317eb8ce4d5fa8d1c47019fa6672a9b9de89fc3d3ce6b972;results/figures/supplementary_figure_s1_source_hotspot_robustness.png=3f24d0f786a089c28c88d85cf2b82abb7f8f600722d9c1f83c6147b42cc6417d;results/figures/supplementary_figure_s1_source_hotspot_robustness.svg=f2a8aa2903471b494d6b8e83c0c10a28b83786d0a6121687ebbd0e0742ee933f;results/figures/supplementary_figure_s2_finite_q_sensitivity.png=376bd6422bb25faccc3dd956b0f7223aeace29015f7dbcfc39bbff0d7bbe044d;results/figures/supplementary_figure_s2_finite_q_sensitivity.svg=e581b8174e65c491288b6dd16859bc0200b3efbfe429731d95fe3934f978b759;results/figures/supplementary_figure_s3_wind_trajectory.png=8087b4dcb29232ba32e92fe2d8786bc130b29d60e9322a80cd66be14a6ce407b;results/figures/supplementary_figure_s3_wind_trajectory.svg=7f167fafead058dea1c61d19e9bfc768fda5ece901c117879dbdcb8bf7af3283;results/tables/structural_replication.csv=097ade6b588095040a4e2b256e08267cdb58a4b5449d0ea0fb0b3a61c41e7a99;results/tables/table_1_datasets.csv=2350171374246e065b4472c1e4d280355a7d28c0ed03c289a5c5cfe72ad56d70;results/tables/table_2_model_assumptions.csv=540276a31769c9577ec95f8bc380442f3facfdf94b9a4f936f951640b16c49cc;results/tables/table_3_marginal_burden_summary.csv=3a8c4a3744aa99dc134cba33a3974428334b64f1f6a4900e8e0eb8f52bc04dee;results/tables/table_4_allocation_comparison.csv=e771a32c44b5f3ee894e67217d65b717aab97a5ee759653dc2be245ab17e31d9;results/tables/table_5_safety_and_capacity.csv=ee2760324f4733e4d2954946c52fb7e1a6059625dd9f453c99ec921c2571bdec;results/tables/table_6_robustness_summary.csv=3dd3971f0d6dfb3d5a16e610e7c9187fcf81d76c4cc9405dfdbb4b972f1084b8,e581b8174e65c491288b6dd16859bc0200b3efbfe429731d95fe3934f978b759,2026-09-25T05:21:38+00:00
submission/figures/supplementary_figure_s3_wind_trajectory.png,entire generated artifact,48cc91496fb9f00946fac705bc3242dedcf89b0e99587e96b49c04f874d4beb5,scripts/build_submission.py,8607e5c5213f42cd35a117af220f6fc2df8914ff502e39aa38f847b0589e36f1,35ca1236f57a2b672f3b7f725be801fb59e043fe,make submission,python=3.10.12;platform=Linux-6.8.0-1061-aws-x86_64-with-glibc2.35;pip_freeze_sha256=b801e3f3cbd3d0d08d669bf129285247ca793ef0155741b942a8dc34bf46c824,provenance/reference_verification.csv=03f1a3decbbfc768a7ad9d405dca21026302853f464ac49f362ca69bb360cb68;results/canonical/finite_q_sensitivity.csv=56dcd9ae68e16c8939195e3a1d89274467192685b9aec8a84f86a240bde46c88;results/canonical/matched_event_allocations.csv=1721c3be6e249a678fcf4e5a6d42d1f85118ce7c0cb670ef17f0da5346ff4b78;results/canonical/natural_redistribution_summary.csv=9d32dd46ce6d41c9c417cfb990ab08a35b443306aaa5b82cae1933a2128b47b1;results/canonical/one_unit_allocations.csv=b6277c4652dd4601e1a8ddd959f38621eef393d3216010f9a1ff87ce18f806cd;results/canonical/safety_ablation.csv=7f822eaa7c10e0fe9bbe8ce09a3bca12bc4de4aad82fae5d6d8c6e9db5f9744a;results/canonical/seasonal_day_night_summary.csv=7418ebe2c0b6020d94bc5bba9bfd76af79c123211bdbf75761a24e24b148208d;results/canonical/source_hotspot_robustness.csv=e1c561bee217c38f9db1984230e3565d62d2c3100be950379ed4435c9dca0d16;results/diagnostics/extended_analysis_validation.csv=c8a8e44d082ddbbbe24f6f1b86d8c57eb18f7f375238064b9dee4c19b69272a9;results/diagnostics/global_analysis_validation.csv=2feaa356dc49914f35414c79440b2e9705892424bab5f95cbe64bc3ce160f899;results/diagnostics/surface_radiation_context.csv=89d5f204adc15d491af32aa71dd7ef3593ec117ab4141c28fd09daa624d533bf;results/diagnostics/synthetic_validation.csv=f0b31ea29a4b29fa04a9fcbcfe104176fbda9d53f9428a5eeda2bd6a4d19ad78;results/diagnostics/wind_trajectory_7d.csv=2c9215b3ac59a0119730c029ea0b1bb45397b9210a5c41a5d31acff89094ac07;results/figures/figure_1_framework.png=fcc38e922f65af6e246497252171e5b316d130da107f81b2a1d02561f5fadc27;results/figures/figure_1_framework.svg=fbefd7d896b696aad3021196699c6c14553afe555a110f697eddb5b9acd2f5f0;results/figures/figure_2_peak_marginal_burden_map.png=71014d62aa8de80f0cc518bbb93b3130cd48bb9627797e7dbf3237be7dc64a04;results/figures/figure_2_peak_marginal_burden_map.svg=fcec6a135290d6dd03980006c4b512f16a685b5fd2f64510ba223ffd6ef87725;results/figures/figure_3_seasonal_day_night.png=300ebac263bb8ed984ee89da85466e61cc7fa8a1f64ec775dec02d89ffbd9e80;results/figures/figure_3_seasonal_day_night.svg=588f112362524ed034fef2c8f1da290793095c06928da32f54e239e8f0a9797d;results/figures/figure_4_primary_spatial_transfer.png=4c12979fba004a7d34a75039d7b85513b3fe3f3acfc84e90a5536b6e674d63a8;results/figures/figure_4_primary_spatial_transfer.svg=109fec50354efc1b901ff842f756c79f5e05cbfa8aaf2c19a62c649791bab089;results/figures/figure_5_allocation_mode_comparison.png=199c6561664cd62f6f6f2a691590fb7f3a6fd24d397cfb0a1461c6de4769d567;results/figures/figure_5_allocation_mode_comparison.svg=3c80bcb53e766dd07ebc62a7960fc660d530e5b043497c66af78f444bea84215;results/figures/figure_6_safety_ablation.png=9b7d043e6fca9a13b9c337dc3579abc7461a4b88b4dd787bafcfb61139e8e65f;results/figures/figure_6_safety_ablation.svg=2f322daa6d01d05de0532a3d504fd1093435e05a129678c2998550888e9e224b;results/figures/figure_7_joint_penalty_sensitivity.png=b36f300a3628c56973eebdcaa1c347aba932c29f5e35ba287d9d041c9dedd79b;results/figures/figure_7_joint_penalty_sensitivity.svg=fdef0959724e2505317eb8ce4d5fa8d1c47019fa6672a9b9de89fc3d3ce6b972;results/figures/supplementary_figure_s1_source_hotspot_robustness.png=3f24d0f786a089c28c88d85cf2b82abb7f8f600722d9c1f83c6147b42cc6417d;results/figures/supplementary_figure_s1_source_hotspot_robustness.svg=f2a8aa2903471b494d6b8e83c0c10a28b83786d0a6121687ebbd0e0742ee933f;results/figures/supplementary_figure_s2_finite_q_sensitivity.png=376bd6422bb25faccc3dd956b0f7223aeace29015f7dbcfc39bbff0d7bbe044d;results/figures/supplementary_figure_s2_finite_q_sensitivity.svg=e581b8174e65c491288b6dd16859bc0200b3efbfe429731d95fe3934f978b759;results/figures/supplementary_figure_s3_wind_trajectory.png=8087b4dcb29232ba32e92fe2d8786bc130b29d60e9322a80cd66be14a6ce407b;results/figures/supplementary_figure_s3_wind_trajectory.svg=7f167fafead058dea1c61d19e9bfc768fda5ece901c117879dbdcb8bf7af3283;results/tables/structural_replication.csv=097ade6b588095040a4e2b256e08267cdb58a4b5449d0ea0fb0b3a61c41e7a99;results/tables/table_1_datasets.csv=2350171374246e065b4472c1e4d280355a7d28c0ed03c289a5c5cfe72ad56d70;results/tables/table_2_model_assumptions.csv=540276a31769c9577ec95f8bc380442f3facfdf94b9a4f936f951640b16c49cc;results/tables/table_3_marginal_burden_summary.csv=3a8c4a3744aa99dc134cba33a3974428334b64f1f6a4900e8e0eb8f52bc04dee;results/tables/table_4_allocation_comparison.csv=e771a32c44b5f3ee894e67217d65b717aab97a5ee759653dc2be245ab17e31d9;results/tables/table_5_safety_and_capacity.csv=ee2760324f4733e4d2954946c52fb7e1a6059625dd9f453c99ec921c2571bdec;results/tables/table_6_robustness_summary.csv=3dd3971f0d6dfb3d5a16e610e7c9187fcf81d76c4cc9405dfdbb4b972f1084b8,8087b4dcb29232ba32e92fe2d8786bc130b29d60e9322a80cd66be14a6ce407b,2026-09-25T05:21:38+00:00
submission/figures/supplementary_figure_s3_wind_trajectory.svg,entire generated artifact,48cc91496fb9f00946fac705bc3242dedcf89b0e99587e96b49c04f874d4beb5,scripts/build_submission.py,8607e5c5213f42cd35a117af220f6fc2df8914ff502e39aa38f847b0589e36f1,35ca1236f57a2b672f3b7f725be801fb59e043fe,make submission,python=3.10.12;platform=Linux-6.8.0-1061-aws-x86_64-with-glibc2.35;pip_freeze_sha256=b801e3f3cbd3d0d08d669bf129285247ca793ef0155741b942a8dc34bf46c824,provenance/reference_verification.csv=03f1a3decbbfc768a7ad9d405dca21026302853f464ac49f362ca69bb360cb68;results/canonical/finite_q_sensitivity.csv=56dcd9ae68e16c8939195e3a1d89274467192685b9aec8a84f86a240bde46c88;results/canonical/matched_event_allocations.csv=1721c3be6e249a678fcf4e5a6d42d1f85118ce7c0cb670ef17f0da5346ff4b78;results/canonical/natural_redistribution_summary.csv=9d32dd46ce6d41c9c417cfb990ab08a35b443306aaa5b82cae1933a2128b47b1;results/canonical/one_unit_allocations.csv=b6277c4652dd4601e1a8ddd959f38621eef393d3216010f9a1ff87ce18f806cd;results/canonical/safety_ablation.csv=7f822eaa7c10e0fe9bbe8ce09a3bca12bc4de4aad82fae5d6d8c6e9db5f9744a;results/canonical/seasonal_day_night_summary.csv=7418ebe2c0b6020d94bc5bba9bfd76af79c123211bdbf75761a24e24b148208d;results/canonical/source_hotspot_robustness.csv=e1c561bee217c38f9db1984230e3565d62d2c3100be950379ed4435c9dca0d16;results/diagnostics/extended_analysis_validation.csv=c8a8e44d082ddbbbe24f6f1b86d8c57eb18f7f375238064b9dee4c19b69272a9;results/diagnostics/global_analysis_validation.csv=2feaa356dc49914f35414c79440b2e9705892424bab5f95cbe64bc3ce160f899;results/diagnostics/surface_radiation_context.csv=89d5f204adc15d491af32aa71dd7ef3593ec117ab4141c28fd09daa624d533bf;results/diagnostics/synthetic_validation.csv=f0b31ea29a4b29fa04a9fcbcfe104176fbda9d53f9428a5eeda2bd6a4d19ad78;results/diagnostics/wind_trajectory_7d.csv=2c9215b3ac59a0119730c029ea0b1bb45397b9210a5c41a5d31acff89094ac07;results/figures/figure_1_framework.png=fcc38e922f65af6e246497252171e5b316d130da107f81b2a1d02561f5fadc27;results/figures/figure_1_framework.svg=fbefd7d896b696aad3021196699c6c14553afe555a110f697eddb5b9acd2f5f0;results/figures/figure_2_peak_marginal_burden_map.png=71014d62aa8de80f0cc518bbb93b3130cd48bb9627797e7dbf3237be7dc64a04;results/figures/figure_2_peak_marginal_burden_map.svg=fcec6a135290d6dd03980006c4b512f16a685b5fd2f64510ba223ffd6ef87725;results/figures/figure_3_seasonal_day_night.png=300ebac263bb8ed984ee89da85466e61cc7fa8a1f64ec775dec02d89ffbd9e80;results/figures/figure_3_seasonal_day_night.svg=588f112362524ed034fef2c8f1da290793095c06928da32f54e239e8f0a9797d;results/figures/figure_4_primary_spatial_transfer.png=4c12979fba004a7d34a75039d7b85513b3fe3f3acfc84e90a5536b6e674d63a8;results/figures/figure_4_primary_spatial_transfer.svg=109fec50354efc1b901ff842f756c79f5e05cbfa8aaf2c19a62c649791bab089;results/figures/figure_5_allocation_mode_comparison.png=199c6561664cd62f6f6f2a691590fb7f3a6fd24d397cfb0a1461c6de4769d567;results/figures/figure_5_allocation_mode_comparison.svg=3c80bcb53e766dd07ebc62a7960fc660d530e5b043497c66af78f444bea84215;results/figures/figure_6_safety_ablation.png=9b7d043e6fca9a13b9c337dc3579abc7461a4b88b4dd787bafcfb61139e8e65f;results/figures/figure_6_safety_ablation.svg=2f322daa6d01d05de0532a3d504fd1093435e05a129678c2998550888e9e224b;results/figures/figure_7_joint_penalty_sensitivity.png=b36f300a3628c56973eebdcaa1c347aba932c29f5e35ba287d9d041c9dedd79b;results/figures/figure_7_joint_penalty_sensitivity.svg=fdef0959724e2505317eb8ce4d5fa8d1c47019fa6672a9b9de89fc3d3ce6b972;results/figures/supplementary_figure_s1_source_hotspot_robustness.png=3f24d0f786a089c28c88d85cf2b82abb7f8f600722d9c1f83c6147b42cc6417d;results/figures/supplementary_figure_s1_source_hotspot_robustness.svg=f2a8aa2903471b494d6b8e83c0c10a28b83786d0a6121687ebbd0e0742ee933f;results/figures/supplementary_figure_s2_finite_q_sensitivity.png=376bd6422bb25faccc3dd956b0f7223aeace29015f7dbcfc39bbff0d7bbe044d;results/figures/supplementary_figure_s2_finite_q_sensitivity.svg=e581b8174e65c491288b6dd16859bc0200b3efbfe429731d95fe3934f978b759;results/figures/supplementary_figure_s3_wind_trajectory.png=8087b4dcb29232ba32e92fe2d8786bc130b29d60e9322a80cd66be14a6ce407b;results/figures/supplementary_figure_s3_wind_trajectory.svg=7f167fafead058dea1c61d19e9bfc768fda5ece901c117879dbdcb8bf7af3283;results/tables/structural_replication.csv=097ade6b588095040a4e2b256e08267cdb58a4b5449d0ea0fb0b3a61c41e7a99;results/tables/table_1_datasets.csv=2350171374246e065b4472c1e4d280355a7d28c0ed03c289a5c5cfe72ad56d70;results/tables/table_2_model_assumptions.csv=540276a31769c9577ec95f8bc380442f3facfdf94b9a4f936f951640b16c49cc;results/tables/table_3_marginal_burden_summary.csv=3a8c4a3744aa99dc134cba33a3974428334b64f1f6a4900e8e0eb8f52bc04dee;results/tables/table_4_allocation_comparison.csv=e771a32c44b5f3ee894e67217d65b717aab97a5ee759653dc2be245ab17e31d9;results/tables/table_5_safety_and_capacity.csv=ee2760324f4733e4d2954946c52fb7e1a6059625dd9f453c99ec921c2571bdec;results/tables/table_6_robustness_summary.csv=3dd3971f0d6dfb3d5a16e610e7c9187fcf81d76c4cc9405dfdbb4b972f1084b8,7f167fafead058dea1c61d19e9bfc768fda5ece901c117879dbdcb8bf7af3283,2026-09-25T05:21:38+00:00
submission/figures_tables_editable.pptx,entire generated artifact,48cc91496fb9f00946fac705bc3242dedcf89b0e99587e96b49c04f874d4beb5,scripts/build_submission.py,8607e5c5213f42cd35a117af220f6fc2df8914ff502e39aa38f847b0589e36f1,35ca1236f57a2b672f3b7f725be801fb59e043fe,make submission,python=3.10.12;platform=Linux-6.8.0-1061-aws-x86_64-with-glibc2.35;pip_freeze_sha256=b801e3f3cbd3d0d08d669bf129285247ca793ef0155741b942a8dc34bf46c824,provenance/reference_verification.csv=03f1a3decbbfc768a7ad9d405dca21026302853f464ac49f362ca69bb360cb68;results/canonical/finite_q_sensitivity.csv=56dcd9ae68e16c8939195e3a1d89274467192685b9aec8a84f86a240bde46c88;results/canonical/matched_event_allocations.csv=1721c3be6e249a678fcf4e5a6d42d1f85118ce7c0cb670ef17f0da5346ff4b78;results/canonical/natural_redistribution_summary.csv=9d32dd46ce6d41c9c417cfb990ab08a35b443306aaa5b82cae1933a2128b47b1;results/canonical/one_unit_allocations.csv=b6277c4652dd4601e1a8ddd959f38621eef393d3216010f9a1ff87ce18f806cd;results/canonical/safety_ablation.csv=7f822eaa7c10e0fe9bbe8ce09a3bca12bc4de4aad82fae5d6d8c6e9db5f9744a;results/canonical/seasonal_day_night_summary.csv=7418ebe2c0b6020d94bc5bba9bfd76af79c123211bdbf75761a24e24b148208d;results/canonical/source_hotspot_robustness.csv=e1c561bee217c38f9db1984230e3565d62d2c3100be950379ed4435c9dca0d16;results/diagnostics/extended_analysis_validation.csv=c8a8e44d082ddbbbe24f6f1b86d8c57eb18f7f375238064b9dee4c19b69272a9;results/diagnostics/global_analysis_validation.csv=2feaa356dc49914f35414c79440b2e9705892424bab5f95cbe64bc3ce160f899;results/diagnostics/surface_radiation_context.csv=89d5f204adc15d491af32aa71dd7ef3593ec117ab4141c28fd09daa624d533bf;results/diagnostics/synthetic_validation.csv=f0b31ea29a4b29fa04a9fcbcfe104176fbda9d53f9428a5eeda2bd6a4d19ad78;results/diagnostics/wind_trajectory_7d.csv=2c9215b3ac59a0119730c029ea0b1bb45397b9210a5c41a5d31acff89094ac07;results/figures/figure_1_framework.png=fcc38e922f65af6e246497252171e5b316d130da107f81b2a1d02561f5fadc27;results/figures/figure_1_framework.svg=fbefd7d896b696aad3021196699c6c14553afe555a110f697eddb5b9acd2f5f0;results/figures/figure_2_peak_marginal_burden_map.png=71014d62aa8de80f0cc518bbb93b3130cd48bb9627797e7dbf3237be7dc64a04;results/figures/figure_2_peak_marginal_burden_map.svg=fcec6a135290d6dd03980006c4b512f16a685b5fd2f64510ba223ffd6ef87725;results/figures/figure_3_seasonal_day_night.png=300ebac263bb8ed984ee89da85466e61cc7fa8a1f64ec775dec02d89ffbd9e80;results/figures/figure_3_seasonal_day_night.svg=588f112362524ed034fef2c8f1da290793095c06928da32f54e239e8f0a9797d;results/figures/figure_4_primary_spatial_transfer.png=4c12979fba004a7d34a75039d7b85513b3fe3f3acfc84e90a5536b6e674d63a8;results/figures/figure_4_primary_spatial_transfer.svg=109fec50354efc1b901ff842f756c79f5e05cbfa8aaf2c19a62c649791bab089;results/figures/figure_5_allocation_mode_comparison.png=199c6561664cd62f6f6f2a691590fb7f3a6fd24d397cfb0a1461c6de4769d567;results/figures/figure_5_allocation_mode_comparison.svg=3c80bcb53e766dd07ebc62a7960fc660d530e5b043497c66af78f444bea84215;results/figures/figure_6_safety_ablation.png=9b7d043e6fca9a13b9c337dc3579abc7461a4b88b4dd787bafcfb61139e8e65f;results/figures/figure_6_safety_ablation.svg=2f322daa6d01d05de0532a3d504fd1093435e05a129678c2998550888e9e224b;results/figures/figure_7_joint_penalty_sensitivity.png=b36f300a3628c56973eebdcaa1c347aba932c29f5e35ba287d9d041c9dedd79b;results/figures/figure_7_joint_penalty_sensitivity.svg=fdef0959724e2505317eb8ce4d5fa8d1c47019fa6672a9b9de89fc3d3ce6b972;results/figures/supplementary_figure_s1_source_hotspot_robustness.png=3f24d0f786a089c28c88d85cf2b82abb7f8f600722d9c1f83c6147b42cc6417d;results/figures/supplementary_figure_s1_source_hotspot_robustness.svg=f2a8aa2903471b494d6b8e83c0c10a28b83786d0a6121687ebbd0e0742ee933f;results/figures/supplementary_figure_s2_finite_q_sensitivity.png=376bd6422bb25faccc3dd956b0f7223aeace29015f7dbcfc39bbff0d7bbe044d;results/figures/supplementary_figure_s2_finite_q_sensitivity.svg=e581b8174e65c491288b6dd16859bc0200b3efbfe429731d95fe3934f978b759;results/figures/supplementary_figure_s3_wind_trajectory.png=8087b4dcb29232ba32e92fe2d8786bc130b29d60e9322a80cd66be14a6ce407b;results/figures/supplementary_figure_s3_wind_trajectory.svg=7f167fafead058dea1c61d19e9bfc768fda5ece901c117879dbdcb8bf7af3283;results/tables/structural_replication.csv=097ade6b588095040a4e2b256e08267cdb58a4b5449d0ea0fb0b3a61c41e7a99;results/tables/table_1_datasets.csv=2350171374246e065b4472c1e4d280355a7d28c0ed03c289a5c5cfe72ad56d70;results/tables/table_2_model_assumptions.csv=540276a31769c9577ec95f8bc380442f3facfdf94b9a4f936f951640b16c49cc;results/tables/table_3_marginal_burden_summary.csv=3a8c4a3744aa99dc134cba33a3974428334b64f1f6a4900e8e0eb8f52bc04dee;results/tables/table_4_allocation_comparison.csv=e771a32c44b5f3ee894e67217d65b717aab97a5ee759653dc2be245ab17e31d9;results/tables/table_5_safety_and_capacity.csv=ee2760324f4733e4d2954946c52fb7e1a6059625dd9f453c99ec921c2571bdec;results/tables/table_6_robustness_summary.csv=3dd3971f0d6dfb3d5a16e610e7c9187fcf81d76c4cc9405dfdbb4b972f1084b8,2d493a2408086f1095b41080fae4d87b339ada14e742a10dfb7b1e2c05909a6f,2026-09-25T05:21:38+00:00
submission/graphical_abstract.png,entire generated artifact,48cc91496fb9f00946fac705bc3242dedcf89b0e99587e96b49c04f874d4beb5,scripts/build_submission.py,8607e5c5213f42cd35a117af220f6fc2df8914ff502e39aa38f847b0589e36f1,35ca1236f57a2b672f3b7f725be801fb59e043fe,make submission,python=3.10.12;platform=Linux-6.8.0-1061-aws-x86_64-with-glibc2.35;pip_freeze_sha256=b801e3f3cbd3d0d08d669bf129285247ca793ef0155741b942a8dc34bf46c824,provenance/reference_verification.csv=03f1a3decbbfc768a7ad9d405dca21026302853f464ac49f362ca69bb360cb68;results/canonical/finite_q_sensitivity.csv=56dcd9ae68e16c8939195e3a1d89274467192685b9aec8a84f86a240bde46c88;results/canonical/matched_event_allocations.csv=1721c3be6e249a678fcf4e5a6d42d1f85118ce7c0cb670ef17f0da5346ff4b78;results/canonical/natural_redistribution_summary.csv=9d32dd46ce6d41c9c417cfb990ab08a35b443306aaa5b82cae1933a2128b47b1;results/canonical/one_unit_allocations.csv=b6277c4652dd4601e1a8ddd959f38621eef393d3216010f9a1ff87ce18f806cd;results/canonical/safety_ablation.csv=7f822eaa7c10e0fe9bbe8ce09a3bca12bc4de4aad82fae5d6d8c6e9db5f9744a;results/canonical/seasonal_day_night_summary.csv=7418ebe2c0b6020d94bc5bba9bfd76af79c123211bdbf75761a24e24b148208d;results/canonical/source_hotspot_robustness.csv=e1c561bee217c38f9db1984230e3565d62d2c3100be950379ed4435c9dca0d16;results/diagnostics/extended_analysis_validation.csv=c8a8e44d082ddbbbe24f6f1b86d8c57eb18f7f375238064b9dee4c19b69272a9;results/diagnostics/global_analysis_validation.csv=2feaa356dc49914f35414c79440b2e9705892424bab5f95cbe64bc3ce160f899;results/diagnostics/surface_radiation_context.csv=89d5f204adc15d491af32aa71dd7ef3593ec117ab4141c28fd09daa624d533bf;results/diagnostics/synthetic_validation.csv=f0b31ea29a4b29fa04a9fcbcfe104176fbda9d53f9428a5eeda2bd6a4d19ad78;results/diagnostics/wind_trajectory_7d.csv=2c9215b3ac59a0119730c029ea0b1bb45397b9210a5c41a5d31acff89094ac07;results/figures/figure_1_framework.png=fcc38e922f65af6e246497252171e5b316d130da107f81b2a1d02561f5fadc27;results/figures/figure_1_framework.svg=fbefd7d896b696aad3021196699c6c14553afe555a110f697eddb5b9acd2f5f0;results/figures/figure_2_peak_marginal_burden_map.png=71014d62aa8de80f0cc518bbb93b3130cd48bb9627797e7dbf3237be7dc64a04;results/figures/figure_2_peak_marginal_burden_map.svg=fcec6a135290d6dd03980006c4b512f16a685b5fd2f64510ba223ffd6ef87725;results/figures/figure_3_seasonal_day_night.png=300ebac263bb8ed984ee89da85466e61cc7fa8a1f64ec775dec02d89ffbd9e80;results/figures/figure_3_seasonal_day_night.svg=588f112362524ed034fef2c8f1da290793095c06928da32f54e239e8f0a9797d;results/figures/figure_4_primary_spatial_transfer.png=4c12979fba004a7d34a75039d7b85513b3fe3f3acfc84e90a5536b6e674d63a8;results/figures/figure_4_primary_spatial_transfer.svg=109fec50354efc1b901ff842f756c79f5e05cbfa8aaf2c19a62c649791bab089;results/figures/figure_5_allocation_mode_comparison.png=199c6561664cd62f6f6f2a691590fb7f3a6fd24d397cfb0a1461c6de4769d567;results/figures/figure_5_allocation_mode_comparison.svg=3c80bcb53e766dd07ebc62a7960fc660d530e5b043497c66af78f444bea84215;results/figures/figure_6_safety_ablation.png=9b7d043e6fca9a13b9c337dc3579abc7461a4b88b4dd787bafcfb61139e8e65f;results/figures/figure_6_safety_ablation.svg=2f322daa6d01d05de0532a3d504fd1093435e05a129678c2998550888e9e224b;results/figures/figure_7_joint_penalty_sensitivity.png=b36f300a3628c56973eebdcaa1c347aba932c29f5e35ba287d9d041c9dedd79b;results/figures/figure_7_joint_penalty_sensitivity.svg=fdef0959724e2505317eb8ce4d5fa8d1c47019fa6672a9b9de89fc3d3ce6b972;results/figures/supplementary_figure_s1_source_hotspot_robustness.png=3f24d0f786a089c28c88d85cf2b82abb7f8f600722d9c1f83c6147b42cc6417d;results/figures/supplementary_figure_s1_source_hotspot_robustness.svg=f2a8aa2903471b494d6b8e83c0c10a28b83786d0a6121687ebbd0e0742ee933f;results/figures/supplementary_figure_s2_finite_q_sensitivity.png=376bd6422bb25faccc3dd956b0f7223aeace29015f7dbcfc39bbff0d7bbe044d;results/figures/supplementary_figure_s2_finite_q_sensitivity.svg=e581b8174e65c491288b6dd16859bc0200b3efbfe429731d95fe3934f978b759;results/figures/supplementary_figure_s3_wind_trajectory.png=8087b4dcb29232ba32e92fe2d8786bc130b29d60e9322a80cd66be14a6ce407b;results/figures/supplementary_figure_s3_wind_trajectory.svg=7f167fafead058dea1c61d19e9bfc768fda5ece901c117879dbdcb8bf7af3283;results/tables/structural_replication.csv=097ade6b588095040a4e2b256e08267cdb58a4b5449d0ea0fb0b3a61c41e7a99;results/tables/table_1_datasets.csv=2350171374246e065b4472c1e4d280355a7d28c0ed03c289a5c5cfe72ad56d70;results/tables/table_2_model_assumptions.csv=540276a31769c9577ec95f8bc380442f3facfdf94b9a4f936f951640b16c49cc;results/tables/table_3_marginal_burden_summary.csv=3a8c4a3744aa99dc134cba33a3974428334b64f1f6a4900e8e0eb8f52bc04dee;results/tables/table_4_allocation_comparison.csv=e771a32c44b5f3ee894e67217d65b717aab97a5ee759653dc2be245ab17e31d9;results/tables/table_5_safety_and_capacity.csv=ee2760324f4733e4d2954946c52fb7e1a6059625dd9f453c99ec921c2571bdec;results/tables/table_6_robustness_summary.csv=3dd3971f0d6dfb3d5a16e610e7c9187fcf81d76c4cc9405dfdbb4b972f1084b8,846aad4c07c9ca4b56b325c1c8bcc13bcd3ad7e44355bb7e9ffa1e5719576315,2026-09-25T05:21:38+00:00
submission/graphical_abstract_editable.pptx,entire generated artifact,48cc91496fb9f00946fac705bc3242dedcf89b0e99587e96b49c04f874d4beb5,scripts/build_submission.py,8607e5c5213f42cd35a117af220f6fc2df8914ff502e39aa38f847b0589e36f1,35ca1236f57a2b672f3b7f725be801fb59e043fe,make submission,python=3.10.12;platform=Linux-6.8.0-1061-aws-x86_64-with-glibc2.35;pip_freeze_sha256=b801e3f3cbd3d0d08d669bf129285247ca793ef0155741b942a8dc34bf46c824,provenance/reference_verification.csv=03f1a3decbbfc768a7ad9d405dca21026302853f464ac49f362ca69bb360cb68;results/canonical/finite_q_sensitivity.csv=56dcd9ae68e16c8939195e3a1d89274467192685b9aec8a84f86a240bde46c88;results/canonical/matched_event_allocations.csv=1721c3be6e249a678fcf4e5a6d42d1f85118ce7c0cb670ef17f0da5346ff4b78;results/canonical/natural_redistribution_summary.csv=9d32dd46ce6d41c9c417cfb990ab08a35b443306aaa5b82cae1933a2128b47b1;results/canonical/one_unit_allocations.csv=b6277c4652dd4601e1a8ddd959f38621eef393d3216010f9a1ff87ce18f806cd;results/canonical/safety_ablation.csv=7f822eaa7c10e0fe9bbe8ce09a3bca12bc4de4aad82fae5d6d8c6e9db5f9744a;results/canonical/seasonal_day_night_summary.csv=7418ebe2c0b6020d94bc5bba9bfd76af79c123211bdbf75761a24e24b148208d;results/canonical/source_hotspot_robustness.csv=e1c561bee217c38f9db1984230e3565d62d2c3100be950379ed4435c9dca0d16;results/diagnostics/extended_analysis_validation.csv=c8a8e44d082ddbbbe24f6f1b86d8c57eb18f7f375238064b9dee4c19b69272a9;results/diagnostics/global_analysis_validation.csv=2feaa356dc49914f35414c79440b2e9705892424bab5f95cbe64bc3ce160f899;results/diagnostics/surface_radiation_context.csv=89d5f204adc15d491af32aa71dd7ef3593ec117ab4141c28fd09daa624d533bf;results/diagnostics/synthetic_validation.csv=f0b31ea29a4b29fa04a9fcbcfe104176fbda9d53f9428a5eeda2bd6a4d19ad78;results/diagnostics/wind_trajectory_7d.csv=2c9215b3ac59a0119730c029ea0b1bb45397b9210a5c41a5d31acff89094ac07;results/figures/figure_1_framework.png=fcc38e922f65af6e246497252171e5b316d130da107f81b2a1d02561f5fadc27;results/figures/figure_1_framework.svg=fbefd7d896b696aad3021196699c6c14553afe555a110f697eddb5b9acd2f5f0;results/figures/figure_2_peak_marginal_burden_map.png=71014d62aa8de80f0cc518bbb93b3130cd48bb9627797e7dbf3237be7dc64a04;results/figures/figure_2_peak_marginal_burden_map.svg=fcec6a135290d6dd03980006c4b512f16a685b5fd2f64510ba223ffd6ef87725;results/figures/figure_3_seasonal_day_night.png=300ebac263bb8ed984ee89da85466e61cc7fa8a1f64ec775dec02d89ffbd9e80;results/figures/figure_3_seasonal_day_night.svg=588f112362524ed034fef2c8f1da290793095c06928da32f54e239e8f0a9797d;results/figures/figure_4_primary_spatial_transfer.png=4c12979fba004a7d34a75039d7b85513b3fe3f3acfc84e90a5536b6e674d63a8;results/figures/figure_4_primary_spatial_transfer.svg=109fec50354efc1b901ff842f756c79f5e05cbfa8aaf2c19a62c649791bab089;results/figures/figure_5_allocation_mode_comparison.png=199c6561664cd62f6f6f2a691590fb7f3a6fd24d397cfb0a1461c6de4769d567;results/figures/figure_5_allocation_mode_comparison.svg=3c80bcb53e766dd07ebc62a7960fc660d530e5b043497c66af78f444bea84215;results/figures/figure_6_safety_ablation.png=9b7d043e6fca9a13b9c337dc3579abc7461a4b88b4dd787bafcfb61139e8e65f;results/figures/figure_6_safety_ablation.svg=2f322daa6d01d05de0532a3d504fd1093435e05a129678c2998550888e9e224b;results/figures/figure_7_joint_penalty_sensitivity.png=b36f300a3628c56973eebdcaa1c347aba932c29f5e35ba287d9d041c9dedd79b;results/figures/figure_7_joint_penalty_sensitivity.svg=fdef0959724e2505317eb8ce4d5fa8d1c47019fa6672a9b9de89fc3d3ce6b972;results/figures/supplementary_figure_s1_source_hotspot_robustness.png=3f24d0f786a089c28c88d85cf2b82abb7f8f600722d9c1f83c6147b42cc6417d;results/figures/supplementary_figure_s1_source_hotspot_robustness.svg=f2a8aa2903471b494d6b8e83c0c10a28b83786d0a6121687ebbd0e0742ee933f;results/figures/supplementary_figure_s2_finite_q_sensitivity.png=376bd6422bb25faccc3dd956b0f7223aeace29015f7dbcfc39bbff0d7bbe044d;results/figures/supplementary_figure_s2_finite_q_sensitivity.svg=e581b8174e65c491288b6dd16859bc0200b3efbfe429731d95fe3934f978b759;results/figures/supplementary_figure_s3_wind_trajectory.png=8087b4dcb29232ba32e92fe2d8786bc130b29d60e9322a80cd66be14a6ce407b;results/figures/supplementary_figure_s3_wind_trajectory.svg=7f167fafead058dea1c61d19e9bfc768fda5ece901c117879dbdcb8bf7af3283;results/tables/structural_replication.csv=097ade6b588095040a4e2b256e08267cdb58a4b5449d0ea0fb0b3a61c41e7a99;results/tables/table_1_datasets.csv=2350171374246e065b4472c1e4d280355a7d28c0ed03c289a5c5cfe72ad56d70;results/tables/table_2_model_assumptions.csv=540276a31769c9577ec95f8bc380442f3facfdf94b9a4f936f951640b16c49cc;results/tables/table_3_marginal_burden_summary.csv=3a8c4a3744aa99dc134cba33a3974428334b64f1f6a4900e8e0eb8f52bc04dee;results/tables/table_4_allocation_comparison.csv=e771a32c44b5f3ee894e67217d65b717aab97a5ee759653dc2be245ab17e31d9;results/tables/table_5_safety_and_capacity.csv=ee2760324f4733e4d2954946c52fb7e1a6059625dd9f453c99ec921c2571bdec;results/tables/table_6_robustness_summary.csv=3dd3971f0d6dfb3d5a16e610e7c9187fcf81d76c4cc9405dfdbb4b972f1084b8,425b0513b81cc04d24f7d94c4986110e7fe3c4fbb444ac35f87fbb6aa624b326,2026-09-25T05:21:38+00:00
submission/highlights.txt,entire generated artifact,48cc91496fb9f00946fac705bc3242dedcf89b0e99587e96b49c04f874d4beb5,scripts/build_submission.py,8607e5c5213f42cd35a117af220f6fc2df8914ff502e39aa38f847b0589e36f1,35ca1236f57a2b672f3b7f725be801fb59e043fe,make submission,python=3.10.12;platform=Linux-6.8.0-1061-aws-x86_64-with-glibc2.35;pip_freeze_sha256=b801e3f3cbd3d0d08d669bf129285247ca793ef0155741b942a8dc34bf46c824,provenance/reference_verification.csv=03f1a3decbbfc768a7ad9d405dca21026302853f464ac49f362ca69bb360cb68;results/canonical/finite_q_sensitivity.csv=56dcd9ae68e16c8939195e3a1d89274467192685b9aec8a84f86a240bde46c88;results/canonical/matched_event_allocations.csv=1721c3be6e249a678fcf4e5a6d42d1f85118ce7c0cb670ef17f0da5346ff4b78;results/canonical/natural_redistribution_summary.csv=9d32dd46ce6d41c9c417cfb990ab08a35b443306aaa5b82cae1933a2128b47b1;results/canonical/one_unit_allocations.csv=b6277c4652dd4601e1a8ddd959f38621eef393d3216010f9a1ff87ce18f806cd;results/canonical/safety_ablation.csv=7f822eaa7c10e0fe9bbe8ce09a3bca12bc4de4aad82fae5d6d8c6e9db5f9744a;results/canonical/seasonal_day_night_summary.csv=7418ebe2c0b6020d94bc5bba9bfd76af79c123211bdbf75761a24e24b148208d;results/canonical/source_hotspot_robustness.csv=e1c561bee217c38f9db1984230e3565d62d2c3100be950379ed4435c9dca0d16;results/diagnostics/extended_analysis_validation.csv=c8a8e44d082ddbbbe24f6f1b86d8c57eb18f7f375238064b9dee4c19b69272a9;results/diagnostics/global_analysis_validation.csv=2feaa356dc49914f35414c79440b2e9705892424bab5f95cbe64bc3ce160f899;results/diagnostics/surface_radiation_context.csv=89d5f204adc15d491af32aa71dd7ef3593ec117ab4141c28fd09daa624d533bf;results/diagnostics/synthetic_validation.csv=f0b31ea29a4b29fa04a9fcbcfe104176fbda9d53f9428a5eeda2bd6a4d19ad78;results/diagnostics/wind_trajectory_7d.csv=2c9215b3ac59a0119730c029ea0b1bb45397b9210a5c41a5d31acff89094ac07;results/figures/figure_1_framework.png=fcc38e922f65af6e246497252171e5b316d130da107f81b2a1d02561f5fadc27;results/figures/figure_1_framework.svg=fbefd7d896b696aad3021196699c6c14553afe555a110f697eddb5b9acd2f5f0;results/figures/figure_2_peak_marginal_burden_map.png=71014d62aa8de80f0cc518bbb93b3130cd48bb9627797e7dbf3237be7dc64a04;results/figures/figure_2_peak_marginal_burden_map.svg=fcec6a135290d6dd03980006c4b512f16a685b5fd2f64510ba223ffd6ef87725;results/figures/figure_3_seasonal_day_night.png=300ebac263bb8ed984ee89da85466e61cc7fa8a1f64ec775dec02d89ffbd9e80;results/figures/figure_3_seasonal_day_night.svg=588f112362524ed034fef2c8f1da290793095c06928da32f54e239e8f0a9797d;results/figures/figure_4_primary_spatial_transfer.png=4c12979fba004a7d34a75039d7b85513b3fe3f3acfc84e90a5536b6e674d63a8;results/figures/figure_4_primary_spatial_transfer.svg=109fec50354efc1b901ff842f756c79f5e05cbfa8aaf2c19a62c649791bab089;results/figures/figure_5_allocation_mode_comparison.png=199c6561664cd62f6f6f2a691590fb7f3a6fd24d397cfb0a1461c6de4769d567;results/figures/figure_5_allocation_mode_comparison.svg=3c80bcb53e766dd07ebc62a7960fc660d530e5b043497c66af78f444bea84215;results/figures/figure_6_safety_ablation.png=9b7d043e6fca9a13b9c337dc3579abc7461a4b88b4dd787bafcfb61139e8e65f;results/figures/figure_6_safety_ablation.svg=2f322daa6d01d05de0532a3d504fd1093435e05a129678c2998550888e9e224b;results/figures/figure_7_joint_penalty_sensitivity.png=b36f300a3628c56973eebdcaa1c347aba932c29f5e35ba287d9d041c9dedd79b;results/figures/figure_7_joint_penalty_sensitivity.svg=fdef0959724e2505317eb8ce4d5fa8d1c47019fa6672a9b9de89fc3d3ce6b972;results/figures/supplementary_figure_s1_source_hotspot_robustness.png=3f24d0f786a089c28c88d85cf2b82abb7f8f600722d9c1f83c6147b42cc6417d;results/figures/supplementary_figure_s1_source_hotspot_robustness.svg=f2a8aa2903471b494d6b8e83c0c10a28b83786d0a6121687ebbd0e0742ee933f;results/figures/supplementary_figure_s2_finite_q_sensitivity.png=376bd6422bb25faccc3dd956b0f7223aeace29015f7dbcfc39bbff0d7bbe044d;results/figures/supplementary_figure_s2_finite_q_sensitivity.svg=e581b8174e65c491288b6dd16859bc0200b3efbfe429731d95fe3934f978b759;results/figures/supplementary_figure_s3_wind_trajectory.png=8087b4dcb29232ba32e92fe2d8786bc130b29d60e9322a80cd66be14a6ce407b;results/figures/supplementary_figure_s3_wind_trajectory.svg=7f167fafead058dea1c61d19e9bfc768fda5ece901c117879dbdcb8bf7af3283;results/tables/structural_replication.csv=097ade6b588095040a4e2b256e08267cdb58a4b5449d0ea0fb0b3a61c41e7a99;results/tables/table_1_datasets.csv=2350171374246e065b4472c1e4d280355a7d28c0ed03c289a5c5cfe72ad56d70;results/tables/table_2_model_assumptions.csv=540276a31769c9577ec95f8bc380442f3facfdf94b9a4f936f951640b16c49cc;results/tables/table_3_marginal_burden_summary.csv=3a8c4a3744aa99dc134cba33a3974428334b64f1f6a4900e8e0eb8f52bc04dee;results/tables/table_4_allocation_comparison.csv=e771a32c44b5f3ee894e67217d65b717aab97a5ee759653dc2be245ab17e31d9;results/tables/table_5_safety_and_capacity.csv=ee2760324f4733e4d2954946c52fb7e1a6059625dd9f453c99ec921c2571bdec;results/tables/table_6_robustness_summary.csv=3dd3971f0d6dfb3d5a16e610e7c9187fcf81d76c4cc9405dfdbb4b972f1084b8,6452844d3fabc76de9e9b7f8ace28a3233d7e953bae1d2f71c352bdd97b8a30b,2026-09-25T05:21:38+00:00
submission/manuscript_applied_energy.docx,entire generated artifact,48cc91496fb9f00946fac705bc3242dedcf89b0e99587e96b49c04f874d4beb5,scripts/build_submission.py,8607e5c5213f42cd35a117af220f6fc2df8914ff502e39aa38f847b0589e36f1,35ca1236f57a2b672f3b7f725be801fb59e043fe,make submission,python=3.10.12;platform=Linux-6.8.0-1061-aws-x86_64-with-glibc2.35;pip_freeze_sha256=b801e3f3cbd3d0d08d669bf129285247ca793ef0155741b942a8dc34bf46c824,provenance/reference_verification.csv=03f1a3decbbfc768a7ad9d405dca21026302853f464ac49f362ca69bb360cb68;results/canonical/finite_q_sensitivity.csv=56dcd9ae68e16c8939195e3a1d89274467192685b9aec8a84f86a240bde46c88;results/canonical/matched_event_allocations.csv=1721c3be6e249a678fcf4e5a6d42d1f85118ce7c0cb670ef17f0da5346ff4b78;results/canonical/natural_redistribution_summary.csv=9d32dd46ce6d41c9c417cfb990ab08a35b443306aaa5b82cae1933a2128b47b1;results/canonical/one_unit_allocations.csv=b6277c4652dd4601e1a8ddd959f38621eef393d3216010f9a1ff87ce18f806cd;results/canonical/safety_ablation.csv=7f822eaa7c10e0fe9bbe8ce09a3bca12bc4de4aad82fae5d6d8c6e9db5f9744a;results/canonical/seasonal_day_night_summary.csv=7418ebe2c0b6020d94bc5bba9bfd76af79c123211bdbf75761a24e24b148208d;results/canonical/source_hotspot_robustness.csv=e1c561bee217c38f9db1984230e3565d62d2c3100be950379ed4435c9dca0d16;results/diagnostics/extended_analysis_validation.csv=c8a8e44d082ddbbbe24f6f1b86d8c57eb18f7f375238064b9dee4c19b69272a9;results/diagnostics/global_analysis_validation.csv=2feaa356dc49914f35414c79440b2e9705892424bab5f95cbe64bc3ce160f899;results/diagnostics/surface_radiation_context.csv=89d5f204adc15d491af32aa71dd7ef3593ec117ab4141c28fd09daa624d533bf;results/diagnostics/synthetic_validation.csv=f0b31ea29a4b29fa04a9fcbcfe104176fbda9d53f9428a5eeda2bd6a4d19ad78;results/diagnostics/wind_trajectory_7d.csv=2c9215b3ac59a0119730c029ea0b1bb45397b9210a5c41a5d31acff89094ac07;results/figures/figure_1_framework.png=fcc38e922f65af6e246497252171e5b316d130da107f81b2a1d02561f5fadc27;results/figures/figure_1_framework.svg=fbefd7d896b696aad3021196699c6c14553afe555a110f697eddb5b9acd2f5f0;results/figures/figure_2_peak_marginal_burden_map.png=71014d62aa8de80f0cc518bbb93b3130cd48bb9627797e7dbf3237be7dc64a04;results/figures/figure_2_peak_marginal_burden_map.svg=fcec6a135290d6dd03980006c4b512f16a685b5fd2f64510ba223ffd6ef87725;results/figures/figure_3_seasonal_day_night.png=300ebac263bb8ed984ee89da85466e61cc7fa8a1f64ec775dec02d89ffbd9e80;results/figures/figure_3_seasonal_day_night.svg=588f112362524ed034fef2c8f1da290793095c06928da32f54e239e8f0a9797d;results/figures/figure_4_primary_spatial_transfer.png=4c12979fba004a7d34a75039d7b85513b3fe3f3acfc84e90a5536b6e674d63a8;results/figures/figure_4_primary_spatial_transfer.svg=109fec50354efc1b901ff842f756c79f5e05cbfa8aaf2c19a62c649791bab089;results/figures/figure_5_allocation_mode_comparison.png=199c6561664cd62f6f6f2a691590fb7f3a6fd24d397cfb0a1461c6de4769d567;results/figures/figure_5_allocation_mode_comparison.svg=3c80bcb53e766dd07ebc62a7960fc660d530e5b043497c66af78f444bea84215;results/figures/figure_6_safety_ablation.png=9b7d043e6fca9a13b9c337dc3579abc7461a4b88b4dd787bafcfb61139e8e65f;results/figures/figure_6_safety_ablation.svg=2f322daa6d01d05de0532a3d504fd1093435e05a129678c2998550888e9e224b;results/figures/figure_7_joint_penalty_sensitivity.png=b36f300a3628c56973eebdcaa1c347aba932c29f5e35ba287d9d041c9dedd79b;results/figures/figure_7_joint_penalty_sensitivity.svg=fdef0959724e2505317eb8ce4d5fa8d1c47019fa6672a9b9de89fc3d3ce6b972;results/figures/supplementary_figure_s1_source_hotspot_robustness.png=3f24d0f786a089c28c88d85cf2b82abb7f8f600722d9c1f83c6147b42cc6417d;results/figures/supplementary_figure_s1_source_hotspot_robustness.svg=f2a8aa2903471b494d6b8e83c0c10a28b83786d0a6121687ebbd0e0742ee933f;results/figures/supplementary_figure_s2_finite_q_sensitivity.png=376bd6422bb25faccc3dd956b0f7223aeace29015f7dbcfc39bbff0d7bbe044d;results/figures/supplementary_figure_s2_finite_q_sensitivity.svg=e581b8174e65c491288b6dd16859bc0200b3efbfe429731d95fe3934f978b759;results/figures/supplementary_figure_s3_wind_trajectory.png=8087b4dcb29232ba32e92fe2d8786bc130b29d60e9322a80cd66be14a6ce407b;results/figures/supplementary_figure_s3_wind_trajectory.svg=7f167fafead058dea1c61d19e9bfc768fda5ece901c117879dbdcb8bf7af3283;results/tables/structural_replication.csv=097ade6b588095040a4e2b256e08267cdb58a4b5449d0ea0fb0b3a61c41e7a99;results/tables/table_1_datasets.csv=2350171374246e065b4472c1e4d280355a7d28c0ed03c289a5c5cfe72ad56d70;results/tables/table_2_model_assumptions.csv=540276a31769c9577ec95f8bc380442f3facfdf94b9a4f936f951640b16c49cc;results/tables/table_3_marginal_burden_summary.csv=3a8c4a3744aa99dc134cba33a3974428334b64f1f6a4900e8e0eb8f52bc04dee;results/tables/table_4_allocation_comparison.csv=e771a32c44b5f3ee894e67217d65b717aab97a5ee759653dc2be245ab17e31d9;results/tables/table_5_safety_and_capacity.csv=ee2760324f4733e4d2954946c52fb7e1a6059625dd9f453c99ec921c2571bdec;results/tables/table_6_robustness_summary.csv=3dd3971f0d6dfb3d5a16e610e7c9187fcf81d76c4cc9405dfdbb4b972f1084b8,63023b0fc154a23ff0df39c413a065e639e121fb78501cf67f3926be55e3056f,2026-09-25T05:21:38+00:00
submission/manuscript_applied_energy_inline.docx,entire generated artifact,48cc91496fb9f00946fac705bc3242dedcf89b0e99587e96b49c04f874d4beb5,scripts/build_submission.py,8607e5c5213f42cd35a117af220f6fc2df8914ff502e39aa38f847b0589e36f1,35ca1236f57a2b672f3b7f725be801fb59e043fe,make submission,python=3.10.12;platform=Linux-6.8.0-1061-aws-x86_64-with-glibc2.35;pip_freeze_sha256=b801e3f3cbd3d0d08d669bf129285247ca793ef0155741b942a8dc34bf46c824,provenance/reference_verification.csv=03f1a3decbbfc768a7ad9d405dca21026302853f464ac49f362ca69bb360cb68;results/canonical/finite_q_sensitivity.csv=56dcd9ae68e16c8939195e3a1d89274467192685b9aec8a84f86a240bde46c88;results/canonical/matched_event_allocations.csv=1721c3be6e249a678fcf4e5a6d42d1f85118ce7c0cb670ef17f0da5346ff4b78;results/canonical/natural_redistribution_summary.csv=9d32dd46ce6d41c9c417cfb990ab08a35b443306aaa5b82cae1933a2128b47b1;results/canonical/one_unit_allocations.csv=b6277c4652dd4601e1a8ddd959f38621eef393d3216010f9a1ff87ce18f806cd;results/canonical/safety_ablation.csv=7f822eaa7c10e0fe9bbe8ce09a3bca12bc4de4aad82fae5d6d8c6e9db5f9744a;results/canonical/seasonal_day_night_summary.csv=7418ebe2c0b6020d94bc5bba9bfd76af79c123211bdbf75761a24e24b148208d;results/canonical/source_hotspot_robustness.csv=e1c561bee217c38f9db1984230e3565d62d2c3100be950379ed4435c9dca0d16;results/diagnostics/extended_analysis_validation.csv=c8a8e44d082ddbbbe24f6f1b86d8c57eb18f7f375238064b9dee4c19b69272a9;results/diagnostics/global_analysis_validation.csv=2feaa356dc49914f35414c79440b2e9705892424bab5f95cbe64bc3ce160f899;results/diagnostics/surface_radiation_context.csv=89d5f204adc15d491af32aa71dd7ef3593ec117ab4141c28fd09daa624d533bf;results/diagnostics/synthetic_validation.csv=f0b31ea29a4b29fa04a9fcbcfe104176fbda9d53f9428a5eeda2bd6a4d19ad78;results/diagnostics/wind_trajectory_7d.csv=2c9215b3ac59a0119730c029ea0b1bb45397b9210a5c41a5d31acff89094ac07;results/figures/figure_1_framework.png=fcc38e922f65af6e246497252171e5b316d130da107f81b2a1d02561f5fadc27;results/figures/figure_1_framework.svg=fbefd7d896b696aad3021196699c6c14553afe555a110f697eddb5b9acd2f5f0;results/figures/figure_2_peak_marginal_burden_map.png=71014d62aa8de80f0cc518bbb93b3130cd48bb9627797e7dbf3237be7dc64a04;results/figures/figure_2_peak_marginal_burden_map.svg=fcec6a135290d6dd03980006c4b512f16a685b5fd2f64510ba223ffd6ef87725;results/figures/figure_3_seasonal_day_night.png=300ebac263bb8ed984ee89da85466e61cc7fa8a1f64ec775dec02d89ffbd9e80;results/figures/figure_3_seasonal_day_night.svg=588f112362524ed034fef2c8f1da290793095c06928da32f54e239e8f0a9797d;results/figures/figure_4_primary_spatial_transfer.png=4c12979fba004a7d34a75039d7b85513b3fe3f3acfc84e90a5536b6e674d63a8;results/figures/figure_4_primary_spatial_transfer.svg=109fec50354efc1b901ff842f756c79f5e05cbfa8aaf2c19a62c649791bab089;results/figures/figure_5_allocation_mode_comparison.png=199c6561664cd62f6f6f2a691590fb7f3a6fd24d397cfb0a1461c6de4769d567;results/figures/figure_5_allocation_mode_comparison.svg=3c80bcb53e766dd07ebc62a7960fc660d530e5b043497c66af78f444bea84215;results/figures/figure_6_safety_ablation.png=9b7d043e6fca9a13b9c337dc3579abc7461a4b88b4dd787bafcfb61139e8e65f;results/figures/figure_6_safety_ablation.svg=2f322daa6d01d05de0532a3d504fd1093435e05a129678c2998550888e9e224b;results/figures/figure_7_joint_penalty_sensitivity.png=b36f300a3628c56973eebdcaa1c347aba932c29f5e35ba287d9d041c9dedd79b;results/figures/figure_7_joint_penalty_sensitivity.svg=fdef0959724e2505317eb8ce4d5fa8d1c47019fa6672a9b9de89fc3d3ce6b972;results/figures/supplementary_figure_s1_source_hotspot_robustness.png=3f24d0f786a089c28c88d85cf2b82abb7f8f600722d9c1f83c6147b42cc6417d;results/figures/supplementary_figure_s1_source_hotspot_robustness.svg=f2a8aa2903471b494d6b8e83c0c10a28b83786d0a6121687ebbd0e0742ee933f;results/figures/supplementary_figure_s2_finite_q_sensitivity.png=376bd6422bb25faccc3dd956b0f7223aeace29015f7dbcfc39bbff0d7bbe044d;results/figures/supplementary_figure_s2_finite_q_sensitivity.svg=e581b8174e65c491288b6dd16859bc0200b3efbfe429731d95fe3934f978b759;results/figures/supplementary_figure_s3_wind_trajectory.png=8087b4dcb29232ba32e92fe2d8786bc130b29d60e9322a80cd66be14a6ce407b;results/figures/supplementary_figure_s3_wind_trajectory.svg=7f167fafead058dea1c61d19e9bfc768fda5ece901c117879dbdcb8bf7af3283;results/tables/structural_replication.csv=097ade6b588095040a4e2b256e08267cdb58a4b5449d0ea0fb0b3a61c41e7a99;results/tables/table_1_datasets.csv=2350171374246e065b4472c1e4d280355a7d28c0ed03c289a5c5cfe72ad56d70;results/tables/table_2_model_assumptions.csv=540276a31769c9577ec95f8bc380442f3facfdf94b9a4f936f951640b16c49cc;results/tables/table_3_marginal_burden_summary.csv=3a8c4a3744aa99dc134cba33a3974428334b64f1f6a4900e8e0eb8f52bc04dee;results/tables/table_4_allocation_comparison.csv=e771a32c44b5f3ee894e67217d65b717aab97a5ee759653dc2be245ab17e31d9;results/tables/table_5_safety_and_capacity.csv=ee2760324f4733e4d2954946c52fb7e1a6059625dd9f453c99ec921c2571bdec;results/tables/table_6_robustness_summary.csv=3dd3971f0d6dfb3d5a16e610e7c9187fcf81d76c4cc9405dfdbb4b972f1084b8,ccdba8d5137ecfcb12325c3ef9788481a33d5d4ac793ce4f658ddf4d7d6e3541,2026-09-25T05:21:38+00:00
submission/nogo_assessment_report.docx,entire generated artifact,48cc91496fb9f00946fac705bc3242dedcf89b0e99587e96b49c04f874d4beb5,scripts/build_submission.py,8607e5c5213f42cd35a117af220f6fc2df8914ff502e39aa38f847b0589e36f1,35ca1236f57a2b672f3b7f725be801fb59e043fe,make submission,python=3.10.12;platform=Linux-6.8.0-1061-aws-x86_64-with-glibc2.35;pip_freeze_sha256=b801e3f3cbd3d0d08d669bf129285247ca793ef0155741b942a8dc34bf46c824,provenance/reference_verification.csv=03f1a3decbbfc768a7ad9d405dca21026302853f464ac49f362ca69bb360cb68;results/canonical/finite_q_sensitivity.csv=56dcd9ae68e16c8939195e3a1d89274467192685b9aec8a84f86a240bde46c88;results/canonical/matched_event_allocations.csv=1721c3be6e249a678fcf4e5a6d42d1f85118ce7c0cb670ef17f0da5346ff4b78;results/canonical/natural_redistribution_summary.csv=9d32dd46ce6d41c9c417cfb990ab08a35b443306aaa5b82cae1933a2128b47b1;results/canonical/one_unit_allocations.csv=b6277c4652dd4601e1a8ddd959f38621eef393d3216010f9a1ff87ce18f806cd;results/canonical/safety_ablation.csv=7f822eaa7c10e0fe9bbe8ce09a3bca12bc4de4aad82fae5d6d8c6e9db5f9744a;results/canonical/seasonal_day_night_summary.csv=7418ebe2c0b6020d94bc5bba9bfd76af79c123211bdbf75761a24e24b148208d;results/canonical/source_hotspot_robustness.csv=e1c561bee217c38f9db1984230e3565d62d2c3100be950379ed4435c9dca0d16;results/diagnostics/extended_analysis_validation.csv=c8a8e44d082ddbbbe24f6f1b86d8c57eb18f7f375238064b9dee4c19b69272a9;results/diagnostics/global_analysis_validation.csv=2feaa356dc49914f35414c79440b2e9705892424bab5f95cbe64bc3ce160f899;results/diagnostics/surface_radiation_context.csv=89d5f204adc15d491af32aa71dd7ef3593ec117ab4141c28fd09daa624d533bf;results/diagnostics/synthetic_validation.csv=f0b31ea29a4b29fa04a9fcbcfe104176fbda9d53f9428a5eeda2bd6a4d19ad78;results/diagnostics/wind_trajectory_7d.csv=2c9215b3ac59a0119730c029ea0b1bb45397b9210a5c41a5d31acff89094ac07;results/figures/figure_1_framework.png=fcc38e922f65af6e246497252171e5b316d130da107f81b2a1d02561f5fadc27;results/figures/figure_1_framework.svg=fbefd7d896b696aad3021196699c6c14553afe555a110f697eddb5b9acd2f5f0;results/figures/figure_2_peak_marginal_burden_map.png=71014d62aa8de80f0cc518bbb93b3130cd48bb9627797e7dbf3237be7dc64a04;results/figures/figure_2_peak_marginal_burden_map.svg=fcec6a135290d6dd03980006c4b512f16a685b5fd2f64510ba223ffd6ef87725;results/figures/figure_3_seasonal_day_night.png=300ebac263bb8ed984ee89da85466e61cc7fa8a1f64ec775dec02d89ffbd9e80;results/figures/figure_3_seasonal_day_night.svg=588f112362524ed034fef2c8f1da290793095c06928da32f54e239e8f0a9797d;results/figures/figure_4_primary_spatial_transfer.png=4c12979fba004a7d34a75039d7b85513b3fe3f3acfc84e90a5536b6e674d63a8;results/figures/figure_4_primary_spatial_transfer.svg=109fec50354efc1b901ff842f756c79f5e05cbfa8aaf2c19a62c649791bab089;results/figures/figure_5_allocation_mode_comparison.png=199c6561664cd62f6f6f2a691590fb7f3a6fd24d397cfb0a1461c6de4769d567;results/figures/figure_5_allocation_mode_comparison.svg=3c80bcb53e766dd07ebc62a7960fc660d530e5b043497c66af78f444bea84215;results/figures/figure_6_safety_ablation.png=9b7d043e6fca9a13b9c337dc3579abc7461a4b88b4dd787bafcfb61139e8e65f;results/figures/figure_6_safety_ablation.svg=2f322daa6d01d05de0532a3d504fd1093435e05a129678c2998550888e9e224b;results/figures/figure_7_joint_penalty_sensitivity.png=b36f300a3628c56973eebdcaa1c347aba932c29f5e35ba287d9d041c9dedd79b;results/figures/figure_7_joint_penalty_sensitivity.svg=fdef0959724e2505317eb8ce4d5fa8d1c47019fa6672a9b9de89fc3d3ce6b972;results/figures/supplementary_figure_s1_source_hotspot_robustness.png=3f24d0f786a089c28c88d85cf2b82abb7f8f600722d9c1f83c6147b42cc6417d;results/figures/supplementary_figure_s1_source_hotspot_robustness.svg=f2a8aa2903471b494d6b8e83c0c10a28b83786d0a6121687ebbd0e0742ee933f;results/figures/supplementary_figure_s2_finite_q_sensitivity.png=376bd6422bb25faccc3dd956b0f7223aeace29015f7dbcfc39bbff0d7bbe044d;results/figures/supplementary_figure_s2_finite_q_sensitivity.svg=e581b8174e65c491288b6dd16859bc0200b3efbfe429731d95fe3934f978b759;results/figures/supplementary_figure_s3_wind_trajectory.png=8087b4dcb29232ba32e92fe2d8786bc130b29d60e9322a80cd66be14a6ce407b;results/figures/supplementary_figure_s3_wind_trajectory.svg=7f167fafead058dea1c61d19e9bfc768fda5ece901c117879dbdcb8bf7af3283;results/tables/structural_replication.csv=097ade6b588095040a4e2b256e08267cdb58a4b5449d0ea0fb0b3a61c41e7a99;results/tables/table_1_datasets.csv=2350171374246e065b4472c1e4d280355a7d28c0ed03c289a5c5cfe72ad56d70;results/tables/table_2_model_assumptions.csv=540276a31769c9577ec95f8bc380442f3facfdf94b9a4f936f951640b16c49cc;results/tables/table_3_marginal_burden_summary.csv=3a8c4a3744aa99dc134cba33a3974428334b64f1f6a4900e8e0eb8f52bc04dee;results/tables/table_4_allocation_comparison.csv=e771a32c44b5f3ee894e67217d65b717aab97a5ee759653dc2be245ab17e31d9;results/tables/table_5_safety_and_capacity.csv=ee2760324f4733e4d2954946c52fb7e1a6059625dd9f453c99ec921c2571bdec;results/tables/table_6_robustness_summary.csv=3dd3971f0d6dfb3d5a16e610e7c9187fcf81d76c4cc9405dfdbb4b972f1084b8,2c25043d9ec82c41f0fb8963b5feb67a0f8c4ed6eaf3350493acd9b8eda70c91,2026-09-25T05:21:38+00:00
submission/nogo_assessment_report.pdf,entire generated artifact,48cc91496fb9f00946fac705bc3242dedcf89b0e99587e96b49c04f874d4beb5,scripts/build_submission.py,8607e5c5213f42cd35a117af220f6fc2df8914ff502e39aa38f847b0589e36f1,35ca1236f57a2b672f3b7f725be801fb59e043fe,make submission,python=3.10.12;platform=Linux-6.8.0-1061-aws-x86_64-with-glibc2.35;pip_freeze_sha256=b801e3f3cbd3d0d08d669bf129285247ca793ef0155741b942a8dc34bf46c824,provenance/reference_verification.csv=03f1a3decbbfc768a7ad9d405dca21026302853f464ac49f362ca69bb360cb68;results/canonical/finite_q_sensitivity.csv=56dcd9ae68e16c8939195e3a1d89274467192685b9aec8a84f86a240bde46c88;results/canonical/matched_event_allocations.csv=1721c3be6e249a678fcf4e5a6d42d1f85118ce7c0cb670ef17f0da5346ff4b78;results/canonical/natural_redistribution_summary.csv=9d32dd46ce6d41c9c417cfb990ab08a35b443306aaa5b82cae1933a2128b47b1;results/canonical/one_unit_allocations.csv=b6277c4652dd4601e1a8ddd959f38621eef393d3216010f9a1ff87ce18f806cd;results/canonical/safety_ablation.csv=7f822eaa7c10e0fe9bbe8ce09a3bca12bc4de4aad82fae5d6d8c6e9db5f9744a;results/canonical/seasonal_day_night_summary.csv=7418ebe2c0b6020d94bc5bba9bfd76af79c123211bdbf75761a24e24b148208d;results/canonical/source_hotspot_robustness.csv=e1c561bee217c38f9db1984230e3565d62d2c3100be950379ed4435c9dca0d16;results/diagnostics/extended_analysis_validation.csv=c8a8e44d082ddbbbe24f6f1b86d8c57eb18f7f375238064b9dee4c19b69272a9;results/diagnostics/global_analysis_validation.csv=2feaa356dc49914f35414c79440b2e9705892424bab5f95cbe64bc3ce160f899;results/diagnostics/surface_radiation_context.csv=89d5f204adc15d491af32aa71dd7ef3593ec117ab4141c28fd09daa624d533bf;results/diagnostics/synthetic_validation.csv=f0b31ea29a4b29fa04a9fcbcfe104176fbda9d53f9428a5eeda2bd6a4d19ad78;results/diagnostics/wind_trajectory_7d.csv=2c9215b3ac59a0119730c029ea0b1bb45397b9210a5c41a5d31acff89094ac07;results/figures/figure_1_framework.png=fcc38e922f65af6e246497252171e5b316d130da107f81b2a1d02561f5fadc27;results/figures/figure_1_framework.svg=fbefd7d896b696aad3021196699c6c14553afe555a110f697eddb5b9acd2f5f0;results/figures/figure_2_peak_marginal_burden_map.png=71014d62aa8de80f0cc518bbb93b3130cd48bb9627797e7dbf3237be7dc64a04;results/figures/figure_2_peak_marginal_burden_map.svg=fcec6a135290d6dd03980006c4b512f16a685b5fd2f64510ba223ffd6ef87725;results/figures/figure_3_seasonal_day_night.png=300ebac263bb8ed984ee89da85466e61cc7fa8a1f64ec775dec02d89ffbd9e80;results/figures/figure_3_seasonal_day_night.svg=588f112362524ed034fef2c8f1da290793095c06928da32f54e239e8f0a9797d;results/figures/figure_4_primary_spatial_transfer.png=4c12979fba004a7d34a75039d7b85513b3fe3f3acfc84e90a5536b6e674d63a8;results/figures/figure_4_primary_spatial_transfer.svg=109fec50354efc1b901ff842f756c79f5e05cbfa8aaf2c19a62c649791bab089;results/figures/figure_5_allocation_mode_comparison.png=199c6561664cd62f6f6f2a691590fb7f3a6fd24d397cfb0a1461c6de4769d567;results/figures/figure_5_allocation_mode_comparison.svg=3c80bcb53e766dd07ebc62a7960fc660d530e5b043497c66af78f444bea84215;results/figures/figure_6_safety_ablation.png=9b7d043e6fca9a13b9c337dc3579abc7461a4b88b4dd787bafcfb61139e8e65f;results/figures/figure_6_safety_ablation.svg=2f322daa6d01d05de0532a3d504fd1093435e05a129678c2998550888e9e224b;results/figures/figure_7_joint_penalty_sensitivity.png=b36f300a3628c56973eebdcaa1c347aba932c29f5e35ba287d9d041c9dedd79b;results/figures/figure_7_joint_penalty_sensitivity.svg=fdef0959724e2505317eb8ce4d5fa8d1c47019fa6672a9b9de89fc3d3ce6b972;results/figures/supplementary_figure_s1_source_hotspot_robustness.png=3f24d0f786a089c28c88d85cf2b82abb7f8f600722d9c1f83c6147b42cc6417d;results/figures/supplementary_figure_s1_source_hotspot_robustness.svg=f2a8aa2903471b494d6b8e83c0c10a28b83786d0a6121687ebbd0e0742ee933f;results/figures/supplementary_figure_s2_finite_q_sensitivity.png=376bd6422bb25faccc3dd956b0f7223aeace29015f7dbcfc39bbff0d7bbe044d;results/figures/supplementary_figure_s2_finite_q_sensitivity.svg=e581b8174e65c491288b6dd16859bc0200b3efbfe429731d95fe3934f978b759;results/figures/supplementary_figure_s3_wind_trajectory.png=8087b4dcb29232ba32e92fe2d8786bc130b29d60e9322a80cd66be14a6ce407b;results/figures/supplementary_figure_s3_wind_trajectory.svg=7f167fafead058dea1c61d19e9bfc768fda5ece901c117879dbdcb8bf7af3283;results/tables/structural_replication.csv=097ade6b588095040a4e2b256e08267cdb58a4b5449d0ea0fb0b3a61c41e7a99;results/tables/table_1_datasets.csv=2350171374246e065b4472c1e4d280355a7d28c0ed03c289a5c5cfe72ad56d70;results/tables/table_2_model_assumptions.csv=540276a31769c9577ec95f8bc380442f3facfdf94b9a4f936f951640b16c49cc;results/tables/table_3_marginal_burden_summary.csv=3a8c4a3744aa99dc134cba33a3974428334b64f1f6a4900e8e0eb8f52bc04dee;results/tables/table_4_allocation_comparison.csv=e771a32c44b5f3ee894e67217d65b717aab97a5ee759653dc2be245ab17e31d9;results/tables/table_5_safety_and_capacity.csv=ee2760324f4733e4d2954946c52fb7e1a6059625dd9f453c99ec921c2571bdec;results/tables/table_6_robustness_summary.csv=3dd3971f0d6dfb3d5a16e610e7c9187fcf81d76c4cc9405dfdbb4b972f1084b8,4743dd713556e830ad72671dcc40e633a281f666fed0c87d066623702aac9c1c,2026-09-25T05:21:38+00:00
submission/structural_replication.csv,entire generated artifact,48cc91496fb9f00946fac705bc3242dedcf89b0e99587e96b49c04f874d4beb5,scripts/build_submission.py,8607e5c5213f42cd35a117af220f6fc2df8914ff502e39aa38f847b0589e36f1,35ca1236f57a2b672f3b7f725be801fb59e043fe,make submission,python=3.10.12;platform=Linux-6.8.0-1061-aws-x86_64-with-glibc2.35;pip_freeze_sha256=b801e3f3cbd3d0d08d669bf129285247ca793ef0155741b942a8dc34bf46c824,provenance/reference_verification.csv=03f1a3decbbfc768a7ad9d405dca21026302853f464ac49f362ca69bb360cb68;results/canonical/finite_q_sensitivity.csv=56dcd9ae68e16c8939195e3a1d89274467192685b9aec8a84f86a240bde46c88;results/canonical/matched_event_allocations.csv=1721c3be6e249a678fcf4e5a6d42d1f85118ce7c0cb670ef17f0da5346ff4b78;results/canonical/natural_redistribution_summary.csv=9d32dd46ce6d41c9c417cfb990ab08a35b443306aaa5b82cae1933a2128b47b1;results/canonical/one_unit_allocations.csv=b6277c4652dd4601e1a8ddd959f38621eef393d3216010f9a1ff87ce18f806cd;results/canonical/safety_ablation.csv=7f822eaa7c10e0fe9bbe8ce09a3bca12bc4de4aad82fae5d6d8c6e9db5f9744a;results/canonical/seasonal_day_night_summary.csv=7418ebe2c0b6020d94bc5bba9bfd76af79c123211bdbf75761a24e24b148208d;results/canonical/source_hotspot_robustness.csv=e1c561bee217c38f9db1984230e3565d62d2c3100be950379ed4435c9dca0d16;results/diagnostics/extended_analysis_validation.csv=c8a8e44d082ddbbbe24f6f1b86d8c57eb18f7f375238064b9dee4c19b69272a9;results/diagnostics/global_analysis_validation.csv=2feaa356dc49914f35414c79440b2e9705892424bab5f95cbe64bc3ce160f899;results/diagnostics/surface_radiation_context.csv=89d5f204adc15d491af32aa71dd7ef3593ec117ab4141c28fd09daa624d533bf;results/diagnostics/synthetic_validation.csv=f0b31ea29a4b29fa04a9fcbcfe104176fbda9d53f9428a5eeda2bd6a4d19ad78;results/diagnostics/wind_trajectory_7d.csv=2c9215b3ac59a0119730c029ea0b1bb45397b9210a5c41a5d31acff89094ac07;results/figures/figure_1_framework.png=fcc38e922f65af6e246497252171e5b316d130da107f81b2a1d02561f5fadc27;results/figures/figure_1_framework.svg=fbefd7d896b696aad3021196699c6c14553afe555a110f697eddb5b9acd2f5f0;results/figures/figure_2_peak_marginal_burden_map.png=71014d62aa8de80f0cc518bbb93b3130cd48bb9627797e7dbf3237be7dc64a04;results/figures/figure_2_peak_marginal_burden_map.svg=fcec6a135290d6dd03980006c4b512f16a685b5fd2f64510ba223ffd6ef87725;results/figures/figure_3_seasonal_day_night.png=300ebac263bb8ed984ee89da85466e61cc7fa8a1f64ec775dec02d89ffbd9e80;results/figures/figure_3_seasonal_day_night.svg=588f112362524ed034fef2c8f1da290793095c06928da32f54e239e8f0a9797d;results/figures/figure_4_primary_spatial_transfer.png=4c12979fba004a7d34a75039d7b85513b3fe3f3acfc84e90a5536b6e674d63a8;results/figures/figure_4_primary_spatial_transfer.svg=109fec50354efc1b901ff842f756c79f5e05cbfa8aaf2c19a62c649791bab089;results/figures/figure_5_allocation_mode_comparison.png=199c6561664cd62f6f6f2a691590fb7f3a6fd24d397cfb0a1461c6de4769d567;results/figures/figure_5_allocation_mode_comparison.svg=3c80bcb53e766dd07ebc62a7960fc660d530e5b043497c66af78f444bea84215;results/figures/figure_6_safety_ablation.png=9b7d043e6fca9a13b9c337dc3579abc7461a4b88b4dd787bafcfb61139e8e65f;results/figures/figure_6_safety_ablation.svg=2f322daa6d01d05de0532a3d504fd1093435e05a129678c2998550888e9e224b;results/figures/figure_7_joint_penalty_sensitivity.png=b36f300a3628c56973eebdcaa1c347aba932c29f5e35ba287d9d041c9dedd79b;results/figures/figure_7_joint_penalty_sensitivity.svg=fdef0959724e2505317eb8ce4d5fa8d1c47019fa6672a9b9de89fc3d3ce6b972;results/figures/supplementary_figure_s1_source_hotspot_robustness.png=3f24d0f786a089c28c88d85cf2b82abb7f8f600722d9c1f83c6147b42cc6417d;results/figures/supplementary_figure_s1_source_hotspot_robustness.svg=f2a8aa2903471b494d6b8e83c0c10a28b83786d0a6121687ebbd0e0742ee933f;results/figures/supplementary_figure_s2_finite_q_sensitivity.png=376bd6422bb25faccc3dd956b0f7223aeace29015f7dbcfc39bbff0d7bbe044d;results/figures/supplementary_figure_s2_finite_q_sensitivity.svg=e581b8174e65c491288b6dd16859bc0200b3efbfe429731d95fe3934f978b759;results/figures/supplementary_figure_s3_wind_trajectory.png=8087b4dcb29232ba32e92fe2d8786bc130b29d60e9322a80cd66be14a6ce407b;results/figures/supplementary_figure_s3_wind_trajectory.svg=7f167fafead058dea1c61d19e9bfc768fda5ece901c117879dbdcb8bf7af3283;results/tables/structural_replication.csv=097ade6b588095040a4e2b256e08267cdb58a4b5449d0ea0fb0b3a61c41e7a99;results/tables/table_1_datasets.csv=2350171374246e065b4472c1e4d280355a7d28c0ed03c289a5c5cfe72ad56d70;results/tables/table_2_model_assumptions.csv=540276a31769c9577ec95f8bc380442f3facfdf94b9a4f936f951640b16c49cc;results/tables/table_3_marginal_burden_summary.csv=3a8c4a3744aa99dc134cba33a3974428334b64f1f6a4900e8e0eb8f52bc04dee;results/tables/table_4_allocation_comparison.csv=e771a32c44b5f3ee894e67217d65b717aab97a5ee759653dc2be245ab17e31d9;results/tables/table_5_safety_and_capacity.csv=ee2760324f4733e4d2954946c52fb7e1a6059625dd9f453c99ec921c2571bdec;results/tables/table_6_robustness_summary.csv=3dd3971f0d6dfb3d5a16e610e7c9187fcf81d76c4cc9405dfdbb4b972f1084b8,097ade6b588095040a4e2b256e08267cdb58a4b5449d0ea0fb0b3a61c41e7a99,2026-09-25T05:21:38+00:00
submission/submission_checklist.md,entire generated artifact,48cc91496fb9f00946fac705bc3242dedcf89b0e99587e96b49c04f874d4beb5,scripts/build_submission.py,8607e5c5213f42cd35a117af220f6fc2df8914ff502e39aa38f847b0589e36f1,35ca1236f57a2b672f3b7f725be801fb59e043fe,make submission,python=3.10.12;platform=Linux-6.8.0-1061-aws-x86_64-with-glibc2.35;pip_freeze_sha256=b801e3f3cbd3d0d08d669bf129285247ca793ef0155741b942a8dc34bf46c824,provenance/reference_verification.csv=03f1a3decbbfc768a7ad9d405dca21026302853f464ac49f362ca69bb360cb68;results/canonical/finite_q_sensitivity.csv=56dcd9ae68e16c8939195e3a1d89274467192685b9aec8a84f86a240bde46c88;results/canonical/matched_event_allocations.csv=1721c3be6e249a678fcf4e5a6d42d1f85118ce7c0cb670ef17f0da5346ff4b78;results/canonical/natural_redistribution_summary.csv=9d32dd46ce6d41c9c417cfb990ab08a35b443306aaa5b82cae1933a2128b47b1;results/canonical/one_unit_allocations.csv=b6277c4652dd4601e1a8ddd959f38621eef393d3216010f9a1ff87ce18f806cd;results/canonical/safety_ablation.csv=7f822eaa7c10e0fe9bbe8ce09a3bca12bc4de4aad82fae5d6d8c6e9db5f9744a;results/canonical/seasonal_day_night_summary.csv=7418ebe2c0b6020d94bc5bba9bfd76af79c123211bdbf75761a24e24b148208d;results/canonical/source_hotspot_robustness.csv=e1c561bee217c38f9db1984230e3565d62d2c3100be950379ed4435c9dca0d16;results/diagnostics/extended_analysis_validation.csv=c8a8e44d082ddbbbe24f6f1b86d8c57eb18f7f375238064b9dee4c19b69272a9;results/diagnostics/global_analysis_validation.csv=2feaa356dc49914f35414c79440b2e9705892424bab5f95cbe64bc3ce160f899;results/diagnostics/surface_radiation_context.csv=89d5f204adc15d491af32aa71dd7ef3593ec117ab4141c28fd09daa624d533bf;results/diagnostics/synthetic_validation.csv=f0b31ea29a4b29fa04a9fcbcfe104176fbda9d53f9428a5eeda2bd6a4d19ad78;results/diagnostics/wind_trajectory_7d.csv=2c9215b3ac59a0119730c029ea0b1bb45397b9210a5c41a5d31acff89094ac07;results/figures/figure_1_framework.png=fcc38e922f65af6e246497252171e5b316d130da107f81b2a1d02561f5fadc27;results/figures/figure_1_framework.svg=fbefd7d896b696aad3021196699c6c14553afe555a110f697eddb5b9acd2f5f0;results/figures/figure_2_peak_marginal_burden_map.png=71014d62aa8de80f0cc518bbb93b3130cd48bb9627797e7dbf3237be7dc64a04;results/figures/figure_2_peak_marginal_burden_map.svg=fcec6a135290d6dd03980006c4b512f16a685b5fd2f64510ba223ffd6ef87725;results/figures/figure_3_seasonal_day_night.png=300ebac263bb8ed984ee89da85466e61cc7fa8a1f64ec775dec02d89ffbd9e80;results/figures/figure_3_seasonal_day_night.svg=588f112362524ed034fef2c8f1da290793095c06928da32f54e239e8f0a9797d;results/figures/figure_4_primary_spatial_transfer.png=4c12979fba004a7d34a75039d7b85513b3fe3f3acfc84e90a5536b6e674d63a8;results/figures/figure_4_primary_spatial_transfer.svg=109fec50354efc1b901ff842f756c79f5e05cbfa8aaf2c19a62c649791bab089;results/figures/figure_5_allocation_mode_comparison.png=199c6561664cd62f6f6f2a691590fb7f3a6fd24d397cfb0a1461c6de4769d567;results/figures/figure_5_allocation_mode_comparison.svg=3c80bcb53e766dd07ebc62a7960fc660d530e5b043497c66af78f444bea84215;results/figures/figure_6_safety_ablation.png=9b7d043e6fca9a13b9c337dc3579abc7461a4b88b4dd787bafcfb61139e8e65f;results/figures/figure_6_safety_ablation.svg=2f322daa6d01d05de0532a3d504fd1093435e05a129678c2998550888e9e224b;results/figures/figure_7_joint_penalty_sensitivity.png=b36f300a3628c56973eebdcaa1c347aba932c29f5e35ba287d9d041c9dedd79b;results/figures/figure_7_joint_penalty_sensitivity.svg=fdef0959724e2505317eb8ce4d5fa8d1c47019fa6672a9b9de89fc3d3ce6b972;results/figures/supplementary_figure_s1_source_hotspot_robustness.png=3f24d0f786a089c28c88d85cf2b82abb7f8f600722d9c1f83c6147b42cc6417d;results/figures/supplementary_figure_s1_source_hotspot_robustness.svg=f2a8aa2903471b494d6b8e83c0c10a28b83786d0a6121687ebbd0e0742ee933f;results/figures/supplementary_figure_s2_finite_q_sensitivity.png=376bd6422bb25faccc3dd956b0f7223aeace29015f7dbcfc39bbff0d7bbe044d;results/figures/supplementary_figure_s2_finite_q_sensitivity.svg=e581b8174e65c491288b6dd16859bc0200b3efbfe429731d95fe3934f978b759;results/figures/supplementary_figure_s3_wind_trajectory.png=8087b4dcb29232ba32e92fe2d8786bc130b29d60e9322a80cd66be14a6ce407b;results/figures/supplementary_figure_s3_wind_trajectory.svg=7f167fafead058dea1c61d19e9bfc768fda5ece901c117879dbdcb8bf7af3283;results/tables/structural_replication.csv=097ade6b588095040a4e2b256e08267cdb58a4b5449d0ea0fb0b3a61c41e7a99;results/tables/table_1_datasets.csv=2350171374246e065b4472c1e4d280355a7d28c0ed03c289a5c5cfe72ad56d70;results/tables/table_2_model_assumptions.csv=540276a31769c9577ec95f8bc380442f3facfdf94b9a4f936f951640b16c49cc;results/tables/table_3_marginal_burden_summary.csv=3a8c4a3744aa99dc134cba33a3974428334b64f1f6a4900e8e0eb8f52bc04dee;results/tables/table_4_allocation_comparison.csv=e771a32c44b5f3ee894e67217d65b717aab97a5ee759653dc2be245ab17e31d9;results/tables/table_5_safety_and_capacity.csv=ee2760324f4733e4d2954946c52fb7e1a6059625dd9f453c99ec921c2571bdec;results/tables/table_6_robustness_summary.csv=3dd3971f0d6dfb3d5a16e610e7c9187fcf81d76c4cc9405dfdbb4b972f1084b8,f8b72bed226e13abe74c34b1ef20ecaf73a8fa20061fbfb1876fe819fdcfed0a,2026-09-25T05:21:38+00:00
submission/supplementary_material.docx,entire generated artifact,48cc91496fb9f00946fac705bc3242dedcf89b0e99587e96b49c04f874d4beb5,scripts/build_submission.py,8607e5c5213f42cd35a117af220f6fc2df8914ff502e39aa38f847b0589e36f1,35ca1236f57a2b672f3b7f725be801fb59e043fe,make submission,python=3.10.12;platform=Linux-6.8.0-1061-aws-x86_64-with-glibc2.35;pip_freeze_sha256=b801e3f3cbd3d0d08d669bf129285247ca793ef0155741b942a8dc34bf46c824,provenance/reference_verification.csv=03f1a3decbbfc768a7ad9d405dca21026302853f464ac49f362ca69bb360cb68;results/canonical/finite_q_sensitivity.csv=56dcd9ae68e16c8939195e3a1d89274467192685b9aec8a84f86a240bde46c88;results/canonical/matched_event_allocations.csv=1721c3be6e249a678fcf4e5a6d42d1f85118ce7c0cb670ef17f0da5346ff4b78;results/canonical/natural_redistribution_summary.csv=9d32dd46ce6d41c9c417cfb990ab08a35b443306aaa5b82cae1933a2128b47b1;results/canonical/one_unit_allocations.csv=b6277c4652dd4601e1a8ddd959f38621eef393d3216010f9a1ff87ce18f806cd;results/canonical/safety_ablation.csv=7f822eaa7c10e0fe9bbe8ce09a3bca12bc4de4aad82fae5d6d8c6e9db5f9744a;results/canonical/seasonal_day_night_summary.csv=7418ebe2c0b6020d94bc5bba9bfd76af79c123211bdbf75761a24e24b148208d;results/canonical/source_hotspot_robustness.csv=e1c561bee217c38f9db1984230e3565d62d2c3100be950379ed4435c9dca0d16;results/diagnostics/extended_analysis_validation.csv=c8a8e44d082ddbbbe24f6f1b86d8c57eb18f7f375238064b9dee4c19b69272a9;results/diagnostics/global_analysis_validation.csv=2feaa356dc49914f35414c79440b2e9705892424bab5f95cbe64bc3ce160f899;results/diagnostics/surface_radiation_context.csv=89d5f204adc15d491af32aa71dd7ef3593ec117ab4141c28fd09daa624d533bf;results/diagnostics/synthetic_validation.csv=f0b31ea29a4b29fa04a9fcbcfe104176fbda9d53f9428a5eeda2bd6a4d19ad78;results/diagnostics/wind_trajectory_7d.csv=2c9215b3ac59a0119730c029ea0b1bb45397b9210a5c41a5d31acff89094ac07;results/figures/figure_1_framework.png=fcc38e922f65af6e246497252171e5b316d130da107f81b2a1d02561f5fadc27;results/figures/figure_1_framework.svg=fbefd7d896b696aad3021196699c6c14553afe555a110f697eddb5b9acd2f5f0;results/figures/figure_2_peak_marginal_burden_map.png=71014d62aa8de80f0cc518bbb93b3130cd48bb9627797e7dbf3237be7dc64a04;results/figures/figure_2_peak_marginal_burden_map.svg=fcec6a135290d6dd03980006c4b512f16a685b5fd2f64510ba223ffd6ef87725;results/figures/figure_3_seasonal_day_night.png=300ebac263bb8ed984ee89da85466e61cc7fa8a1f64ec775dec02d89ffbd9e80;results/figures/figure_3_seasonal_day_night.svg=588f112362524ed034fef2c8f1da290793095c06928da32f54e239e8f0a9797d;results/figures/figure_4_primary_spatial_transfer.png=4c12979fba004a7d34a75039d7b85513b3fe3f3acfc84e90a5536b6e674d63a8;results/figures/figure_4_primary_spatial_transfer.svg=109fec50354efc1b901ff842f756c79f5e05cbfa8aaf2c19a62c649791bab089;results/figures/figure_5_allocation_mode_comparison.png=199c6561664cd62f6f6f2a691590fb7f3a6fd24d397cfb0a1461c6de4769d567;results/figures/figure_5_allocation_mode_comparison.svg=3c80bcb53e766dd07ebc62a7960fc660d530e5b043497c66af78f444bea84215;results/figures/figure_6_safety_ablation.png=9b7d043e6fca9a13b9c337dc3579abc7461a4b88b4dd787bafcfb61139e8e65f;results/figures/figure_6_safety_ablation.svg=2f322daa6d01d05de0532a3d504fd1093435e05a129678c2998550888e9e224b;results/figures/figure_7_joint_penalty_sensitivity.png=b36f300a3628c56973eebdcaa1c347aba932c29f5e35ba287d9d041c9dedd79b;results/figures/figure_7_joint_penalty_sensitivity.svg=fdef0959724e2505317eb8ce4d5fa8d1c47019fa6672a9b9de89fc3d3ce6b972;results/figures/supplementary_figure_s1_source_hotspot_robustness.png=3f24d0f786a089c28c88d85cf2b82abb7f8f600722d9c1f83c6147b42cc6417d;results/figures/supplementary_figure_s1_source_hotspot_robustness.svg=f2a8aa2903471b494d6b8e83c0c10a28b83786d0a6121687ebbd0e0742ee933f;results/figures/supplementary_figure_s2_finite_q_sensitivity.png=376bd6422bb25faccc3dd956b0f7223aeace29015f7dbcfc39bbff0d7bbe044d;results/figures/supplementary_figure_s2_finite_q_sensitivity.svg=e581b8174e65c491288b6dd16859bc0200b3efbfe429731d95fe3934f978b759;results/figures/supplementary_figure_s3_wind_trajectory.png=8087b4dcb29232ba32e92fe2d8786bc130b29d60e9322a80cd66be14a6ce407b;results/figures/supplementary_figure_s3_wind_trajectory.svg=7f167fafead058dea1c61d19e9bfc768fda5ece901c117879dbdcb8bf7af3283;results/tables/structural_replication.csv=097ade6b588095040a4e2b256e08267cdb58a4b5449d0ea0fb0b3a61c41e7a99;results/tables/table_1_datasets.csv=2350171374246e065b4472c1e4d280355a7d28c0ed03c289a5c5cfe72ad56d70;results/tables/table_2_model_assumptions.csv=540276a31769c9577ec95f8bc380442f3facfdf94b9a4f936f951640b16c49cc;results/tables/table_3_marginal_burden_summary.csv=3a8c4a3744aa99dc134cba33a3974428334b64f1f6a4900e8e0eb8f52bc04dee;results/tables/table_4_allocation_comparison.csv=e771a32c44b5f3ee894e67217d65b717aab97a5ee759653dc2be245ab17e31d9;results/tables/table_5_safety_and_capacity.csv=ee2760324f4733e4d2954946c52fb7e1a6059625dd9f453c99ec921c2571bdec;results/tables/table_6_robustness_summary.csv=3dd3971f0d6dfb3d5a16e610e7c9187fcf81d76c4cc9405dfdbb4b972f1084b8,8788380dc8dec58db92171408b7b97bb738dbd530162ab4777066e81797abd15,2026-09-25T05:21:38+00:00
submission/tables_editable.docx,entire generated artifact,48cc91496fb9f00946fac705bc3242dedcf89b0e99587e96b49c04f874d4beb5,scripts/build_submission.py,8607e5c5213f42cd35a117af220f6fc2df8914ff502e39aa38f847b0589e36f1,35ca1236f57a2b672f3b7f725be801fb59e043fe,make submission,python=3.10.12;platform=Linux-6.8.0-1061-aws-x86_64-with-glibc2.35;pip_freeze_sha256=b801e3f3cbd3d0d08d669bf129285247ca793ef0155741b942a8dc34bf46c824,provenance/reference_verification.csv=03f1a3decbbfc768a7ad9d405dca21026302853f464ac49f362ca69bb360cb68;results/canonical/finite_q_sensitivity.csv=56dcd9ae68e16c8939195e3a1d89274467192685b9aec8a84f86a240bde46c88;results/canonical/matched_event_allocations.csv=1721c3be6e249a678fcf4e5a6d42d1f85118ce7c0cb670ef17f0da5346ff4b78;results/canonical/natural_redistribution_summary.csv=9d32dd46ce6d41c9c417cfb990ab08a35b443306aaa5b82cae1933a2128b47b1;results/canonical/one_unit_allocations.csv=b6277c4652dd4601e1a8ddd959f38621eef393d3216010f9a1ff87ce18f806cd;results/canonical/safety_ablation.csv=7f822eaa7c10e0fe9bbe8ce09a3bca12bc4de4aad82fae5d6d8c6e9db5f9744a;results/canonical/seasonal_day_night_summary.csv=7418ebe2c0b6020d94bc5bba9bfd76af79c123211bdbf75761a24e24b148208d;results/canonical/source_hotspot_robustness.csv=e1c561bee217c38f9db1984230e3565d62d2c3100be950379ed4435c9dca0d16;results/diagnostics/extended_analysis_validation.csv=c8a8e44d082ddbbbe24f6f1b86d8c57eb18f7f375238064b9dee4c19b69272a9;results/diagnostics/global_analysis_validation.csv=2feaa356dc49914f35414c79440b2e9705892424bab5f95cbe64bc3ce160f899;results/diagnostics/surface_radiation_context.csv=89d5f204adc15d491af32aa71dd7ef3593ec117ab4141c28fd09daa624d533bf;results/diagnostics/synthetic_validation.csv=f0b31ea29a4b29fa04a9fcbcfe104176fbda9d53f9428a5eeda2bd6a4d19ad78;results/diagnostics/wind_trajectory_7d.csv=2c9215b3ac59a0119730c029ea0b1bb45397b9210a5c41a5d31acff89094ac07;results/figures/figure_1_framework.png=fcc38e922f65af6e246497252171e5b316d130da107f81b2a1d02561f5fadc27;results/figures/figure_1_framework.svg=fbefd7d896b696aad3021196699c6c14553afe555a110f697eddb5b9acd2f5f0;results/figures/figure_2_peak_marginal_burden_map.png=71014d62aa8de80f0cc518bbb93b3130cd48bb9627797e7dbf3237be7dc64a04;results/figures/figure_2_peak_marginal_burden_map.svg=fcec6a135290d6dd03980006c4b512f16a685b5fd2f64510ba223ffd6ef87725;results/figures/figure_3_seasonal_day_night.png=300ebac263bb8ed984ee89da85466e61cc7fa8a1f64ec775dec02d89ffbd9e80;results/figures/figure_3_seasonal_day_night.svg=588f112362524ed034fef2c8f1da290793095c06928da32f54e239e8f0a9797d;results/figures/figure_4_primary_spatial_transfer.png=4c12979fba004a7d34a75039d7b85513b3fe3f3acfc84e90a5536b6e674d63a8;results/figures/figure_4_primary_spatial_transfer.svg=109fec50354efc1b901ff842f756c79f5e05cbfa8aaf2c19a62c649791bab089;results/figures/figure_5_allocation_mode_comparison.png=199c6561664cd62f6f6f2a691590fb7f3a6fd24d397cfb0a1461c6de4769d567;results/figures/figure_5_allocation_mode_comparison.svg=3c80bcb53e766dd07ebc62a7960fc660d530e5b043497c66af78f444bea84215;results/figures/figure_6_safety_ablation.png=9b7d043e6fca9a13b9c337dc3579abc7461a4b88b4dd787bafcfb61139e8e65f;results/figures/figure_6_safety_ablation.svg=2f322daa6d01d05de0532a3d504fd1093435e05a129678c2998550888e9e224b;results/figures/figure_7_joint_penalty_sensitivity.png=b36f300a3628c56973eebdcaa1c347aba932c29f5e35ba287d9d041c9dedd79b;results/figures/figure_7_joint_penalty_sensitivity.svg=fdef0959724e2505317eb8ce4d5fa8d1c47019fa6672a9b9de89fc3d3ce6b972;results/figures/supplementary_figure_s1_source_hotspot_robustness.png=3f24d0f786a089c28c88d85cf2b82abb7f8f600722d9c1f83c6147b42cc6417d;results/figures/supplementary_figure_s1_source_hotspot_robustness.svg=f2a8aa2903471b494d6b8e83c0c10a28b83786d0a6121687ebbd0e0742ee933f;results/figures/supplementary_figure_s2_finite_q_sensitivity.png=376bd6422bb25faccc3dd956b0f7223aeace29015f7dbcfc39bbff0d7bbe044d;results/figures/supplementary_figure_s2_finite_q_sensitivity.svg=e581b8174e65c491288b6dd16859bc0200b3efbfe429731d95fe3934f978b759;results/figures/supplementary_figure_s3_wind_trajectory.png=8087b4dcb29232ba32e92fe2d8786bc130b29d60e9322a80cd66be14a6ce407b;results/figures/supplementary_figure_s3_wind_trajectory.svg=7f167fafead058dea1c61d19e9bfc768fda5ece901c117879dbdcb8bf7af3283;results/tables/structural_replication.csv=097ade6b588095040a4e2b256e08267cdb58a4b5449d0ea0fb0b3a61c41e7a99;results/tables/table_1_datasets.csv=2350171374246e065b4472c1e4d280355a7d28c0ed03c289a5c5cfe72ad56d70;results/tables/table_2_model_assumptions.csv=540276a31769c9577ec95f8bc380442f3facfdf94b9a4f936f951640b16c49cc;results/tables/table_3_marginal_burden_summary.csv=3a8c4a3744aa99dc134cba33a3974428334b64f1f6a4900e8e0eb8f52bc04dee;results/tables/table_4_allocation_comparison.csv=e771a32c44b5f3ee894e67217d65b717aab97a5ee759653dc2be245ab17e31d9;results/tables/table_5_safety_and_capacity.csv=ee2760324f4733e4d2954946c52fb7e1a6059625dd9f453c99ec921c2571bdec;results/tables/table_6_robustness_summary.csv=3dd3971f0d6dfb3d5a16e610e7c9187fcf81d76c4cc9405dfdbb4b972f1084b8,8c34fa1a50d98883ffaec959a9ab193c15e39710c397290f90a80fda525f6503,2026-09-25T05:21:38+00:00
submission/manuscript_applied_energy.docx,matched temporal-versus-spatial fraction,results/canonical/matched_event_allocations.csv=1721c3be6e249a678fcf4e5a6d42d1f85118ce7c0cb670ef17f0da5346ff4b78,scripts/build_submission.py,8607e5c5213f42cd35a117af220f6fc2df8914ff502e39aa38f847b0589e36f1,35ca1236f57a2b672f3b7f725be801fb59e043fe,make submission,python=3.10.12;platform=Linux-6.8.0-1061-aws-x86_64-with-glibc2.35;pip_freeze_sha256=b801e3f3cbd3d0d08d669bf129285247ca793ef0155741b942a8dc34bf46c824,config/model.yml=8607e5c5213f42cd35a117af220f6fc2df8914ff502e39aa38f847b0589e36f1;results/canonical/matched_event_allocations.csv=1721c3be6e249a678fcf4e5a6d42d1f85118ce7c0cb670ef17f0da5346ff4b78,63023b0fc154a23ff0df39c413a065e639e121fb78501cf67f3926be55e3056f,2026-09-25T05:21:38+00:00
submission/manuscript_applied_energy.docx,finite-Q source-removal nonlinearity,results/canonical/finite_q_sensitivity.csv=56dcd9ae68e16c8939195e3a1d89274467192685b9aec8a84f86a240bde46c88,scripts/build_submission.py,8607e5c5213f42cd35a117af220f6fc2df8914ff502e39aa38f847b0589e36f1,35ca1236f57a2b672f3b7f725be801fb59e043fe,make submission,python=3.10.12;platform=Linux-6.8.0-1061-aws-x86_64-with-glibc2.35;pip_freeze_sha256=b801e3f3cbd3d0d08d669bf129285247ca793ef0155741b942a8dc34bf46c824,config/model.yml=8607e5c5213f42cd35a117af220f6fc2df8914ff502e39aa38f847b0589e36f1;results/canonical/finite_q_sensitivity.csv=56dcd9ae68e16c8939195e3a1d89274467192685b9aec8a84f86a240bde46c88,63023b0fc154a23ff0df39c413a065e639e121fb78501cf67f3926be55e3056f,2026-09-25T05:21:38+00:00
submission/manuscript_applied_energy.docx,conditional source-hotspot scenarios,results/canonical/source_hotspot_robustness.csv=e1c561bee217c38f9db1984230e3565d62d2c3100be950379ed4435c9dca0d16,scripts/build_submission.py,8607e5c5213f42cd35a117af220f6fc2df8914ff502e39aa38f847b0589e36f1,35ca1236f57a2b672f3b7f725be801fb59e043fe,make submission,python=3.10.12;platform=Linux-6.8.0-1061-aws-x86_64-with-glibc2.35;pip_freeze_sha256=b801e3f3cbd3d0d08d669bf129285247ca793ef0155741b942a8dc34bf46c824,config/model.yml=8607e5c5213f42cd35a117af220f6fc2df8914ff502e39aa38f847b0589e36f1;results/canonical/source_hotspot_robustness.csv=e1c561bee217c38f9db1984230e3565d62d2c3100be950379ed4435c9dca0d16,63023b0fc154a23ff0df39c413a065e639e121fb78501cf67f3926be55e3056f,2026-09-25T05:21:38+00:00
submission/manuscript_applied_energy.docx,exclusion-mask-ablation sink geography,results/canonical/safety_ablation.csv=7f822eaa7c10e0fe9bbe8ce09a3bca12bc4de4aad82fae5d6d8c6e9db5f9744a,scripts/build_submission.py,8607e5c5213f42cd35a117af220f6fc2df8914ff502e39aa38f847b0589e36f1,35ca1236f57a2b672f3b7f725be801fb59e043fe,make submission,python=3.10.12;platform=Linux-6.8.0-1061-aws-x86_64-with-glibc2.35;pip_freeze_sha256=b801e3f3cbd3d0d08d669bf129285247ca793ef0155741b942a8dc34bf46c824,config/model.yml=8607e5c5213f42cd35a117af220f6fc2df8914ff502e39aa38f847b0589e36f1;results/canonical/safety_ablation.csv=7f822eaa7c10e0fe9bbe8ce09a3bca12bc4de4aad82fae5d6d8c6e9db5f9744a,63023b0fc154a23ff0df39c413a065e639e121fb78501cf67f3926be55e3056f,2026-09-25T05:21:38+00:00
